baseMean	log2FoldChange	lfcSE	stat	pvalue	padj
1	4.97697608417758	-0.371626513737805	1.05619345696183	-0.351854588085406	0.724947317518718	0.999994493201698
2	0.927749418414054	-0.0673341703966232	1.0194409574741	-0.0660500933408241	0.947337943775961	0.999994493201698
3	2.0765656634083	0.22733790067297	1.08274213740933	0.209964951781521	0.833695027700946	0.999994493201698
4	2.07681116256909	0.225051789106986	1.13391016230893	0.19847409132371	0.842674153656723	0.999994493201698
5	2.64620389507503	-0.549424777530277	1.16239372279783	-0.472666676320168	0.63645100462596	0.999994493201698
6	9.44285739208578	0.370353021385299	0.807897096874826	0.45841608147613	0.646653540261951	0.999994493201698
7	1.68066709649815	-0.103367152416741	1.12472215848052	-0.0919046109631096	0.926773827950585	0.999994493201698
8	1.45436918457528	0.660091554728347	1.09727257299413	0.601574823771596	0.54745719157788	0.999994493201698
9	3.49937642929937	0.0306270030944803	1.1282002861092	0.027146778343855	0.978342664770011	0.999994493201698
10	11.5110528083653	0.853450703338331	1.01537740188042	0.840525603344911	0.400613752291357	0.999994493201698
11	1.94040250273632	0.861353783900449	1.16524158920363	0.739206179972629	0.459781808759561	0.999994493201698
12	7.01919132441039	-0.15202187211878	0.951337047004962	-0.159798120547687	0.873040104642672	0.999994493201698
13	3.17173260568987	-0.388015935887676	1.16290232634257	-0.333661673124364	0.738634874068767	0.999994493201698
14	1.16573172694527	0.0774334359349323	1.05671024028785	0.0732778324489779	0.941585031410922	0.999994493201698
15	8.23400354735571	0.30224353554061	1.16542156185749	0.259342666578849	0.795370862028235	0.999994493201698
16	3.49810484128282	1.21085052209428	1.10192500904896	1.09885020500563	0.271833409408684	0.999994493201698
17	1.62684244200519	0.0575443662774177	1.16369490437632	0.0494497020318726	0.960560920086851	0.999994493201698
18	9.70222566776652	0.70666038934126	0.745029783218462	0.948499516742204	0.342875218711504	0.999994493201698
19	2.31991549753975	0.0882327240161299	1.16347349031567	0.0758356118558324	0.93954988352649	0.999994493201698
20	3.34137195523152	0.585072811346138	1.07526877379068	0.544117736520482	0.586360455939894	0.999994493201698
21	4.95199680740477	0.24587295621531	0.917206501537547	0.268067175497714	0.788647611576211	0.999994493201698
22	4.49913020266845	0.165520227257283	1.08251275022643	0.152903720739234	0.878474201690106	0.999994493201698
23	2.21533070651657	0.314378031293417	1.1414419425981	0.275421832299104	0.782992172709981	0.999994493201698
24	0.734313055209155	0.461018687120432	0.995020880622903	0.463325640796428	0.643130969450004	0.999994493201698
25	2.29497920376147	-0.727464770915707	1.16347199271842	-0.625253358455155	0.531804786551928	0.999994493201698
26	2.24671189076431	0.732946614209837	1.15497362292892	0.634600305720528	0.525689128726756	0.999994493201698
27	1.11072888081456	0.0317929585290859	1.12260553931629	0.0283206855975868	0.977406382494817	0.999994493201698
28	10.7319757183302	0.0349343892894617	0.636360987552135	0.0548971259596577	0.956220421579973	0.999994493201698
29	0.858575673313606	0.444619619445601	0.926397477953201	0.479944764560404	0.631266669544097	0.999994493201698
30	11.588228560819	0.236990101928517	0.808393939564718	0.293161650934846	0.769398595043057	0.999994493201698
31	5.46586295503206	0.364012529705237	1.03162268923173	0.352854326979106	0.724197652910404	0.999994493201698
32	2.62941634339429	-0.336594487300837	1.12685344731027	-0.298702984051979	0.765166680004601	0.999994493201698
33	5.41089683160845	-0.0614800261474039	0.976148577882452	-0.0629822421918309	0.949780644921669	0.999994493201698
34	5.7178618709354	0.104805006722397	1.0444424012194	0.100345415505954	0.920070103057402	0.999994493201698
35	7.40522589520381	0.179662172014534	1.02741523786165	0.174868120886024	0.861183260115228	0.999994493201698
36	0.972737057895751	0.0528452362102704	1.11231763550982	0.047509123763959	0.962107458836188	0.999994493201698
37	2.23592346392583	0.647077516054468	1.14128745038299	0.566971551152448	0.570733510099656	0.999994493201698
38	9.10545567797472	0.0140060800795752	0.819592377050338	0.0170890804645869	0.986365550168775	0.999994493201698
39	7.14617339384164	0.77075378629818	0.828626243272026	0.93015855164649	0.352288998669053	0.999994493201698
40	4.08862015185125	-0.119247325067602	1.07528441790684	-0.110898403326378	0.911696911754302	0.999994493201698
41	5.0401663669602	0.229099476240062	0.958433018490229	0.239035458733414	0.811078087484574	0.999994493201698
42	2.66672838775997	-0.354654412223907	1.12437318769276	-0.315424110167253	0.752439663194869	0.999994493201698
43	5.66218351173221	-0.0375249286980653	0.835171631069499	-0.0449307990143437	0.964162467563323	0.999994493201698
44	4.62863956864001	0.250041321900061	0.975416427974159	0.256343152246647	0.797685879421337	0.999994493201698
45	1.31296343669907	-0.251941892347264	1.13329361846306	-0.222309460004673	0.82407298833478	0.999994493201698
46	4.47900858180724	0.0943352348431321	0.93378869077008	0.101024177927594	0.919531267149759	0.999994493201698
47	1.41321829283932	0.565924573178169	1.14430624766352	0.49455691982255	0.620912918166566	0.999994493201698
48	9.403486938028	0.0202627836635317	0.806542961725953	0.0251230059960732	0.979956849840867	0.999994493201698
49	1.41216285078196	0.161563820936993	1.07421037223539	0.150402402651154	0.880447145792306	0.999994493201698
50	2.2066731147574	-0.070641321097125	1.15556402313994	-0.061131464533809	0.951254510928398	0.999994493201698
51	3.91262699162604	0.0558744567120536	1.01534043189531	0.0550302686240456	0.956114349447204	0.999994493201698
52	3.05257502531401	0.597374844265651	1.122914838242	0.531985885234966	0.594735771420151	0.999994493201698
53	4.80971803259756	-0.311338174680251	0.943057908870523	-0.330136857717606	0.741296554577533	0.999994493201698
54	4.45762882434028	0.144834362485874	0.940417716494917	0.154010669881566	0.877601322613154	0.999994493201698
55	4.66581101208524	0.60927460445156	0.921659645965528	0.661062472593433	0.50857225047582	0.999994493201698
56	22.9032129583172	-0.0825424441964606	0.696080657992759	-0.118581723610138	0.905606745619527	0.999994493201698
57	2.27584685985785	-0.550034968040464	1.16235732755997	-0.473206435748206	0.636065906689801	0.999994493201698
58	10.5201808243889	-0.264033782205239	0.935026857358785	-0.28238096064007	0.777651412415473	0.999994493201698
59	5.22020612201669	-0.0118923842767114	1.01100506562697	-0.0117629324333171	0.990614754256247	0.999994493201698
60	5.77467043647407	0.456005581109645	0.880095282214599	0.518132059476776	0.604366133413851	0.999994493201698
61	7.72540400936905	0.643128077814096	1.03927819372542	0.618821872427366	0.536033711508131	0.999994493201698
62	1.80545743563128	0.108955517756123	1.13359236748696	0.0961152534906924	0.923429036861645	0.999994493201698
63	290675.351080033	0.155530137091588	0.915571574068104	0.169872177661142	0.865110662090112	0.999994493201698
64	10.1705707489875	0.375188612038958	0.855708221222968	0.438453906055435	0.66105727694466	0.999994493201698
65	2.28175468794586	-0.0495045526485651	1.13263598594838	-0.0437073810674608	0.965137655600084	0.999994493201698
66	898515.183006696	0.203036294633893	0.850979277478545	0.238591349997958	0.811422473150298	0.999994493201698
67	7.64307055610263	0.682571847346291	0.732226591354717	0.932186641956613	0.351240077646338	0.999994493201698
68	1.65099182491684	0.058434652549443	1.16094492125163	0.0503336992821706	0.959856469650381	0.999994493201698
69	1.37629234855487	-0.17388643341371	1.14017098110397	-0.152509085299947	0.87878542522586	0.999994493201698
70	1.91266187123972	1.33339721134012	1.16493967664436	1.14460622989596	0.252372310440905	0.999994493201698
71	2.03513254980445	-0.0915486852484229	1.13389724213772	-0.0807380791189048	0.935650252896279	0.999994493201698
72	6.7102201714318	-0.0553398940414808	0.803436975886705	-0.0688789484457141	0.945085975421753	0.999994493201698
73	3.79123577755508	-0.194980949153901	1.11286179072559	-0.175206796368462	0.860917144207632	0.999994493201698
74	2.09135031028001	0.409907258204802	1.15163821609737	0.35593405331223	0.721889952764057	0.999994493201698
75	1.95860215416298	0.167969245515099	1.1583229791831	0.145010716815407	0.884702410434431	0.999994493201698
76	2.95283003886239	0.465460625640475	1.11704913491566	0.416687691786824	0.676906858272843	0.999994493201698
77	3.69928913579987	0.202530327703153	1.14753614630671	0.17649145811658	0.859907858787534	0.999994493201698
78	3.40839809351016	0.165947823305051	1.15474088767413	0.14371000895214	0.885729467246232	0.999994493201698
79	43.682182261804	-0.537183928814465	1.09706056835605	-0.489657494134018	0.624376284793739	0.999994493201698
80	0.733785334180478	0.219534992179708	0.92506776718836	0.237317740349942	0.812410300357802	0.999994493201698
81	2.40255188811109	0.617709181180244	1.12163531171106	0.550721945654443	0.581824298264314	0.999994493201698
82	5.09923776932027	0.122749428010138	0.927528044228203	0.13234039528398	0.894715057529556	0.999994493201698
83	2.60301337582294	-0.0323650319072751	1.16408819285753	-0.0278029036853535	0.977819350053216	0.999994493201698
84	2.58822872895123	-0.109155614570547	1.12378707028991	-0.0971319366954343	0.922621618949709	0.999994493201698
85	4.28646177800947	-0.356071945348088	1.02510847699735	-0.347350503227777	0.728328013725371	0.999994493201698
86	4.95186443861902	-0.0221266430366999	0.993055228025999	-0.0222813821550321	0.982223500084151	0.999994493201698
87	3.93174555566142	0.167137043412688	0.987769920088193	0.169206451840288	0.86563425513211	0.999994493201698
88	1.38528673622908	-0.375613767873293	1.15075715025537	-0.32640576492611	0.744117376395312	0.999994493201698
89	3.41420620404771	0.188865919988127	1.15670982428286	0.16327856479063	0.870299110228667	0.999994493201698
90	48.4170201102299	-0.223450422437842	1.11241328057782	-0.200869970126369	0.840800249472366	0.999994493201698
91	4.38146667743999	0.517925554659843	1.06463567107266	0.486481496658863	0.626625821213717	0.999994493201698
92	2.63199935446353	0.146759397410842	1.1045513331144	0.132867883104208	0.894297867225404	0.999994493201698
93	7.61221499325902	0.613963566600842	0.745630684889288	0.823415102199025	0.410271977788685	0.999994493201698
94	1.74779603339258	0.437469591998428	1.16002216142926	0.377121753828757	0.706083125494978	0.999994493201698
95	2.67727131543766	-0.239171663194995	1.16146412276093	-0.205922558009331	0.836851404312209	0.999994493201698
96	5.61494845868717	0.0415281787083594	1.06307494977935	0.0390642058840524	0.968839198740295	0.999994493201698
97	1.01666925532009	-0.179085679268042	1.12002755589666	-0.159893993969345	0.872964579768364	0.999994493201698
98	1.15624424132493	0.350476773737312	1.13653396093398	0.308373340158968	0.757798265633309	0.999994493201698
99	2.7190726777827	0.0160419287197444	1.16118617750381	0.0138151220110366	0.988977478064908	0.999994493201698
100	0.0692597719737415	0.240195307785242	0.894972942750804	0.268382759200489	0.788404709040391	0.999994493201698
101	6.4302424051855	0.393949356387018	1.01046949912477	0.389867637497464	0.696634425617096	0.999994493201698
102	1.86890909706747	0.111874260444997	1.11676063660271	0.100177474723078	0.920203428610089	0.999994493201698
103	6.17388317220495	-0.0271861057411306	0.829017494016254	-0.0327931629155677	0.97383953048503	0.999994493201698
104	5.09078685439024	0.0566638740159962	0.871657248747038	0.0650070587922576	0.948168380041437	0.999994493201698
105	4.68686331498993	-0.449173663334105	0.944197763080909	-0.475719897776982	0.634273943286284	0.999994493201698
106	1.36244039416012	0.0312621844777616	1.09133826147484	0.0286457330246203	0.977147137355642	0.999994493201698
107	2.29031256215457	-0.0698610364501596	1.14877201418585	-0.0608136650157439	0.951507607356274	0.999994493201698
108	4.04207019249783	0.0773442831505621	0.940051767109886	0.0822766211996504	0.934426744957425	0.999994493201698
109	4.55336290967503	-0.136711315180601	0.983653933351468	-0.138983142897424	0.889463469777135	0.999994493201698
110	7.29505008245686	-0.523992751996551	0.797868685395251	-0.656740591012133	0.511347729771144	0.999994493201698
111	7.02878049942845	0.193670217134012	0.980893488793022	0.197442657481925	0.843481150727382	0.999994493201698
112	2.66128852596361	0.283012333220331	1.16037783742461	0.243896706824787	0.807310819751724	0.999994493201698
113	5.96260283382117	-0.0816737616163967	0.922395212035389	-0.0885453009195186	0.929443280779337	0.999994493201698
114	1.76430654389532	-0.119872929272609	1.16351482505322	-0.103026559431356	0.917941891734985	0.999994493201698
115	2.0686812918386	-0.0676274810585668	1.165128044949	-0.0580429604726636	0.953714408679395	0.999994493201698
116	2.3092361296045	-0.838434932638249	1.1552485428121	-0.725761515004674	0.467984983427506	0.999994493201698
117	1.7302668035396	0.043418456392725	1.04176291393613	0.0416778672113364	0.966755498033915	0.999994493201698
118	1.86931406851576	0.261102397514241	1.13044767208997	0.230972564197966	0.817336116370303	0.999994493201698
119	6.71178866239987	0.0163827794971666	1.16102260916409	0.0141106463972841	0.988741706705002	0.999994493201698
120	0.678782488049767	0.202681859921262	0.982158841935883	0.206363625991256	0.836506881547054	0.999994493201698
121	4.85889697788901	-0.361730417684339	0.871512953132361	-0.415060288414785	0.678097769426621	0.999994493201698
122	2.28777675562698	0.250665901173689	1.15511054947829	0.217005983788222	0.828203681667305	0.999994493201698
123	5.09225146714497	-0.0357122430329695	1.0225695896418	-0.0349240221836434	0.972140325362297	0.999994493201698
124	2.02274100891534	0.543708490683653	1.16508732178701	0.466667588356995	0.64073772227163	0.999994493201698
125	2.15983476243974	0.400287422440467	1.13917220071002	0.351384472155288	0.725299930052621	0.999994493201698
126	3.90807248998771	0.24277182960573	0.948524377216777	0.255946853277601	0.797991875537247	0.999994493201698
127	1.13552873433528	0.119027322074942	1.05271190000866	0.113067328367773	0.90997717703689	0.999994493201698
128	19.3435919493465	-0.210028881622331	1.00594283835499	-0.208788087766289	0.834613670988504	0.999994493201698
129	0.348957415976694	-0.110990188527705	0.941094773466168	-0.117937312645903	0.906117328328082	0.999994493201698
130	8.91210179537736	0.214498848519111	0.732896126700124	0.292672918718913	0.769772171651882	0.999994493201698
131	1.16625944797394	0.270643007810889	1.12767378929941	0.240001151378211	0.810329364017882	0.999994493201698
132	3.02700195160382	-0.30068868532552	1.09953004550083	-0.273470185335917	0.784491807803217	0.999994493201698
133	2.29136800421193	0.207860948344611	1.13116477780606	0.183758328072915	0.854203048744067	0.999994493201698
134	2.21467813628296	0.179464194751927	1.1540716978959	0.155505238607901	0.876423024368312	0.999994493201698
135	1.96717371904885	0.880645095308435	1.14841932006431	0.766832358113866	0.443181194873914	0.999994493201698
136	3.67513765326367	0.137329267627077	1.02409716532467	0.134097888634951	0.893325169190208	0.999994493201698
137	3.85896378126784	0.681630077111213	0.979756860272741	0.695713502757678	0.486608267658877	0.999994493201698
138	41.3872186073386	-0.111502969752839	1.01878023743918	-0.109447519352275	0.912847545102106	0.999994493201698
139	0.789315901339865	0.411976569776176	0.925308818083668	0.445231431630995	0.65615251425256	0.999994493201698
140	4.72943999714898	-0.0104099835601685	0.878998625054694	-0.0118430032350969	0.990550871449666	0.999994493201698
141	2.50629519422049	0.111407751440978	1.16291175257984	0.0958006926955784	0.923678867200182	0.999994493201698
142	2.79359288830071	0.937845945656811	1.1100224376259	0.844889178693239	0.398172716877342	0.999994493201698
143	3.07897589326082	0.0597773479194745	1.04988713557498	0.0569369276886479	0.954595437970833	0.999994493201698
144	2.11738292948564	-0.0651878990335441	1.1544792841944	-0.0564651959771043	0.954971220858103	0.999994493201698
145	2.57523602161924	0.419371643434184	1.15355712556618	0.363546489497304	0.716196691369851	0.999994493201698
146	5.5210241552665	0.617280579449599	0.897146019601036	0.688049175901271	0.4914218143278	0.999994493201698
147	0.874963434235947	-0.0333687781076612	1.01290153343952	-0.0329437531744578	0.973719441728167	0.999994493201698
148	2.64233350568753	-0.259545039827081	1.12833600631517	-0.23002460115997	0.818072653262312	0.999994493201698
149	16.6247699900006	-0.0298289520369037	0.85942606389109	-0.0347079909374075	0.972312588921332	0.999994493201698
150	5.64486503018017	-0.309514172913333	0.878394637733542	-0.352363458993728	0.724565702375669	0.999994493201698
151	6.36613102097854	0.450175916496036	0.877875135989036	0.512801761937199	0.608089997158237	0.999994493201698
152	7.41278589327658	0.139769111132587	1.0125017687328	0.138043325403288	0.890206176580153	0.999994493201698
153	4.41647793260432	0.252091827065683	1.1362941934096	0.221854365293594	0.824427256446673	0.999994493201698
154	0.488004680952854	0.340408082590934	0.952363236784526	0.357435135505921	0.720766077325086	0.999994493201698
155	0.501206164738531	-0.105581583652339	0.957454293267412	-0.11027323642994	0.91219268203113	0.999994493201698
156	2.10759645025491	-0.510024242390032	1.16532921951746	-0.437665368591051	0.661628877502655	0.999994493201698
157	6.6722555568325	0.205959434577297	0.758291841697918	0.271609719703862	0.785922125088092	0.999994493201698
158	3.61278025621648	-0.0493694728132643	0.995335213404559	-0.0496008501943735	0.960440469110574	0.999994493201698
159	4.4088023374883	0.35273303916907	1.06709635643445	0.330554065752484	0.740981347579113	0.999994493201698
160	2.04412693747867	-0.327494142620216	1.151922591245	-0.284302213629008	0.776178789878564	0.999994493201698
161	1.40174267268467	0.0603649696965158	1.16328714759578	0.0518917189287916	0.958614972724929	0.999994493201698
162	8.20857617808344	-0.711748471224465	0.946122767988825	-0.752279191777014	0.451883178596602	0.999994493201698
163	70.3463143157008	0.0250199769800008	1.13514484384728	0.0220412197752685	0.982415074889392	0.999994493201698
164	2.35429194461944	0.0639436605958152	1.16500416594407	0.0548870660423757	0.956228436149037	0.999994493201698
165	290675.351080033	0.155530137091588	0.915571574068104	0.169872177661142	0.865110662090112	0.999994493201698
166	10.1705707489875	0.375188612038958	0.855708221222968	0.438453906055435	0.66105727694466	0.999994493201698
167	2.28175468794586	-0.0495045526485651	1.13263598594838	-0.0437073810674608	0.965137655600084	0.999994493201698
168	898515.183006696	0.203036294633893	0.850979277478545	0.238591349997958	0.811422473150298	0.999994493201698
169	7.64254283507395	0.615725149542916	0.742828605029235	0.828892621224089	0.407165171087017	0.999994493201698
170	1.96869080622619	-0.213375808658697	1.16422738651868	-0.183276747420229	0.854580878236215	0.999994493201698
171	3.08584154548027	-0.435238239893794	1.06376787654438	-0.409147756282746	0.682431231440755	0.999994493201698
172	8.46500670624877	0.00655651065637979	1.01231210453186	0.00647676801159247	0.994832322929078	0.999994493201698
173	4.5022114923737	-0.21094436208439	1.129801394874	-0.18670924203268	0.85188860943603	0.999994493201698
174	3.35944885707778	0.13577392107414	1.08809102582385	0.124781767197591	0.900696322230365	0.999994493201698
175	3.74605613336219	0.328197858053425	1.04576435847726	0.313835383079335	0.75364606924807	0.999994493201698
176	2.16984996908875	0.349552138923114	1.13386120077241	0.308284769498236	0.757865654235983	0.999994493201698
177	0.0829889767880956	-0.248659012986504	0.893865399747027	-0.278183955947816	0.780871150271919	0.999994493201698
178	1.49608452004702	0.398262861609496	1.10882762909262	0.359174727577273	0.719464381403348	0.999994493201698
179	1.19158702252334	0.474105764537526	1.07345508884169	0.441663344340849	0.658732838600766	0.999994493201698
180	1.48129987317531	0.194021235724969	1.00683239415316	0.19270460192946	0.847190319190657	0.999994493201698
181	6.30311035489483	0.234714354745478	0.823552962138986	0.28500213773242	0.775642504145286	0.999994493201698
182	1.2904360392051	-0.294083046530786	1.13717124858423	-0.258609287648555	0.795936716469662	0.999994493201698
183	28.886983279134	-0.387783775597027	1.06451395194008	-0.364282473602428	0.715647086129872	0.999994493201698
184	4.9096748765682	-0.113507158758345	0.858112205312399	-0.132275427450682	0.894766442628702	0.999994493201698
185	1.47100244465841	0.152715283870534	1.16438614165385	0.131155188478646	0.895652544075849	0.999994493201698
186	1.34714479800224	0.237316518011595	1.1630228961732	0.204051458309599	0.838313286833921	0.999994493201698
187	5.85403868369834	-0.219385720802509	0.805561000179753	-0.272339054092186	0.785361329810607	0.999994493201698
188	1.05479334220689	-0.524232229841968	1.1092406275805	-0.472604606076712	0.636495295698116	0.999994493201698
189	2.73320685404533	0.0583354547653056	1.15108208722516	0.0506787964235731	0.959581472936368	0.999994493201698
190	15.3600077487508	0.0274074237271919	0.976692831412063	0.028061456832408	0.977613134950504	0.999994493201698
191	3.79842037434952	-0.0796714133395138	1.1533410456139	-0.0690787981946022	0.944926897297052	0.999994493201698
192	4.26636001892179	0.000492975424235567	1.13917668024903	0.000432747117091441	0.999654717767318	0.999994493201698
193	2.10773807120235	0.0211740604477691	1.16494042577696	0.0181760886473204	0.985498377980873	0.999994493201698
194	6.65268361839804	0.164980947567388	0.961639135376551	0.171562222769548	0.863781708882313	0.999994493201698
195	5.66078066414798	-0.0781287410284188	0.796573154751462	-0.0980810620623987	0.921867925296487	0.999994493201698
196	5.21718132760099	0.319580754350241	0.90371560268944	0.35362978507749	0.723616349640547	0.999994493201698
197	2.8041725386855	0.459038105531596	1.08899688214401	0.421523801452806	0.67337263468301	0.999994493201698
198	4.35253527284655	-0.166029540960288	1.07266977169812	-0.154781597599651	0.876993499347371	0.999994493201698
199	11.8771544916387	-0.0602111631836453	0.642498022707893	-0.0937141610644612	0.925336220883136	0.999994493201698
200	1.2777622764481	0.1855907089324	1.14306586280303	0.162362218111643	0.871020621598678	0.999994493201698
201	8.35325627898928	0.34494747106557	0.891669652218296	0.386855681593974	0.698863052407241	0.999994493201698
202	1.12773038963887	0.331835843455959	1.12702774021805	0.294434494923574	0.768425911326896	0.999994493201698
203	3.27633713070929	0.221810782085574	1.09654189027263	0.20228208703493	0.839696202988333	0.999994493201698
204	2.81300955369677	0.141028514840728	1.16407633145747	0.121150573231013	0.903571772499575	0.999994493201698
205	8.27358791997086	0.73790175932318	0.70105887650107	1.05255319354344	0.292545818907575	0.999994493201698
206	2.69201923960227	0.371488481627024	1.15253229604329	0.322323706591446	0.74720747542919	0.999994493201698
207	3.44838756535087	0.420479737496332	1.15492088959617	0.364076657790263	0.715800766806443	0.999994493201698
208	1.73038955311999	0.0166308375328562	1.10543448054625	0.0150446162350917	0.987996585794275	0.999994493201698
209	2.03120767556088	0.238590026137805	1.15931443452577	0.205802687374804	0.836945041916003	0.999994493201698
210	2.32144824724152	0.193828584601647	1.15113140255702	0.168380937372653	0.866283603762409	0.999994493201698
211	0.927749418414054	-0.0673341703966232	1.0194409574741	-0.0660500933408241	0.947337943775961	0.999994493201698
212	3.76684089548264	-0.119463432925425	1.04649213734679	-0.114156073096071	0.909114072793635	0.999994493201698
213	2.18762679772708	0.4717897625786	1.09491439877146	0.430891915484869	0.666546962092309	0.999994493201698
214	2.22934213319882	0.367796300674272	1.15052405476921	0.3196771933187	0.74921305036096	0.999994493201698
215	3.42714223770799	0.190323714181292	1.04263959213038	0.182540271458915	0.855158753165758	0.999994493201698
216	1.55068239472945	0.262087375499526	1.08937647143301	0.240584758687477	0.809876964072787	0.999994493201698
217	2.35217896088019	0.286517028916465	1.14849145014382	0.249472496186702	0.802995313327197	0.999994493201698
218	3.1081423151805	0.281439997744846	1.07867457958166	0.260912793415412	0.794159758758502	0.999994493201698
219	1.37289729496452	-0.433796963189683	1.08626176392945	-0.399348460559326	0.689636464326092	0.999994493201698
220	4.34811413040044	0.262245899479504	1.11735679473163	0.234702022412181	0.814440017920955	0.999994493201698
221	2.79600804487246	-0.00672105257998945	1.13539594226219	-0.00591956720102261	0.995276896307615	0.999994493201698
222	3.47426281189355	-0.00141229335503437	0.939385055143995	-0.00150342327387557	0.998800442233313	0.999994493201698
223	2.19294390994305	0.0288945455010299	1.15487330905678	0.0250196668971672	0.98003927660273	0.999994493201698
224	7.2717756477186	0.286121629592718	0.791525928196725	0.361481057537266	0.717739862942075	0.999994493201698
225	1.135123762887	-0.0692853095983016	1.0394514905736	-0.0666556450460886	0.946855845862905	0.999994493201698
226	9.04494544749774	-0.0846552635810739	0.868347145820267	-0.097490115547171	0.922337183490288	0.999994493201698
227	4.99396689419899	0.0750083557096845	0.955150882209093	0.0785303736894464	0.937406170110354	0.999994493201698
228	2.76846360837045	-0.212650472845013	1.163490095921	-0.182769474008012	0.854978901334818	0.999994493201698
229	4.71096022347898	0.28652266926992	1.04561494785858	0.274023118985359	0.784066855033707	0.999994493201698
230	4.13866352489534	0.0193915810043133	0.963946836514888	0.0201168573512029	0.983950152644872	0.999994493201698
231	4.23703412471462	0.236526578568435	1.10350355048872	0.214341474899363	0.830280777212378	0.999994493201698
232	7.84342294632503	0.135941931758287	0.838838323389575	0.162059753313336	0.871258799372379	0.999994493201698
233	10.9970827216405	0.0297481614928715	0.698927991936609	0.0425625555651943	0.966050244755007	0.999994493201698
234	3.72241769973672	0.144093206875703	1.06413854244884	0.135408314921203	0.892289050325514	0.999994493201698
235	3.48031432196734	-0.223526665493893	1.0054343187648	-0.222318515811656	0.824065939212568	0.999994493201698
236	1.73292535964758	-0.238506739531663	1.12040359749206	-0.212875735195374	0.831423889107812	0.999994493201698
237	4.5549974765518	0.307493139046577	1.1337313765021	0.271222218437039	0.786220125373853	0.999994493201698
238	3.17053853455934	0.0502463595690688	1.1576985205283	0.0434019381368299	0.965381132749042	0.999994493201698
239	1.24606214762538	0.269635313376577	0.96879937103424	0.27831904255752	0.780767459530972	0.999994493201698
240	2.71011291319104	0.327830291519882	1.08463882270974	0.30224834724325	0.762462750831335	0.999994493201698
241	5.22920042049983	0.401357239551073	0.896012849565255	0.447936923835201	0.654198719426818	0.999994493201698
242	2.05099049007357	0.068720267834356	1.14616109682745	0.0599569013680298	0.952189960626954	0.999994493201698
243	6.08315037416273	0.339790931252288	0.975872774542632	0.348191834136924	0.727696119963209	0.999994493201698
244	0.934735720589351	0.306205503106421	1.10054496943618	0.278230796205712	0.78083519585211	0.999994493201698
245	3.66160674306846	0.0724804751500466	1.05015068531017	0.0690191190311312	0.944974401001993	0.999994493201698
246	1.30437402047314	0.186910031492238	1.12712592354488	0.165828881749428	0.868291616448007	0.999994493201698
247	2.14582543538204	0.262469077060417	1.08971259576053	0.240860827048837	0.809662983884209	0.999994493201698
248	4.45374067280381	-0.383946663994207	0.974487122930819	-0.393998704507729	0.693581995693006	0.999994493201698
249	1.55068239472945	0.262087375499526	1.08937647143301	0.240584758687477	0.809876964072787	0.999994493201698
250	6.65621927290884	0.189575703511383	0.879689744577099	0.215502914158126	0.829375240270029	0.999994493201698
251	1.25517928487998	0.183303671339534	1.13845642517366	0.161010704745746	0.872084969480089	0.999994493201698
252	1.92709822033485	-0.0211721149494872	1.15869507937831	-0.018272378407654	0.985421562624889	0.999994493201698
253	3.26815268593165	0.516390447281684	1.16162593804991	0.444541078471939	0.65665143638324	0.999994493201698
254	6.02149802177176	-0.15423061048511	0.891621412142651	-0.172977688046409	0.862668965599646	0.999994493201698
255	3.42800885427626	-0.941982348057788	1.05773080194747	-0.890569080831747	0.373160392774547	0.999994493201698
256	2.39532008677501	0.249947601271596	1.15610602771551	0.21619781860795	0.828833553839975	0.999994493201698
257	0.165977953576191	-0.390512702595051	0.899425122539977	-0.434180336760266	0.664157490799707	0.999994493201698
258	1.96575002825032	-0.0941141139854576	1.12679286498344	-0.0835238817267809	0.93343498886338	0.999994493201698
259	5.61020636123259	-0.577090610309768	0.883100131412879	-0.653482645718188	0.513445173848392	0.999994493201698
260	1.79164220394363	-0.320647389611597	1.16422658901321	-0.275416652254416	0.782996151964325	0.999994493201698
261	2.46815223596665	-0.195635905541649	1.13056634713971	-0.173042392458082	0.862618105852117	0.999994493201698
262	2.7444002523321	0.211294114301454	1.14354852866946	0.184770570731527	0.853408991531488	0.999994493201698
263	2.88029796287869	0.0772506396251472	1.1570450785106	0.06676545370608	0.946768425967347	0.999994493201698
264	2.2989019783805	-0.444826563868931	1.13664607571877	-0.391350107453316	0.695538465816084	0.999994493201698
265	4.7487685360472	-0.420500918763856	0.857588746279692	-0.490329333947107	0.623900872792606	0.999994493201698
266	4.80980924016074	-0.0994660418957197	1.03277765407714	-0.0963092505952786	0.923274964329233	0.999994493201698
267	1.4734155016056	-0.182253751774104	1.15492996719273	-0.157805024504738	0.874610439287945	0.999994493201698
268	1.11391515795122	-0.269151688941855	1.13059050576073	-0.238062930451335	0.811832285465691	0.999994493201698
269	2.39924286139404	0.823361280993987	1.14324678011739	0.720195582715256	0.471404583266836	0.999994493201698
270	1.16625944797394	0.270643007810889	1.12767378929941	0.240001151378211	0.810329364017882	0.999994493201698
271	16.6962570551567	0.301434408519531	0.879087411562861	0.34289469346812	0.731677684026175	0.999994493201698
272	3.83311058531431	-0.161001534535014	1.02037384364792	-0.157786810723627	0.874624791977973	0.999994493201698
273	3.89640277446301	0.30383500201308	1.0856747328666	0.279858223476233	0.779586279780262	0.999994493201698
274	4.80692303623202	-0.566177680255451	0.99497026504045	-0.56903979962902	0.56932913082819	0.999994493201698
275	2.3126993587281	0.283893017099683	1.16539294079889	0.243602828849359	0.807538437186251	0.999994493201698
276	3.62159732026315	0.58541639341704	1.01866444383304	0.574690121915154	0.565500889284535	0.999994493201698
277	2.24396730778303	0.389623912979007	1.16512533186575	0.334405151379801	0.738073852705269	0.999994493201698
278	6.6319146079931	0.255304792809433	0.748789466578154	0.340956709735961	0.733136171666054	0.999994493201698
279	5.69732368757329	-0.134595546921014	1.06356055353418	-0.126551841805111	0.899295115041505	0.999994493201698
280	0.571521378769626	0.417174658995093	0.96477987544585	0.432403981065946	0.665447825182078	0.999994493201698
281	2.26963167824747	-0.0734779742293149	1.14479886751474	-0.0641841779498167	0.948823575583184	0.999994493201698
282	4.16844159509245	0.672460108066243	0.929529216764215	0.723441604565314	0.469408618359066	0.999994493201698
283	2.11338670945241	-0.242715268915019	1.14921618960207	-0.21120070454199	0.832730661008327	0.999994493201698
284	5.90499702565662	0.0294337316170491	0.975499780135646	0.030172976167105	0.975929100610065	0.999994493201698
285	8.9944592235283	-0.176926533047269	0.877090266500524	-0.201719868301791	0.840135729226895	0.999994493201698
286	3.02585838304863	-0.37142551933274	1.04121416808383	-0.356723458744594	0.721298841905148	0.999994493201698
287	5.34688590712636	0.0335313606043361	1.05222189121928	0.0318671953930563	0.9745779596298	0.999994493201698
288	1.1350010133066	-0.0143614569748769	0.947683310507088	-0.0151542786663536	0.987909097807421	0.999994493201698
289	4.50988498786516	0.258955490018883	0.963994674616421	0.268627510957903	0.788216339513332	0.999994493201698
290	1.52567376475503	-0.35710702345202	1.15134860899934	-0.310164115942598	0.756436157117967	0.999994493201698
291	8.46611882197783	-0.0915833017150469	1.14896301296423	-0.0797095299689144	0.936468279754549	0.999994493201698
292	7.11462002807003	0.111855169835695	0.741573713088217	0.150834863563171	0.88010598373735	0.999994493201698
293	6.2911804591257	-0.193727037250328	0.823038824391987	-0.235380192900914	0.813913658029667	0.999994493201698
294	8.8815001807976	-0.539085671089968	0.704747594439782	-0.764934389763328	0.444310614549016	0.999994493201698
295	5.30261696439185	-0.277751708173167	0.902847131230064	-0.307639796999466	0.758356434218229	0.999994493201698
296	4.80197417275723	-0.249901406337511	1.01701684411782	-0.245720026942405	0.805898968160022	0.999994493201698
297	19.4619540299567	0.498037517623298	0.892926843169183	0.557758478685285	0.577009319218836	0.999994493201698
298	7.39657125673269	0.246862988065399	0.704451833350943	0.35043274270594	0.726013957205898	0.999994493201698
299	2.7938383874615	1.02499623256509	1.08678028539123	0.943149453797925	0.345604463316082	0.999994493201698
300	15.7572430710483	-0.0393396497659112	0.772078915095271	-0.0509528870647334	0.959363062423581	0.999994493201698
301	9.84139765417034	0.577351485153066	0.711422331124885	0.811545350622001	0.417052560334264	0.999994493201698
302	4.36719717013786	-0.056152437675421	1.05313423449197	-0.0533193545858934	0.95747745940603	0.999994493201698
303	3.8068324669479	0.102177372847414	0.939788144813342	0.108723836761857	0.913421534926396	0.999994493201698
304	2.34596587889435	0.0788914857624683	1.14469403774297	0.0689192772577214	0.94505387397	0.999994493201698
305	7.31548546720317	-0.449169676810026	0.725609641427124	-0.619023854102328	0.535900644494096	0.999994493201698
306	3.87151689406899	-0.142228617772242	1.04004509286052	-0.136752356939697	0.891226543389361	0.999994493201698
307	2.370115261806	0.0619675212975322	1.16519258327376	0.0531822139851134	0.957586726742345	0.999994493201698
308	28.5050408017002	0.0630937708969036	1.01007881633225	0.062464205640909	0.95019316601351	0.999994493201698
309	2.00734261414166	-0.295630067818899	1.16027242171987	-0.254793669387303	0.798882465040329	0.999994493201698
310	7.15315328565421	-0.167025523892904	0.937255080948565	-0.178207114891138	0.858560322288265	0.999994493201698
311	1.15200252213091	0.208651400601673	1.0543837446253	0.19788943225393	0.843131572519087	0.999994493201698
312	1.82420157982912	0.112501296719647	1.16221000463068	0.0967994564419508	0.922885655605169	0.999994493201698
313	2.71616652288938	0.313620275934472	1.0864685891324	0.288660232860403	0.772841397340995	0.999994493201698
314	0.971804365418791	-0.43632608044107	1.10026710060148	-0.396563780015367	0.691689166378188	0.999994493201698
315	0.742374750406407	-0.185015957387935	0.988496474185926	-0.187169061518712	0.851528081478283	0.999994493201698
316	5.66901651271637	-0.114462388575436	0.971100915974543	-0.117868685625291	0.906171705500015	0.999994493201698
317	7.31951523968709	-0.0593295833436723	0.74331616014728	-0.0798174269908471	0.936382463810934	0.999994493201698
318	7.87112685511453	-0.0283357803662717	0.897585051938358	-0.0315689084895965	0.974815838456587	0.999994493201698
319	1.01731972592916	-0.0867238118671035	1.14413164472239	-0.0757988053797307	0.939579166561355	0.999994493201698
320	1.5839489148957	0.0722463495303188	1.11504148882606	0.0647925214032901	0.948339195995489	0.999994493201698
321	1.12498580665759	0.0351061026899413	1.12922190975658	0.0310887544659039	0.97519875797218	0.999994493201698
322	3.90256655228265	-0.350950757733513	1.01699103266345	-0.345087367008921	0.730028690445942	0.999994493201698
323	12.9896124761906	0.204069903200134	0.655812948510662	0.311170896615525	0.755670706635862	0.999994493201698
324	1.7577252131683	-0.127330388515371	1.04550976909065	-0.121787851514883	0.903067035413315	0.999994493201698
325	0.705713176649798	-0.273609389576674	0.924113855654478	-0.296077575184605	0.76717083904042	0.999994493201698
326	3.72086706010869	-0.194889273797777	1.06748983131671	-0.182567803533443	0.855137148758567	0.999994493201698
327	2.4980918780758	0.103731182632701	1.1410112082396	0.0909116246042338	0.927562813346674	0.999994493201698
328	75.93915923678	0.271780166553422	1.03537848207032	0.262493543433485	0.792940962491134	0.999994493201698
329	0.830503515782927	0.00386986032049743	0.927241299523168	0.00417352022875545	0.996670022312356	0.999994493201698
330	5.9688526385141	-0.273011615400769	0.859553087124443	-0.317620423322665	0.750772880213828	0.999994493201698
331	1.10611681325481	-0.0821365879791989	1.12078576056136	-0.0732848246912592	0.941579467368715	0.999994493201698
332	2.42842713465377	-0.124823085804364	1.1641689745063	-0.107220763083211	0.914613843822582	0.999994493201698
333	2.71947764923098	0.160907194021235	1.15157995207913	0.139727331767736	0.888875430617203	0.999994493201698
334	0.570465936712272	-0.00897470218530808	0.964520933293297	-0.00930482882799083	0.99257592786655	0.999994493201698
335	0.850691301743902	0.0206448253566385	1.09734644440442	0.018813407071131	0.984989958420142	0.999994493201698
336	2.32002245681844	-0.0979833321925754	1.14706509664303	-0.0854208993712136	0.931926778590315	0.999994493201698
337	16.8693871743133	-0.0581220554894637	1.15996916825508	-0.0501065520361164	0.960037478528949	0.999994493201698
338	2.96578602348728	0.247405056952235	1.15351679817182	0.21447893723294	0.830173590453795	0.999994493201698
339	12.3230903200671	-0.510985368201297	0.800461627205979	-0.63836335288788	0.523237180794899	0.999994493201698
340	0.944223206209688	0.0330073085223361	1.02353608663007	0.0322483095158967	0.974274030771018	0.999994493201698
341	6.34579091526722	0.204281257655962	0.899671752757558	0.227061989030806	0.820375540455598	0.999994493201698
342	9.3104176184838	0.32258325409277	0.981069216122306	0.328807844331093	0.742300933556369	0.999994493201698
343	4.19803083980046	0.0536010582265004	0.926964922476833	0.0578242573443657	0.953888615936904	0.999994493201698
344	2.13148248266572	-0.0965450909692948	1.0877843740917	-0.0887538865870451	0.929277506168022	0.999994493201698
345	3.34624737329211	0.368380232912195	1.06155562579463	0.347019246058296	0.728576859915562	0.999994493201698
346	2.71475960383334	0.506793428500438	1.11556468647826	0.454293179627567	0.64961782438196	0.999994493201698
347	1.4839584292833	-0.0655890250367596	1.09627027650951	-0.059829246894838	0.952291631640398	0.999994493201698
348	4.37361902857738	-0.21657738664768	0.968328761772458	-0.223661007704914	0.823021088655175	0.999994493201698
349	2.95353508351862	-0.279124159040763	1.05476630669398	-0.264631281137184	0.791293520099503	0.999994493201698
350	4.74023052361201	0.0781302195043772	1.11233105488036	0.0702400775035276	0.944002575846154	0.999994493201698
351	6.25317385193834	0.909179892822262	0.916170252945278	0.992370020636946	0.321017057704386	0.999994493201698
352	0.456868995865906	-0.179969191118574	0.942825788573193	-0.190882762541876	0.848617445358191	0.999994493201698
353	2.88291979627958	0.301498443916	1.13885535758408	0.264738135451711	0.791211197471954	0.999994493201698
354	6.25113329358629	-0.57086138990996	0.817935215010705	-0.697929835314021	0.485221074839036	0.999994493201698
355	3.84418123402068	0.00630983676143891	1.03580889052538	0.00609169975190929	0.995139556879797	0.999994493201698
356	0.708985480659755	0.144340751835365	0.983761008085945	0.146723391808547	0.883350354429297	0.999994493201698
357	0.362686620791048	-0.384844804394332	0.943437404140365	-0.407917687708165	0.683334106607332	0.999994493201698
358	2.28038338237885	0.608819593726711	1.13634734389529	0.535768923997953	0.592118261976475	0.999994493201698
359	1.9731413018739	0.421438953371323	1.14923076340826	0.366713950574615	0.713832399417412	0.999994493201698
360	0.947004511898069	-0.641591778555027	1.1059394636583	-0.580132818873041	0.561825053526924	0.999994493201698
361	1.35161524461454	-0.424909845679229	1.14279785073084	-0.371815404979535	0.710030293179816	0.999994493201698
362	2.62328718865721	0.460863060446067	1.14344494543372	0.403047879381073	0.686913002189623	0.999994493201698
363	5.05928502018666	-0.503643223672831	0.976496812052475	-0.515765353718089	0.606018303300406	0.999994493201698
364	2.66394708207159	0.0118428085707398	1.15320581126413	0.0102694666078363	0.991806295166854	0.999994493201698
365	3.23413079691598	-0.168110931453805	1.14100796350494	-0.147335458498819	0.882867246031882	0.999994493201698
366	6.46699317607182	-0.355640705882216	0.758829930354138	-0.46866984505506	0.639305644472536	0.999994493201698
367	2.86162414444352	-1.03287301722988	1.12952995035555	-0.914427295092757	0.360492364894273	0.999994493201698
368	0.736443890288464	-0.188619618879446	0.992069224695101	-0.19012747718025	0.84920923909958	0.999994493201698
369	1.32149827887785	0.371923066421373	1.0649806296107	0.349229888394617	0.726916729381133	0.999994493201698
370	9.73938548157293	-0.00028475991802123	0.711586063021808	-0.000400176356478897	0.999680705472089	0.999994493201698
371	4.0993045726991	0.624516857119689	0.943161448140766	0.662152655148051	0.507873393032472	0.999994493201698
372	1.19319013657398	-0.179567108281741	1.06179094472602	-0.16911719691495	0.86570445857758	0.999994493201698
373	44.0800625452337	-0.0497508499006969	1.10617591518137	-0.0449755316653587	0.964126812115957	0.999994493201698
374	4.02202090783276	-0.0830899768949387	0.988729937885882	-0.0840370800065011	0.933026950445011	0.999994493201698
375	4.40831133916673	-0.120407488308159	1.06405622012247	-0.113158953475504	0.909904536967346	0.999994493201698
376	7.55286972894304	0.140741474730625	0.868472020289942	0.162056429502055	0.871261416792996	0.999994493201698
377	2.48649350834075	-0.214789115372976	1.16245595854964	-0.184771830531078	0.853408003369786	0.999994493201698
378	0.803167855734613	0.29617469507646	0.993753114000661	0.298036495084898	0.765675309561592	0.999994493201698
379	1.64078042327323	0.69744058343586	1.16522699267144	0.598544822444321	0.549476460577355	0.999994493201698
380	1.05201203651851	0.0402688155853871	0.93228063795988	0.0431938774074594	0.965546985656579	0.999994493201698
381	5.55591374044799	-0.511990309163508	0.807599329772415	-0.633965743022335	0.526103178941125	0.999994493201698
382	3.18423101666659	-0.335106849142337	1.16517453219434	-0.287602277498496	0.773651201318257	0.999994493201698
383	4.2258228750878	0.299815055458028	1.09515819494276	0.273764152834285	0.784265873406329	0.999994493201698
384	4.83689730142372	-0.31030680055276	0.882744750440421	-0.351524945798818	0.725194561068864	0.999994493201698
385	1.46757066836096	0.289449947925235	1.00540758274881	0.287893141937394	0.773428536722392	0.999994493201698
386	2.2701247761936	-0.0610618359816979	1.14118941979094	-0.0535071872580837	0.957327804250828	0.999994493201698
387	2.29349883929123	-0.316585522388819	1.13059922188096	-0.280015691026323	0.779465466561996	0.999994493201698
388	4.2559398408245	-0.0808622211766344	1.07114106473471	-0.0754916638329627	0.939823529909263	0.999994493201698
389	3.0482472792467	0.0839600786603262	1.16538560845934	0.0720448905931858	0.942566183118028	0.999994493201698
390	9.07037270101139	-0.0307960325991957	0.684292464634147	-0.0450041965837818	0.964103963955159	0.999994493201698
391	0.277039087894966	0.562812376188821	0.903539770709438	0.622897181102404	0.533352090572527	0.999994493201698
392	3.94466271795466	0.660945835048174	1.02766957911176	0.643150141331853	0.520126681694687	0.999994493201698
393	0.443017041471157	0.156043573514936	0.916230155050019	0.170310453825237	0.864765990402077	0.999994493201698
394	0.279697644002952	-0.257059389031301	0.932819561376913	-0.275572468325881	0.782876458225662	0.999994493201698
395	0.470475451099866	-0.250418363905278	0.916882703445311	-0.27311930191757	0.784761509807324	0.999994493201698
396	2.4783090635631	0.195349794655669	1.15833338084979	0.168647297820559	0.866074075088271	0.999994493201698
397	2.9125090409876	-0.287412899951935	1.15696730915787	-0.248419205691417	0.803810075235653	0.999994493201698
398	1.96550452908953	-0.00991986558714637	1.07040617590589	-0.00926738448491399	0.992605802841664	0.999994493201698
399	0.77497294862354	-0.188968214503603	0.925927986182131	-0.204085217558628	0.838286905911085	0.999994493201698
400	2.41445243067863	0.0631200924191919	1.16126072288471	0.0543547983457101	0.95665249127654	0.999994493201698
401	4.34292191799428	-0.827394373428588	1.01215277760842	-0.817459964278923	0.413665619698071	0.999994493201698
402	2.19032207654217	-0.229814340093998	1.15925944738665	-0.198242369826767	0.842855438924878	0.999994493201698
403	8.99007592197305	-0.190854610944842	0.665994065015466	-0.286571038647935	0.774440792530034	0.999994493201698
404	2.932205828627	-1.17098310517899	1.09531719941133	-1.06908127235501	0.285033049550627	0.999994493201698
405	3.37932086872018	-0.623021324841356	1.09530153366753	-0.568812610674634	0.569483315677354	0.999994493201698
406	1.67534998428218	0.405430495368954	1.03645710813756	0.391169583560947	0.695671889498831	0.999994493201698
407	0.872304878127961	0.302929781909468	0.927343778841544	0.326663950113402	0.743922069284692	0.999994493201698
408	3.07586306153835	-0.0239053760573111	1.06378921861071	-0.0224719104490748	0.982071518554594	0.999994493201698
409	2.2610233906545	-0.361210310497574	1.13351008901874	-0.318665280527204	0.749980345206514	0.999994493201698
410	5.32821100909363	-0.358923008814778	0.828490208440779	-0.433225408288496	0.664851021817146	0.999994493201698
411	0.608994995047349	-0.0538793284577328	0.922266213845389	-0.0584205814426215	0.95341362114809	0.999994493201698
412	4.81202400248879	-0.190981031935267	0.890681386308189	-0.214421267662132	0.830218558128394	0.999994493201698
413	0.38748647431177	-0.161546509783431	0.91327181947917	-0.176887654187731	0.859596636234994	0.999994493201698
414	3.15946788585297	-0.121252377229322	1.12690629034948	-0.107597568908519	0.91431492552627	0.999994493201698
415	3.49240578964851	0.121413637181038	1.11068926443412	0.10931377575068	0.912953620604753	0.999994493201698
416	0.470475451099866	-0.250418363905278	0.916882703445311	-0.27311930191757	0.784761509807324	0.999994493201698
417	3.21079135690089	0.119438584195654	1.043210345719	0.114491372411893	0.908848285245373	0.999994493201698
418	5.42538244628356	-0.774648411576528	0.916293932061321	-0.845414756631484	0.397879308267097	0.999994493201698
419	5.09401195385855	-0.348133534178227	0.864544324946941	-0.402678641375146	0.687184648442222	0.999994493201698
420	0.401215679126124	-0.398263317575617	0.912303747368267	-0.436546839497801	0.662440023065496	0.999994493201698
421	6.32560419993811	-0.0986607702290259	0.79358753616375	-0.124322479541398	0.901059949274627	0.999994493201698
422	9.97334225545553	0.0742641128162794	0.985771223419199	0.0753360526783186	0.939947337084697	0.999994493201698
423	2.95226559512662	0.756506555603208	1.161748343132	0.651179371225711	0.514930705096172	0.999994493201698
424	31.141380216213	-0.213761849684789	1.05554216508166	-0.202513795048872	0.839515074945459	0.999994493201698
425	0.667184118314722	-0.285717893060435	0.982722431847714	-0.290741193851888	0.771249263694727	0.999994493201698
426	3.06993220142041	-0.0282250917776971	1.0849973764052	-0.0260139723758708	0.979246193878528	0.999994493201698
427	4.55511812650765	0.296087514006355	0.927131562541992	0.319358682164318	0.749454538481917	0.999994493201698
428	3.10087169151276	0.550176850996601	1.04347640581957	0.527253752867062	0.59801738523565	0.999994493201698
429	4.14065273902721	-0.758869691058385	0.99828178406172	-0.760175837297925	0.447149486065895	0.999994493201698
430	3.57703460319433	-0.151274553785288	1.14082232715235	-0.132601326415912	0.894508683357528	0.999994493201698
431	1.70558969959927	-0.0728340986207465	1.15116536246042	-0.0632698837159902	0.949551597012716	0.999994493201698
432	0.697914831953387	-0.148021571601945	0.98913827167532	-0.149646996623878	0.881043127698595	0.999994493201698
433	1.97866719054356	0.226422843239931	1.15505806571266	0.196027238769361	0.844588846131462	0.999994493201698
434	8.46747954023102	0.411971861952556	0.931480048230217	0.442276635699594	0.658289035933089	0.999994493201698
435	4.58780342222994	0.216071862077913	1.06545300954414	0.202798115113834	0.839292831247367	0.999994493201698
436	1.13091666677553	0.0421629233858179	1.13354078756226	0.0371957708522263	0.970328910651695	0.999994493201698
437	1.45694171380997	-0.292818223065819	1.15167380627503	-0.254254478542765	0.799298965249431	0.999994493201698
438	2.6534901812672	0.414960340756784	1.1495102648749	0.360988808396544	0.718107813388293	0.999994493201698
439	0.318226702338028	-0.30382097515373	0.909021004028875	-0.334228773380553	0.738206933196916	0.999994493201698
440	2.25627282179885	0.0553805907772	1.09920156611047	0.0503825617472186	0.959817532446466	0.999994493201698
441	2.20126997566814	0.0303663513895941	1.1485654436071	0.0264385034031912	0.978907583599524	0.999994493201698
442	3.17295159150654	-0.126760073710288	1.14829872736057	-0.110389457629769	0.912100513624174	0.999994493201698
443	2.68874693559232	0.081231155943422	1.15981434463452	0.0700380680056339	0.944163360130286	0.999994493201698
444	2.98069341993938	0.368451574087826	1.10914496454144	0.332194244996783	0.739742589085404	0.999994493201698
445	1.4839584292833	-0.0655890250367596	1.09627027650951	-0.059829246894838	0.952291631640398	0.999994493201698
446	9.97122078402701	0.24050923966361	0.844357236591561	0.284842989721364	0.775764434847545	0.999994493201698
447	0.747637288575226	0.0383989320083922	0.983774174469437	0.0390322626929104	0.968864666295912	0.999994493201698
448	0.608994995047349	-0.0538793284577328	0.922266213845389	-0.0584205814426215	0.95341362114809	0.999994493201698
449	4.38509254910749	0.640113253004316	0.894668301908726	0.715475502640107	0.47431527286598	0.999994493201698
450	5.68130207576759	-0.258789096753804	0.874376705818007	-0.295969797722023	0.767253146538079	0.999994493201698
451	4.47135592953009	0.296055955099255	0.944785224646852	0.313357943557931	0.75400873249175	0.999994493201698
452	10.1890227267076	-0.501248811619106	0.914343563167522	-0.548206201488039	0.583550324391886	0.999994493201698
453	0.664525562206736	0.168677151665322	0.923602448544678	0.182629606418981	0.855088652456034	0.999994493201698
454	1.26943621072301	0.192899364658839	1.1457018142644	0.168367861739566	0.866293889766103	0.999994493201698
455	0.720056129366123	0.375234317219397	0.924044283082292	0.406078284438648	0.68468508093776	0.999994493201698
456	5.36543492696147	-0.112747032485435	0.951333704251094	-0.118514704127078	0.905659844995526	0.999994493201698
457	8.79454642783673	0.00837002863757669	0.841164867990029	0.00995052094552753	0.992060763980254	0.999994493201698
458	3.97189240016508	0.824740565272957	0.983779675457469	0.838338690916178	0.401840511770312	0.999994493201698
459	14.1033900757005	0.136387807822509	0.861198972638875	0.158369682449331	0.874165502167972	0.999994493201698
460	8.06352562760213	-0.435320467558063	0.835281608100633	-0.521166111328549	0.602251059514658	0.999994493201698
461	11.6846676522238	-0.449299495438631	0.740585770491651	-0.60668124252557	0.544062472727325	0.999994493201698
462	2.16552222302144	-0.340486816325722	1.15291566352325	-0.295326732993818	0.767744296777871	0.999994493201698
463	2.60313612540333	-0.0768593608065147	1.16324963147426	-0.0660729724101486	0.947319728709601	0.999994493201698
464	1.92722096991524	-0.0737212012742601	1.1601155415985	-0.0635464301880495	0.94933138798387	0.999994493201698
465	2.94151389099524	0.303302438989547	1.12873705714742	0.268709560892828	0.78815319378013	0.999994493201698
466	0.708985480659755	0.144340751835365	0.983761008085945	0.146723391808547	0.883350354429297	0.999994493201698
467	5.26994634078751	0.445974390099755	0.870070269127454	0.512572841440725	0.6082501549099	0.999994493201698
468	5.74218227860095	-0.0151215992510065	0.92752402676238	-0.0163031887203936	0.986992513649251	0.999994493201698
469	4.85750264029207	-0.348245986856915	0.917469000000487	-0.379572483491791	0.70426278974208	0.999994493201698
470	34.1719416869406	0.569612753065742	1.08332443633166	0.525800705645079	0.599026684210846	0.999994493201698
471	1.34649432739317	0.0909065573187087	1.14733992763271	0.0792324533726244	0.936847731666999	0.999994493201698
472	4.83330605283877	-0.280737448479633	0.918237731747384	-0.305735038730544	0.759806392858156	0.999994493201698
473	8.9894411138884	-0.0760663212210765	0.74119409099687	-0.102626723748932	0.918259232336699	0.999994493201698
474	22.3354483853783	-0.216287222708537	1.01519216994727	-0.213050522956428	0.831287555559683	0.999994493201698
475	8.78233323956785	0.186703836191833	0.744048407853337	0.250929689817486	0.801868469460906	0.999994493201698
476	9.25024353093853	-0.211945673273789	0.813125670000622	-0.260655494093093	0.794358190376177	0.999994493201698
477	6.16195220580396	-0.161954017423968	0.914829170605657	-0.17703197780275	0.859483271613493	0.999994493201698
478	1.30796526905809	0.14292660532193	1.15053161397013	0.124226578032684	0.901135879002678	0.999994493201698
479	15.8374718409169	0.20271782801657	0.748707477148425	0.270757050254999	0.786577895247992	0.999994493201698
480	4.72412288493301	0.488445009821241	0.90208552969564	0.541461971999529	0.588189202140062	0.999994493201698
481	2.63587492454091	-0.353561008627477	1.15367658353423	-0.306464579132188	0.75925094495009	0.999994493201698
482	2.90036299925927	0.134985414979734	1.0924754877906	0.123559216191409	0.901664285724468	0.999994493201698
483	0.58153658541864	0.284316614176459	0.920817880125256	0.308765305619157	0.757500062517143	0.999994493201698
484	0.885420335040344	-0.502955360467224	0.926293702569152	-0.542976119855113	0.587146244415996	0.999994493201698
485	1.09913051107951	-0.364151590222586	1.0600476676386	-0.343523787976237	0.731204448200723	0.999994493201698
486	3.89990379692557	0.297823267349975	1.08204787562692	0.275240378968833	0.783131566580146	0.999994493201698
487	0.429287836656803	0.386075147266136	0.914213157539646	0.422303205857539	0.672803718470928	0.999994493201698
488	1.7854291219578	-0.528298603333103	1.1159464286422	-0.473408570316316	0.635921716627819	0.999994493201698
489	3.09262117082643	-0.339951350420465	1.13793369313485	-0.298744428143213	0.765135055381135	0.999994493201698
490	1.38396794367089	-0.164625671442022	0.991424755762616	-0.166049587207846	0.86811792685187	0.999994493201698
491	1.05201203651851	0.0402688155853871	0.93228063795988	0.0431938774074594	0.965546985656579	0.999994493201698
492	6.97611306558164	0.0187985066457522	0.89274844680767	0.0210568909002001	0.983200273340626	0.999994493201698
493	7.15431260592491	0.0966102473238111	0.852548060487969	0.113319414823975	0.909777325578232	0.999994493201698
494	2.42830438507338	-0.0744032756223239	1.16472684749073	-0.0638804504099973	0.949065418793236	0.999994493201698
495	2.74464575149289	0.152506186161241	1.13897067360798	0.133898255411739	0.893483029843556	0.999994493201698
496	4.38754232876179	-0.0108350587388655	0.919203959007681	-0.011787436980322	0.990595203811953	0.999994493201698
497	0.875491155264624	0.15706716857034	1.09706788557874	0.143169962985	0.886155951471996	0.999994493201698
498	4.08693298277459	0.251615124254515	0.937969239813071	0.268255198117862	0.7885028894243	0.999994493201698
499	1.42682474807328	0.346834623858798	1.10091915371841	0.315040957083312	0.752730556768235	0.999994493201698
500	6.1760863820666	-0.133473322098111	0.894004551200639	-0.149298257955015	0.881318289818568	0.999994493201698
501	6.0896268066494	0.301596060588457	0.809514350904953	0.372564192656132	0.709472827203998	0.999994493201698
502	2.96643649409635	0.359585664565645	1.12050412572681	0.32091418167015	0.748275426486381	0.999994493201698
503	1.17671634877834	-0.272405770211165	1.05638467645419	-0.257866075003576	0.796510267823649	0.999994493201698
504	0.982752264544764	-0.0062036677621794	0.929471187459437	-0.00667440566838457	0.994674634303481	0.999994493201698
505	1.14624898564052	-0.912139905164208	1.0799448526756	-0.844617114387227	0.398324650413742	0.999994493201698
506	2.47660105127213	-0.285046355887094	1.11138011737764	-0.256479625134627	0.797580511185961	0.999994493201698
507	2.83934224611033	-1.4489184682929	1.08322493896782	-1.33759703656153	0.181027831000511	0.999994493201698
508	5.98884314988293	0.242149549091972	0.812383662089978	0.298072893870128	0.765647529300159	0.999994493201698
509	4.08015545705298	0.443536214281395	1.02414762242626	0.433078400583143	0.664957813854084	0.999994493201698
510	3.68043691413959	0.559289967381029	0.986828430344572	0.566755020612592	0.570880633729516	0.999994493201698
511	3.54401358218886	-0.0833848577764802	1.16523896505357	-0.0715603067501664	0.942951829676356	0.999994493201698
512	3.62205896538313	-0.609925206732577	1.04563924010562	-0.58330367046188	0.559688892075905	0.999994493201698
513	2.25243397442857	0.0629449229364013	1.13218969598935	0.0555957390880491	0.955663858971961	0.999994493201698
514	2.37067970554178	-0.458026091942397	1.1465417195666	-0.399484889320497	0.689535955616254	0.999994493201698
515	15.4294889708814	-0.386603059451594	0.939229670591241	-0.411617170492739	0.680620044292126	0.999994493201698
516	1.41216285078196	0.161563820936993	1.07421037223539	0.150402402651154	0.880447145792306	0.999994493201698
517	2.23571468747214	0.0488959277378746	1.1549692203764	0.0423352647631074	0.966231433260168	0.999994493201698
518	0.905694147874612	0.0756109953640518	1.0206547996245	0.0740808698414678	0.940946037084122	0.999994493201698
519	2.35114029056533	0.470327165377217	1.1225951359751	0.41896419314937	0.675242301335477	0.999994493201698
520	3.01751656560803	0.0193967195618511	1.14513964937763	0.0169383005578342	0.986485837717521	0.999994493201698
521	1.19445435508502	0.94060029870072	1.12018438721712	0.839683456968599	0.40108589187532	0.999994493201698
522	3.75770599607906	-0.493176849983603	0.98248589740804	-0.501968375611991	0.615689766555565	0.999994493201698
523	2.36421902477061	0.203444010170492	1.14021105877584	0.178426624268067	0.858387941632996	0.999994493201698
524	3.19706215208654	0.232961044110385	1.04499358829598	0.222930596627166	0.823589522884248	0.999994493201698
525	7.87648171903029	0.122563171815304	0.918339775630492	0.133461682775482	0.893828265843166	0.999994493201698
526	1.07325526453683	0.462267811346007	1.12229283098996	0.411895896134566	0.68041572889614	0.999994493201698
527	0.138519543947483	0.395398105903997	0.89763237952822	0.440490021217607	0.659582238041294	0.999994493201698
528	4.59790885500134	0.189680630449959	0.987185969000233	0.192142753651632	0.847630386215267	0.999994493201698
529	4.82628302795637	-0.0464173116997038	1.04321097430513	-0.0444946543345383	0.964510112981902	0.999994493201698
530	1.4079557546705	0.329607773836548	1.15426873649895	0.285555489301643	0.775218598801941	0.999994493201698
531	11.822815768208	0.0410152236450574	0.813723181298969	0.0504043937639624	0.959800135121682	0.999994493201698
532	37.1677220857213	0.0971142324756746	1.06090147781762	0.0915393507373071	0.927064040106583	0.999994493201698
533	8.12971972179018	0.658391164656604	0.826738631406616	0.796371597558487	0.4258160816749	0.999994493201698
534	7.27450764924079	0.363665240181687	0.715980953897026	0.507925857807092	0.611505339912966	0.999994493201698
535	0.664525562206736	0.168677151665322	0.923602448544678	0.182629606418981	0.855088652456034	0.999994493201698
536	3.1473396954647	0.108209615926152	1.0713044698345	0.101007341024974	0.919544632687951	0.999994493201698
537	2.38060678569295	-0.264776341321438	1.14472243057325	-0.231301784825553	0.817080360189234	0.999994493201698
538	0.789315901339865	0.411976569776176	0.925308818083668	0.445231431630995	0.65615251425256	0.999994493201698
539	2.49416910345677	-0.238077535286023	1.15888379446431	-0.205436935457428	0.837230765304806	0.999994493201698
540	7.92892152735437	0.648940956688457	0.797890234462453	0.813321091873816	0.416033987285923	0.999994493201698
541	3.56272109287068	-0.357834232734549	0.995840079141418	-0.359329012990783	0.719348972452478	0.999994493201698
542	1.85611258473008	0.511879541914582	1.13958328225808	0.449181336620079	0.653300849699426	0.999994493201698
543	1.06112917377311	-0.222275335823916	1.12506289642335	-0.197567030723832	0.843383831982116	0.999994493201698
544	4.9062084771882	0.00314155252854328	1.1090230590044	0.00283272065719134	0.997739818945291	0.999994493201698
545	1.62300569425946	0.189127406258041	1.15579275254193	0.163634359051044	0.870018994655769	0.999994493201698
546	2.2321234388872	0.0913115844474323	1.15820560874639	0.0788388380766565	0.937160811855312	0.999994493201698
547	1.98861422165933	-0.634790404582547	1.15285506076791	-0.550624641539691	0.581891013235718	0.999994493201698
548	0.393417334429713	-0.156025281823326	0.913038182992125	-0.17088582353918	0.864313543873872	0.999994493201698
549	2.5958287790285	0.704710836015971	1.14469860808454	0.615630027885846	0.538138728256719	0.999994493201698
550	12.6923592916122	-0.303270121233308	0.774652632152615	-0.391491758558383	0.695433779281416	0.999994493201698
551	2.24916167041861	-0.369015296300978	1.13940365355014	-0.323867046723261	0.746038693369792	0.999994493201698
552	1.24658986865405	0.50704018254639	1.07137273286827	0.473262168236208	0.636026149267851	0.999994493201698
553	1.78579737069898	0.167253932143593	1.04927048772217	0.159400206239174	0.873353576432463	0.999994493201698
554	1.37289729496452	-0.433796963189683	1.08626176392945	-0.399348460559326	0.689636464326092	0.999994493201698
555	5.73576671903507	-0.521536303439362	1.06820265180305	-0.48823722966709	0.625381816960603	0.999994493201698
556	3.71051715716919	0.541832362724924	0.976517085553083	0.554862142957835	0.578988957656567	0.999994493201698
557	1.13524651246739	-0.141761698501938	1.04646679009487	-0.135466982654161	0.892242667611339	0.999994493201698
558	24.4897373677544	-0.297189775787364	1.06443265832319	-0.279200166833974	0.780091215611997	0.999994493201698
559	1.21019164539829	0.0439838915559057	1.07104151968268	0.0410664673101905	0.96724290725087	0.999994493201698
560	7.91493630295848	-0.0823871108696859	0.854660305116815	-0.0963974931050825	0.923204883065557	0.999994493201698
561	2.67705735829409	-0.602005258553856	1.13692409797906	-0.529503473120105	0.596456235761208	0.999994493201698
562	3.67227242032655	0.102259271177072	1.08919999980581	0.093884751372845	0.925200706971818	0.999994493201698
563	2.19424485116119	0.259075624973797	1.14076070232467	0.227107775053827	0.820339938386896	0.999994493201698
564	1.99422715722928	0.506714468294669	1.16095106027095	0.436464968795849	0.66249941040965	0.999994493201698
565	0.736443890288464	-0.188619618879446	0.992069224695101	-0.19012747718025	0.84920923909958	0.999994493201698
566	2.43295107571568	0.131254048057457	1.13553096208808	0.115588259976725	0.907978867716889	0.999994493201698
567	7.63240804910095	0.0314612812500005	0.77324420957848	0.0406873803389372	0.967545122296104	0.999994493201698
568	3.03627856114592	-0.207352699728647	1.07644827643361	-0.192626719061346	0.847251318017135	0.999994493201698
569	2.68821921456364	-0.0214449836919828	1.16252865754474	-0.0184468430544109	0.985282383435923	0.999994493201698
570	1.57801805477776	0.0523320650733717	1.02073154187925	0.0512691760039317	0.959111029775553	0.999994493201698
571	8.49246511587748	0.223720029073865	1.01529025720258	0.220350808536545	0.825597952926353	0.999994493201698
572	3.50434095529859	-0.130837830001269	1.00657847181451	-0.129982742195364	0.896580080578013	0.999994493201698
573	2.34637085034264	0.26234221444258	1.13479821461191	0.231179615075705	0.81717526591001	0.999994493201698
574	2.7868520852862	0.634736925275456	1.12394738119565	0.564739004596662	0.572251300048278	0.999994493201698
575	1.55321820125704	-0.0126217240610561	1.10328221563612	-0.0114401590836655	0.990872272796406	0.999994493201698
576	3.05134752951007	-0.505881528611054	1.12443101669163	-0.449900012629936	0.652782538483333	0.999994493201698
577	0.99709521726109	0.500435739781661	0.928184143382723	0.539155665768914	0.589779448409846	0.999994493201698
578	2.15547029366533	0.341559568545345	1.15821806973571	0.294900915009283	0.768069572937845	0.999994493201698
579	2.81325505285756	0.0981699850917569	1.16294227590792	0.0844151830451901	0.9327263360486	0.999994493201698
580	0.902544593445049	-0.579982215507869	1.09337031433385	-0.530453596466291	0.595797474093959	0.999994493201698
581	2.39503786490712	0.0889147237056518	1.14863157315713	0.0774092631471555	0.938297971970167	0.999994493201698
582	3.05576130245067	0.442905247626063	1.09709640125821	0.403706772821527	0.68642835856746	0.999994493201698
583	2.06561776428233	0.0878599675575979	1.16180524425597	0.0756236623926279	0.939718510500619	0.999994493201698
584	6.23546944868722	-0.39193891031577	0.790579212346771	-0.495761720261187	0.620062535497811	0.999994493201698
585	4.74369692299201	-0.0153415624799645	0.868339218972881	-0.0176677065192464	0.98590394308963	0.999994493201698
586	3.42830155797869	-0.174493735218571	1.06517647589356	-0.163816737571294	0.86987541500665	0.999994493201698
587	7.60553086391621	0.0793400050085074	0.73266956572551	0.108288932310083	0.913766501725422	0.999994493201698
588	3.13086590766907	0.0280190391436872	1.0624636656178	0.0263717622074114	0.978960816808039	0.999994493201698
589	0.820488309133913	0.074135590208769	1.09082795178983	0.067962679253981	0.945815343204296	0.999994493201698
590	5.46264518648305	-0.734298813102462	0.910126893206763	-0.806809268667159	0.419776378320696	0.999994493201698
591	1.97935648348428	-0.150458007629637	1.12468552739298	-0.133777846309091	0.893578245793409	0.999994493201698
592	2.00669214353259	-0.25805303631387	1.0755397866353	-0.239928861321958	0.810385406142327	0.999994493201698
593	5.71747055157807	-0.194186097544129	0.836079493196699	-0.232257936146323	0.81633768124402	0.999994493201698
594	1.61177557326559	-0.489126636705101	1.15733172360405	-0.422633050429059	0.672563009038359	0.999994493201698
595	3.60841578744207	-0.0331109019495168	1.07621047510675	-0.0307661955680485	0.975455999679223	0.999994493201698
596	0.900291008785346	0.228633728501892	1.01789218876358	0.224614876728359	0.822278890641159	0.999994493201698
597	1.06586399091325	-0.137844608121266	1.03020981178315	-0.133802460959556	0.893558781132551	0.999994493201698
598	11.5849865914515	0.357903590721128	0.738840977713913	0.484412209821572	0.62809335487778	0.999994493201698
599	6.29493858076735	0.0816728971434018	0.756464922922467	0.107966535748774	0.914022237603162	0.999994493201698
600	3.29284764121203	-0.204257502280179	1.07985098266552	-0.189153416127831	0.849972577040173	0.999994493201698
601	1.27364330683448	0.0526621055834709	1.05752445477994	0.0497975298305788	0.960283735152433	0.999994493201698
602	7.52819159601003	-0.229472930739512	0.922420575008222	-0.248772563141782	0.803536715446236	0.999994493201698
603	6.4952405576055	-0.176642129300993	0.920139762889492	-0.191973150629083	0.847763236931375	0.999994493201698
604	215.686944846822	-0.269059971951411	1.13703107828589	-0.236633788723723	0.812940904933708	0.999994493201698
605	0.872832599156638	0.579918656451145	1.01867688417628	0.569286164690071	0.56916195438187	0.999994493201698
606	2.78280656108678	0.168800253493987	1.16378160993935	0.145044613226689	0.884675647944374	0.999994493201698
607	0.927749418414054	-0.0673341703966232	1.0194409574741	-0.0660500933408241	0.947337943775961	0.999994493201698
608	1.81665083391804	0.307540579919697	1.15509091171915	0.266247943602964	0.790048261436218	0.999994493201698
609	6.29573903223585	-0.46821286901367	1.05970962601344	-0.441831288043551	0.658611295720926	0.999994493201698
610	3.74733820321329	0.0550881510166391	0.990381650572967	0.0556231539475402	0.955642018874232	0.999994493201698
611	5.56643671716108	0.152021586139738	0.834830601757233	0.182098722566888	0.855505251217051	0.999994493201698
612	1.03893330231322	0.403752910615094	1.10630369690479	0.364956667635398	0.715143752682594	0.999994493201698
613	5.70361859718332	-0.0683567953539569	0.822422429188482	-0.083116404572535	0.933758982017162	0.999994493201698
614	2.20519275028717	0.517713686197974	1.15125201116411	0.44969622739202	0.652929491975307	0.999994493201698
615	9.23971108509538	0.325722257534751	0.742264949579849	0.438822091382764	0.660790451837581	0.999994493201698
616	4.20971733603335	0.645674689495858	1.14392262230979	0.564439129800687	0.572455314998833	0.999994493201698
617	3.03569626607009	0.402833155639851	1.1173363165078	0.360529904638646	0.718450897449436	0.999994493201698
618	5.58286013015866	0.318076575949498	1.04368180695089	0.304763936509306	0.760545950128485	0.999994493201698
619	3.40104144296913	-0.0326653971023227	1.0622045909458	-0.0307524533227983	0.975466959218704	0.999994493201698
620	79.259659351178	-0.161823028185678	1.10037188988245	-0.147062124790342	0.883082984812372	0.999994493201698
621	1.95561207202091	-0.0181561403737308	1.16001455087715	-0.0156516488176825	0.98751230091984	0.999994493201698
622	2.42948257671113	0.146922463544747	1.12774783585957	0.130279534903973	0.896345270846879	0.999994493201698
623	7.40346836177828	0.314699582011044	0.787402906203759	0.399667793364237	0.689401216601396	0.999994493201698
624	2.36842612088208	0.105796844098219	1.16457846680254	0.0908456124804492	0.927615266350548	0.999994493201698
625	5.1698373048438	-0.00560581923936932	1.02507060745771	-0.0054687152266246	0.995636618302424	0.999994493201698
626	7.09322152701331	0.00283968284268816	1.14742928571125	0.00247482165397927	0.998025380027223	0.999994493201698
627	1.23224691593773	-0.0797290161266531	1.0649755277428	-0.0748646462286672	0.940322405810963	0.999994493201698
628	0.747514538994832	0.0779565186862294	0.925660442402039	0.0842171871187846	0.932883753388265	0.999994493201698
629	3.72074850977739	-0.468427941328238	1.14283060527557	-0.409883966325251	0.681891067617428	0.999994493201698
630	2.56661515256717	-0.411142564860863	1.15561779075538	-0.355777289126117	0.722007358374342	0.999994493201698
631	6.15139142678622	0.337233005066528	1.01974173804825	0.33070432687396	0.740867833666866	0.999994493201698
632	1.45436918457528	0.660091554728347	1.09727257299413	0.601574823771596	0.54745719157788	0.999994493201698
633	1.95762015751982	-0.447210334625753	1.165407541113	-0.383737292620102	0.70117316929675	0.999994493201698
634	7.14447472290344	-0.294545418692063	0.748253237276086	-0.393644028543486	0.693843870251419	0.999994493201698
635	1.4839584292833	-0.0655890250367596	1.09627027650951	-0.059829246894838	0.952291631640398	0.999994493201698
636	16.4434849473707	-0.319729650615443	0.740949745098836	-0.431513274321721	0.666095202778018	0.999994493201698
637	1.48182759420399	0.380287931778613	1.09751766818283	0.346498232149883	0.728968312565486	0.999994493201698
638	15.1664455073483	-0.0619788745124821	0.669977811431145	-0.0925088464946153	0.926293762876076	0.999994493201698
639	3.09597950170968	0.300988212242668	1.16259231790627	0.258894031559336	0.795717003359377	0.999994493201698
640	0.277039087894966	0.562812376188821	0.903539770709438	0.622897181102404	0.533352090572527	0.999994493201698
641	0.858575673313606	0.444619619445601	0.926397477953201	0.479944764560404	0.631266669544097	0.999994493201698
642	3.10430556743476	0.323870429663332	1.14981236621315	0.281672418196357	0.778194705576211	0.999994493201698
643	0.556736731897918	0.184459555641216	0.956853680241898	0.192777181558819	0.847133474750521	0.999994493201698
644	2.668311550846	0.00649839460740608	1.09115204016471	0.00595553540496989	0.995248198338878	0.999994493201698
645	0.77497294862354	-0.188968214503603	0.925927986182131	-0.204085217558628	0.838286905911085	0.999994493201698
646	0.48420465591422	-0.462848967905216	0.915760063859612	-0.505426023880609	0.613259644443648	0.999994493201698
647	1.80675837684942	0.43999333904812	1.15931252122552	0.379529532367163	0.704294678132158	0.999994493201698
648	2.33381983716603	0.738230704040167	1.1235148595496	0.657072487974137	0.511134308052235	0.999994493201698
649	5.24564168483746	0.412292996026304	0.983476659388913	0.419219909379937	0.675055422974954	0.999994493201698
650	3.11742102434715	-0.260566449057069	1.14972820260247	-0.22663308464319	0.820709063765942	0.999994493201698
651	3.56504593412896	0.317070099710733	0.985270732353554	0.321810127205682	0.747596541704573	0.999994493201698
652	5.27327531846916	-0.412469690418339	0.848001536130801	-0.486402055708915	0.626682133335789	0.999994493201698
653	7.03165310187109	-0.22266669647661	0.865932288389392	-0.25714100220326	0.79706992625563	0.999994493201698
654	1.92697547075445	0.0179341374913247	1.13389710423029	0.0158163711896052	0.987380887749881	0.999994493201698
655	1.89636750669618	-0.0970156795012695	1.1187592958767	-0.0867172052637515	0.930896300113219	0.999994493201698
656	2.51807088758308	-0.389073533178807	1.12945991037296	-0.344477506112042	0.730487209598339	0.999994493201698
657	7.23807480290247	0.0877595570436459	0.822924201306737	0.10664354858478	0.915071768786201	0.999994493201698
658	1.1350010133066	-0.0143614569748769	0.947683310507088	-0.0151542786663536	0.987909097807421	0.999994493201698
659	3.86581266174479	0.0322827431143298	1.13554854583476	0.0284292056317136	0.977319830885081	0.999994493201698
660	2.76237117634047	0.151327291788398	1.09539752013557	0.138148287728157	0.890123223520953	0.999994493201698
661	1.62247797323078	0.0381718634643526	1.10989505322699	0.0343923178622779	0.97256430930738	0.999994493201698
662	1.82698498514205	-0.0870485144694387	1.05418500902259	-0.0825742291195615	0.93419009346009	0.999994493201698
663	0.664525562206736	0.168677151665322	0.923602448544678	0.182629606418981	0.855088652456034	0.999994493201698
664	2.68265450356233	0.603797870409744	1.08758129470622	0.555174931151094	0.578775014122882	0.999994493201698
665	0.138519543947483	0.395398105903997	0.89763237952822	0.440490021217607	0.659582238041294	0.999994493201698
666	2.39572295859874	0.39999229653373	1.13110987173498	0.35362815454894	0.72361757175944	0.999994493201698
667	3.3960244039611	-0.263488197375295	1.02945548617251	-0.255949092422577	0.797990146528872	0.999994493201698
668	2.82935849228746	0.194477913968252	1.08366339585074	0.179463396764062	0.857573855851542	0.999994493201698
669	2.03346126022058	-0.365906336525339	1.14386929468444	-0.31988474402251	0.749055703231973	0.999994493201698
670	3.377683131587	-0.22980875462119	1.02710118717154	-0.223744999510754	0.82295572892157	0.999994493201698
671	9.26883240209796	-0.133399109834704	1.16305547460004	-0.114697116988833	0.908685199157663	0.999994493201698
672	3.10372117273439	1.0673585599307	1.13117205335242	0.9435863949851	0.34538104726592	0.999994493201698
673	3.27477073936576	0.239020803178246	1.0540476873657	0.226764695794374	0.820606717256848	0.999994493201698
674	5.54450839545113	-0.119551909670963	0.930976069911545	-0.128415663446991	0.897820036145216	0.999994493201698
675	4.6828880659483	0.0318242726252532	1.04820903829972	0.0303606165015279	0.975779453844291	0.999994493201698
676	4.00628361751949	0.367563555268751	0.978138863336781	0.375778500421567	0.707081572522962	0.999994493201698
677	4.34134187455979	-0.259187501153091	1.08198943641637	-0.23954716416783	0.810681329054393	0.999994493201698
678	0.761243743809186	-0.056501305794818	0.925933038795207	-0.0610209415017047	0.951342531224916	0.999994493201698
679	2.86126949718842	0.540045719078655	1.14166441449113	0.473033679795797	0.63618915083036	0.999994493201698
680	1.5517378367868	0.690506421623252	1.15228687404093	0.599248708962319	0.549007045636185	0.999994493201698
681	3.1853210818065	0.840292471342059	1.05223078902715	0.798581908175261	0.424532881564967	0.999994493201698
682	2.2538943879342	0.573259495779006	1.12684072827962	0.508731608107758	0.610940363789577	0.999994493201698
683	1.55545183495214	0.685247061988797	1.16528977603221	0.588048634840039	0.556499648778109	0.999994493201698
684	3.642210028637	-0.0855625769640566	1.02552942502631	-0.0834325908901752	0.933507575058642	0.999994493201698
685	2.79216919750217	-0.0489312465050208	1.09504308637433	-0.0446843116164782	0.964358938723741	0.999994493201698
686	1.1419873154819	0.346294109009104	1.13530883237029	0.305021945690419	0.760349438037318	0.999994493201698
687	0.930494001395334	0.177633863462975	1.02034143050093	0.1740925715187	0.86179271112426	0.999994493201698
688	1.20777858845109	0.472836873874657	1.11650982046633	0.423495490328216	0.671933788131814	0.999994493201698
689	1.34649432739317	0.0909065573187087	1.14733992763271	0.0792324533726244	0.936847731666999	0.999994493201698
690	10.2151979958534	-0.290846811653031	0.661901341677243	-0.439411122684888	0.660363668590972	0.999994493201698
691	5.02043593767904	0.735620302343408	0.945445437630384	0.778067430508871	0.436529262095487	0.999994493201698
692	0.767174603927129	-0.0648858726421387	0.999205666769771	-0.0649374546202301	0.948223799039404	0.999994493201698
693	1.71204828074589	0.0912928360684591	1.16396101031669	0.0784328987477171	0.93748370471129	0.999994493201698
694	0.913492492571023	-0.0585187495674296	0.928506593462614	-0.0630245923717136	0.949746921365118	0.999994493201698
695	1.30437402047314	0.186910031492238	1.12712592354488	0.165828881749428	0.868291616448007	0.999994493201698
696	2.10463782093898	0.530468048857951	1.08761238250345	0.487736308809694	0.625736630075962	0.999994493201698
697	2.47128393905616	0.502869886280245	1.12576031156614	0.446693564441493	0.655096329103967	0.999994493201698
698	3.82474779688212	-0.489060381353259	1.10035538777968	-0.444456751686468	0.656712390327007	0.999994493201698
699	5.04933807826196	-0.546550832986657	0.848766843910247	-0.643935183034143	0.519617465895538	0.999994493201698
700	3.6330928913824	0.0654904671013384	1.09444440519119	0.0598390076194851	0.952283857637306	0.999994493201698
701	6.27741145053891	-0.0297320325278247	0.917487993395717	-0.032405909114716	0.974148350172374	0.999994493201698
702	3.0078328849931	0.489373552719532	1.13139692555005	0.432539227982801	0.665349547700344	0.999994493201698
703	5.15304457247318	0.146175414367639	1.07662001755879	0.135772521394399	0.892001114622422	0.999994493201698
704	2.95916587042862	0.651655861189837	1.07483806047091	0.60628283008915	0.544326958154525	0.999994493201698
705	13.1333315248773	0.0182263121737576	0.757177564284815	0.0240713843535144	0.980795668684313	0.999994493201698
706	1.4412044234967	0.391008697368204	1.14563348137587	0.341303482941696	0.7328751261581	0.999994493201698
707	0.872304878127961	0.302929781909468	0.927343778841544	0.326663950113402	0.743922069284692	0.999994493201698
708	5.73489800284226	-0.0526100841053393	0.849693235815146	-0.0619165622224453	0.950629278057472	0.999994493201698
709	5.36187933045176	0.384339685101022	1.02673577392865	0.374331639025689	0.708157595779693	0.999994493201698
710	2.32606031480127	0.209985967759887	1.15377516478441	0.181999036007265	0.855583482422092	0.999994493201698
711	4.46832912468092	0.551696529381208	1.00395896960805	0.549520992473024	0.582647962222016	0.999994493201698
712	2.54783218603769	-0.0111081258061304	1.16524871880389	-0.00953283674710466	0.992394011938003	0.999994493201698
713	2.7294068290067	-0.281870589391264	1.16326491864062	-0.242309885628336	0.808540054364764	0.999994493201698
714	2.99283946166771	-0.0702219054126204	1.16148157599806	-0.0604589059902037	0.951790144216362	0.999994493201698
715	1.80295835181079	-0.244527949019265	1.16469635445194	-0.209949956556986	0.833706731334656	0.999994493201698
716	2.4717434845516	-0.228482295482543	1.13206247489336	-0.201828344768751	0.840050921597593	0.999994493201698
717	4.78386791770937	-0.63537259240134	1.04090166708782	-0.610405970603307	0.541592914022366	0.999994493201698
718	1.80190081012889	0.33056615507289	1.16386785602609	0.284023786172406	0.776392152226754	0.999994493201698
719	0.983279985573442	0.139820912493375	1.03009425518274	0.13573603754209	0.892029957520495	0.999994493201698
720	8.59518340376298	-0.0648903992812204	0.695774255640982	-0.0932635819091066	0.925694163369757	0.999994493201698
721	3.19493131700723	0.668480026813489	1.04352114349653	0.64060036634582	0.521782361498087	0.999994493201698
722	11.0053720646584	0.241659044924955	0.680989203232322	0.354864722932343	0.722690937717001	0.999994493201698
723	2.68624575214728	0.512233353620368	1.10777073530692	0.462400149502457	0.643794392130762	0.999994493201698
724	14.5609389622701	-0.282313967480608	0.654620751296753	-0.431263394753933	0.66627686331619	0.999994493201698
725	4.5401268028068	-0.0302247968116265	0.976886204009447	-0.0309399361845571	0.975317440687558	0.999994493201698
726	5.84780775037245	0.286924979609793	0.863630855293938	0.332231042755111	0.73971480501206	0.999994493201698
727	3.28253236135507	0.556235758731792	1.14052568371884	0.487701212407694	0.62576149287	0.999994493201698
728	0.432474113793466	0.0154093697046367	1.03053523039625	0.0149527830297579	0.988069849849713	0.999994493201698
729	5.51340733344673	-0.215668716105218	0.803968900825012	-0.268255048029724	0.78850300494514	0.999994493201698
730	5.37300455320528	0.0493161558069889	0.934307312108306	0.0527836560496404	0.95790428392869	0.999994493201698
731	7.4160015742197	-0.414010441869805	0.939904276983605	-0.440481495837503	0.659588411396013	0.999994493201698
732	12.4520384005407	-0.14733285633698	0.748873355010153	-0.196739348985093	0.844031515796675	0.999994493201698
733	1.89216041058472	-0.0224465756856961	1.16435855583634	-0.0192780613610668	0.984619285174527	0.999994493201698
734	3.9221877948833	-0.164493296909173	0.971870980584517	-0.169254253080219	0.865596657511365	0.999994493201698
735	2.4955560715482	0.414796737090193	1.14890877055135	0.361035399608915	0.71807298420188	0.999994493201698
736	1.34543888533581	-0.180145328061043	1.08127073968037	-0.166605200205727	0.867680701719791	0.999994493201698
737	4.11743604859252	-0.560934397204631	0.943486010843499	-0.594533878359407	0.552155090024895	0.999994493201698
738	5.72894617173272	0.0694644428976215	0.816833407024141	0.0850411384993323	0.932228685356422	0.999994493201698
739	1.65611274213822	-0.389179265459387	1.1586561402751	-0.335888493515414	0.736954954326043	0.999994493201698
740	1.30159271478476	0.418334117783018	0.980290260599123	0.426745153550078	0.669564958493378	0.999994493201698
741	5.66095481751912	0.151248816467632	0.965770552790424	0.156609472126298	0.875552636991317	0.999994493201698
742	7.2614331142846	0.161087198705665	0.964942473608391	0.166939691340647	0.867417502168343	0.999994493201698
743	6.20227320367876	0.301053779362771	0.887109870127862	0.339364704982236	0.734335003935213	0.999994493201698
744	3.2842582249861	0.0768084488343562	1.12289461467447	0.0684021882646782	0.945465479928956	0.999994493201698
745	0.886034082942315	0.175360474598416	0.927955204667104	0.188975150649998	0.850112292773497	0.999994493201698
746	1.88696604794914	0.793477277710378	1.16075818894251	0.683585336953999	0.494237046399554	0.999994493201698
747	4.43133392526568	0.0739702826554168	0.935143593491749	0.0791004538449735	0.936952722529978	0.999994493201698
748	1.22509904185039	0.224083052474501	1.16128744348467	0.192960884690267	0.846989601824378	0.999994493201698
749	4.29765517629623	-0.251067023207751	1.04165189261147	-0.241027760798587	0.809533600677501	0.999994493201698
750	0.874963434235947	-0.0333687781076612	1.01290153343952	-0.0329437531744578	0.973719441728167	0.999994493201698
751	0.99709521726109	0.500435739781661	0.928184143382723	0.539155665768914	0.589779448409846	0.999994493201698
752	1.2179899900947	-0.0662413473018694	0.962655230595003	-0.068811081264189	0.945139997423937	0.999994493201698
753	2.0765656634083	0.22733790067297	1.08274213740933	0.209964951781521	0.833695027700946	0.999994493201698
754	1.45650001965459	0.16669492504727	1.09291086938933	0.15252380566076	0.87877381588943	0.999994493201698
755	9.00324059386055	0.277856226307974	0.806996769635225	0.344308969704512	0.73061393937668	0.999994493201698
756	1.96089246152978	-0.0928623980988188	1.16524706571943	-0.0796933121144444	0.936481178696029	0.999994493201698
757	5.08542253763262	-0.138727804881013	0.899916179972335	-0.154156362523983	0.877486448484524	0.999994493201698
758	1.10766535325829	0.210853977148307	1.03648512542837	0.203431744436431	0.838797590049283	0.999994493201698
759	1.80350392417952	-0.319383387576911	1.16502291772492	-0.274143437624908	0.783974393622783	0.999994493201698
760	2.73412067515525	-0.164841080678063	1.11575920581287	-0.147738938490739	0.882548800346343	0.999994493201698
761	6.96849941401829	-0.935094002500617	0.776084197571729	-1.20488731174583	0.228246807477499	0.999994493201698
762	1.90217561723373	-0.0577860488746987	1.14070916978631	-0.0506580032888874	0.959598042174854	0.999994493201698
763	2.47769531566113	-0.303287388294207	1.15800944620218	-0.26190407106684	0.793395400890539	0.999994493201698
764	3.58483294789074	-0.20792200151474	1.16540057012357	-0.178412476229262	0.858399051880639	0.999994493201698
765	3.19011047299379	0.108641568899414	1.04713238783149	0.103751512379825	0.917366546232977	0.999994493201698
766	11.6441661514994	-0.0247736885373537	0.788262025664271	-0.0314282405225303	0.974928019590983	0.999994493201698
767	3.1208160779375	-0.0495858322097927	1.11452751805275	-0.0444904512509722	0.964513463239682	0.999994493201698
768	4.85847415510068	0.262020997361799	0.970439149840483	0.270002500831576	0.787158329651512	0.999994493201698
769	2.51206658205094	-0.131915280242758	1.13538547195844	-0.11618545727489	0.907505562105759	0.999994493201698
770	1.2455711493038	-0.415378635105876	1.05627714433893	-0.393247773401212	0.694136487988549	0.999994493201698
771	7.36559504393324	-0.212924852103318	0.718373548073203	-0.296398513940857	0.766925760074534	0.999994493201698
772	4.23142010954711	-0.151107765683942	0.914869655183876	-0.165168627932655	0.868811257372237	0.999994493201698
773	2.20507000070677	0.492205104556008	1.16351463090517	0.423033016931718	0.672271172001086	0.999994493201698
774	2.7719814115412	-0.0528674886683431	1.14032616781665	-0.0463617254084126	0.963021942390623	0.999994493201698
775	1.19371785760265	-0.0562902308252598	1.12990821192924	-0.0498184102309943	0.960267095656038	0.999994493201698
776	2.48423992368105	0.23905205838996	1.15832919265764	0.206376615477925	0.836496735799612	0.999994493201698
777	2.39769642101511	-0.209409941079668	1.16541585541592	-0.179686881816906	0.857398392611209	0.999994493201698
778	1.57866852538683	0.182058842356919	1.14523713722157	0.158970431921731	0.873692169462456	0.999994493201698
779	20.3173183644252	-0.0631604364167732	1.02598141643586	-0.0615609945803744	0.950912439812792	0.999994493201698
780	0.304497497523674	-0.0431887436667238	0.908039688221683	-0.0475626167302282	0.962064825819556	0.999994493201698
781	1.64780554778018	0.234841691668806	1.11273627991731	0.211048831522108	0.832849167363442	0.999994493201698
782	2.35168796255861	-0.497873809097598	1.12184516418138	-0.443799041965742	0.657187881119803	0.999994493201698
783	3.21026363587221	0.00724713892264332	1.06191216506837	0.0068246123936029	0.994554789406464	0.999994493201698
784	2.16221319630439	-0.0436937571965031	1.14705648823093	-0.0380920710050563	0.969614273145055	0.999994493201698
785	3.08151169978841	-0.247442986351863	1.04068688119771	-0.237768910920724	0.81206033271632	0.999994493201698
786	3.74146401676705	-0.436773636307812	1.03921524736308	-0.420291789805901	0.674272306911848	0.999994493201698
787	2.88214447646557	0.152992936838313	1.06160605345851	0.144114604791382	0.885409972156311	0.999994493201698
788	2.61381965400147	-0.227881800674629	1.16541974354926	-0.19553624514771	0.844973165743584	0.999994493201698
789	2.17958295386988	0.0323057041829741	1.16541920921605	0.0277202434347254	0.97788527798058	0.999994493201698
790	1.77336910710277	0.710947438102081	1.16146023521591	0.612115177554848	0.540461556432797	0.999994493201698
791	3.28880211701261	-0.418114283543211	1.15792179475574	-0.361090261394908	0.718031973112456	0.999994493201698
792	2.64666125175485	0.299710293021376	1.11367860386464	0.269117402436696	0.78783933908115	0.999994493201698
793	3.38453093246639	0.343767486646231	1.1075295378716	0.310391258103029	0.756263441122167	0.999994493201698
794	1.6093992390255	0.339999863853489	1.16524534491858	0.291783928025258	0.77045183436069	0.999994493201698
795	5.0982642826644	-0.0659460574708087	0.870071698921292	-0.0757938196962021	0.939583133150698	0.999994493201698
796	1.38396794367089	-0.164625671442022	0.991424755762616	-0.166049587207846	0.86811792685187	0.999994493201698
797	1.49768763409765	-0.181249271634153	1.09817972815353	-0.165045180663556	0.868908420626346	0.999994493201698
798	4.81929252653198	0.157964900341401	0.852683104361581	0.185256280479103	0.853028027535358	0.999994493201698
799	2.70300386143535	0.0872483535247067	1.15220883686055	0.0757226908295848	0.939639723148096	0.999994493201698
800	2.23147296827813	0.000592708276902184	1.15004939243916	0.000515376366266408	0.999588789172557	0.999994493201698
801	2.53213161843152	-0.0653774534691913	1.10843956994654	-0.0589815225311238	0.952966825370881	0.999994493201698
802	3.61029902373604	-0.593422260461214	0.985415287969056	-0.602205250625104	0.547037521042631	0.999994493201698
803	1.54994589724708	-0.258208833468748	1.01749282156031	-0.253769685640423	0.799673494296994	0.999994493201698
804	1.55108736617773	0.428406274868031	1.10479840116675	0.387768731757399	0.698187186923492	0.999994493201698
805	1.06839979744085	-0.471851382067952	1.04698257762175	-0.450677396313295	0.652222075780259	0.999994493201698
806	5.88995951011862	0.568545497170978	0.971378516001479	0.585297582564728	0.558347640061384	0.999994493201698
807	4.29774120316953	0.120585808819973	1.07018854573073	0.11267716263739	0.910286507500746	0.999994493201698
808	2.5244560233155	0.0335858722727463	1.13035306822524	0.0297127271264713	0.976296161624836	0.999994493201698
809	8.97071164180852	0.0200326538482065	0.869056675336244	0.0230510327079136	0.981609565532774	0.999994493201698
810	4.06485986089509	0.590798091322517	0.991642387567961	0.595777367657176	0.551323965066539	0.999994493201698
811	0.608994995047349	-0.0538793284577328	0.922266213845389	-0.0584205814426215	0.95341362114809	0.999994493201698
812	5.58540958877721	-0.184911816551823	0.90912969397497	-0.203394320719342	0.838826838449144	0.999994493201698
813	4.07941895957061	-0.0509852793536846	1.02679961866709	-0.0496545561828993	0.960397670668309	0.999994493201698
814	2.13221898014809	0.390393266063166	1.13487608483916	0.343996380995636	0.730849007746936	0.999994493201698
815	1.19371785760265	-0.0562902308252598	1.12990821192924	-0.0498184102309943	0.960267095656038	0.999994493201698
816	1.23224691593773	-0.0797290161266531	1.0649755277428	-0.0748646462286672	0.940322405810963	0.999994493201698
817	1.89951706112574	0.225260127024176	1.1319445509654	0.199002792877142	0.84226055988953	0.999994493201698
818	1.54860613369729	-0.107650634467731	1.1593368995469	-0.0928553507697407	0.926018477356166	0.999994493201698
819	4.72972011939232	0.0026410392165663	0.966372897967713	0.00273294007118827	0.997819432026029	0.999994493201698
820	1.68899316222324	-0.0966658751397402	1.11530737154072	-0.0866719593238259	0.930932265737914	0.999994493201698
821	3.36381542547674	0.0891566567472745	0.939215601705358	0.0949267203242689	0.92437303260039	0.999994493201698
822	7.99481137739225	0.469666110709788	0.82635800425043	0.568356702898777	0.569792783749908	0.999994493201698
823	3.87584464013631	0.31185377267111	0.98239975147589	0.317440809815558	0.750909145437349	0.999994493201698
824	6.07413818575333	-0.177116161030875	0.878505088352029	-0.201610853914487	0.840220959275522	0.999994493201698
825	24.5597891300749	-0.00613109117919187	0.929096925092463	-0.00659897908776494	0.99473481468226	0.999994493201698
826	1.63346259506385	-0.261948544751264	1.11000699137538	-0.235988193575871	0.813441831637166	0.999994493201698
827	0.747514538994832	0.0779565186862294	0.925660442402039	0.0842171871187846	0.932883753388265	0.999994493201698
828	3.20061877758893	0.0533079600607679	1.15836683013867	0.0460199296749426	0.963294365153323	0.999994493201698
829	6.84233052758993	-0.425870694365114	0.747239534002446	-0.569925271598009	0.568728383608077	0.999994493201698
830	2.60653117899369	0.21334814187239	1.13357271361665	0.188208607449368	0.850713125297181	0.999994493201698
831	1.88783266451741	-0.564965107138479	1.14228183881632	-0.494593442651524	0.620887131853269	0.999994493201698
832	3.88122992788552	0.414848814537	1.04896523148194	0.395483855981494	0.692485833679442	0.999994493201698
833	10.4181490982557	-0.154986117451085	0.754534054953047	-0.205406391446082	0.837254627090536	0.999994493201698
834	39.0319026645222	-0.0106906961228837	1.0255868003459	-0.0104239798321098	0.991683018049762	0.999994493201698
835	13.4108080570737	0.264696915036422	0.82522253122975	0.320758225835121	0.748393618858594	0.999994493201698
836	11.8023782928028	-0.388377480402865	0.870605822635732	-0.446100256057402	0.655524827861868	0.999994493201698
837	0.723242406502787	0.195311057964004	1.07695010170248	0.181355717089631	0.856088375096752	0.999994493201698
838	5.66060334052043	0.440185356585462	0.883706359622781	0.498112695232112	0.618404613013538	0.999994493201698
839	0.872427627708355	0.359934064846477	1.00460465193085	0.358284290396907	0.720130573288093	0.999994493201698
840	1.28724976206844	-0.021906821793362	0.974817056809297	-0.0224727518259332	0.982070847402478	0.999994493201698
841	0.622846949442097	-0.374757829740998	0.961998963637591	-0.389561573251526	0.696860771648604	0.999994493201698
842	3.69915068510884	-1.33672969840448	1.02475455629389	-1.30443889241037	0.192083981817828	0.999994493201698
843	4.66600510745529	0.244440968042708	0.923715268586205	0.264628047576649	0.791296011333281	0.999994493201698
844	3.77713832399954	0.0215662595872479	1.11826711136696	0.019285427755168	0.984613408734895	0.999994493201698
845	0.0692597719737415	0.240195307785242	0.894972942750804	0.268382759200489	0.788404709040391	0.999994493201698
846	3.34114430741078	-0.410496936649667	1.01556862580375	-0.404204035276087	0.686062686617898	0.999994493201698
847	46.6374316312334	-0.289788755253101	1.15674463756752	-0.250520941132252	0.802184512231553	0.999994493201698
848	13.1322404307447	-0.252251429249147	0.977012144338413	-0.258186585203564	0.796262910498699	0.999994493201698
849	5.06771598415208	0.155450236851431	1.09669240603059	0.141744609515509	0.887281737357815	0.999994493201698
850	5.30858029736292	0.607588073409334	0.877935614089571	0.692064501836401	0.488896823074988	0.999994493201698
851	0.304497497523674	-0.0431887436667238	0.908039688221683	-0.0475626167302282	0.962064825819556	0.999994493201698
852	1.63726262010249	0.199221116072078	1.16078104148629	0.171626783133011	0.863730949982706	0.999994493201698
853	3.8128346728555	-0.031521529299108	0.977059881544988	-0.032261614558633	0.974263420403695	0.999994493201698
854	2.45025265774793	-0.65186469761156	1.13789693291739	-0.572867962602095	0.566734098134548	0.999994493201698
855	48.8382052374893	-0.151221643309555	1.08475373421611	-0.13940642796573	0.889128993178361	0.999994493201698
856	8.86924396198228	0.0399931077560577	0.992186972487771	0.0403080355467483	0.967847547547054	0.999994493201698
857	6.0391836042607	-0.36368466384135	0.81605209405432	-0.445663538505841	0.655840306180467	0.999994493201698
858	2.68647447956556	0.0514128598970321	1.15736766094205	0.0444222364526619	0.964567837016249	0.999994493201698
859	2.73586541015332	-0.223266725820142	1.14433193530727	-0.195106611055289	0.845309487163092	0.999994493201698
860	5.12162456589379	0.341817491063279	0.946824663162483	0.361014562000927	0.718088561250045	0.999994493201698
861	4.15893943735416	-0.107745990764138	1.12156914720111	-0.0960671850086278	0.923467213302349	0.999994493201698
862	0.503864720846517	-0.703853087402257	0.913619612718032	-0.770400588608517	0.441062304375585	0.999994493201698
863	3.59755391518939	0.190799485297184	1.12409416672198	0.169736211560978	0.865217594559234	0.999994493201698
864	1.21390564356363	-0.0517880546477741	1.14342100775054	-0.0452922014697429	0.963874403386799	0.999994493201698
865	2.87003725706889	0.185554927953295	1.13543547630573	0.163421816409171	0.870186326773034	0.999994493201698
866	6.19406988753406	0.296150321272127	0.872713675988542	0.339344196636625	0.734350451630688	0.999994493201698
867	6.04567465826046	0.992479520692008	0.771857538030503	1.28583251674195	0.198501519280596	0.999994493201698
868	1.81943213960642	-0.104668865699262	1.16116338683509	-0.0901413762145492	0.928174869569732	0.999994493201698
869	1.60600418543514	-0.0384288848959924	1.10778544483985	-0.0346898265137868	0.972327073312163	0.999994493201698
870	2.51169833330976	0.0211694063090653	1.15750478156013	0.0182888283887106	0.985408439631886	0.999994493201698
871	1.67526395740889	0.0122510712092971	1.1143445660049	0.0109939704316226	0.991228257433973	0.999994493201698
872	11.0506461252571	0.142597412521904	0.777053973886033	0.183510305994288	0.85439763307217	0.999994493201698
873	6.48339663810479	0.344848273881592	1.01422449653818	0.340011777529187	0.733847658590875	0.999994493201698
874	1.69884679696021	0.444608081601269	1.16338729860915	0.382166869221285	0.702337594613892	0.999994493201698
875	4.85406038216007	-0.407833967341639	1.01392572190298	-0.402232588178352	0.687512861052253	0.999994493201698
876	2.01008719712294	-0.0858870509483048	1.16077230414762	-0.0739912992767118	0.941017308455531	0.999994493201698
877	3.2036823051452	-0.0615581184053137	1.1344216276572	-0.0542638794117874	0.956724927186354	0.999994493201698
878	4.57089423915257	-0.370235833033092	1.08766617978908	-0.340394727640504	0.733559288631061	0.999994493201698
879	2.47954182924801	-0.36003323131392	1.12864950283283	-0.318994719273133	0.749730517177936	0.999994493201698
880	29.1588185156888	0.193813266620313	1.09503643489384	0.176992527777491	0.859514258889413	0.999994493201698
881	0.77497294862354	-0.188968214503603	0.925927986182131	-0.204085217558628	0.838286905911085	0.999994493201698
882	9.05690894632243	-0.434681094529128	0.716544063833596	-0.606635539206804	0.544092809553555	0.999994493201698
883	5.43388368540678	0.535759308430221	1.01370237457058	0.5285173655208	0.597140297436447	0.999994493201698
884	2.37657384295262	0.219981612259623	1.14116872207178	0.192768701073623	0.847140116634191	0.999994493201698
885	8.95397768273414	-0.0414154686617382	0.739026244084514	-0.0560405925949795	0.955309469739659	0.999994493201698
886	1.90016753173482	0.425521632550374	1.16409827513545	0.365537550943336	0.714710181581339	0.999994493201698
887	2.33848647877293	-0.21447029256908	1.11755315982518	-0.191910595646859	0.847812237587654	0.999994493201698
888	3.4858769333441	-0.04600944337523	0.99546149981984	-0.0462192092648052	0.963135532055573	0.999994493201698
889	2.53698918515206	-0.0892279936217825	1.14534505131367	-0.077904901688309	0.937903700280499	0.999994493201698
890	6.31057615353016	-0.495177717045597	0.761389042745347	-0.650360970864685	0.515459081744912	0.999994493201698
891	2.73332960362573	0.0254179430969414	1.13119268308443	0.0224700384620895	0.982073011807055	0.999994493201698
892	0.138519543947483	0.395398105903997	0.89763237952822	0.440490021217607	0.659582238041294	0.999994493201698
893	3.04048565725739	-0.285426323845562	1.10571875014975	-0.25813645993333	0.796301593885963	0.999994493201698
894	1.47619680729398	-0.873262562797531	1.1652510152276	-0.749420126123607	0.453604024149324	0.999994493201698
895	7.34649630308517	-0.388772143982378	0.884664095718082	-0.439457355468701	0.660330175252254	0.999994493201698
896	1.29076756523918	0.342450167284565	1.12759542188249	0.303699501291744	0.76135683798008	0.999994493201698
897	1.46822113897003	0.602166361508184	1.14110083863356	0.527706527872914	0.597703041741561	0.999994493201698
898	3.1783347796312	0.561169894536222	1.08515687881004	0.517132504520073	0.605063664558008	0.999994493201698
899	3.39826013728075	0.249835766968764	1.10711115584392	0.225664573651886	0.821462313477727	0.999994493201698
900	6.00172358946907	0.251801440412963	0.914825362221012	0.275245364647128	0.783127736449977	0.999994493201698
901	2.08188277562428	-0.271984932100983	1.1510803375651	-0.23628666325438	0.813210235156592	0.999994493201698
902	4.33040766611098	0.117124894297205	1.08689353812756	0.107761146964753	0.914185163590444	0.999994493201698
903	3.45384317886274	-0.467150088946799	1.05394557389359	-0.44323929102051	0.657592662028879	0.999994493201698
904	24.6099900541641	-0.0576466788304234	0.926958986018671	-0.0621890285329865	0.950412299541265	0.999994493201698
905	3.35380021882773	0.264822411846728	1.12873881120919	0.234617972924162	0.814505258506847	0.999994493201698
906	2.37423423141963	0.157752363052123	1.14861542709981	0.137341323588556	0.890761008393169	0.999994493201698
907	2.43840351897114	0.284719653571098	1.16540297648042	0.244310044951976	0.806990704408155	0.999994493201698
908	8.80501382676386	-0.177683723713382	0.985575069308507	-0.180284312424874	0.856929370756846	0.999994493201698
909	16.2239886355244	0.33734264803728	0.951873563093569	0.35439858938925	0.723040191559387	0.999994493201698
910	8.18588715807256	-0.0086473581895165	0.707475551018647	-0.0122228367850532	0.990247830065954	0.999994493201698
911	1.79556497856266	0.170089459835471	1.15818801686997	0.146858245257227	0.883243909953214	0.999994493201698
912	22.2825375013904	-0.0519319389719122	0.962281221085808	-0.0539675282380693	0.956961035236019	0.999994493201698
913	4.45426629420793	0.245497472749024	0.886360699678066	0.276972425377379	0.781801279506515	0.999994493201698
914	1.02721218299778	-0.0426463779497383	1.03699500951594	-0.0411249596752113	0.967196276488892	0.999994493201698
915	2.78555114406806	0.314813034470368	1.16381445237159	0.270501052662518	0.786774807191816	0.999994493201698
916	7.86055350360338	0.0433697590854346	0.833534049930119	0.0520311786771885	0.958503850061385	0.999994493201698
917	3.20102374903721	0.178839914100235	1.14739341384766	0.155866254714253	0.876138444999978	0.999994493201698
918	0.138519543947483	0.395398105903997	0.89763237952822	0.440490021217607	0.659582238041294	0.999994493201698
919	3.51900285258991	0.0180686866599241	0.986909779700449	0.0183083469548841	0.985392868676382	0.999994493201698
920	4.71914466825663	-0.00978554726031585	0.989143468455222	-0.0098929503882771	0.992106696378167	0.999994493201698
921	9.17615344582129	0.152619043004666	0.689430882841075	0.221369606153612	0.824804656151543	0.999994493201698
922	6.01235781390101	-0.0638069051090741	0.834186637418869	-0.0764899630932769	0.939029298873779	0.999994493201698
923	1.4734155016056	-0.182253751774104	1.15492996719273	-0.157805024504738	0.874610439287945	0.999994493201698
924	4.0189238278258	-0.452146159056578	1.00899305139665	-0.448116226797315	0.654069317711088	0.999994493201698
925	2.13148248266572	-0.0965450909692948	1.0877843740917	-0.0887538865870451	0.929277506168022	0.999994493201698
926	1.66480705660449	0.529431930228392	1.15744560036297	0.457414093640655	0.647373436179005	0.999994493201698
927	2.45588554428248	-0.367993439977664	1.16358837707457	-0.316257404446452	0.751807139434656	0.999994493201698
928	0.792502178476528	0.280351944276443	1.08585517659061	0.258185391864778	0.796263831433282	0.999994493201698
929	6.01800645215107	-0.204519860742946	0.91206868061754	-0.224237346473152	0.822572624998858	0.999994493201698
930	9.88653326407799	0.102706659424409	0.674094167006827	0.152362480572197	0.878901047700052	0.999994493201698
931	3.03875979362636	0.250144401575185	1.11223160441308	0.224903159182556	0.82205461158134	0.999994493201698
932	2.18701304982511	0.0197911413214365	1.09297738248913	0.0181075488281051	0.985553055845731	0.999994493201698
933	4.42892194791604	-0.143868658183856	0.99330362734121	-0.144838551097363	0.88483834376666	0.999994493201698
934	0.443017041471157	0.156043573514936	0.916230155050019	0.170310453825237	0.864765990402077	0.999994493201698
935	2.54202407550014	-0.0510129689380304	1.16186523491273	-0.0439060980612455	0.964979254440298	0.999994493201698
936	3.6409772629521	0.151277104505046	0.99284099274772	0.152367907459564	0.878896767640978	0.999994493201698
937	1.63354862193715	0.179945594307775	1.02901936066428	0.17487095110787	0.861181036189301	0.999994493201698
938	2.36749132878057	0.56928679314278	1.1389370824175	0.49984042308502	0.617187444931684	0.999994493201698
939	1.34278032922783	0.114052454812824	0.98442186457693	0.115857295451112	0.907765640997545	0.999994493201698
940	10.7756256046956	0.176719218443447	0.721527889241206	0.244923614289247	0.806515576896836	0.999994493201698
941	9.13431853102557	-0.242404396124281	0.786494123629892	-0.308208782292634	0.757923470237978	0.999994493201698
942	7.1879452752078	-0.17429075028593	0.76094951398444	-0.229043776338483	0.818834891770614	0.999994493201698
943	4.27375129254537	0.283954170688198	1.0319797765432	0.27515478223745	0.783197325076875	0.999994493201698
944	0.650182609490411	-0.560291128256722	0.920519047999705	-0.608668695638877	0.542744060590303	0.999994493201698
945	2.9517231930143	-0.193997771210073	1.06715269054632	-0.181790078335236	0.855747471124208	0.999994493201698
946	8.31240336083671	-0.195618814716386	0.719199126400569	-0.271995345288327	0.785625598394439	0.999994493201698
947	8.71860145588831	0.146826300564187	0.870263484499281	0.168714766480941	0.866021003315466	0.999994493201698
948	2.23571468747214	0.0488959277378746	1.1549692203764	0.0423352647631074	0.966231433260168	0.999994493201698
949	2.43916625732606	-0.321508911217256	1.16376696952182	-0.276265712670433	0.782343988797949	0.999994493201698
950	2.64502351462166	0.648886539511889	1.16464152066734	0.557155595088245	0.577421125728084	0.999994493201698
951	1.17717062439282	0.242290038913369	1.06037316252402	0.228495068978021	0.81926138912739	0.999994493201698
952	4.02742296732447	0.327775400397996	0.996637553321605	0.328881246051368	0.742245450002395	0.999994493201698
953	0.736443890288464	-0.188619618879446	0.992069224695101	-0.19012747718025	0.84920923909958	0.999994493201698
954	1.45980904637164	-0.108216544914763	1.16514961284701	-0.0928778104730601	0.926000634213209	0.999994493201698
955	10.4258446949411	-0.915933595162411	0.958867687161822	-0.955224174748768	0.339464343039036	0.999994493201698
956	0.476406311217809	-0.271936611075788	0.953224442182882	-0.285280778630743	0.775429037697135	0.999994493201698
957	5.13065777589965	-0.0304841573614315	1.06240710245464	-0.0286934803908967	0.977109056122856	0.999994493201698
958	1.94135514617788	-0.0181783477758323	1.16366612370724	-0.0156216180960216	0.987536259039892	0.999994493201698
959	18.9270680926033	0.0261749712262104	0.900976723386695	0.0290517729779088	0.976823299133379	0.999994493201698
960	5.73781780982654	-0.0040855498025504	0.830309957408944	-0.00492051163074055	0.996074015580873	0.999994493201698
961	2.37069755688183	-0.62798789527168	1.15058849670011	-0.54579712649027	0.585205398726774	0.999994493201698
962	5.6095453195979	0.149156715726583	1.09502102048307	0.136213563882802	0.891652452681548	0.999994493201698
963	0.443017041471157	0.156043573514936	0.916230155050019	0.170310453825237	0.864765990402077	0.999994493201698
964	0.444072483528511	0.682907931035255	0.910176930284105	0.750302395405793	0.453072600255637	0.999994493201698
965	4.82892163309976	0.351267913009539	0.933648147864544	0.376231574831445	0.70674474361226	0.999994493201698
966	1.68846544119456	-0.169057571448675	1.03648700090164	-0.163106311320461	0.870434730629937	0.999994493201698
967	4.94318372563884	0.381679079636693	0.97813290075353	0.390211881578318	0.696379876431922	0.999994493201698
968	3.00391011037407	0.0746436781700962	1.16225640041369	0.0642230734487915	0.948792605362155	0.999994493201698
969	8.07288719338566	0.113088215773894	0.802491181684131	0.140921443568469	0.887932001676644	0.999994493201698
970	1.91921384876514	-0.562716337713854	1.15727139594554	-0.486244056221655	0.62679413854455	0.999994493201698
971	0.695783996874078	0.537452784350386	0.983924219965066	0.546233920707296	0.584905152062611	0.999994493201698
972	1.68119481752683	0.0203729700473649	1.16194726673594	0.0175334721554061	0.986011030027967	0.999994493201698
973	2.94216436160431	0.423382595811677	1.08832158621305	0.389023429448724	0.697258814683459	0.999994493201698
974	1.00241232947706	-0.147630102816755	1.04198242368073	-0.141681951117047	0.88733123203075	0.999994493201698
975	2.08673824272026	0.433497839011459	1.15760539592548	0.374478073907808	0.708048666377368	0.999994493201698
976	2.72069256357583	-0.221304172485435	1.10493162074489	-0.200287663354447	0.841255610290383	0.999994493201698
977	1.59526506276286	0.26000008829143	1.14783110934474	0.226514237307836	0.820801487204283	0.999994493201698
978	0.748042260023509	0.26951095849339	0.993985973673034	0.271141611281976	0.786282118669824	0.999994493201698
979	1.30690982700074	-0.152498194934877	1.08613121921237	-0.140404945772081	0.888340050401693	0.999994493201698
980	0.747514538994832	0.0779565186862294	0.925660442402039	0.0842171871187846	0.932883753388265	0.999994493201698
981	1.42842786212391	-0.240698349129832	1.09117948567423	-0.220585478640214	0.825415208927935	0.999994493201698
982	2.81087871861746	0.472920067201385	1.16431035772036	0.406180417502538	0.684610041438389	0.999994493201698
983	3.51496990984958	0.410050071747891	1.07521585016341	0.381365352534165	0.702932166563652	0.999994493201698
984	7.94468184969758	0.320936374977112	0.717925043434644	0.44703326330798	0.654851043140792	0.999994493201698
985	3.43242262721686	0.121495198863046	1.02260723898408	0.118809249760198	0.905426480345056	0.999994493201698
986	40.0338430188594	-0.246399278824256	1.09164782151115	-0.225713159472227	0.821424522414926	0.999994493201698
987	7.19271154517408	0.143718697333012	0.837118706154056	0.171682577723407	0.863687083396284	0.999994493201698
988	1.89636750669618	-0.0970156795012695	1.1187592958767	-0.0867172052637515	0.930896300113219	0.999994493201698
989	3.90355064855035	0.0519447635868761	0.939909639923282	0.0552656993613939	0.955926788328961	0.999994493201698
990	4.05902239715595	-0.39136487221977	1.08238540624358	-0.361576264759521	0.717668704215774	0.999994493201698
991	3.81885365947128	-0.15764705396281	1.05516531791606	-0.149405075475909	0.881234007031874	0.999994493201698
992	2.07595191550633	-0.216790071975723	1.08259550071485	-0.200250298317861	0.841284831366435	0.999994493201698
993	1.16307317083728	0.335579970965695	0.954974725436581	0.35140193978671	0.725286827335927	0.999994493201698
994	15.7472351061275	-0.186740315090218	0.877431029214667	-0.212826203852577	0.831462524221215	0.999994493201698
995	0.816774310968573	0.129877369156715	0.926905324957659	0.140119347315917	0.888565694446357	0.999994493201698
996	15.675268869916	-0.00560514977912798	0.76546706506318	-0.00732252246367431	0.994157524591757	0.999994493201698
997	24.6210218805388	0.0285892425908443	0.972895429672007	0.0293857301811795	0.976556953556756	0.999994493201698
998	5.22598161990516	0.4642944554151	1.02230301875256	0.45416520043308	0.649709928004568	0.999994493201698
999	2.86004200138448	-0.593778491724696	1.13789417038533	-0.521822246021016	0.601794099159537	0.999994493201698
1000	1.54320299460802	0.0372249892929173	1.16157078458823	0.0320471122266675	0.97443448004989	0.999994493201698
1001	0.23576544657861	0.0918098386871039	0.901917614634592	0.101794041049193	0.918920155635208	0.999994493201698
1002	6.22418685327076	-0.0468693926138928	0.855811583995361	-0.0547660180002271	0.956324873461092	0.999994493201698
1003	17.1268597020909	0.227126916562125	0.882432747177397	0.257387225585889	0.796879863289829	0.999994493201698
1004	36.6693832698326	-0.0291900368063051	0.96933462419017	-0.0301134779237787	0.975976551777504	0.999994493201698
1005	1.02560906894715	0.724335998714444	1.05413544401285	0.68713750479451	0.491996082005304	0.999994493201698
1006	3.85514488486216	-0.123336680429238	0.98945305742843	-0.124651371283634	0.90079955711751	0.999994493201698
1007	5.28877861148318	0.332852512785303	0.889402833714016	0.374242694275393	0.708223762564654	0.999994493201698
1008	4.53084809364015	0.3593056846324	1.06314794446205	0.337963955537915	0.735390350511642	0.999994493201698
1009	1.49502907798966	0.102149468505906	1.00851148272283	0.101287362866824	0.919322347573443	0.999994493201698
1010	3.09642119586506	0.0194689528389032	1.10911322103335	0.0175536207392462	0.98599495625775	0.999994493201698
1011	1.25836556201665	-0.0926068705215966	1.14354022326362	-0.0809826087772413	0.93545578325774	0.999994493201698
1012	0.653454913500368	-0.104753519505788	0.978188323650645	-0.107089317029304	0.914718122204927	0.999994493201698
1013	1.06574124133286	-0.0608086815235541	0.93496163684941	-0.0650386915643558	0.948143194040166	0.999994493201698
1014	3.42740558820883	-0.11461606438849	1.01503212623174	-0.112918656884287	0.91009504487741	0.999994493201698
1015	12.2957304754884	-0.05066375664568	1.16027543191602	-0.0436652843385786	0.965171211893814	0.999994493201698
1016	1.0245536268898	0.251970176393316	0.929640738949095	0.271040377036567	0.786359977753744	0.999994493201698
1017	5.65400523805092	0.138450013541973	1.07094723202343	0.129278090835892	0.897137606923944	0.999994493201698
1018	0.443017041471157	0.156043573514936	0.916230155050019	0.170310453825237	0.864765990402077	0.999994493201698
1019	3.82992430817765	0.00356929326783557	1.0677208492862	0.00334290865465607	0.997332749764047	0.999994493201698
1020	1.33223740155014	0.0853248882407687	1.14049877519051	0.0748136605640068	0.940362972720812	0.999994493201698
1021	1.41256782223024	0.330997449706791	1.08963803741887	0.303768259128377	0.761304450259195	0.999994493201698
1022	18.1492519616318	-0.262429186757467	0.744970756552271	-0.352267769505465	0.724637457118377	0.999994493201698
1023	2.89652625151354	0.207615879306542	1.15525873317124	0.179713750128187	0.857377298158135	0.999994493201698
1024	3.07623340990409	0.0100947886047087	1.15084754885577	0.00877161237797789	0.993001355657709	0.999994493201698
1025	2.53728925836	-0.0806473198716578	1.14809602704866	-0.070244402882373	0.943999133196607	0.999994493201698
1026	6.50212401056013	0.501503241272533	1.04496675430047	0.479922676208254	0.631282376299134	0.999994493201698
1027	3.89316719316015	-0.364024034355676	1.08335617385205	-0.33601510116597	0.736859478815498	0.999994493201698
1028	10.7140278769567	-0.821602676362758	0.880437317760722	-0.933175661445608	0.350729278928592	0.999994493201698
1029	6.34026712622211	0.106597462603596	0.956527322118749	0.111442151351703	0.911265736266842	0.999994493201698
1030	2.73982490747945	-0.503848505751269	1.08451009208808	-0.464586276722585	0.642227761689092	0.999994493201698
1031	1.92549510628421	0.627970670320066	1.16321608472537	0.539857278940849	0.589295461804718	0.999994493201698
1032	6.2175173960459	0.00147523758296637	0.765967923747763	0.00192597827823946	0.998463292617393	0.999994493201698
1033	3.76397146329642	0.356321824975646	0.969866560735357	0.367392628430741	0.713326169398734	0.999994493201698
1034	3.07962846349444	0.262205728867161	1.1165847061563	0.234828336284286	0.814341973450108	0.999994493201698
1035	3.05287509852195	-0.17302440406513	1.06334003779657	-0.162717849337891	0.870740592555459	0.999994493201698
1036	3.52620003084344	0.0585577387341581	1.04627683325094	0.0559677294509241	0.955367515017403	0.999994493201698
1037	2.3853416028331	-0.239931275894901	1.14474856354472	-0.209592991453034	0.833985350161479	0.999994493201698
1038	7.57610217109324	-0.158236442650829	0.80521202235572	-0.196515250961969	0.844206896850504	0.999994493201698
1039	4.83605063582005	-0.128832469115081	0.92632684806759	-0.139078846072353	0.889387844142209	0.999994493201698
1040	4.13139290122761	0.228606981152148	0.927344080436487	0.246517971025971	0.805281294743297	0.999994493201698
1041	1.38461841427996	-0.168674589293171	1.13226939876868	-0.14897036825035	0.881577014737152	0.999994493201698
1042	4.07971903277855	-0.860907973212596	0.961988660883588	-0.89492528157437	0.370827031091374	0.999994493201698
1043	2.79257416895046	0.122934091354389	1.08568280306183	0.113232051762901	0.909846585437173	0.999994493201698
1044	6.13954233861429	-0.383300240585889	0.896626669786083	-0.427491456034134	0.669021406917507	0.999994493201698
1045	3.8816548502984	-0.193734131155835	1.13053556946784	-0.171364914459992	0.863936840871327	0.999994493201698
1046	2.59546053028732	-0.00823915584698549	1.11856103754747	-0.00736585270755582	0.994122952991509	0.999994493201698
1047	3.87021175360176	0.145795957980994	1.01273127307438	0.143963124134991	0.885529588918693	0.999994493201698
1048	1.75098231052925	0.228724292089931	1.16523817729463	0.196289734190625	0.844383396026182	0.999994493201698
1049	2.82878356671714	-0.695804238594203	1.16532260001319	-0.597091516620657	0.550446281489421	0.999994493201698
1050	4.16041770219985	0.0377028696589596	0.988559591296631	0.0381391976678989	0.969576698812315	0.999994493201698
1051	2.75534815145807	0.345444105510531	1.16360901940125	0.296873004377609	0.766563466915574	0.999994493201698
1052	2.07647963653501	-0.158573301903246	1.14228337178471	-0.138821334373003	0.889591334828109	0.999994493201698
1053	1.52248748761837	-0.0769098072856444	1.01258695939712	-0.0759537801389776	0.939455870027222	0.999994493201698
1054	4.26832928208906	0.0192413486305878	0.983052601834138	0.0195730610902083	0.98438395385167	0.999994493201698
1055	1.04094138781214	-0.180032263719653	1.0399378759604	-0.173118287045166	0.86255845099271	0.999994493201698
1056	2.21260397487535	-0.0705625831880759	1.15945419142485	-0.0608584484923565	0.951471941373176	0.999994493201698
1057	2.98835014368835	-0.203374250455761	1.09722993976615	-0.185352443535314	0.852952606588476	0.999994493201698
1058	0.706240897678475	-0.14191212533881	0.98094138665196	-0.144669322010328	0.884971961787255	0.999994493201698
1059	0.709513201688432	0.424773955577924	1.07051691070506	0.396793316696102	0.691519879537935	0.999994493201698
1060	3.30166470525869	0.403792849248171	1.08357512816829	0.37264868743412	0.709409931327756	0.999994493201698
1061	6.30919858767572	0.292807391733937	0.772814067867153	0.378884655324715	0.704773519461843	0.999994493201698
1062	2.79495050319055	-0.512971707327328	1.08563359675606	-0.472509057254786	0.636563478407779	0.999994493201698
1063	5.41279992967594	0.00809113531887939	0.968793555118722	0.00835176418766313	0.99333633376659	0.999994493201698
1064	1.57814080435815	0.0272455149885211	1.0914186896583	0.0249633942012217	0.980084161698734	0.999994493201698
1065	13.0025641500773	-0.114450259624524	0.8786080010041	-0.130263165704987	0.896358221222502	0.999994493201698
1066	5.72518076977664	-0.152763869054996	0.9191702627166	-0.166197575412746	0.868001467453747	0.999994493201698
1067	1.3100961041374	-0.474729208170622	1.14843570630376	-0.413370296277653	0.679335333846907	0.999994493201698
1068	9.83970333255653	0.437977405612615	0.800991368802353	0.546794163671802	0.584520153194675	0.999994493201698
1069	2.49073522753477	-0.215278007807372	1.10409980790815	-0.194980568120235	0.84540816005419	0.999994493201698
1070	6.56863709992804	0.464095398665762	0.829700148574773	0.559353158442803	0.575920722764071	0.999994493201698
1071	3.12514382400481	0.492029713288186	1.06150431520375	0.463521161657968	0.642990850023689	0.999994493201698
1072	8.55039717122946	0.154842924449097	0.873389424607935	0.177289671807746	0.859280862994666	0.999994493201698
1073	3.12919671770974	-0.777075783793446	1.08645647900257	-0.715238759040627	0.47446152300412	0.999994493201698
1074	8.12529654661259	-0.786662978235144	0.983337543706787	-0.799992823694843	0.423714955008697	0.999994493201698
1075	0.947004511898069	-0.641591778555027	1.1059394636583	-0.580132818873041	0.561825053526924	0.999994493201698
1076	1.19331288615437	-0.302416340030204	1.12015857050033	-0.269976365841782	0.787178436018328	0.999994493201698
1077	6.59227553355352	0.594733748918384	0.819738606423534	0.725516334424175	0.468135327686427	0.999994493201698
1078	2.55971277764062	-0.457105376707901	1.10548889263423	-0.413487082279662	0.679249784768842	0.999994493201698
1079	1.89951706112574	0.225260127024176	1.1319445509654	0.199002792877142	0.84226055988953	0.999994493201698
1080	1.58459938550477	0.231736507676572	1.16539687994603	0.198847715884827	0.842381869341622	0.999994493201698
1081	3.43032641522011	0.651642504739419	1.03966338376007	0.626782201737908	0.530802011826722	0.999994493201698
1082	3.59496670487106	0.111396639736695	0.994616685197618	0.111999568672591	0.910823748569207	0.999994493201698
1083	1.19077707962678	0.0909754713485643	1.05336732990733	0.0863663308758283	0.931175210962381	0.999994493201698
1084	5.74728744410682	0.0383750283375546	0.792666279174502	0.0484125909550726	0.961387424940839	0.999994493201698
1085	3.20429605304717	0.443023755105981	1.13452930359392	0.390491240466498	0.696173331336824	0.999994493201698
1086	3.93567150053686	-0.169210624937818	0.967169284373983	-0.174954506591204	0.861115380628692	0.999994493201698
1087	3.21908069991888	0.582949606179049	1.10039812665402	0.529762448752638	0.596276643856098	0.999994493201698
1088	0.431946392764789	-0.227690616052039	0.952062675929191	-0.239155070153148	0.810985340638739	0.999994493201698
1089	0.553464427887961	-0.321193791834732	0.919562150232417	-0.349289922115162	0.726871663573203	0.999994493201698
1090	4.15925838192915	-0.39727563965992	1.04263415547663	-0.381030716836923	0.703180455998515	0.999994493201698
1091	4.27482668556733	-0.96247948887689	1.08805379032897	-0.88458814943872	0.376378800490892	0.999994493201698
1092	9.48735922290147	-0.065016260687078	0.792113234568096	-0.0820795030934289	0.934583492280525	0.999994493201698
1093	6.83330566853036	-0.371121796154691	0.84198353545177	-0.440770847087365	0.659378900807352	0.999994493201698
1094	2.11600854285329	0.0648179940655584	1.16532664342189	0.0556221677685369	0.955642804514953	0.999994493201698
1095	2.33570517308455	0.1997625523329	1.14461189596697	0.174524267165806	0.861453460972293	0.999994493201698
1096	1.32063903181509	-0.281817778676289	1.08898374089245	-0.258789702815334	0.795797503264395	0.999994493201698
1097	1.34543888533581	-0.180145328061043	1.08127073968037	-0.166605200205727	0.867680701719791	0.999994493201698
1098	3.82198536256079	0.296820704420129	1.13001046240404	0.262670757745605	0.792804357462907	0.999994493201698
1099	0.886034082942315	0.175360474598416	0.927955204667104	0.188975150649998	0.850112292773497	0.999994493201698
1100	1.41256782223024	0.330997449706791	1.08963803741887	0.303768259128377	0.761304450259195	0.999994493201698
1101	0.747514538994832	0.0779565186862294	0.925660442402039	0.0842171871187846	0.932883753388265	0.999994493201698
1102	7.76527699191681	-0.501642987463262	0.938046496431896	-0.534774117670491	0.592806062521127	0.999994493201698
1103	3.04773530993353	-0.367854867224027	1.07864295680473	-0.341034876187137	0.733077326474467	0.999994493201698
1104	2.3678616771463	0.447106106669281	1.1557241063289	0.38686231793632	0.698858139137454	0.999994493201698
1105	1.22126229410465	0.262108570260755	1.06380674823105	0.246387391973778	0.805382365212847	0.999994493201698
1106	3.74628486078048	-0.011570453781888	1.12836025124001	-0.0102542195802915	0.991818459894207	0.999994493201698
1107	5.10242404645693	-0.00236347862124155	0.887830811608112	-0.00266208222370727	0.997875968202839	0.999994493201698
1108	11.7500885262224	0.241407346116162	0.721348950659286	0.334660979121858	0.737880839849969	0.999994493201698
1109	5.17004608129749	0.271626175586871	1.05057733447999	0.258549434365363	0.79598290231124	0.999994493201698
1110	6.07035176220079	0.567081551974733	0.829354047427939	0.683762928189009	0.494124879496957	0.999994493201698
1111	0.546193804220227	0.0518656792546584	0.9533790476768	0.0544019499705233	0.956614925305598	0.999994493201698
1112	0.664525562206736	0.168677151665322	0.923602448544678	0.182629606418981	0.855088652456034	0.999994493201698
1113	3.71616789504379	0.373806431209162	1.13798389669699	0.328481301268092	0.742547780096518	0.999994493201698
1114	3.43983385180505	-0.328109516338332	1.05961760919336	-0.309648984210546	0.756827901782204	0.999994493201698
1115	10.2954213680637	0.112122659923576	0.85256870501158	0.131511582895895	0.895370624329154	0.999994493201698
1116	2.56735165004954	0.156770155895066	1.13828656538073	0.137724682573786	0.890458011416848	0.999994493201698
1117	3.01299052492158	0.353769941224846	1.16371874296583	0.303999521674142	0.76112825557167	0.999994493201698
1118	3.84025845940165	-0.290945839187992	1.08687663054192	-0.267689847230339	0.788938065437278	0.999994493201698
1119	1.7188258064675	-0.215229659842757	1.1639134290365	-0.18491895915397	0.853292600187902	0.999994493201698
1120	2.59162378254158	0.0963029365301041	1.16520650622459	0.0826488146226862	0.934130785562608	0.999994493201698
1121	1.26616390671306	-0.266587363742308	1.14586206288381	-0.232652229598546	0.816031466573659	0.999994493201698
1122	4.2752977329243	0.426489173488338	0.957813724225315	0.445273608741914	0.656122037584095	0.999994493201698
1123	3.59348844002537	0.693364603250545	1.03476717161645	0.670068226234324	0.502814298715298	0.999994493201698
1124	1.31074657474647	-0.463114366426678	1.16101288813602	-0.398888221792437	0.689975568150804	0.999994493201698
1125	6.83844545711879	-0.271411223961787	0.798749046485955	-0.339795365209941	0.734010638494114	0.999994493201698
1126	1.66366558767384	-0.295380361913911	1.1147377374522	-0.264977448945992	0.791026834183641	0.999994493201698
1127	6.72701080417787	0.192961342728675	0.751474997325661	0.256776796853366	0.797351083066868	0.999994493201698
1128	3.50555796926799	-0.274771992370441	1.10069149778852	-0.24963579070294	0.802869017697075	0.999994493201698
1129	3.56082416589954	-0.469978602543736	1.11584510087722	-0.421186240074239	0.673619091297752	0.999994493201698
1130	3.63646799400815	1.2954654501571	1.00382792140202	1.29052542028095	0.196868291635349	0.999994493201698
1131	4.83432267256448	0.18619021259578	0.893095143286973	0.208477466253506	0.834856175422813	0.999994493201698
1132	2.13544197999185	-0.402879915824105	1.15512562650534	-0.348775844444694	0.727257599369495	0.999994493201698
1133	3.83340855889771	-0.328979980514018	1.00358423790778	-0.327805049230207	0.743059069359432	0.999994493201698
1134	1.14946671560332	0.591584901530537	1.04692970080186	0.565066499763483	0.572028533493903	0.999994493201698
1135	0.76136649338958	-0.142744426623269	0.986151606346875	-0.14474896730337	0.884909075934755	0.999994493201698
1136	5.22170214901136	-0.118089123520069	1.12483522641366	-0.104983486244981	0.916388912368862	0.999994493201698
1137	1.38458169157286	0.350714173011225	0.99306159982877	0.353164570125053	0.723965067586958	0.999994493201698
1138	9.84622484766229	-0.238186803995755	0.72671394227155	-0.327758682118076	0.74309412998034	0.999994493201698
1139	1.67311425096253	-0.093235934836994	1.1546656454626	-0.080747128143438	0.935643056316167	0.999994493201698
1140	0.429287836656803	0.386075147266136	0.914213157539646	0.422303205857539	0.672803718470928	0.999994493201698
1141	0.927221697385377	-0.171818148068237	0.928513570690366	-0.18504645865379	0.853192596027713	0.999994493201698
1142	2.16838955558312	-0.149821865556838	1.16532805627488	-0.12856625630019	0.89770086823107	0.999994493201698
1143	6.52382468444935	-0.177444959845827	0.795076740154691	-0.223179664155818	0.823395678458463	0.999994493201698
1144	2.16765305810075	-0.8237985787796	1.16508780797181	-0.707069950559065	0.479523008783518	0.999994493201698
1145	3.53445582141074	-0.00608727846598922	1.03272474347565	-0.00589438618997586	0.995296987497036	0.999994493201698
1146	11.1466393618436	-0.0806887815571862	0.755654992951493	-0.106779922464385	0.914963575947558	0.999994493201698
1147	4.08653011095085	0.0875819591269546	1.03601735700764	0.0845371542615081	0.932629363724399	0.999994493201698
1148	4.44393634223303	0.114057291247998	1.13613973558345	0.100390196448349	0.920034552549079	0.999994493201698
1149	2.4508506539344	0.385472807889771	1.15796353190008	0.332888555874687	0.739218408345114	0.999994493201698
1150	1.32957884544215	0.413632892264975	1.08068914748746	0.382749186689482	0.701905740712106	0.999994493201698
1151	4.97284641576106	-0.110741105118902	1.07762853780573	-0.10276370867497	0.918150509008308	0.999994493201698
1152	2.67792178604674	-0.203324139647807	1.13012355738241	-0.179913194729562	0.857220716333613	0.999994493201698
1153	2.88230604837761	-0.278392125721153	1.13922789091717	-0.244369127494784	0.80694494976724	0.999994493201698
1154	9.76393983593287	0.0715200360312375	0.674010585968948	0.106111146501388	0.91549416744845	0.999994493201698
1155	5.78887900997117	-0.565302005558551	0.856813004884104	-0.659772905331911	0.509399573181409	0.999994493201698
1156	3.24613203847476	0.12905981724703	1.06190812606166	0.121535765740562	0.903266687692789	0.999994493201698
1157	4.56488783399587	0.292120158221884	0.981810772680969	0.297532036060483	0.766060353525443	0.999994493201698
1158	1.38474116386035	-0.263838541070889	1.13408141055069	-0.232645151059106	0.816036963634371	0.999994493201698
1159	1.16944572511061	-0.00864189265070305	1.13955878663249	-0.00758354264130655	0.993949266406768	0.999994493201698
1160	1.92549510628421	0.627970670320066	1.16321608472537	0.539857278940849	0.589295461804718	0.999994493201698
1161	2.19560246605104	-0.249549651181688	1.15838899858104	-0.215428195094542	0.8294334895194	0.999994493201698
1162	2.55071838996641	-0.244751057192326	1.14502566909937	-0.213751589852861	0.830740778070972	0.999994493201698
1163	5.12020087509526	-0.33007435228059	1.00922154304652	-0.327058369448001	0.743623738115038	0.999994493201698
1164	4.9388728405051	-0.159139016311028	0.853737127427533	-0.186402829628065	0.852128873596917	0.999994493201698
1165	0.679310209078444	0.409486111034838	0.990011727206177	0.413617434805961	0.679154302703482	0.999994493201698
1166	3.98310574941645	0.214939522537506	1.01294537603669	0.212192609416405	0.831956772295892	0.999994493201698
1167	0.650796357392382	0.333362650415099	0.922551971723876	0.361348369124592	0.71783903952895	0.999994493201698
1168	38.8787455548361	0.132996103488222	0.986728937988448	0.13478484147769	0.892781991211606	0.999994493201698
1169	0.86454325613865	-0.352632625657547	1.13280134701622	-0.311292555033039	0.755578226551737	0.999994493201698
1170	2.91655456518702	0.0219144447615958	1.10746636217806	0.0197879100530841	0.984212562376633	0.999994493201698
1171	1.29689462035172	-0.14075381611023	1.15046066106166	-0.122345614130205	0.902625308458348	0.999994493201698
1172	2.45669548717905	-0.0271763385151954	1.15067767501768	-0.0236176812197019	0.981157568511044	0.999994493201698
1173	3.2221421278506	0.366420292897364	1.07083223621297	0.342182725272841	0.732213384659898	0.999994493201698
1174	2.04780421293691	0.329254667557037	1.14942056918327	0.286452736608838	0.774531388082624	0.999994493201698
1175	5.48976782022371	0.526112994992077	0.837218485443489	0.628405851207867	0.529738104993244	0.999994493201698
1176	21.0258523705088	0.190463332069369	0.817784403057565	0.232901644195288	0.815837781665733	0.999994493201698
1177	3.57375809993528	-0.0163625187093259	1.03790311695029	-0.0157649769444806	0.987421889312482	0.999994493201698
1178	5.3276444657333	-0.180426189485228	0.886048338269696	-0.203630187758797	0.838642500955806	0.999994493201698
1179	4.67804308068686	0.579942999807565	1.03196616567782	0.561978695712999	0.574130534376111	0.999994493201698
1180	3.51949595053603	0.0128317976488852	1.11483901785276	0.0115100004963945	0.990816551080264	0.999994493201698
1181	3.2714617126487	0.428771093343471	1.09435580199802	0.391802275421431	0.695204313673838	0.999994493201698
1182	7.52134794377486	0.168063370227583	1.00382001877434	0.167423808137227	0.867036593373829	0.999994493201698
1183	1.77365132897066	0.756435082878599	1.13995625250701	0.663565010687938	0.506968757740921	0.999994493201698
1184	1.7314261238103	-0.390728747689358	1.15370431219451	-0.338673214236443	0.734855921326113	0.999994493201698
1185	1.37682006958355	-0.00845775654694755	1.16414673430916	-0.0072651980181576	0.994203261665153	0.999994493201698
1186	11.4985092538853	0.131429304849176	0.899339340312441	0.146139837276012	0.88381099839208	0.999994493201698
1187	3.71419653225197	0.319010385188861	1.08354128519629	0.294414610266623	0.76844110401347	0.999994493201698
1188	2.66088355451532	0.14039715418129	1.16487354277019	0.120525661392747	0.904066752959571	0.999994493201698
1189	0.792502178476528	0.280351944276443	1.08585517659061	0.258185391864778	0.796263831433282	0.999994493201698
1190	1.64841929568215	0.9809857955219	1.11907956056769	0.876600583272438	0.380703622280295	0.999994493201698
1191	2.33264164552828	0.402652028906977	1.1356023499043	0.354571324144327	0.722910762093956	0.999994493201698
1192	1.18104409484565	0.471552379002786	1.13719470053602	0.414662835467417	0.67838874232782	0.999994493201698
1193	11.0978097047352	-0.0179024298110835	0.796620021752255	-0.022472985014493	0.982070661391903	0.999994493201698
1194	0.916678769707686	-0.420413257049625	1.09892150751136	-0.38256895890745	0.702039389606455	0.999994493201698
1195	8.18583683387937	-1.01246692742657	0.814659988968356	-1.24280919787003	0.213938152298811	0.999994493201698
1196	1.44567487010901	-0.177046201283053	1.14646451005013	-0.154427982489673	0.877272291458703	0.999994493201698
1197	1.32957884544215	0.413632892264975	1.08068914748746	0.382749186689482	0.701905740712106	0.999994493201698
1198	7.73057090145922	0.156233382464182	1.16223153287881	0.134425351614059	0.893066235874706	0.999994493201698
1199	6.55772802313372	0.0903653419583218	0.958766243385317	0.0942516933421122	0.924909222148534	0.999994493201698
1200	38.079304189631	-0.235593337345021	1.08587835920351	-0.21696107611706	0.828238679157536	0.999994493201698
1201	8.22994210507729	-0.106149367189827	0.719692448959075	-0.147492678773211	0.882743158026317	0.999994493201698
1202	3.10050554239613	-0.018250886657084	1.14813142898762	-0.0158961650176034	0.987317229489513	0.999994493201698
1203	1.45335046522502	-0.202285133684595	1.07898302887242	-0.187477586089553	0.851286195822908	0.999994493201698
1204	1.23604694097636	0.53186247463319	1.14065070383045	0.466279881165309	0.641015177661757	0.999994493201698
1205	2.80348534536933	0.0863013120459928	1.10376534025417	0.0781880975046017	0.937678429847544	0.999994493201698
1206	0.864948227586933	0.0224533572835636	1.09966945566604	0.0204182785725955	0.983709702697337	0.999994493201698
1207	1.32076178139548	-0.432951675103102	1.13818030382424	-0.380389358037914	0.703656413046846	0.999994493201698
1208	1.63632992762553	-0.138108798658827	1.148229090087	-0.120279829043839	0.904261482189558	0.999994493201698
1209	2.02696595636686	0.142232159492575	1.14728199294886	0.123973147287874	0.901336536376649	0.999994493201698
1210	6.65611539469549	0.444343699342472	0.916470330896482	0.484842426822284	0.627788124582911	0.999994493201698
1211	3.53350737721827	0.0761436609776079	1.12292395217399	0.0678083861602496	0.945938167939633	0.999994493201698
1212	3.46522960188769	0.525154988580219	1.09168000473473	0.481052127274081	0.630479451109446	0.999994493201698
1213	5.41904553511978	0.163196166712594	0.840235785427597	0.194226632027513	0.845998430580357	0.999994493201698
1214	2.94969833577288	-0.116919903991759	1.0997480272673	-0.106315175015395	0.915332291905512	0.999994493201698
1215	9.386608089593	0.5643450098244	0.668325688648906	0.844416157285956	0.398436896755003	0.999994493201698
1216	4.64669861914622	0.082688413658046	1.04338984816625	0.0792497778307605	0.93683395207939	0.999994493201698
1217	0.67825476702109	0.0176760356260149	0.924150990095805	0.0191267831939264	0.98473996543691	0.999994493201698
1218	2.44002550438882	0.225911637849225	1.15078706462865	0.196310546749258	0.844367106890554	0.999994493201698
1219	1.45968629679125	-0.0337440869068492	1.15408469625005	-0.0292388305784606	0.976674112138936	0.999994493201698
1220	2.63097853548873	0.0129955740988816	1.14311700799319	0.011368542334696	0.990929410978897	0.999994493201698
1221	8.80540728006241	-0.414929344358333	0.920676021875463	-0.450678995107423	0.652220923315515	0.999994493201698
1222	7.29112413758142	-0.664405127513189	0.785127278832174	-0.846238750615631	0.397419568585456	0.999994493201698
1223	0.470475451099866	-0.250418363905278	0.916882703445311	-0.27311930191757	0.784761509807324	0.999994493201698
1224	6.9310981725229	-0.555071153366946	0.946559486894328	-0.586409159754069	0.557600590369848	0.999994493201698
1225	1.35650953404218	0.0207308969765942	0.986500784479028	0.021014577284439	0.983234027252436	0.999994493201698
1226	2.0111426391803	0.195562199453127	1.15810376155442	0.168864143218601	0.865903503676388	0.999994493201698
1227	7.38349462215196	-0.00217772642033133	0.744657409431375	-0.00292446753735286	0.997666615829426	0.999994493201698
1228	0.889220360078978	-0.035581880990619	1.09863561300754	-0.0323873362280808	0.974163161417324	0.999994493201698
1229	3.15566576118979	0.101614167679053	1.06792703003809	0.0951508528400375	0.924195006543787	0.999994493201698
1230	4.65285721627598	-0.402331067582283	0.884408925984551	-0.454915204676836	0.64917024383583	0.999994493201698
1231	5.55342825811359	0.888445690420174	0.847388787106144	1.04845108165077	0.294430829209845	0.999994493201698
1232	5.73215132023643	0.253665117618252	0.797361991251956	0.318130435613023	0.750385997699091	0.999994493201698
1233	1.07947044614721	-0.162394542100032	0.938012907515593	-0.173126127368703	0.862552288366009	0.999994493201698
1234	3.07304713276742	0.120295117787855	1.14724218572417	0.104855905130373	0.916490148622551	0.999994493201698
1235	0.451606457697087	-0.428432467668385	0.913948742285253	-0.468770783137275	0.639233485866197	0.999994493201698
1236	2.66947297074125	-0.135213277193902	1.15734477706455	-0.116830593504601	0.906994299648361	0.999994493201698
1237	4.13707826218476	0.277862713045986	0.956031828329467	0.290641697077714	0.771325366346641	0.999994493201698
1238	1.83937442640661	0.0137783207042057	1.16528223111687	0.0118240202555906	0.990566016615491	0.999994493201698
1239	1.90887969754114	-0.024595936020668	1.15962337326227	-0.0212102796371501	0.983077914163327	0.999994493201698
1240	2.91569531812426	-0.519069963118224	1.11100537247125	-0.467207428496622	0.640351479398162	0.999994493201698
1241	4.73737894276584	-0.294831615199182	0.87977166965626	-0.335122879456186	0.737532394473635	0.999994493201698
1242	1.58500435695306	0.406870740216997	1.16252964512844	0.349987410576566	0.726348145788811	0.999994493201698
1243	6.94334701286702	0.113250284909729	0.8923429535017	0.126913407524894	0.899008934783377	0.999994493201698
1244	3.47883605712165	0.421388932194922	1.09487164454197	0.384875189978281	0.700329888180608	0.999994493201698
1245	6.50999160142165	0.235737067530235	0.74541959427406	0.31624747905884	0.751814672459929	0.999994493201698
1246	4.53039171840113	-0.0275212335113787	0.90285408818762	-0.0304824820216792	0.975682264210812	0.999994493201698
1247	6.6572044398084	-0.223750305971992	0.830238253306174	-0.269501320953322	0.787543925835354	0.999994493201698
1248	2.26882173535091	-0.540091579394612	1.12805402053193	-0.478781662548337	0.632093963368948	0.999994493201698
1249	4.32760847049634	0.178609465444843	0.941656493317583	0.189675817787416	0.849563171402938	0.999994493201698
1250	3.07741160154183	0.190810503235172	1.10566748857689	0.172574942472773	0.862985549357672	0.999994493201698
1251	1.43962126041067	-0.0812610020425858	1.07692689026932	-0.0754563775654851	0.939851604203122	0.999994493201698
1252	9.85947982589757	-0.0765344826317517	0.657776800884759	-0.11635327139663	0.907372567800153	0.999994493201698
1253	6.51583433504175	0.317672463278654	0.810925267483384	0.391740738655875	0.695249785867028	0.999994493201698
1254	6.6506756220902	-0.00209012455280937	0.768750404317346	-0.00271885977694595	0.997830666433678	0.999994493201698
1255	7.47731084811018	-0.224832049013963	0.894997048505884	-0.251209821741088	0.801651891347984	0.999994493201698
1256	5.2540758190593	-0.239602623693324	0.877891970243579	-0.272929508202295	0.784907403067021	0.999994493201698
1257	5.1513858643484	0.516973642006492	1.07552817815231	0.480669546840343	0.630751378201324	0.999994493201698
1258	1.74460975625592	0.443543754763966	1.04599387869142	0.424040487998703	0.671536285918088	0.999994493201698
1259	4.30244246785898	-0.304934794381164	0.928719021799939	-0.328339128652898	0.742655262154514	0.999994493201698
1260	1.52468439860637	1.16975683196479	1.12538415970149	1.03942891134621	0.298605303822913	0.999994493201698
1261	1.56453434912419	0.112147026370096	1.09489137756406	0.102427536345755	0.918417327767896	0.999994493201698
1262	0.942620092159056	0.896935797250715	1.04026706434996	0.862216855640994	0.3885681959114	0.999994493201698
1263	19.549140801829	-0.302472204137573	0.968693735540349	-0.31224750717403	0.754852430131951	0.999994493201698
1264	1.26257265812811	-0.212485514301864	1.12533619865346	-0.188819585254716	0.850234221142164	0.999994493201698
1265	0.429287836656803	0.386075147266136	0.914213157539646	0.422303205857539	0.672803718470928	0.999994493201698
1266	1.91336901552049	0.102848636858183	1.15822996594361	0.0887981142625615	0.929242356372737	0.999994493201698
1267	3.61948643614844	0.130456631152144	1.09104933407078	0.11956987377042	0.904823885718085	0.999994493201698
1268	1.10754260367789	0.186424410664296	0.943412810896234	0.197606401472537	0.843353025919338	0.999994493201698
1269	1.84664505007434	-0.218078571881572	1.13781629732119	-0.191664131015705	0.848005304330615	0.999994493201698
1270	6.79514378830461	-0.169385968853227	0.842441199129537	-0.201065628115348	0.840647257905933	0.999994493201698
1271	3.75288506287454	0.3827132907153	1.14807103047269	0.333353320968065	0.738867594417566	0.999994493201698
1272	8.30147643270233	0.0237021010067404	0.813600099503351	0.0291323723057667	0.976759017382231	0.999994493201698
1273	1.46757066836096	0.289449947925235	1.00540758274881	0.287893141937394	0.773428536722392	0.999994493201698
1274	2.05708292210355	-0.358447854994367	1.15359323193612	-0.310722917811134	0.75601127319116	0.999994493201698
1275	3.45155497112049	-0.0943389612075201	1.02897558879575	-0.0916824094125775	0.926950373775926	0.999994493201698
1276	2.636206450575	0.0375433791457361	1.1616107826325	0.032320102143554	0.97421677838584	0.999994493201698
1277	3.90224760770766	-0.0730460569305712	1.02342170026147	-0.0713743483374534	0.943099824591734	0.999994493201698
1278	2.10534286559521	0.028359039238406	1.16357080268132	0.0243724225230264	0.980555545428117	0.999994493201698
1279	6.14928054267151	0.0954986888699931	1.0895075378026	0.0876530777038975	0.930152414578371	0.999994493201698
1280	3.27285605024565	-0.441968537832775	1.11373672518947	-0.396833944537103	0.691489917484691	0.999994493201698
1281	4.91563928913684	0.73950816791483	1.12549781578502	0.657049847226074	0.511148865391056	0.999994493201698
1282	3.26419108898097	0.711468434888631	1.03828319420316	0.685235433705206	0.493195367516105	0.999994493201698
1283	2.17381156603943	0.225682922343891	1.14773281409878	0.19663367603644	0.844114215398657	0.999994493201698
1284	4.21033635381628	-0.109349824371179	0.981778504378587	-0.111379322203017	0.911315556519832	0.999994493201698
1285	1.80876646234834	-0.159050805749377	1.16123579272313	-0.136966847513714	0.891056999951672	0.999994493201698
1286	5.39510912791091	0.569010781323522	1.02348357478965	0.555954971178183	0.578241637567565	0.999994493201698
1287	4.25940833982905	-0.0714824944605062	1.0336353469502	-0.0691563951169236	0.944865131621918	0.999994493201698
1288	1.80110973859937	0.477780548878349	1.13932497616462	0.419354055141255	0.674957396770063	0.999994493201698
1289	9.1370452626668	-0.0699877579203291	0.778346968252637	-0.0899184563889922	0.92835201448582	0.999994493201698
1290	4.99937003328826	0.00349184476426131	0.936206185224025	0.00372978177176403	0.997024071608972	0.999994493201698
1291	1.65491459953587	0.704802570073483	1.16331153863558	0.605858832020291	0.54460849874118	0.999994493201698
1292	0.221508520735579	0.136799148800564	0.902815744704698	0.151524992339726	0.879561597409923	0.999994493201698
1293	12.1052212724851	-0.0182303794074673	0.881850394896389	-0.0206728709461078	0.983506610243045	0.999994493201698
1294	2.7363731802174	0.801453267463642	1.11416542545157	0.71933058516765	0.471937255269763	0.999994493201698
1295	1.46757066836096	0.289449947925235	1.00540758274881	0.287893141937394	0.773428536722392	0.999994493201698
1296	2.19294390994305	0.0288945455010299	1.15487330905678	0.0250196668971672	0.98003927660273	0.999994493201698
1297	1.811952739485	-0.466808633487887	1.15657679086862	-0.403612312795333	0.686497829947902	0.999994493201698
1298	8.57439235173458	0.337766989664491	0.69663271589084	0.484856628119397	0.627778050133859	0.999994493201698
1299	9.47056966078726	-0.0765429982918756	0.661241831069122	-0.1157564368971	0.907845576661597	0.999994493201698
1300	4.89668426886076	0.465297607969333	1.00786800928465	0.461665221718453	0.644321414908804	0.999994493201698
1301	3.21274486835265	0.406871556101331	1.14973093669604	0.353884150730562	0.723425705326911	0.999994493201698
1302	0.443017041471157	0.156043573514936	0.916230155050019	0.170310453825237	0.864765990402077	0.999994493201698
1303	2.44414447400244	0.327696371917264	1.11696746440921	0.293380409330536	0.769231398069163	0.999994493201698
1304	1.58790841222183	-0.157999534687278	1.1647436444713	-0.135651768041196	0.892096578679942	0.999994493201698
1305	4.52356176886178	-0.739791924858772	0.98849023256189	-0.748405902748718	0.454215363206902	0.999994493201698
1306	1.61140732452441	-0.158510741464504	1.11898301389815	-0.141656074753367	0.887351672230658	0.999994493201698
1307	3.63256517035372	-0.0288821871282015	1.13968546338859	-0.0253422440278628	0.979781978878264	0.999994493201698
1308	0.955821575944733	0.449927999233208	1.02923494765233	0.437148000327319	0.662004018243481	0.999994493201698
1309	3.5480455049022	-1.43377021789519	1.02896405556501	-1.39341137344967	0.163495428384562	0.999994493201698
1310	4.77381598835325	-0.244539357604941	1.02127865175724	-0.239444305610599	0.810761078066733	0.999994493201698
1311	4.54948733959765	0.239777064326756	0.897004895497023	0.267308534803366	0.789231615968022	0.999994493201698
1312	2.59407356219588	-0.637863981168128	1.1545353261385	-0.552485460363998	0.580615793278968	0.999994493201698
1313	1.26244990854772	-0.11710996154828	1.07060717883578	-0.109386490080919	0.912895948800026	0.999994493201698
1314	1.43435872224185	-0.250037820439143	1.10550305896014	-0.226175602511977	0.821064845345567	0.999994493201698
1315	1.60887151799682	0.138741854277291	1.14645239601995	0.121018417126564	0.903676447650366	0.999994493201698
1316	2.36672020821565	-0.141816579663	1.10839032093084	-0.127948229955582	0.89818994269549	0.999994493201698
1317	0.373757269497416	0.0695162270399921	0.912834789865967	0.0761542261663791	0.939296399111268	0.999994493201698
1318	5.71354469589371	-0.114825910702188	0.877998574687789	-0.130781431784237	0.895948212112896	0.999994493201698
1319	31.2356213556184	-0.225354882415858	1.05755093182512	-0.213091280650607	0.83125576549916	0.999994493201698
1320	2.97710217135444	0.362443376866882	1.16043021786996	0.31233534880897	0.754785678331541	0.999994493201698
1321	1.13552873433528	0.119027322074942	1.05271190000866	0.113067328367773	0.90997717703689	0.999994493201698
1322	1.24658986865405	0.50704018254639	1.07137273286827	0.473262168236208	0.636026149267851	0.999994493201698
1323	12.1186871267986	0.0429430884112401	0.825775414075354	0.052003350643861	0.958526023600698	0.999994493201698
1324	1.27290680935211	-0.477226803765299	0.976252349494113	-0.48883549833462	0.624958163980747	0.999994493201698
1325	0.360028064683062	0.321338623915366	0.910789231808641	0.35281337623772	0.724228355060832	0.999994493201698
1326	22.198229782649	-0.0839145715721547	0.996777171618408	-0.0841858882421109	0.932908637907825	0.999994493201698
1327	1.51558511269182	0.0314311436788935	1.16524935506418	0.0269737490454671	0.97848067163803	0.999994493201698
1328	2.54704111450817	0.115165741372763	1.12120464481463	0.102716075879085	0.918188314426005	0.999994493201698
1329	5.03184548192499	0.00186675825917557	1.00610066382427	0.00185543885050217	0.998519574837102	0.999994493201698
1330	13.990065954485	-0.406335227556162	0.726176587876539	-0.559554293459603	0.575783488308401	0.999994493201698
1331	3.11305445594819	-0.52166109923059	1.06188721984697	-0.491258477812517	0.623243643551688	0.999994493201698
1332	3.56606675310376	0.426661897988108	1.02488570767208	0.416301929858333	0.6771890805824	0.999994493201698
1333	5.89360743237526	0.116702040646721	0.945462399534389	0.123433825294579	0.901763573155159	0.999994493201698
1334	6.81388793250244	0.343174806000953	0.769517191479394	0.445961194630624	0.655625277119169	0.999994493201698
1335	2.83919954556534	-0.218526244399493	1.13059979309961	-0.193283463992497	0.846736975969306	0.999994493201698
1336	8.98653807864662	0.0440331463762596	0.78294486972096	0.0562404175302317	0.955150283565002	0.999994493201698
1337	4.87470244373552	-0.191761576825922	0.934913031022635	-0.205111673987652	0.837484875815611	0.999994493201698
1338	2.25998681996419	0.010856319216388	1.16311376062348	0.00933384126636807	0.992552780295103	0.999994493201698
1339	3.74758580199862	0.130802555199103	1.03666358225973	0.126176473677196	0.89959223379737	0.999994493201698
1340	1.48207309336477	0.427588415779718	1.14391230705655	0.373794750823135	0.70855702512192	0.999994493201698
1341	3.35788246573425	0.137785766615533	1.04810932609013	0.13146125426584	0.895410435136201	0.999994493201698
1342	3.25049860687372	0.284372375099574	1.03044149748426	0.275971392644655	0.782570038662567	0.999994493201698
1343	1.37023873885653	-0.0716626991678685	0.988838222232806	-0.0724716111863612	0.942226597038465	0.999994493201698
1344	1.97143538920747	-0.00881296317551115	1.14476057007432	-0.00769852090113391	0.993857529706554	0.999994493201698
1345	2.9399107769446	0.832045513021068	1.12643091746731	0.738656494702628	0.460115609676791	0.999994493201698
1346	1.66100703156585	0.00443573654601394	1.03239901336009	0.00429653311230625	0.996571873112032	0.999994493201698
1347	0.941564650101702	0.337871000401589	0.928251938290883	0.363986312836237	0.715868230147318	0.999994493201698
1348	3.11386439884475	-0.160537462462797	1.07332301816689	-0.14957050183921	0.881103482458882	0.999994493201698
1349	3.76953407467318	-0.330314961308845	1.00376233644194	-0.32907686343335	0.742097591514231	0.999994493201698
1350	4.03400639767603	0.498148631368862	1.03273089879908	0.482360537433459	0.629549849462628	0.999994493201698
1351	5.94154843129193	0.564917972296041	0.922746372235126	0.61221370172138	0.54039637739832	0.999994493201698
1352	1.35650953404218	0.0207308969765942	0.986500784479028	0.021014577284439	0.983234027252436	0.999994493201698
1353	1.37289729496452	-0.433796963189683	1.08626176392945	-0.399348460559326	0.689636464326092	0.999994493201698
1354	3.05165910457955	0.813578113307936	1.08179658820114	0.752062007018152	0.452013770439447	0.999994493201698
1355	2.25954512580881	0.332730247065984	1.15117859186665	0.289034429077123	0.772555030813445	0.999994493201698
1356	3.14663465080847	0.681116954520266	1.13457945734299	0.600325477525686	0.548289342444316	0.999994493201698
1357	3.0932349187284	0.17500038477903	1.13842223816014	0.153721860758673	0.877829047263599	0.999994493201698
1358	1.46769341794135	0.339031855095157	1.08116983857119	0.313578720937316	0.753841023160705	0.999994493201698
1359	5.6969480693266	0.297592479387801	1.00664656250173	0.295627572251596	0.767514514701704	0.999994493201698
1360	3.79817277556418	-0.167590090595045	0.964059495129543	-0.173837912952172	0.861992847774641	0.999994493201698
1361	3.24743507931745	0.469824878899733	1.051228339969	0.446929426306742	0.654926016651422	0.999994493201698
1362	3.15337545382298	0.336804882915832	1.04351853454806	0.322758889051931	0.746877849788482	0.999994493201698
1363	2.25243397442857	0.0629449229364013	1.13218969598935	0.0555957390880491	0.955663858971961	0.999994493201698
1364	3.39310249735227	0.283848834395437	1.13633493519857	0.249793283303249	0.802747214275529	0.999994493201698
1365	5.95962644235627	-0.221455366986057	0.864878468460473	-0.256053740568035	0.797909341111362	0.999994493201698
1366	0	NA	NA	NA	NA	NA
1367	6.54256882864718	0.320559523054285	0.811451364713942	0.395044653313622	0.692809933867255	0.999994493201698
1368	8.11445144610241	-0.153429974209325	0.875060318871232	-0.175336454985456	0.860815268496846	0.999994493201698
1369	9.24455607035682	0.00794177284747639	0.723561975333607	0.0109759400275488	0.99124264274705	0.999994493201698
1370	2.52595525915279	0.0248416263333637	1.14786941695173	0.0216415090135712	0.982733921871533	0.999994493201698
1371	4.72409143210687	-0.550640996295797	0.86205757283543	-0.638751997137106	0.522984280558041	0.999994493201698
1372	11.7551013659813	0.232100098294526	0.736442166822606	0.315164053269691	0.752637097107684	0.999994493201698
1373	8.0236641246179	-0.0795165791667911	0.836192449508159	-0.0950936345019165	0.924240454096348	0.999994493201698
1374	2.84880978076607	-0.4713320900491	1.0705734863251	-0.440261314211147	0.659747856221177	0.999994493201698
1375	5.02299169517123	-0.0680428880306921	1.02390648014532	-0.0664542019707066	0.947016218598584	0.999994493201698
1376	25.199227483755	0.350231595641025	0.855844845565304	0.409223234159563	0.682375845163869	0.999994493201698
1377	2.37129345344375	0.321310414116969	1.14319835986052	0.281062696902549	0.778662311893358	0.999994493201698
1378	2.20352356032784	-0.441912074166672	1.16417297222752	-0.379593140116559	0.704247453739533	0.999994493201698
1379	6.21491024372865	0.385956236392372	0.963548275125922	0.400557238652036	0.688746133825404	0.999994493201698
1380	6.79446288489639	-0.0267302289757099	0.897640470486317	-0.0297783242340089	0.976243845855028	0.999994493201698
1381	6.58074748958113	-0.260867261032585	0.835455096453485	-0.312245699547431	0.754853803786017	0.999994493201698
1382	0.152248748761837	-0.0100772420010255	0.899746354916655	-0.0112000920547869	0.991063806299399	0.999994493201698
1383	0.733785334180478	0.219534992179708	0.92506776718836	0.237317740349942	0.812410300357802	0.999994493201698
1384	0.77497294862354	-0.188968214503603	0.925927986182131	-0.204085217558628	0.838286905911085	0.999994493201698
1385	2.30506048631918	0.654461685117275	1.15617422055685	0.566058015721942	0.571354342577943	0.999994493201698
1386	2.4774109941687	0.101103120113113	1.12792468854298	0.0896364102497976	0.928576149659106	0.999994493201698
1387	2.34589770336111	-0.733575860941167	1.15105804898739	-0.637305704596313	0.523925735868863	0.999994493201698
1388	0.836434375900871	0.00860483811278438	1.00975039015823	0.00852174774741701	0.993200711335645	0.999994493201698
1389	4.55147239306663	0.455802041374441	0.889856590826011	0.51221966109319	0.608497284414752	0.999994493201698
1390	1.95795168355391	0.0299068248829863	1.16361953475836	0.0257015493377711	0.979495388073543	0.999994493201698
1391	0.235237725549933	-0.175946878235702	0.904443675158139	-0.194536025922165	0.845756189895344	0.999994493201698
1392	4.93357876031907	-0.0287559829150379	0.914459747548973	-0.0314458706270151	0.974913959752114	0.999994493201698
1393	3.25352751134743	-0.000628811226908137	1.15628046204774	-0.000543822409482322	0.999566092517043	0.999994493201698
1394	1.77791299912928	-0.185709510140259	1.16398564324234	-0.159546220538387	0.873238545927893	0.999994493201698
1395	4.78104778968934	-0.173547317369508	0.904045405875394	-0.191967478891683	0.847767679700403	0.999994493201698
1396	6.54116508881325	-0.869323413121507	0.770476586351473	-1.12829309614471	0.259196158172986	0.999994493201698
1397	14.2554489283414	-0.132830968780478	0.763079010344846	-0.174072366006306	0.861808590350867	0.999994493201698
1398	12.3112443009419	0.0223470756880314	0.676392814054967	0.0330386060047873	0.973643801294732	0.999994493201698
1399	3.81313157580703	0.203079998345526	1.13109892593037	0.179542207750294	0.8575119787351	0.999994493201698
1400	2.95761733042514	0.381447906434475	1.09334465117989	0.348881668760928	0.727178147754391	0.999994493201698
1401	4.38681841273851	0.165851822430705	0.894893677920876	0.185331315353609	0.85296917736372	0.999994493201698
1402	2.36603091527493	0.138448267485458	1.1241942100666	0.123153336181349	0.901985676524863	0.999994493201698
1403	1.64993638285949	-0.182845980570868	1.1130323892647	-0.164277322326316	0.869512833311988	0.999994493201698
1404	4.21862359720972	0.194562274562822	0.913296888705049	0.213032888832775	0.831301309854586	0.999994493201698
1405	24.9955974841085	-0.124983666795927	1.06837921439282	-0.116984367640433	0.906872441232843	0.999994493201698
1406	4.41728577587634	0.473287245558666	0.912702279721657	0.5185560024053	0.604070397397926	0.999994493201698
1407	3.44946295837282	-0.0503169407623184	1.16389320803304	-0.0432315786491727	0.965516932490735	0.999994493201698
1408	2.37432025829292	-0.339419262729234	1.13803588865362	-0.298250051789483	0.765512323231549	0.999994493201698
1409	3.67955879570978	-0.522588471993905	0.975790254992632	-0.535554100197333	0.592266758296706	0.999994493201698
1410	2.13058441327131	-0.333920154785958	1.15420431593921	-0.289307664314386	0.77234594771012	0.999994493201698
1411	7.22556261205751	0.0356240205003658	0.914086396352448	0.0389722685322954	0.968912498316081	0.999994493201698
1412	13.8322147013829	-0.222104818509684	0.760911064182046	-0.291893269745577	0.770368229489183	0.999994493201698
1413	1.23830052563607	-0.203202889483107	1.16103650528787	-0.175018518847282	0.861065082238442	0.999994493201698
1414	3.54654728909191	0.28480226160475	0.994955822282591	0.286246137995722	0.774689608402193	0.999994493201698
1415	4.05143282891323	0.0363170478911448	1.06026573682585	0.0342527789305616	0.972675579706889	0.999994493201698
1416	3.36838867070484	0.718681486423648	1.09763742567439	0.654753081129761	0.512626743346816	0.999994493201698
1417	7.44805210044356	-0.0213021608261505	0.953298863967406	-0.0223457318909371	0.98217216920367	0.999994493201698
1418	12.903449733875	-0.267046565893584	0.678585799974747	-0.393533973011993	0.693925137051196	0.999994493201698
1419	3.65439069344788	-0.383746037126638	0.996308647647679	-0.38516782729195	0.700113078077784	0.999994493201698
1420	1.23298341342009	0.842530253848422	1.1272062783988	0.747449929967777	0.45479201579647	0.999994493201698
1421	3.20581314022451	-0.377567267321037	1.15966975795497	-0.325581713872457	0.744740849201449	0.999994493201698
1422	3.18917778051683	-0.159341071278115	1.02129769753003	-0.156018241951857	0.87601864230175	0.999994493201698
1423	8.89950357765911	0.284884370492832	0.76126429543111	0.374225314654354	0.70823669167542	0.999994493201698
1424	1.58185480252349	-0.074088224619074	1.1654161268164	-0.0635723351636318	0.949310760511295	0.999994493201698
1425	3.89378094106212	0.130726224812097	1.08171315014147	0.120851100677661	0.903808974194866	0.999994493201698
1426	6.0355220299131	0.337311738572307	0.913467837100383	0.369265041277244	0.711930180088057	0.999994493201698
1427	3.38696184075364	-0.803409081650852	1.05051028875305	-0.764779831527872	0.444402659439761	0.999994493201698
1428	4.19618222658904	0.572296956770363	0.925288286140586	0.61850664851431	0.536241416576431	0.999994493201698
1429	2.93452758881994	0.0580021722076498	1.14181210996982	0.0507983508855787	0.959486204985017	0.999994493201698
1430	4.23179045791284	-0.0943151377568776	1.01782545874903	-0.0926633706655332	0.926170997738089	0.999994493201698
1431	6.01527975909605	-0.137888927381365	0.855056263207247	-0.161262987378345	0.87188627345989	0.999994493201698
1432	0.265968439188598	0.0495831223577735	0.905152889099588	0.0547787262846798	0.956314748915412	0.999994493201698
1433	0.597924346340981	-0.404836217252598	0.973638583224613	-0.415797221091848	0.677558392494358	0.999994493201698
1434	0.62599650387166	0.254521330826588	0.965935902902709	0.263497122388486	0.792167441211487	0.999994493201698
1435	1.08052588820457	0.066943657252485	1.0506333388365	0.0637174309798887	0.949195225035	0.999994493201698
1436	1.40702306219354	-0.0537591655661046	1.14156530878958	-0.0470925011054394	0.962439503959479	0.999994493201698
1437	2.71543002540701	-0.38705527237334	1.08079759097853	-0.358120036169685	0.720253485410128	0.999994493201698
1438	3.84454948276186	0.538216079080128	1.07135605835174	0.50236900690902	0.615407976167257	0.999994493201698
1439	1.52575979162833	0.215983585437705	1.10011194700529	0.196328733658109	0.844352872797759	0.999994493201698
1440	3.93174555566142	0.167137043412688	0.987769920088193	0.169206451840288	0.86563425513211	0.999994493201698
1441	3.72002249412957	0.145536214385433	1.08438433740764	0.134210915230808	0.893235794896569	0.999994493201698
1442	2.74419147587841	-0.219811297542515	1.15145641743126	-0.190898495344603	0.848605119037007	0.999994493201698
1443	2.91449717552191	0.163973035412959	1.11301488189275	0.147323309041577	0.882876835257829	0.999994493201698
1444	4.70108771737496	-0.287661370622744	1.09929682564055	-0.261677614192261	0.793570000594924	0.999994493201698
1445	0.470475451099866	-0.250418363905278	0.916882703445311	-0.27311930191757	0.784761509807324	0.999994493201698
1446	1.05201203651851	0.0402688155853871	0.93228063795988	0.0431938774074594	0.965546985656579	0.999994493201698
1447	1.09913051107951	-0.364151590222586	1.0600476676386	-0.343523787976237	0.731204448200723	0.999994493201698
1448	1.12445808562891	-0.134774466415457	1.12366101436007	-0.119942282141213	0.90452886992061	0.999994493201698
1449	2.3518967390123	0.0898399711398722	1.13897555240738	0.078877874902568	0.937129761669835	0.999994493201698
1450	2.40852157056069	0.0475137838301754	1.11147138175769	0.0427485445059652	0.965901981994018	0.999994493201698
1451	2.99716720773502	0.45793042948118	1.09930791569346	0.416562478031744	0.676998459322763	0.999994493201698
1452	0.804100548211573	0.77214200350212	1.0153727331643	0.760451781185636	0.446984581380716	0.999994493201698
1453	2.90970778433462	0.782472761369006	1.16096276455552	0.673986096073096	0.500320153324998	0.999994493201698
1454	3.12611323918887	0.209324811884667	1.04562868830354	0.200190387109865	0.841331684980822	0.999994493201698
1455	6.23861900311679	-0.135944874423809	0.793893853692262	-0.171238099138258	0.864036551114552	0.999994493201698
1456	3.99324370564585	0.144365165916009	1.07857476205212	0.133848084523447	0.89352270330864	0.999994493201698
1457	4.74251873135426	-0.148798704061932	0.89454286088082	-0.16634049699465	0.867888997956209	0.999994493201698
1458	6.52866649945438	0.49255571029121	0.94603242820281	0.520654150542095	0.60260771953009	0.999994493201698
1459	0.221508520735579	0.136799148800564	0.902815744704698	0.151524992339726	0.879561597409923	0.999994493201698
1460	1.27364330683448	0.0526621055834709	1.05752445477994	0.0497975298305788	0.960283735152433	0.999994493201698
1461	2.03027498308392	-0.0898014364557626	1.15440564736709	-0.0777901915679095	0.937994948801164	0.999994493201698
1462	0.748569981052186	0.475962699700305	1.00380004991718	0.474160864745498	0.635385198459902	0.999994493201698
1463	1.36244039416012	0.0312621844777616	1.09133826147484	0.0286457330246203	0.977147137355642	0.999994493201698
1464	3.12702706029878	-0.0222927977065742	1.06572533286182	-0.0209179579570571	0.983311101379846	0.999994493201698
1465	1.95034953385209	-0.193415266477256	1.1625276927189	-0.166374760522822	0.867862035303194	0.999994493201698
1466	1.88267292496438	0.162658716304692	1.16482068406707	0.139642709414083	0.888942293978532	0.999994493201698
1467	0.38748647431177	-0.161546509783431	0.91327181947917	-0.176887654187731	0.859596636234994	0.999994493201698
1468	0.872832599156638	0.579918656451145	1.01867688417628	0.569286164690071	0.56916195438187	0.999994493201698
1469	1.49502907798966	0.102149468505906	1.00851148272283	0.101287362866824	0.919322347573443	0.999994493201698
1470	1.25889328304532	0.0744816401427921	1.13515907741539	0.0656133943027414	0.947685624982928	0.999994493201698
1471	3.87160082131774	0.172018459599933	0.971016984111085	0.177152884465154	0.859388302981738	0.999994493201698
1472	3.07471632272675	0.841053508823529	1.16337540338109	0.722942488193576	0.469715218538871	0.999994493201698
1473	1.94131842347078	0.48838034355468	1.13489040205075	0.430332605397116	0.666953712283186	0.999994493201698
1474	2.43597998018939	-0.105181412666328	1.11354191298159	-0.0944566265895619	0.924746435311649	0.999994493201698
1475	0.360555785711739	0.631266080462902	0.906923240616222	0.696052380391067	0.486396026920357	0.999994493201698
1476	2.48501314387051	0.353209783599393	1.12464889656342	0.314062268392113	0.753473746118851	0.999994493201698
1477	1.06125192335351	-0.38155822092602	1.15069173273417	-0.331590303529334	0.740198642380555	0.999994493201698
1478	1.05225753567929	-0.0567142683386784	1.03530110211378	-0.0547804578039033	0.956313369434286	0.999994493201698
1479	1.17946093175962	-0.0509623231662826	1.05918158800953	-0.0481148121749866	0.961624741469337	0.999994493201698
1480	1.86151572381935	0.463989164079158	1.1647186521812	0.398370167087332	0.690357345226053	0.999994493201698
1481	1.24658986865405	0.50704018254639	1.07137273286827	0.473262168236208	0.636026149267851	0.999994493201698
1482	7.78993821636435	0.265725974448209	0.966618290542751	0.274902696388049	0.783390995515184	0.999994493201698
1483	13.2377556837901	0.485409064922678	0.799638437324137	0.607035682960692	0.543827231766516	0.999994493201698
1484	1.57087018069042	0.410858332727228	1.16540393875147	0.352545859049861	0.724428932621129	0.999994493201698
1485	1.51014525089545	1.21762450216754	1.14744640345108	1.06116024112795	0.288617084650267	0.999994493201698
1486	1.9455968653719	0.0244668137648824	1.15417599730687	0.0211985120310704	0.983087301243959	0.999994493201698
1487	6.97467889294856	-0.377986791916448	0.800220454827239	-0.472353324182461	0.636674614610255	0.999994493201698
1488	2.13679959488169	-0.723992385765915	1.15512693264392	-0.626764354034061	0.530813712672645	0.999994493201698
1489	1.49360328756658	-0.183924684193057	1.16080284977185	-0.158446099808599	0.874105290147799	0.999994493201698
1490	1.26269540770851	-0.326246430979103	1.12964589751172	-0.288804156858116	0.772731250887798	0.999994493201698
1491	0.900291008785346	0.228633728501892	1.01789218876358	0.224614876728359	0.822278890641159	0.999994493201698
1492	0.58153658541864	0.284316614176459	0.920817880125256	0.308765305619157	0.757500062517143	0.999994493201698
1493	1.47075694549762	0.212265219950539	1.14888357914819	0.184757815154706	0.853418996765102	0.999994493201698
1494	0.58153658541864	0.284316614176459	0.920817880125256	0.308765305619157	0.757500062517143	0.999994493201698
1495	0.265968439188598	0.0495831223577735	0.905152889099588	0.0547787262846798	0.956314748915412	0.999994493201698
1496	0.764516047819143	0.37751186565464	0.987003453782493	0.382482821319318	0.702103268659458	0.999994493201698
1497	0.248966930364287	-0.497606914239558	0.904670996499285	-0.550041856282669	0.582290665197279	0.999994493201698
1498	0.531936878377196	0.0414638276441393	0.919615689441542	0.0450882125220365	0.964036996913102	0.999994493201698
1499	0.512804534473576	0.50098339018905	0.960230079676878	0.52173265636256	0.601856484023866	0.999994493201698
1500	0.514935369552885	-0.321804543263506	0.961854914781106	-0.334566615316137	0.737952032033892	0.999994493201698
1501	0.360028064683062	0.321338623915366	0.910789231808641	0.35281337623772	0.724228355060832	0.999994493201698
1502	1.23499149891901	0.132854861926491	1.06602456717813	0.124626454227195	0.900819284226577	0.999994493201698
1503	0.304497497523674	-0.0431887436667238	0.908039688221683	-0.0475626167302282	0.962064825819556	0.999994493201698
1504	1.14093187342454	-0.0157446633572152	1.06172116154047	-0.0148293769847922	0.988168302711355	0.999994493201698
1505	1.05253975754718	0.198662672875883	1.04125605341171	0.190791373769169	0.848689047278083	0.999994493201698
1506	0.570465936712272	-0.00897470218530808	0.964520933293297	-0.00930482882799083	0.99257592786655	0.999994493201698
1507	1.01626428387181	-0.492436827282437	1.11244215777213	-0.442662860124462	0.658009609928481	0.999994493201698
1508	0.498547608630545	0.439497809069423	0.916867380815593	0.4793471970597	0.631691651092204	0.999994493201698
1509	1.39582966390677	-0.21768256711561	1.1001915897852	-0.19785878126746	0.843155554347956	0.999994493201698
1510	6.50967265684666	0.478203402143511	0.759357350274357	0.629747512117628	0.528859791594043	0.999994493201698
1511	1.66811608332155	0.315313081840197	1.16289706946988	0.271144446158022	0.786279938402294	0.999994493201698
1512	0.235237725549933	-0.175946878235702	0.904443675158139	-0.194536025922165	0.845756189895344	0.999994493201698
1513	1.41469865730955	-0.121251623960469	1.08904829632834	-0.111337233040317	0.911348931235713	0.999994493201698
1514	3.85725996822596	-0.139937110929282	1.07076458353102	-0.1306889610299	0.896021365265652	0.999994493201698
1515	0.595265790232995	0.109200319179576	0.921811850313088	0.118462698372218	0.90570104932124	0.999994493201698
1516	0.692511692864121	0.0266086099200716	0.981837402330011	0.0271008314176322	0.978379311630015	0.999994493201698
1517	9.21022253937861	0.248439129589667	0.987823523201915	0.251501532160705	0.801426377762671	0.999994493201698
1518	45.9945337458911	0.257272278779432	0.814160745347474	0.315996908779521	0.752004854451026	0.999994493201698
1519	1.92475860880185	-0.0503786432692452	1.14095681452443	-0.0441547327891143	0.964781064836165	0.999994493201698
1520	1.40114677612275	-1.14301748441508	1.11525281956381	-1.02489539982704	0.305412545424302	0.999994493201698
1521	4.41899276814032	-0.477636377634581	0.941201919076318	-0.507474929612688	0.611821622763175	0.999994493201698
1522	5.81809785570859	0.266048539857323	1.04139244809854	0.255473851709888	0.798357137005808	0.999994493201698
1523	5.56746173538498	-0.0922512534615594	1.11707397620407	-0.0825829402767384	0.934183166620413	0.999994493201698
1524	0.443017041471157	0.156043573514936	0.916230155050019	0.170310453825237	0.864765990402077	0.999994493201698
1525	6.05562378900078	0.0525823837178738	0.836314794419236	0.0628739131111374	0.949866908054855	0.999994493201698
1526	3.84393573485989	0.0666183640974783	1.07103416075853	0.0622000366919183	0.950403533272282	0.999994493201698
1527	3.3785979727239	0.276169982288526	1.01286255238309	0.272662842197834	0.785112400349682	0.999994493201698
1528	1.70386383596824	0.546849129289853	1.12892192452407	0.484399423388286	0.628102427568295	0.999994493201698
1529	0.695256275845401	0.317932973915317	0.976175417122382	0.325692460943685	0.74465704879529	0.999994493201698
1530	5.86827985782586	0.0086486949364852	0.945264145526683	0.00914950067387388	0.992699856526662	0.999994493201698
1531	1.09372737199025	-0.207690545708164	1.04456273217601	-0.1988301317964	0.842395624784824	0.999994493201698
1532	1.830257289152	0.180465490134788	1.12702873532119	0.160125012325757	0.872782598402405	0.999994493201698
1533	9.90626150454353	0.0166081391197353	0.688788886062152	0.02411208928571	0.98076320027126	0.999994493201698
1534	1.51533961353103	0.156876040945619	1.16535394219086	0.134616647583217	0.892914978553316	0.999994493201698
1535	3.06516276119772	-0.150163096723455	1.13946901831325	-0.1317833958713	0.895155620174273	0.999994493201698
1536	2.90960288609427	-0.120523117604861	1.05702078760462	-0.114021520691174	0.909220733653883	0.999994493201698
1537	3.01367771823775	0.000873602534352957	1.0804506700541	0.000808553836436803	0.999354867447623	0.999994493201698
1538	3.39785516583246	0.129200948749848	1.10338006853243	0.117095597822149	0.90678429816799	0.999994493201698
1539	6.97449737007192	0.379460788680521	0.764244817849609	0.496517319866463	0.619529470677445	0.999994493201698
1540	9.8561267069679	0.30828685870781	0.814376166806971	0.378555845901716	0.705017715771822	0.999994493201698
1541	5.15728629166719	0.190577949294052	0.978907929329377	0.194684243108146	0.845640148061211	0.999994493201698
1542	10.4259358904857	0.0682685016398075	0.937000862327763	0.0728585259465077	0.941918697687863	0.999994493201698
1543	1.35703725507086	0.154868827843249	1.08202000696479	0.143129356986362	0.886188020109897	0.999994493201698
1544	1.37363379244689	0.25221161290863	1.13209656172249	0.222782774399464	0.823704575146899	0.999994493201698
1545	3.19261165643883	-0.223633746080364	1.12464540285509	-0.198848228528418	0.842381468318439	0.999994493201698
1546	2.9066988308255	0.290192253263888	1.09010290418464	0.266206293139767	0.790080336621845	0.999994493201698
1547	1.77608223725791	-0.925956675371428	1.16390432419154	-0.795560817264429	0.426287348596307	0.999994493201698
1548	1.93081221850019	-0.129961616451496	1.15473289258281	-0.1125469078488	0.910389778888528	0.999994493201698
1549	4.04933871654102	-0.0682504913684773	1.02631180898201	-0.0665007366875904	0.946979171217843	0.999994493201698
1550	1.05201203651851	0.0402688155853871	0.93228063795988	0.0431938774074594	0.965546985656579	0.999994493201698
1551	1.41256782223024	0.330997449706791	1.08963803741887	0.303768259128377	0.761304450259195	0.999994493201698
1552	0.498547608630545	0.439497809069423	0.916867380815593	0.4793471970597	0.631691651092204	0.999994493201698
1553	4.1072456179405	0.291068644308504	1.06106233845688	0.274318137360156	0.783840147334468	0.999994493201698
1554	3.607765316833	-0.0894961301058974	1.13217447409053	-0.0790480020120476	0.936994442401928	0.999994493201698
1555	27.0988557064615	-0.105797698800414	0.923580101406509	-0.114551730423053	0.908800441292266	0.999994493201698
1556	2.26486223802478	-0.198600871926533	1.16022620908738	-0.17117426788932	0.864086740107279	0.999994493201698
1557	2.23150969098523	-0.637879843221307	1.15838636635957	-0.550662422958199	0.581865108600843	0.999994493201698
1558	5.10717461531258	-0.27246964391582	0.856987482030009	-0.317938884323492	0.750531296341434	0.999994493201698
1559	2.37326481623557	0.355829618888738	1.16005417725341	0.306735345526028	0.759044823963503	0.999994493201698
1560	25.8735604606508	-0.0594863047368341	1.00348999046596	-0.0592794201257677	0.95272955264476	0.999994493201698
1561	1.2179899900947	-0.0662413473018694	0.962655230595003	-0.068811081264189	0.945139997423937	0.999994493201698
1562	0.830503515782927	0.00386986032049743	0.927241299523168	0.00417352022875545	0.996670022312356	0.999994493201698
1563	1.85848891897018	0.00662394195905483	1.16404858808089	0.00569043425410223	0.995459714867595	0.999994493201698
1564	2.86604103703566	0.0714414542864597	1.16234821570373	0.0614630394930372	0.950990448942235	0.999994493201698
1565	1.3284373765115	-0.310698193473513	0.983390367129519	-0.315945939536127	0.752043541777183	0.999994493201698
1566	9.80477388271839	0.0324482624705954	0.731204946268278	0.044376426385237	0.964604352152874	0.999994493201698
1567	2.33137742701724	-0.364539807177456	1.16141539564537	-0.313875473447542	0.753615619060822	0.999994493201698
1568	5.28510343564949	0.544592733416722	0.97841395949299	0.556607689549859	0.577795498850584	0.999994493201698
1569	5.33482589227133	0.614188155347974	1.0133487334038	0.606097521121817	0.544449996973582	0.999994493201698
1570	4.60333086545766	-0.12907871962418	0.994351293998186	-0.129811989387742	0.89671517702217	0.999994493201698
1571	14.5997827080037	-0.00239293264060357	1.15560295046855	-0.00207072216251554	0.998347803937556	0.999994493201698
1572	6.86276689377703	-0.178541854898311	0.814262557806442	-0.219268162568212	0.826441161031764	0.999994493201698
1573	1.3179804757071	0.0627111206478482	1.07692590095655	0.0582316021855792	0.953564148519475	0.999994493201698
1574	0.531936878377196	0.0414638276441393	0.919615689441542	0.0450882125220365	0.964036996913102	0.999994493201698
1575	2.83118925415883	0.614928870856505	1.10850388913206	0.554737675605258	0.579074102226158	0.999994493201698
1576	1.55597955598082	0.909172733743145	1.16534530023905	0.780174540161309	0.435288146070238	0.999994493201698
1577	3.3407918103851	-0.561720310796038	1.12791748247475	-0.498015430671024	0.618473166169334	0.999994493201698
1578	2.79993081949148	0.368941133083786	1.14152137439553	0.323201248228182	0.746542835646529	0.999994493201698
1579	8.52825485378973	-0.568697265006617	1.05812100729199	-0.53745957323167	0.590950202559545	0.999994493201698
1580	1.46809838938963	0.513422347612949	1.0972064449697	0.467935956780794	0.639830389051771	0.999994493201698
1581	1.07947044614721	-0.162394542100032	0.938012907515593	-0.173126127368703	0.862552288366009	0.999994493201698
1582	2.2977059354027	-0.310350668032883	1.1450493794016	-0.271036929599553	0.786362629209238	0.999994493201698
1583	4.91270168141737	0.193696964726836	0.854358635597486	0.226716225079619	0.820644409820528	0.999994493201698
1584	5.38590386415846	0.368618158778887	0.881292088152609	0.418270132835977	0.675749624055563	0.999994493201698
1585	0.476406311217809	-0.271936611075788	0.953224442182882	-0.285280778630743	0.775429037697135	0.999994493201698
1586	5.33808249517065	-0.205769196765601	0.855408621740363	-0.240550763151013	0.809903314947201	0.999994493201698
1587	13.6340666422589	-0.467632013344236	0.718996675789046	-0.650395236989161	0.515436953163493	0.999994493201698
1588	2.56219401012106	0.192989217213146	1.1619168196595	0.166095553440479	0.868081753393645	0.999994493201698
1589	29.0477793323926	0.161855656535472	1.06423320747307	0.152086643603036	0.879118598521563	0.999994493201698
1590	4.40209615755635	0.256421579703125	0.947810777077894	0.270540898990064	0.786744156718889	0.999994493201698
1591	4.50552051909075	0.222861694405925	1.0648196975937	0.209295240226634	0.834217767249813	0.999994493201698
1592	1.86098800279067	0.265952278047435	1.13690331719442	0.233926908317706	0.815041722881585	0.999994493201698
1593	1.78898364783565	0.0404034609582572	1.16096433491846	0.0348016383820223	0.972237914184465	0.999994493201698
1594	4.32168180962749	-0.179662719317021	1.11897596851268	-0.160559944424744	0.872440005212122	0.999994493201698
1595	0.77497294862354	-0.188968214503603	0.925927986182131	-0.204085217558628	0.838286905911085	0.999994493201698
1596	0.733785334180478	0.219534992179708	0.92506776718836	0.237317740349942	0.812410300357802	0.999994493201698
1597	3.21774303599364	0.192547606751092	1.14867970867397	0.167625148504946	0.866878185487123	0.999994493201698
1598	2.62700118682255	0.410305045055343	1.12017671242727	0.366285998006751	0.714151676681553	0.999994493201698
1599	2.30150596044133	0.109989725187632	1.15481276936324	0.0952446388762047	0.924120514425993	0.999994493201698
1600	1.58713519203237	-0.147615269974932	1.16095700549584	-0.12714964402311	0.898821960038214	0.999994493201698
1601	2.93570578045769	0.250718749923953	1.15686472809204	0.216722615735249	0.828424522046645	0.999994493201698
1602	4.3249520140129	-0.123983001272622	0.913546513323994	-0.135716134279252	0.892045692426268	0.999994493201698
1603	4.38593613364582	0.158060963813262	0.888903794064576	0.177815602620523	0.858867793504386	0.999994493201698
1604	7.23490739713285	0.397524064046554	0.93560168765868	0.424886005754594	0.670919776704467	0.999994493201698
1605	0.443017041471157	0.156043573514936	0.916230155050019	0.170310453825237	0.864765990402077	0.999994493201698
1606	1.18011140236869	0.0583763184959653	1.1559381971124	0.0505012453449436	0.959722957031007	0.999994493201698
1607	1.61811140483182	-0.193930301153052	1.16535796903188	-0.166412644274583	0.867832224003025	0.999994493201698
1608	5.69728486524164	-0.0521534873582418	0.894511841714272	-0.0583038534831391	0.953506598103154	0.999994493201698
1609	1.2179899900947	-0.0662413473018694	0.962655230595003	-0.068811081264189	0.945139997423937	0.999994493201698
1610	1.05201203651851	0.0402688155853871	0.93228063795988	0.0431938774074594	0.965546985656579	0.999994493201698
1611	1.83050278831279	0.143117590614835	1.15727206278235	0.123668059756621	0.901578102103215	0.999994493201698
1612	1.52894606876499	0.033390854692038	1.15702585082618	0.0288592123228666	0.976976875912357	0.999994493201698
1613	0.0692597719737415	0.240195307785242	0.894972942750804	0.268382759200489	0.788404709040391	0.999994493201698
1614	2.32366510919412	0.221767231183786	1.16126458274476	0.190970459685956	0.848548736955901	0.999994493201698
1615	2.79016111200326	0.425802446569176	1.09305692604359	0.389551940456024	0.696867895901676	0.999994493201698
1616	6.14336543426907	-0.0831914473535371	0.855224216382874	-0.0972744290443399	0.922508462347051	0.999994493201698
1617	4.77916455339537	0.156488425622202	1.08675849825681	0.143995584919017	0.885503956027593	0.999994493201698
1618	3.21422523282289	-0.00348622930168912	1.16523167332455	-0.00299187653536956	0.997612831465988	0.999994493201698
1619	3.42200454874412	0.0998987523724363	1.16412052862233	0.0858147845658737	0.931613653451165	0.999994493201698
1620	2.05115206198561	-0.340800100430665	1.14214994900548	-0.29838472674049	0.765409544738549	0.999994493201698
1621	7.4065864633817	0.228111851781012	0.722641620025079	0.315663871910803	0.752257651610559	0.999994493201698
1622	0.850286330295619	-0.291945175351102	1.08911067467885	-0.268058317798777	0.788654429580798	0.999994493201698
1623	3.96385065593243	0.384082803552542	1.08289465863971	0.35468159390038	0.722828141549181	0.999994493201698
1624	3.46813365715646	0.174961718014217	1.06574495388978	0.16416846955328	0.869598521957885	0.999994493201698
1625	6.67696623272463	0.0364587279845521	0.883023108907319	0.0412885321083695	0.967065875327376	0.999994493201698
1626	0.978140196985017	-0.128483213683258	1.11285673319682	-0.115453507940931	0.90808566926554	0.999994493201698
1627	1.35969581117884	-0.214882757219346	1.14208950495056	-0.188148788941588	0.850760015940075	0.999994493201698
1628	3.47385364119617	0.365197686392856	1.03671778658074	0.352263355678824	0.724640766975973	0.999994493201698
1629	2.06593670885732	-0.280067450321953	1.16529764305552	-0.240339841062057	0.810066811268861	0.999994493201698
1630	55.3397700162672	-0.157930120415307	1.11073214022501	-0.142185604157735	0.88693340247644	0.999994493201698
1631	1.19158702252334	0.474105764537526	1.07345508884169	0.441663344340849	0.658732838600766	0.999994493201698
1632	15.5967268425098	0.497875728778572	0.762176721320771	0.653228726161836	0.513608833557752	0.999994493201698
1633	5.36404268898907	0.119298031925939	0.867079931236486	0.137585968292238	0.890567645734357	0.999994493201698
1634	0.235237725549933	-0.175946878235702	0.904443675158139	-0.194536025922165	0.845756189895344	0.999994493201698
1635	1.28990831817642	-0.373474076260564	1.07581565911525	-0.347154341077083	0.728475370714506	0.999994493201698
1636	0.443017041471157	0.156043573514936	0.916230155050019	0.170310453825237	0.864765990402077	0.999994493201698
1637	3.04849277840749	0.0315663871422507	1.15963902518863	0.0272208734412988	0.978283567275131	0.999994493201698
1638	0.304497497523674	-0.0431887436667238	0.908039688221683	-0.0475626167302282	0.962064825819556	0.999994493201698
1639	1.67948680523586	-0.679300782411515	1.15048391884162	-0.590447872661686	0.554890423529528	0.999994493201698
1640	21.638270059873	-0.306350895575945	0.956537897444589	-0.320270526023452	0.748763264190102	0.999994493201698
1641	14.0992197112618	-0.0266120071452194	0.760911967539157	-0.0349738317709531	0.972100607325367	0.999994493201698
1642	21.8175176638024	-0.0609311758231038	1.02039354822156	-0.0597134075664244	0.952383893097562	0.999994493201698
1643	1.75825293419698	-0.0459126806272241	1.12112977615905	-0.0409521552308773	0.967334038431239	0.999994493201698
1644	14.4150008748338	-0.271418401157957	0.952422833081247	-0.28497678943697	0.775661924284614	0.999994493201698
1645	27.5275811900414	-0.19957545721599	1.00325074543158	-0.198928790359519	0.84231844811873	0.999994493201698
1646	5.74913605731824	-0.447475995323143	0.816762163491607	-0.547865725574519	0.58378410458304	0.999994493201698
1647	1.0141334487925	0.325461110778404	1.14659669619986	0.283849684773272	0.776525576822774	0.999994493201698
1648	0.67825476702109	0.0176760356260149	0.924150990095805	0.0191267831939264	0.98473996543691	0.999994493201698
1649	0.817424781577644	0.398985297314411	1.0823861289815	0.368616417590131	0.712413656590517	0.999994493201698
1650	3.99884303972971	-0.16624192656598	1.04982034848202	-0.15835273797689	0.874178853433572	0.999994493201698
1651	4.43233587287344	-0.247926209172879	0.932718961257136	-0.265810195215415	0.790385390958191	0.999994493201698
1652	1.39901594104344	-0.548180095710969	1.15332410633931	-0.475304463591689	0.634569978060456	0.999994493201698
1653	1.16245942293531	-0.212876718631924	0.953532893101606	-0.223250524624786	0.823340531098434	0.999994493201698
1654	17.1351268444445	0.0552843339127704	0.821278487551234	0.0673149665439418	0.946330962334982	0.999994493201698
1655	3.89031034243302	-0.0182642715749944	0.994556746001698	-0.0183642327583823	0.985348285752063	0.999994493201698
1656	0.691983971835444	-0.127644093173444	0.924312353398394	-0.138096275251692	0.890164329491788	0.999994493201698
1657	1.19077707962678	0.0909754713485643	1.05336732990733	0.0863663308758283	0.931175210962381	0.999994493201698
1658	16.4717836731246	-0.060259892655584	0.786272905953108	-0.0766399200574487	0.938910000714613	0.999994493201698
1659	14.7649476063543	-0.0675074016867629	0.686141839933774	-0.0983869482340251	0.921625038196029	0.999994493201698
1660	20.9611934249191	0.257524954940752	0.895476734182805	0.287584194106131	0.773665045259491	0.999994493201698
1661	0.221508520735579	0.136799148800564	0.902815744704698	0.151524992339726	0.879561597409923	0.999994493201698
1662	1.16331866999807	0.432304083872404	1.05335842082027	0.410405494775236	0.681508516182347	0.999994493201698
1663	0.304497497523674	-0.0431887436667238	0.908039688221683	-0.0475626167302282	0.962064825819556	0.999994493201698
1664	2.5509638891272	0.600149989407544	1.14913500583932	0.522262385496817	0.601487654795417	0.999994493201698
1665	23.6478378675724	-0.0526717196145635	0.973721840805435	-0.0540931890477006	0.956860918657031	0.999994493201698
1666	4.5816238926948	0.694497971316943	0.934173115904038	0.743436050013973	0.457217725314804	0.999994493201698
1667	2.99401765330546	0.107770800360504	1.11673201672841	0.0965055167633062	0.923119092635607	0.999994493201698
1668	1.34395852086557	0.500491017003055	1.13939615433411	0.439259879102853	0.660473241752571	0.999994493201698
1669	3.88965987182395	0.644554074984603	1.00395549838185	0.642014587323324	0.520863711617655	0.999994493201698
1670	1.55599950694542	-0.486970257026218	1.1518543083355	-0.422770704161291	0.672462563913876	0.999994493201698
1671	10.6705750970806	0.348774540262384	0.802131963909412	0.434809427818504	0.66370076110168	0.999994493201698
1672	1.09817786763795	0.684917883330471	1.15124562337535	0.594936362339734	0.551886009951226	0.999994493201698
1673	1.23233294281102	0.377009718312862	0.967729319598191	0.38958178767323	0.696845821490196	0.999994493201698
1674	0.895151220196921	-0.0288693904766831	1.09453295559613	-0.0263759901692129	0.978957444555636	0.999994493201698
1675	1.79561955260981	-0.871763840348726	1.16498339727406	-0.748305806236003	0.454275723123515	0.999994493201698
1676	2.76026029222576	-0.290061174754349	1.16002619777227	-0.2500470897221	0.802550932660188	0.999994493201698
1677	3.90608435545339	-0.195543638322029	0.96308847886641	-0.203038082806463	0.839105266319421	0.999994493201698
1678	13.8273382543296	-0.0626645910480614	0.919228210659429	-0.0681708745678156	0.945649611747143	0.999994493201698
1679	1.59187000917251	-0.0868024625818692	1.09280263184645	-0.0794310519139252	0.936689770805721	0.999994493201698
1680	4.84147054665182	0.0178085931816869	0.861857365850827	0.020663039949895	0.98351445256798	0.999994493201698
1681	3.45280660817243	-0.170132246702667	1.01965903279681	-0.166852095877593	0.867486426601469	0.999994493201698
1682	2.92290926812029	0.557590292101538	1.16264526392139	0.479587634684795	0.631520640611575	0.999994493201698
1683	0.761894214418257	0.0538598920800103	1.0700546084785	0.0503337789055395	0.95985640620055	0.999994493201698
1684	3.58088710265557	-0.751322747794363	1.05617500584984	-0.711361984172139	0.476859950273695	0.999994493201698
1685	0.456868995865906	-0.179969191118574	0.942825788573193	-0.190882762541876	0.848617445358191	0.999994493201698
1686	3.27698760131836	0.322798923505686	1.0653665107618	0.302993308166658	0.761894961355505	0.999994493201698
1687	2.29031256215457	-0.0698610364501596	1.14877201418585	-0.0608136650157439	0.951507607356274	0.999994493201698
1688	6.16693042248034	0.213685910015663	0.829961951478679	0.257464706225334	0.796820057488126	0.999994493201698
1689	4.63745873231122	0.0822137496137339	0.975770004618871	0.0842552540297097	0.9328534879563	0.999994493201698
1690	5.0409626191796	-0.121013696446997	0.917664886781925	-0.131871337990679	0.895086059576474	0.999994493201698
1691	9.94008407891307	-0.233428018516613	0.9606350119095	-0.242993452895931	0.808010469312084	0.999994493201698
1692	3.74422537149083	-0.0233379629821933	0.962120710505752	-0.0242567930690582	0.980647777116436	0.999994493201698
1693	11.6375806304889	-0.208074726839186	0.780486610426233	-0.266596151759162	0.789780118886814	0.999994493201698
1694	1.47153016568708	0.37735432839023	1.16525161907575	0.323839351272078	0.74605966218581	0.999994493201698
1695	2.86817187211497	-0.312477630370614	1.16201628021341	-0.268909855818222	0.787999052401632	0.999994493201698
1696	1.36022353220752	-0.0642895855876387	1.14743794221353	-0.0560288127335384	0.955318853964952	0.999994493201698
1697	1.08008419404919	0.410637949461916	0.941216537664184	0.436284248129549	0.662630509021977	0.999994493201698
1698	1.66279897110557	1.27244124698587	1.15904740587089	1.097833652481	0.272277133726513	0.999994493201698
1699	5.50865676459109	0.0145065767538476	0.954651864407522	0.0151956721551586	0.987876074384322	0.999994493201698
1700	3.15643898137925	0.148065437054235	1.03071162449722	0.143653601584693	0.88577401163512	0.999994493201698
1701	6.21829271585991	0.109980543001363	0.880158306038794	0.124955411142272	0.900558850338749	0.999994493201698
1702	2.81353727472544	0.26466510425991	1.15712225823703	0.22872700129643	0.819081107046438	0.999994493201698
1703	1.05806564621684	0.016362453897142	1.10894275218423	0.0147550032361127	0.988227637885255	0.999994493201698
1704	3.46924577288552	-0.172712440512109	1.13609211709254	-0.15202327162881	0.879168580874853	0.999994493201698
1705	13.1419996370572	0.323036707271671	0.764903123581587	0.422323686899175	0.672788771121567	0.999994493201698
1706	2.29860190517256	0.40783396436404	1.15329280674189	0.353625689833436	0.723619419122102	0.999994493201698
1707	3.86641172856312	-0.216860768882872	0.977344709348485	-0.221887699200249	0.824401306478928	0.999994493201698
1708	4.89296817107087	0.522476132483296	0.909865805694625	0.574234276322121	0.565809277482651	0.999994493201698
1709	1.93028449747151	-0.276288988018929	1.15998095354965	-0.238184072913836	0.811738329664197	0.999994493201698
1710	2.2585610295411	-0.299405121449731	1.14692692230982	-0.261049867803917	0.794054051159822	0.999994493201698
1711	5.26722380839538	-0.191455169349871	0.969873202316578	-0.197402267525872	0.843512755305096	0.999994493201698
1712	6.23505082514798	-0.0954404606174878	1.04226595162806	-0.091570160637413	0.927039560177003	0.999994493201698
1713	3.15677260703788	0.508646362373845	1.16417816028993	0.436914537416824	0.662173328641244	0.999994493201698
1714	0.304497497523674	-0.0431887436667238	0.908039688221683	-0.0475626167302282	0.962064825819556	0.999994493201698
1715	0.957952411024042	-0.109278907489092	1.02669516018648	-0.106437540300904	0.915235209379858	0.999994493201698
1716	2.43597998018939	-0.105181412666328	1.11354191298159	-0.0944566265895619	0.924746435311649	0.999994493201698
1717	2.45032293290572	0.23617062405081	1.11490885568273	0.211829534627014	0.832240026045947	0.999994493201698
1718	6.89201934257	-0.267349859234902	0.803527587990236	-0.332720199319592	0.739345500614287	0.999994493201698
1719	9.97629449670674	0.38944539180609	0.670271592377863	0.5810262529917	0.56122275999297	0.999994493201698
1720	26.8907752973053	-0.233164675534164	0.959796214884065	-0.242931438901671	0.808058510241588	0.999994493201698
1721	2.29770383577815	0.377221907616789	1.1430721424001	0.330007086713477	0.741394607394662	0.999994493201698
1722	3.00500227513853	-0.186866341586135	1.1514278944529	-0.162290962800519	0.871076730981183	0.999994493201698
1723	4.11231513137114	-0.246677784061486	0.915684835737292	-0.269391579323104	0.787628365456723	0.999994493201698
1724	3.17553460257577	0.474439264226768	1.05441179025399	0.449956334528927	0.652741926044466	0.999994493201698
1725	5.13047625302301	0.364182326578417	0.875377142217568	0.416029056522819	0.677388741297396	0.999994493201698
1726	3.75698516112112	0.138947824112677	0.970709306241088	0.143140508924067	0.886179212834665	0.999994493201698
1727	1.62566425036744	-0.183938921466679	1.16061299872803	-0.158484285173667	0.874075202781255	0.999994493201698
1728	1.84504193602371	0.370603504815017	1.16484862892356	0.318155935125659	0.750366656056015	0.999994493201698
1729	1.35675503320297	-0.0710206604355165	1.07303888777888	-0.0661864739893303	0.947229365353985	0.999994493201698
1730	2.6316132543823	0.3942321271935	1.16534717907451	0.338295860900945	0.73514024256705	0.999994493201698
1731	0.830503515782927	0.00386986032049743	0.927241299523168	0.00417352022875545	0.996670022312356	0.999994493201698
1732	0.304497497523674	-0.0431887436667238	0.908039688221683	-0.0475626167302282	0.962064825819556	0.999994493201698
1733	3.81996367557579	-0.650346683815244	0.960878404189748	-0.676825164328303	0.498516889964942	0.999994493201698
1734	9.23317904956887	0.434116579288844	0.78180043926641	0.555277993571083	0.578704528746663	0.999994493201698
1735	1.511416838912	-0.299101292888145	1.10021356711338	-0.271857484609006	0.785731602758548	0.999994493201698
1736	2.20862452658462	0.222935444366313	1.13651171431393	0.196157630016943	0.84448679009365	0.999994493201698
1737	5.75258568495575	-0.855150323030617	0.865989527789096	-0.987483445918622	0.323405694321844	0.999994493201698
1738	3.07753435112223	0.161061553493207	1.10213892593564	0.146135436924593	0.883814472073462	0.999994493201698
1739	1.81399227781006	0.573010393814683	1.11482869063526	0.513989636818701	0.60725923610875	0.999994493201698
1740	6.76489359115297	-0.139937429709659	0.959478781848248	-0.145847341657829	0.884041902213371	0.999994493201698
1741	2.44030772625671	0.387441680176655	1.15896585237846	0.334299478609778	0.738153583839769	0.999994493201698
1742	6.55112782103966	-0.202924713427458	1.04260456374234	-0.194632481464571	0.845680672779323	0.999994493201698
1743	3.28454044685399	0.227147349078894	1.13137536293217	0.200770987703144	0.840877649451095	0.999994493201698
1744	1.74744563599145	-0.596910815468695	1.1396977586225	-0.5237448358152	0.60045602638816	0.999994493201698
1745	0.803167855734613	0.29617469507646	0.993753114000661	0.298036495084898	0.765675309561592	0.999994493201698
1746	3.19028462636493	0.392024529704825	1.14963894712297	0.340997954780399	0.73310512141644	0.999994493201698
1747	3.15036650031387	-0.381359316412523	1.04039962786983	-0.36655080047783	0.713954112879792	0.999994493201698
1748	1.71972387586191	-0.0182900864758503	1.15903519748601	-0.0157804409352901	0.987409552367644	0.999994493201698
1749	1.76418379431492	-0.0522893544353117	1.16370898306561	-0.0449333597971922	0.964160426415693	0.999994493201698
1750	0.304497497523674	-0.0431887436667238	0.908039688221683	-0.0475626167302282	0.962064825819556	0.999994493201698
1751	4.91045019638222	0.0389744223627855	0.976846968208842	0.0398981863395138	0.968174297044815	0.999994493201698
1752	2.6372965157149	0.450285384272841	1.12086840736573	0.40172903555298	0.687883453367534	0.999994493201698
1753	5.22929064662222	0.352379849791269	0.968564291150773	0.363816685181113	0.715994902299113	0.999994493201698
1754	1.73632041323793	0.027858805127791	1.15717116616418	0.0240749216212656	0.980792847170663	0.999994493201698
1755	0.567807380604286	0.484822945068936	0.919000580785611	0.527554557859455	0.597808540045173	0.999994493201698
1756	2.11958194009819	0.298204181416014	1.16541844241284	0.25587734891051	0.798045545459193	0.999994493201698
1757	2.13229032593774	0.0211875820576708	1.15935144779819	0.0182753746483947	0.985419172369789	0.999994493201698
1758	11.9431870645196	0.0962842927711633	0.795580276338084	0.121023981658197	0.903672040191069	0.999994493201698
1759	2.76013754264537	-0.223322027956593	1.16535418021079	-0.191634467657033	0.848028541578182	0.999994493201698
1760	3.72467128439642	-0.228047359013884	1.05439178174609	-0.21628332367712	0.828766907220986	0.999994493201698
1761	22.604915744352	-0.0033383087440581	0.799975461555442	-0.0041730139291613	0.996670426277468	0.999994493201698
1762	2.23052032483657	0.696408514449991	1.16491390547345	0.597819728288806	0.54996022551954	0.999994493201698
1763	4.78409136628101	0.361191322940787	0.863442908653619	0.418315234650544	0.675716652450361	0.999994493201698
1764	1.47288778057693	-0.278297875762087	1.10628113435098	-0.251561621292001	0.801379926504024	0.999994493201698
1765	3.02388911988136	-0.302097252536677	1.12551309932938	-0.26840847318141	0.78838491807792	0.999994493201698
1766	3.39021629342355	-0.333327231636638	1.04098715103112	-0.320203022012781	0.748814432472973	0.999994493201698
1767	1.47035197404934	0.0122456769240216	1.13903012696871	0.0107509684196071	0.991422133527685	0.999994493201698
1768	3.03427257527156	-0.482090081053182	1.15819289083509	-0.416243343287648	0.677231946313351	0.999994493201698
1769	2.10455179406569	0.18346432843639	1.14430417907812	0.160328286648568	0.872622477564553	0.999994493201698
1770	3.78564171335218	-0.693733885143316	1.02637364401285	-0.675907735150914	0.499099226329788	0.999994493201698
1771	4.80716643576826	-0.165837880583529	0.863187951930495	-0.192122561734831	0.847646202396335	0.999994493201698
1772	5.13752132849456	-0.449377862218322	0.925460284928618	-0.485572281746248	0.627270452849466	0.999994493201698
1773	1.11338743692254	-0.45041340114349	1.12974934965211	-0.398684364175283	0.690125790299107	0.999994493201698
1774	3.31310360270624	0.558983544922298	1.09635374714913	0.509856920155408	0.610151704867158	0.999994493201698
1775	3.94857501073915	-0.183270808143525	1.08525028566566	-0.168874231653497	0.865895568227254	0.999994493201698
1776	4.91231456130914	-0.857268529229549	0.894211336022608	-0.95868671609848	0.337716592496885	0.999994493201698
1777	11.36512107773	0.0870141413044945	0.679562998633081	0.128044260031109	0.898113946858925	0.999994493201698
1778	14.6675736752961	0.25564812048189	0.851184304441049	0.300344025551279	0.763914754861459	0.999994493201698
1779	1.30097896688279	-0.116182775244004	0.977380023460969	-0.11887164915914	0.905377043165487	0.999994493201698
1780	6.8319858053403	-0.0523958616544785	0.981391950958635	-0.0533893329808723	0.957421704140469	0.999994493201698
1781	4.66018022517524	-0.0548489232102992	0.882950388059912	-0.0621200510832976	0.950467229378753	0.999994493201698
1782	1.19053158046599	0.127439649444556	0.958009526425992	0.133025451135116	0.894173252280095	0.999994493201698
1783	6.26264563644804	-0.745493167950614	0.829510437191699	-0.898714632783254	0.368804680827764	0.999994493201698
1784	2.46074101137847	0.419649716924968	1.11149065368102	0.377555776591711	0.705760622200801	0.999994493201698
1785	10.3125309453848	0.131920014588128	0.698543761039545	0.188850036240835	0.850210354118744	0.999994493201698
1786	2.33028316262824	-0.277980043734094	1.12872074974467	-0.246278846027217	0.805466384148517	0.999994493201698
1787	1.17680237565163	0.228405394744691	0.956238220102426	0.238858257224048	0.811215494632564	0.999994493201698
1788	7.50382928494749	0.0151794025656086	0.750455854613679	0.0202269093808625	0.983862361692666	0.999994493201698
1789	1.25731011995929	-0.355670115649934	1.08477290600622	-0.327875183534401	0.743006038122746	0.999994493201698
1790	0.982875014125159	-0.0627800176646105	1.01804598436645	-0.0616671728278361	0.950827882483211	0.999994493201698
1791	15.9794302751128	-0.216160995816296	0.795119812989824	-0.271859652199438	0.785729936015824	0.999994493201698
1792	1.60098714642711	-0.426324062123905	1.1647635811259	-0.366017678636384	0.714351883917917	0.999994493201698
1793	12.2716922734026	0.353559296115365	0.794255491172202	0.445145548309102	0.656214574267776	0.999994493201698
1794	1.75650819919891	0.0493198517430484	1.16368852726058	0.0423823476709454	0.966193900222212	0.999994493201698
1795	0.0829889767880956	-0.248659012986504	0.893865399747027	-0.278183955947816	0.780871150271919	0.999994493201698
1796	11.1977120638498	0.10846804721509	0.876910508051414	0.123693405677299	0.901558033070169	0.999994493201698
1797	3.40325620529718	-0.140517646468775	1.04037254480573	-0.13506473923244	0.892560688683805	0.999994493201698
1798	2.84863245713852	0.433028669813035	1.07218268081195	0.403875829709457	0.68630403094324	0.999994493201698
1799	6.99530520280851	0.0444973921532269	1.01632665263701	0.0437825693518633	0.965077721401989	0.999994493201698
1800	4.56138578254063	-0.189248687443777	0.886221230071081	-0.213545648673524	0.830901387637993	0.999994493201698
1801	1.19690413473932	-0.353799880687089	1.13791156449828	-0.31092036650764	0.755861161085602	0.999994493201698
1802	0.62325192089038	-0.055192476098625	0.968984955639129	-0.0569590639951895	0.954577804370344	0.999994493201698
1803	1.20797478344568	-0.055281650207258	1.13606467811368	-0.0486606539858693	0.96118973227872	0.999994493201698
1804	0.62325192089038	-0.055192476098625	0.968984955639129	-0.0569590639951895	0.954577804370344	0.999994493201698
1805	2.67727131543766	-0.239171663194995	1.16146412276093	-0.205922558009331	0.836851404312209	0.999994493201698
1806	1.54279802315974	-0.200698224023041	1.16541494073358	-0.172211816588442	0.863271008373439	0.999994493201698
1807	4.89406243545988	0.322223854782862	1.00174566232668	0.321662340952351	0.747708510311866	0.999994493201698
1808	2.9643602330642	0.0374384126334036	1.08858858876821	0.0343917004272173	0.972564801658017	0.999994493201698
1809	6.64226349090561	-0.57158822243446	0.930301311670004	-0.614411927903648	0.538943155672331	0.999994493201698
1810	74.6490690024546	0.377622784377297	1.15617573471724	0.32661365659058	0.743960113098527	0.999994493201698
1811	3.76270724478537	-0.265111277552641	0.977980062771495	-0.271080452091572	0.786329155842405	0.999994493201698
1812	6.53081200665164	0.443857738780311	0.823800176014111	0.53879296424514	0.590029718885295	0.999994493201698
1813	6.9908998120779	0.228000027014151	0.799961885261509	0.285013612791836	0.775633712781632	0.999994493201698
1814	1.53760366052416	0.695513615050009	1.14820246220657	0.605741267714581	0.544686575877351	0.999994493201698
1815	1.73183109525858	-0.140062534346878	1.16541032791889	-0.12018302137153	0.904338167264525	0.999994493201698
1816	5.82606932478345	0.0494594547777073	0.794530470780523	0.0622499156377474	0.950363812604158	0.999994493201698
1817	5.93486331154264	-0.767730100249425	0.836847643654183	-0.917407255754525	0.358929272036372	0.999994493201698
1818	6.36725028924475	-0.355570586589339	0.858497270685835	-0.414177888189769	0.67874383425304	0.999994493201698
1819	5.46986123610363	-0.370950391994967	0.825300882128765	-0.449472913488405	0.653090543432514	0.999994493201698
1820	3.92732758347172	0.00931946053458192	0.943571320223811	0.00987679503905585	0.99211958585215	0.999994493201698
1821	2.33926179858694	0.0126905184672183	1.10609195217423	0.0114732942792621	0.990845836470449	0.999994493201698
1822	2.39373482406443	-0.29817641412873	1.11978021128106	-0.266281196189035	0.79002265374416	0.999994493201698
1823	2.1872585489859	-0.0492364342021535	1.13952657524012	-0.0432077981084191	0.965535888904044	0.999994493201698
1824	5.01508947226147	-0.187256066987974	1.0345199609568	-0.181007688643132	0.856361541038839	0.999994493201698
1825	4.45695630314206	1.10375498611872	0.914913751816888	1.2064033182656	0.227662017222295	0.999994493201698
1826	2.59716644295374	0.397619925263611	1.10838347580343	0.358738589977073	0.719790656698726	0.999994493201698
1827	2.56142078993159	0.127604715494777	1.16530550866859	0.109503228591592	0.912803361124398	0.999994493201698
1828	2.44014825396921	0.195297220479217	1.14908185090671	0.169959363926175	0.865042094514115	0.999994493201698
1829	6.24575112548862	-0.0148439631745438	0.881110306839877	-0.0168468840499461	0.986558767131443	0.999994493201698
1830	14.4940806874547	-0.618957599283808	0.82318276444975	-0.751907870298457	0.452106464831188	0.999994493201698
1831	5.80573883827748	0.668010845700387	0.800805547694661	0.834173598851107	0.404183166157375	0.999994493201698
1832	10.7744799365159	0.0797216308337037	0.777901741404935	0.102482905732698	0.918373380653307	0.999994493201698
1833	2.70300386143535	0.0872483535247067	1.15220883686055	0.0757226908295848	0.939639723148096	0.999994493201698
1834	0.747514538994832	0.0779565186862294	0.925660442402039	0.0842171871187846	0.932883753388265	0.999994493201698
1835	2.95189734638543	0.160727684354211	1.16023238949516	0.138530595947375	0.889821090653021	0.999994493201698
1836	4.89937954767585	-0.0944483795496618	0.95602875527761	-0.098792404546698	0.921303099285322	0.999994493201698
1837	5.79748729756415	-0.410844164285748	0.80242463205278	-0.512003430446443	0.608648608708592	0.999994493201698
1838	0.969145809310805	0.0881697293793038	1.0161344270267	0.0867697491928268	0.930854533554202	0.999994493201698
1839	8.68941718262858	0.158170473223434	0.835675525135288	0.189272592610425	0.84987917498885	0.999994493201698
1840	6.87323954629693	-0.130645243600618	0.930085788708608	-0.140465799162477	0.888291972861152	0.999994493201698
1841	2.97701614448114	-0.0831821708974376	1.1552498808463	-0.0720036178116729	0.942599028729403	0.999994493201698
1842	3.11197906292623	0.177494283073585	1.04563005953958	0.169748642413495	0.865207818036323	0.999994493201698
1843	7.83281077248224	-0.0208336542866983	0.741339271851571	-0.0281027258068551	0.977580220053921	0.999994493201698
1844	3.55640302345343	0.0280460714086923	1.0653957903534	0.0263245562472039	0.978998468643162	0.999994493201698
1845	1.02773990402646	0.128130776427779	1.11439177260475	0.114978214643751	0.908462389704801	0.999994493201698
1846	0.794633013555837	-0.40733224108708	1.0122426336599	-0.402405735089733	0.687385449970248	0.999994493201698
1847	4.70425194392248	0.677923692146225	0.879153539215072	0.771109552435506	0.440641999032301	0.999994493201698
1848	1.29330337176678	-0.0898577778262709	1.13351176656526	-0.0792737936003574	0.936814850364553	0.999994493201698
1849	0.803045106154219	0.263818294362586	0.926295631884192	0.284810038266023	0.775789681182729	0.999994493201698
1850	0.850163580715225	-0.146708213632576	1.01631611145461	-0.144352935055412	0.885221779852886	0.999994493201698
1851	4.27556108342514	0.165987039372562	0.945493902686368	0.175555906707547	0.860642845588639	0.999994493201698
1852	10.3360739425775	-0.226500556257031	0.859298371208205	-0.263587787253179	0.792097570172901	0.999994493201698
1853	1.81390625093676	0.0849576912306817	1.15506932953709	0.0735520276213463	0.941366844097662	0.999994493201698
1854	0.858575673313606	0.444619619445601	0.926397477953201	0.479944764560404	0.631266669544097	0.999994493201698
1855	3.34468098194857	0.389342643839006	1.04030057499191	0.374259760302482	0.708211066825669	0.999994493201698
1856	3.76830130898828	0.263161847684651	0.974635363792262	0.270010567501573	0.787152123768963	0.999994493201698
1857	6.42951955979409	-0.195284474789723	0.775985477991753	-0.251659960564105	0.801303907899094	0.999994493201698
1858	1.03881055273283	0.345078498785858	1.04066594324895	0.331593919282613	0.740195911750989	0.999994493201698
1859	3.24143604366626	-0.30892726844748	1.02202904587579	-0.302268580031164	0.762447328246073	0.999994493201698
1860	4.76837402693234	0.0810749202605904	0.87444530563941	0.0927158276655245	0.926129322516214	0.999994493201698
1861	0.360028064683062	0.321338623915366	0.910789231808641	0.35281337623772	0.724228355060832	0.999994493201698
1862	4.11512998951021	0.518863411093321	1.12255245347883	0.462217519978997	0.643925340557387	0.999994493201698
1863	1.05847061766513	0.261319496427612	1.12051124619428	0.233214523562492	0.815594828591091	0.999994493201698
1864	4.06167358375843	0.752440378753177	1.03575398076595	0.726466316061597	0.467552949767178	0.999994493201698
1865	19.3822835996206	0.168050194674591	0.770448883223711	0.21811984978346	0.827335731841645	0.999994493201698
1866	2.44861492061475	-0.130149627054114	1.13053187251636	-0.115122474844007	0.90834804598812	0.999994493201698
1867	0.927344446965771	-0.301242178282836	1.01158654839035	-0.297791799191258	0.765862074052207	0.999994493201698
1868	6.86465222969555	-0.371965025884703	0.764952428901917	-0.486259029752551	0.626783523498841	0.999994493201698
1869	7.49504885441685	0.161751944227764	0.877626685581099	0.184306091513915	0.853773335451472	0.999994493201698
1870	2.56472981664865	-0.107735913324166	1.13661750511265	-0.0947864280107916	0.924484467210337	0.999994493201698
1871	6.97240433729726	-0.0119324076729552	0.745848366305744	-0.0159984364275778	0.987235639086067	0.999994493201698
1872	1.52375170612941	0.85708915394243	1.1456155299544	0.74814728984736	0.454371320478261	0.999994493201698
1873	1.81022687585398	0.349393337358908	1.16490269460243	0.299933495714123	0.764227883976722	0.999994493201698
1874	2.09740391997835	0.534597256117028	1.14772301790844	0.465789435060087	0.641366228090218	0.999994493201698
1875	9.40375127893532	-0.431460703027935	0.822423728768287	-0.524620931930207	0.599846732588195	0.999994493201698
1876	3.56224785669808	-0.530005951251077	1.01429695628229	-0.52253528709552	0.601297684131668	0.999994493201698
1877	13.2647556185552	-0.0776663863911364	0.831829684667464	-0.0933681351155251	0.92561110440151	0.999994493201698
1878	0.940950902199731	-0.286603036365496	0.928347488666129	-0.308723877496878	0.757531578883198	0.999994493201698
1879	0.720056129366123	0.375234317219397	0.924044283082292	0.406078284438648	0.68468508093776	0.999994493201698
1880	4.52727151717316	0.764059339255424	0.980288264443686	0.77942312171719	0.435730507918748	0.999994493201698
1881	1.47362427805929	0.432986763118949	1.14073088004534	0.379569599362245	0.704264931002628	0.999994493201698
1882	4.38827882624415	0.473901473107743	0.897820819453465	0.527835246008467	0.597613691619261	0.999994493201698
1883	6.01764030303443	-0.58981284925767	0.789902138763534	-0.746691039703891	0.455250079685085	0.999994493201698
1884	1.25991410202012	0.183691725347177	1.05622743432939	0.173913041241733	0.861933803387464	0.999994493201698
1885	2.91090592693697	0.202894513397568	1.12351409965054	0.180589200848192	0.856690032987154	0.999994493201698
1886	2.82726437991525	0.0360952552041356	1.08401202089037	0.0332978366554352	0.973437078903597	0.999994493201698
1887	3.14093041848427	0.218184403001895	1.14241666809107	0.190984961175744	0.848537375531503	0.999994493201698
1888	13.5566517787091	-0.00984569660302132	0.77862079459134	-0.0126450470773631	0.989910981034737	0.999994493201698
1889	2.0765656634083	0.22733790067297	1.08274213740933	0.209964951781521	0.833695027700946	0.999994493201698
1890	6.09610850901703	-0.880286997113103	0.801510977665119	-1.09828439240778	0.272080324994255	0.999994493201698
1891	5.47093974877712	-0.157090963377032	1.07436806189027	-0.146217082347591	0.883750020724526	0.999994493201698
1892	1.41571737665981	-0.412848115965074	1.1359916138669	-0.36342532015685	0.716287190181566	0.999994493201698
1893	3.23307325523407	-0.811534093501135	1.05420800221536	-0.769804527944907	0.441415853383743	0.999994493201698
1894	3.19178176257767	0.309808919091596	1.05881127233206	0.292600699659378	0.769827378913167	0.999994493201698
1895	3.17671489383807	-0.0166827443004844	1.10411012610635	-0.0151096742127674	0.987944682937962	0.999994493201698
1896	5.41545848578393	-0.143370782392652	1.11701463471916	-0.128351749329316	0.897870613691577	0.999994493201698
1897	5.82041751627699	0.435365643092907	0.98351723450909	0.442661935975341	0.658010278475744	0.999994493201698
1898	34.0162939619743	-0.230658709317544	1.07073416527238	-0.215421079104978	0.829439037028762	0.999994493201698
1899	3.1035848216679	-0.540547332761211	1.06880164182857	-0.505750844316078	0.613031570170545	0.999994493201698
1900	6.6352740184739	-0.685001093772608	0.833648462402768	-0.821690586219371	0.411253018261208	0.999994493201698
1901	5.7016807868422	0.280451755290685	0.912801380136025	0.307242913292805	0.758658484003426	0.999994493201698
1902	1.94728600629582	-0.0105835997523033	1.15761372649994	-0.00914260042881741	0.992705361895391	0.999994493201698
1903	2.13530035904441	-1.23090031026481	1.16305409998143	-1.05833452655768	0.289902957447423	0.999994493201698
1904	3.86554931124395	0.241779738337689	1.12939592743098	0.214078811925293	0.830485598410615	0.999994493201698
1905	2.49837200031914	0.158212870019425	1.13923375607312	0.138876564336345	0.889547690438093	0.999994493201698
1906	5.16743789998756	-0.284973384056387	1.03743779443645	-0.274689610870779	0.783554713567847	0.999994493201698
1907	0.539735223073607	-0.140838673864714	0.919956491284329	-0.15309275514551	0.878325129086801	0.999994493201698
1908	5.51907484306384	-0.0150717239801433	0.818956731789515	-0.0184035656526198	0.985316907945813	0.999994493201698
1909	3.60128678472178	0.510984213050104	1.12452000250251	0.454402066582148	0.649539465212361	0.999994493201698
1910	3.52459691679281	0.660735966604224	1.0312720936792	0.640699938119107	0.521717654389722	0.999994493201698
1911	2.87058492906217	-0.448705565812735	1.16530188323808	-0.385055213817982	0.700196508630021	0.999994493201698
1912	3.02143934022706	0.386159989647755	1.13403250419674	0.340519330988032	0.733465467639222	0.999994493201698
1913	0.817952502606321	0.698710255850759	1.08572169848011	0.643544526031743	0.519870832656419	0.999994493201698
1914	5.93202422296449	1.02039297588548	0.87251226500981	1.16948840355156	0.242206910729685	0.999994493201698
1915	3.73911913535309	0.339841369496508	1.1310264906926	0.300471626697622	0.763817435732219	0.999994493201698
1916	6.05799802361633	0.158578755802716	0.759127387845576	0.208896106690033	0.834529343527292	0.999994493201698
1917	0.470475451099866	-0.250418363905278	0.916882703445311	-0.27311930191757	0.784761509807324	0.999994493201698
1918	0.969145809310805	0.0881697293793038	1.0161344270267	0.0867697491928268	0.930854533554202	0.999994493201698
1919	0.470475451099866	-0.250418363905278	0.916882703445311	-0.27311930191757	0.784761509807324	0.999994493201698
1920	1.2179899900947	-0.0662413473018694	0.962655230595003	-0.068811081264189	0.945139997423937	0.999994493201698
1921	0.982752264544764	-0.0062036677621794	0.929471187459437	-0.00667440566838457	0.994674634303481	0.999994493201698
1922	7.24365838527082	0.047578269807644	1.02221412212939	0.0465443284118723	0.962876403386474	0.999994493201698
1923	0.747514538994832	0.0779565186862294	0.925660442402039	0.0842171871187846	0.932883753388265	0.999994493201698
1924	8.6647421783128	0.146206210778046	0.974412515506241	0.150045497621803	0.880728719639202	0.999994493201698
1925	1.42193045864564	0.071850766421799	1.16332279373795	0.0617633960312342	0.950751253545144	0.999994493201698
1926	1.97261358084522	0.253032943929587	1.1527511084789	0.219503535558058	0.826257826043485	0.999994493201698
1927	1.74411875793434	-0.0920348824050845	1.10666013420192	-0.0831645412721551	0.933720707001521	0.999994493201698
1928	0.595388539813389	0.0659470528636856	0.963954633426403	0.0684130254442318	0.945456853318885	0.999994493201698
1929	1.8407141899564	-0.171674142756545	1.05610694766731	-0.162553748117777	0.870869806159211	0.999994493201698
1930	2.04440915934655	-0.0319839715426541	1.16102664290051	-0.0275480082547897	0.978022649309835	0.999994493201698
1931	1.85097279614165	0.395060129814905	1.16520284464494	0.339048373963837	0.734573288902113	0.999994493201698
1932	0.816774310968573	0.129877369156715	0.926905324957659	0.140119347315917	0.888565694446357	0.999994493201698
1933	3.74394524924748	-0.0363156278213673	1.09289379667903	-0.0332288717638615	0.973492074492438	0.999994493201698
1934	6.52612868249331	-0.426150415875559	0.866937003161182	-0.491558688026527	0.623031354162017	0.999994493201698
1935	8.80174570571481	0.107370614630494	0.686325293381	0.156442747580467	0.875684044264916	0.999994493201698
1936	3.38938639956238	0.307505837525201	1.0325153633241	0.297822045509531	0.765838987769177	0.999994493201698
1937	5.71942616265438	0.179853250628339	0.923200909576626	0.194814854234512	0.845537893095234	0.999994493201698
1938	5.6762671854195	0.317470040731016	0.891003159316569	0.356306301960284	0.721611190340223	0.999994493201698
1939	1.26456079266242	0.541942552034195	1.14269649745412	0.474266398157008	0.635309949885214	0.999994493201698
1940	7.61762443122193	0.244760375023337	1.03717544788705	0.235987436380188	0.813442419201204	0.999994493201698
1941	1.72790832063955	-0.637863035107629	1.16153965276576	-0.549153043194698	0.582900426095171	0.999994493201698
1942	5.94549114790987	0.325749902685162	0.894696376278629	0.364089887163817	0.715790888214761	0.999994493201698
1943	3.01816703621711	0.0906642925489843	1.16121797939525	0.0780768935357004	0.937766887362181	0.999994493201698
1944	4.09045288556988	0.490229932594269	1.07970554602125	0.454040394995452	0.649799752704924	0.999994493201698
1945	6.12633977523106	0.629173516842402	0.909675596049519	0.691646032469966	0.489159645989614	0.999994493201698
1946	0.88460829251923	-0.127336519251562	0.997959039137706	-0.127596939611458	0.898467953172024	0.999994493201698
1947	2.17647012214742	-0.0440669828245521	1.16542148706756	-0.0378120562505105	0.969837531749579	0.999994493201698
1948	0.969550780759087	0.287981786360067	1.02944094291282	0.279745806053933	0.779672532620982	0.999994493201698
1949	0.47153089315722	0.164786407528081	0.91655946597027	0.179788015558421	0.857318992506577	0.999994493201698
1950	1.76038376927629	-0.465656785776298	1.12370245062784	-0.414395096776842	0.678584779242694	0.999994493201698
1951	2.96328693966679	0.0196581286995761	1.15531686637099	0.0170153568010523	0.986424364590065	0.999994493201698
1952	0.443017041471157	0.156043573514936	0.916230155050019	0.170310453825237	0.864765990402077	0.999994493201698
1953	3.26551198116371	-0.0270246788125391	1.08076414117114	-0.0250051586493742	0.98005084888915	0.999994493201698
1954	2.25627282179885	0.0553805907772	1.09920156611047	0.0503825617472186	0.959817532446466	0.999994493201698
1955	6.14647508676943	0.795861583073975	0.807765069778821	0.985263677336152	0.324494569469303	0.999994493201698
1956	9.31601065369402	0.378265502586516	0.673634818658798	0.561529024493776	0.5744369497565	0.999994493201698
1957	0.830503515782927	0.00386986032049743	0.927241299523168	0.00417352022875545	0.996670022312356	0.999994493201698
1958	2.67591370054782	0.240157104118778	1.12814437906219	0.212877986697428	0.831422132915614	0.999994493201698
1959	4.57997465370007	-0.130683980470542	1.03480419775349	-0.126288606824605	0.899503474489426	0.999994493201698
1960	3.28531366704345	0.303239897759894	1.09047268376837	0.27808114982943	0.780950065534961	0.999994493201698
1961	0.81730203199725	0.332197952207481	1.005854614446	0.330264381588036	0.741200203749554	0.999994493201698
1962	2.1872585489859	-0.0492364342021535	1.13952657524012	-0.0432077981084191	0.965535888904044	0.999994493201698
1963	1.70664514165662	0.248458604147001	1.16438542957681	0.21338175301395	0.831029211760192	0.999994493201698
1964	3.96897157315381	0.186339775913577	1.03113421883239	0.180713405209828	0.856592536193992	0.999994493201698
1965	2.97011376955459	0.011422382396973	1.08692755483816	0.0105088718619097	0.991615287719767	0.999994493201698
1966	3.17409306043718	0.475055714538693	1.13455277606424	0.418716277074971	0.675423498428975	0.999994493201698
1967	1.32905112441347	0.209952263062955	0.982635957456386	0.213662304406639	0.830810409206425	0.999994493201698
1968	4.98956570271748	-0.119907662757339	1.10435222648025	-0.108577372220731	0.913537708979997	0.999994493201698
1969	1.6265602201373	-0.335398289539827	1.16539193078721	-0.287798705893965	0.773500828024947	0.999994493201698
1970	10.1238578216857	-0.187528644022113	0.764443726368102	-0.24531386360258	0.806213418055698	0.999994493201698
1971	1.92509013483593	0.45428513096827	1.1605855941003	0.391427511488663	0.695481260034921	0.999994493201698
1972	1.85889389041846	0.220211918752403	1.16184767855772	0.189535963118476	0.849672771389746	0.999994493201698
1973	8.16552204848403	0.398642640025925	0.766361276299151	0.520175865292955	0.602941005223456	0.999994493201698
1974	16.9286369678798	-0.270979416339794	0.795722695282883	-0.340545039052153	0.733446111061715	0.999994493201698
1975	4.44928807753155	-0.223685847942392	0.930530212278322	-0.240385368460759	0.810031519990186	0.999994493201698
1976	0.443544762499834	0.433105850583411	0.951860611889911	0.455009741104302	0.649102230863452	0.999994493201698
1977	1.74992686847189	-0.0506772510647039	1.13016248677312	-0.0448406770334409	0.96423430210041	0.999994493201698
1978	1.82772148262441	0.447134176338282	1.11496372735644	0.401030244632649	0.688397856574605	0.999994493201698
1979	1.83397128731734	0.148324557901465	1.16539778050938	0.127273760412204	0.89872372755124	0.999994493201698
1980	0.87169113022599	-0.367785772923637	0.926911180463673	-0.396786424282484	0.691524962574732	0.999994493201698
1981	2.37616887150434	0.0312714376918106	1.16383763760552	0.0268692441981413	0.978564024231125	0.999994493201698
1982	0.639848458266408	0.0167264669853536	1.05289621138775	0.0158861498450143	0.987325219432186	0.999994493201698
1983	1.85530264183351	0.197514787853108	1.1194153482202	0.176444595088985	0.859944672382502	0.999994493201698
1984	2.54769158511724	0.232313582725445	1.1653230531627	0.199355519565964	0.841984652302884	0.999994493201698
1985	0.816774310968573	0.129877369156715	0.926905324957659	0.140119347315917	0.888565694446357	0.999994493201698
1986	1.57814080435815	0.0272455149885211	1.0914186896583	0.0249633942012217	0.980084161698734	0.999994493201698
1987	1.99357668662021	0.276813337424577	1.07427077782424	0.257675572247453	0.796657300141138	0.999994493201698
1988	2.65021577763269	-0.0564477279360799	1.12187693177226	-0.0503154368696289	0.959871022507711	0.999994493201698
1989	12.1739899955324	0.453651269384157	0.700496759572633	0.647613658714032	0.517234860801746	0.999994493201698
1990	3.06626750742126	0.319119198789858	1.10999649197767	0.287495682280298	0.773732807506246	0.999994493201698
1991	3.47897665804209	0.191185156421891	1.07112522930047	0.178490013298213	0.858338163500464	0.999994493201698
1992	5.12864969040074	0.199421920175796	1.02534096834807	0.194493272318071	0.845789663063624	0.999994493201698
1993	1.59341644955144	0.975353496752278	1.12436838290852	0.867467914945484	0.385685684273427	0.999994493201698
1994	2.97898750727296	0.0476276473316289	1.16520268489642	0.040874989346478	0.967395556389371	0.999994493201698
1995	2.14635315641072	0.432118472781375	1.14713640919917	0.376693189507463	0.706401624660346	0.999994493201698
1996	2.94159991786853	0.751608552401768	1.14422831109441	0.656869389713743	0.511264902035054	0.999994493201698
1997	7.2533325967557	0.93934393349818	0.895312052445871	1.04918048509681	0.29409505854605	0.999994493201698
1998	2.59150103296119	0.114381280843712	1.16080430227957	0.0985362309728627	0.921506503775377	0.999994493201698
1999	4.00998401419874	-1.0037677457909	1.01300087924999	-0.9908853648124	0.321741559443163	0.999994493201698
2000	6.8104268030034	-0.141292979584144	0.867027176838801	-0.162962572983354	0.870547903115415	0.999994493201698
2001	10.7691282012173	-0.0733939192704598	0.776891200739826	-0.094471296882456	0.924734782220439	0.999994493201698
2002	8.26094138849289	0.243270206362781	0.95047153578628	0.255946861324506	0.797991869323639	0.999994493201698
2003	2.46744719131042	0.483679980606046	1.16541507597118	0.415028079333003	0.678121347714083	0.999994493201698
2004	1.84197840846744	0.549125311333099	1.15711081189259	0.474565880544267	0.635096430224411	0.999994493201698
2005	2.32382458148162	-0.429859682075625	1.13520664950918	-0.378662054403471	0.70493883476784	0.999994493201698
2006	0.277039087894966	0.562812376188821	0.903539770709438	0.622897181102404	0.533352090572527	0.999994493201698
2007	1.32141225200456	-0.455664155513075	1.16273226875537	-0.391890865814565	0.695138852303572	0.999994493201698
2008	0.781026558321877	-0.436202364169077	1.08167473703556	-0.403265740831234	0.68675274174833	0.999994493201698
2009	3.63682264126324	-0.367271985189382	1.03897396410671	-0.353494888108342	0.723717460423771	0.999994493201698
2010	1.23870549708435	0.0692341348058475	1.14558523651068	0.0604356032177288	0.951808703201687	0.999994493201698
2011	15.4462144555017	0.233663032759609	1.02635056135957	0.227663959622221	0.819907492731805	0.999994493201698
2012	0.830503515782927	0.00386986032049743	0.927241299523168	0.00417352022875545	0.996670022312356	0.999994493201698
2013	4.58826399671806	0.208149633103575	1.09175589735024	0.190655835804293	0.848795241816969	0.999994493201698
2014	2.85153861203184	0.0976507115372999	1.13814945172994	0.0857977934170901	0.9316271606101	0.999994493201698
2015	4.33549704131514	0.0242306973087789	1.03163757774302	0.0234876063372856	0.98126132446929	0.999994493201698
2016	1.60621296188883	0.435540406670808	1.09590797731938	0.397424250653007	0.69105463547555	0.999994493201698
2017	6.86218879795029	0.323526412732568	0.988243108322029	0.327375329013824	0.743384023904697	0.999994493201698
2018	3.24838772275901	-0.177552425324813	1.09178107823035	-0.162626399069496	0.870812600240264	0.999994493201698
2019	6.02145919944011	0.0655065211744152	0.777361882793176	0.084267729900829	0.932843568926479	0.999994493201698
2020	6.55340027706641	-0.17696390740137	1.03751275424681	-0.170565524787055	0.864565407852881	0.999994493201698
2021	1.55055964514905	0.232943719444634	1.01744155048979	0.228950468292253	0.818907414146745	0.999994493201698
2022	2.61406515316226	-0.368702665554415	1.15635663302161	-0.318848575798782	0.749841341025085	0.999994493201698
2023	3.7964122888506	0.196799554269418	1.10971086375516	0.177343090616835	0.859238905754358	0.999994493201698
2024	3.61397629919428	-0.0689347271028845	0.992463738019052	-0.0694581821603654	0.944624918026628	0.999994493201698
2025	2.20720083578608	0.0421528650107766	1.1637546946767	0.036221434984189	0.971105794556861	0.999994493201698
2026	4.54209606597407	-0.0613683182537802	0.980297244223583	-0.062601745149641	0.950083639716898	0.999994493201698
2027	2.3356863017175	-0.402243310093817	1.15056201183642	-0.349605936886266	0.72663445479537	0.999994493201698
2028	1.99913929799697	-0.396499433013851	1.16463416484288	-0.340449769535433	0.733517843947377	0.999994493201698
2029	5.60998491412874	-0.171338559173778	0.856498517402617	-0.200045365744909	0.841445101396556	0.999994493201698
2030	2.36950151390403	-0.547510083158346	1.16529367220227	-0.469847297912135	0.638464119585766	0.999994493201698
2031	5.47176227313278	0.419481196937735	1.07418891749969	0.39050970467479	0.696159680545272	0.999994493201698
2032	3.54985631580897	0.0645461982715843	0.979800122307212	0.0658769036684669	0.94747582883333	0.999994493201698
2033	4.53716505383933	0.146119426461517	1.01190238477704	0.144400713606099	0.885184053339431	0.999994493201698
2034	1.15200252213091	0.208651400601673	1.0543837446253	0.19788943225393	0.843131572519087	0.999994493201698
2035	1.97984748180585	0.365094023103405	1.07333664771073	0.340148660610907	0.733744578268591	0.999994493201698
2036	6.60293911118705	0.618413629060542	0.798318011893779	0.774645717429743	0.438549034864655	0.999994493201698
2037	10.5873909736318	-0.549917455140234	0.699540101499656	-0.786112838937088	0.431801383236649	0.999994493201698
2038	2.73468511889102	-0.767937778706204	1.08623270683484	-0.706973536954056	0.479582923136763	0.999994493201698
2039	3.16833952394679	-0.205680316466654	1.09435089893648	-0.187947318055424	0.850917949193315	0.999994493201698
2040	4.50564326867115	0.203918656777191	1.06184860591506	0.192041177660596	0.847709950569692	0.999994493201698
2041	4.22096530836726	0.306669322944081	1.04294918699098	0.294040521599001	0.768726939539124	0.999994493201698
2042	3.94547266085123	0.291159358397175	0.972476429894644	0.299399912889116	0.764634928623549	0.999994493201698
2043	4.14160430287122	-0.0666232185393804	0.971353922299038	-0.0685879955904167	0.94531757449485	0.999994493201698
2044	14.92129542437	-0.11048723757478	0.906674912512999	-0.121859815519265	0.903010040947121	0.999994493201698
2045	10.4834860956104	-0.29149936879236	0.710901728207453	-0.410041721979463	0.681775342092448	0.999994493201698
2046	2.88554162968047	0.428345433277762	1.16538132819449	0.367558174234173	0.71320270689759	0.999994493201698
2047	6.68350035891	0.496673242463624	0.951996068359734	0.521717745451806	0.601866867370785	0.999994493201698
2048	8.23747709927286	-0.0191116950038395	0.762037745426934	-0.0250797222559259	0.97999137439056	0.999994493201698
2049	1.19584869268196	-0.586959281728975	1.07669672353356	-0.545148200881174	0.58565159391938	0.999994493201698
2050	2.37277381791399	-0.240786881935614	1.16501061123774	-0.206682136293845	0.836258109347922	0.999994493201698
2051	2.54397548732735	0.261578365047736	1.11093492057771	0.235457865445177	0.813853378086755	0.999994493201698
2052	6.46354354843431	-0.0452399264314583	0.784914868168244	-0.0576367301297715	0.954037991877617	0.999994493201698
2053	0.608994995047349	-0.0538793284577328	0.922266213845389	-0.0584205814426215	0.95341362114809	0.999994493201698
2054	6.03568360182514	0.0409980173040387	1.13619410519548	0.036083638452767	0.971215668455344	0.999994493201698
2055	1.92484463567514	0.41573796554889	1.13486987629779	0.366330954968269	0.714118133845213	0.999994493201698
2056	7.87854017932726	-0.183105989888066	0.700010519548481	-0.261576054608683	0.793648307047132	0.999994493201698
2057	2.31535791483608	-0.0883695497377843	1.15308070775464	-0.0766377835857335	0.938911700373587	0.999994493201698
2058	4.86611302750959	0.0290392358341044	1.00078641540963	0.0290164168767403	0.976851497332884	0.999994493201698
2059	8.76103231785082	-0.456849090349321	0.783423362815387	-0.583144583163238	0.559795973182751	0.999994493201698
2060	14.6297958044928	-0.0483265981609439	0.849835112904111	-0.0568658524778991	0.954652056051791	0.999994493201698
2061	13.0675381522836	-0.041158742129144	0.895931097644027	-0.0459396288814804	0.963358368225128	0.999994493201698
2062	7.41385918667399	-0.224983216706933	0.86139872914672	-0.261183594883865	0.793950928548733	0.999994493201698
2063	7.34718242576948	0.0683293689807591	0.770292516427385	0.0887057416806677	0.929315769326109	0.999994493201698
2064	0.858575673313606	0.444619619445601	0.926397477953201	0.479944764560404	0.631266669544097	0.999994493201698
2065	2.09421764284169	0.749037817839074	1.16095372520397	0.645191794967947	0.518802902710693	0.999994493201698
2066	3.27318757627973	-0.0985560267091783	1.10418252791133	-0.0892570061723463	0.928877661741351	0.999994493201698
2067	2.63191332759024	-0.453011500129074	1.08863681398638	-0.416127301877872	0.677316852812732	0.999994493201698
2068	2.76078801325444	-0.202312804848466	1.12970004992529	-0.179085417285628	0.857870632220697	0.999994493201698
2069	3.20837829995369	0.387903802240025	1.04936381950501	0.369656162171669	0.711638699101094	0.999994493201698
2070	2.01049216857123	0.0823634926383573	1.16469807974446	0.0707166037883643	0.943623306008836	0.999994493201698
2071	1.60600418543514	-0.0384288848959924	1.10778544483985	-0.0346898265137868	0.972327073312163	0.999994493201698
2072	1.95443388038316	-0.186402670101998	1.13605479527842	-0.164078943090342	0.869668998125764	0.999994493201698
2073	5.15231855682536	0.245777074489319	0.960586557037557	0.255861455366702	0.798057818279042	0.999994493201698
2074	2.97644960112082	0.234814154500724	1.06454579506816	0.220576846565524	0.825421930791977	0.999994493201698
2075	1.19077707962678	0.0909754713485643	1.05336732990733	0.0863663308758283	0.931175210962381	0.999994493201698
2076	0.781149307902271	-0.553540286518948	0.99784115612357	-0.554737878992034	0.579073963090264	0.999994493201698
2077	6.64569311697365	0.372143919980255	0.76725933048018	0.485030165416631	0.627654947781383	0.999994493201698
2078	5.89952259138257	-0.955812219082684	0.814171094589084	-1.17396972876455	0.240407150831081	0.999994493201698
2079	1.2224404857424	0.852522464647075	1.15831266448657	0.73600374992443	0.461728415691483	0.999994493201698
2080	1.14411815056121	-0.310679596737863	1.13453373885334	-0.273839010774472	0.784208342794798	0.999994493201698
2081	1.33436823662944	-0.416573817217015	1.09203937290232	-0.381464100611942	0.702858904568691	0.999994493201698
2082	3.57939098646983	0.173220655212179	1.03346248971572	0.167611942316192	0.866888575512252	0.999994493201698
2083	3.42191852187082	-0.257777490743276	1.14141895751434	-0.225839503581257	0.821326251276271	0.999994493201698
2084	1.16743763961169	0.775619857773506	1.15593456665157	0.670989414236715	0.502227273178686	0.999994493201698
2085	4.84009616001947	0.138473808960175	0.896522927786775	0.154456517137852	0.87724979401887	0.999994493201698
2086	2.27278333230158	-0.377964028038595	1.16475058363938	-0.324502115171823	0.745557921152533	0.999994493201698
2087	2.50916252678216	0.301606002866377	1.15072766836156	0.26210024418359	0.793244158528202	0.999994493201698
2088	1.3158496406278	0.558854705070914	1.08055858081181	0.517190566985318	0.605023136276542	0.999994493201698
2089	2.38433546494194	0.512884914951983	1.15575573901611	0.443765838782336	0.657211889020627	0.999994493201698
2090	0.913492492571023	-0.0585187495674296	0.928506593462614	-0.0630245923717136	0.949746921365118	0.999994493201698
2091	3.95960893673841	-0.280151585468435	1.14067328966811	-0.245601951063434	0.805990378760068	0.999994493201698
2092	3.88628266957365	-0.533772720457603	0.982602946803262	-0.543223203425296	0.586976132483887	0.999994493201698
2093	2.01061491815162	0.0462695875927167	1.16264276317373	0.0397969084385062	0.968255040989183	0.999994493201698
2094	4.34869432585172	0.317023526385871	0.904477887165764	0.350504452219703	0.725960149431862	0.999994493201698
2095	10.7319074536059	-0.336745273877721	0.716557364643145	-0.469948800324486	0.638391597646697	0.999994493201698
2096	3.10041951552284	-0.377983140779465	1.16541791089701	-0.324332702668466	0.745686163512111	0.999994493201698
2097	0.886156832522709	0.182494607896625	1.00450817561267	0.181675582466334	0.855837329423646	0.999994493201698
2098	2.8272664795398	0.166722006220913	1.15688958172741	0.14411228941311	0.885411800476068	0.999994493201698
2099	1.84410924354675	0.0471072748368728	1.15616733415106	0.0407443398938981	0.967499712801725	0.999994493201698
2100	2.25456480950788	-0.517500926975152	1.13865244773686	-0.45448541212353	0.649479489228922	0.999994493201698
2101	2.97428941283992	-0.473766129524528	1.1059931717725	-0.428362617072269	0.668387136940036	0.999994493201698
2102	2.16548550031434	0.230679525874501	1.15346789663019	0.199987816347921	0.841490109789666	0.999994493201698
2103	2.84639672381887	-0.246978402700342	1.08927955960998	-0.226735552431347	0.820629380129994	0.999994493201698
2104	2.636206450575	0.0375433791457361	1.1616107826325	0.032320102143554	0.97421677838584	0.999994493201698
2105	1.59607500565942	0.660946404423764	1.16000508034188	0.569778887717429	0.568827676644362	0.999994493201698
2106	4.08387155484287	0.149680402748356	0.940067738958058	0.159222996966429	0.873493186027307	0.999994493201698
2107	11.8778500671649	0.211973904627567	0.854540422992391	0.24805602979586	0.804091055648697	0.999994493201698
2108	2.08302424455492	0.481434378203921	1.16514951201007	0.413195365265503	0.679463483529647	0.999994493201698
2109	7.97388499432436	0.141638115302179	0.750992066307081	0.188601347013782	0.850405276997031	0.999994493201698
2110	2.7444002523321	0.211294114301454	1.14354852866946	0.184770570731527	0.853408991531488	0.999994493201698
2111	5.06628501303912	0.267069675575897	0.862140310611657	0.309775186577717	0.756731922288052	0.999994493201698
2112	1.2179899900947	-0.0662413473018694	0.962655230595003	-0.068811081264189	0.945139997423937	0.999994493201698
2113	0.816897060548967	0.114071262331665	0.993970563763537	0.11476321984803	0.908632802691839	0.999994493201698
2114	0.277039087894966	0.562812376188821	0.903539770709438	0.622897181102404	0.533352090572527	0.999994493201698
2115	0.941564650101702	0.337871000401589	0.928251938290883	0.363986312836237	0.715868230147318	0.999994493201698
2116	1.3433080502565	0.280469182033651	1.08121580694159	0.259401666376861	0.795325344125867	0.999994493201698
2117	1.3434307998369	0.304918051224578	1.13143144478255	0.269497593186638	0.78754679408791	0.999994493201698
2118	0.62599650387166	0.254521330826588	0.965935902902709	0.263497122388486	0.792167441211487	0.999994493201698
2119	1.22416634937343	-0.282790471676489	1.13162224385979	-0.249898297078303	0.802666000188312	0.999994493201698
2120	1.98254276062094	-0.450620212471573	1.16317119331612	-0.387406613111597	0.698455208758141	0.999994493201698
2121	0.608994995047349	-0.0538793284577328	0.922266213845389	-0.0584205814426215	0.95341362114809	0.999994493201698
2122	4.19677920274851	0.146536489546864	0.994548729702181	0.147339677957002	0.882863915735863	0.999994493201698
2123	0.664525562206736	0.168677151665322	0.923602448544678	0.182629606418981	0.855088652456034	0.999994493201698
2124	5.05676496537457	-0.709542511127034	0.912229969551156	-0.777811006884755	0.436680438106044	0.999994493201698
2125	3.09233684933399	0.0613134948622455	1.06392045588234	0.0576297734696686	0.954043533278525	0.999994493201698
2126	2.42870935652166	0.0811384881926032	1.15959134617036	0.0699716227277559	0.944216246044308	0.999994493201698
2127	6.92159493518706	0.0606356326725054	0.999462584226771	0.0606682367398634	0.951623428476134	0.999994493201698
2128	3.06488053932983	-0.342658197047163	1.15145303286627	-0.297587645580469	0.766017905002065	0.999994493201698
2129	2.02937691368951	-0.301540588835966	1.16069007545528	-0.259794233803273	0.795022499041203	0.999994493201698
2130	7.92836963381399	0.0436627579768309	0.79226567026707	0.0551112582754119	0.95604982697056	0.999994493201698
2131	2.83904217290239	-0.286132870475139	1.1102588592347	-0.257717259443774	0.796625124844759	0.999994493201698
2132	1.5839489148957	0.0722463495303188	1.11504148882606	0.0647925214032901	0.948339195995489	0.999994493201698
2133	5.40058571241438	-0.121303329617259	0.926153563743335	-0.130975395837137	0.895794770992373	0.999994493201698
2134	2.8468405175988	-0.392508411332898	1.12307300706142	-0.349495009554114	0.72671771670705	0.999994493201698
2135	4.12662346100491	0.0836566393299998	1.03760398086898	0.0806248249548338	0.935740323012038	0.999994493201698
2136	5.94549744678351	-0.377203402540455	0.969638238072091	-0.389014570310717	0.697265368124265	0.999994493201698
2137	8.5509133903966	-0.0609411529977711	0.724544796946545	-0.084109572319884	0.932969314004294	0.999994493201698
2138	5.0754933578569	0.233463132038132	0.870347491248408	0.268241287974827	0.788513595895847	0.999994493201698
2139	6.93811493711786	0.241202339555787	0.746913498678009	0.322932093184419	0.746746670513869	0.999994493201698
2140	1.73317085880837	-0.447546363558672	1.15513627481974	-0.387440316189978	0.698430261863363	0.999994493201698
2141	1.70664514165662	0.248458604147001	1.16438542957681	0.21338175301395	0.831029211760192	0.999994493201698
2142	4.64976214670249	-0.0165366284848786	0.996997059375851	-0.0165864365690617	0.986766545121285	0.999994493201698
2143	1.47721552664424	0.393948118340787	1.15749086611938	0.340346632420127	0.733595503339655	0.999994493201698
2144	54.9814877572141	-0.141073919023359	1.11281939315228	-0.126771621604957	0.899121157164531	0.999994493201698
2145	8.60104710837468	-0.0673651165370927	0.73781242502154	-0.0913038521072967	0.927251157236981	0.999994493201698
2146	0.0692597719737415	0.240195307785242	0.894972942750804	0.268382759200489	0.788404709040391	0.999994493201698
2147	0.608994995047349	-0.0538793284577328	0.922266213845389	-0.0584205814426215	0.95341362114809	0.999994493201698
2148	2.38449493722943	0.0341421721557288	1.15254651403044	0.0296232488147781	0.976367523575307	0.999994493201698
2149	3.79674381488469	0.525496073905614	1.14372559311762	0.459459923838192	0.645903924821306	0.999994493201698
2150	0.608994995047349	-0.0538793284577328	0.922266213845389	-0.0584205814426215	0.95341362114809	0.999994493201698
2151	7.06176269810227	0.386017709255644	0.821328092549514	0.469992092998295	0.63836066673812	0.999994493201698
2152	2.42214377751015	-0.408062347815363	1.14432415378443	-0.356596814343075	0.721393662685891	0.999994493201698
2153	1.20704209096872	-0.485757529961924	1.12240729879349	-0.432781870256971	0.665173245546558	0.999994493201698
2154	3.75207511997798	0.180312399908309	1.1464507261138	0.157278804750314	0.875025123716661	0.999994493201698
2155	3.62013690675751	0.215189535438218	1.06088568032346	0.202839513652977	0.839260472431296	0.999994493201698
2156	13.6381121664583	-0.370735652610843	0.767883790382543	-0.482801769296562	0.629236494422784	0.999994493201698
2157	5.13723700700212	-0.105131660685003	0.840610233177675	-0.125065882540573	0.900471392969637	0.999994493201698
2158	8.88559812881476	0.0860160870350926	0.845598238943442	0.101722169079453	0.918977205039207	0.999994493201698
2159	4.85532250104656	-0.118852850228184	0.880536785634335	-0.134977722869991	0.892629487700714	0.999994493201698
2160	6.75219885740438	-0.4124560442019	0.771307297475464	-0.534749308805834	0.592823219836542	0.999994493201698
2161	4.30632851977091	-0.304548039605734	0.940042171032858	-0.323972741851694	0.745958671065363	0.999994493201698
2162	5.78256204977199	-0.331308624427621	0.776121962629386	-0.426877012093817	0.669468909874858	0.999994493201698
2163	0.443139791051551	0.115669338911714	0.944399374591089	0.122479262506709	0.902519468456291	0.999994493201698
2164	2.4174592845632	0.814350157924014	1.12191021435499	0.725860365209532	0.467924376238966	0.999994493201698
2165	3.78521679093929	-0.0527917785622596	0.959987949212459	-0.054992126313219	0.956144736594044	0.999994493201698
2166	3.55122972100052	-0.22832676908588	1.16006626463196	-0.196822178221274	0.84396669487571	0.999994493201698
2167	2.92709749286471	0.0897220239252738	1.15447971954507	0.0777164140749301	0.938053637053192	0.999994493201698
2168	2.98217378440962	-0.100898579853979	1.14244483801754	-0.0883181196118547	0.929623837861489	0.999994493201698
2169	2.67897722810409	0.0525930564053174	1.10437787274587	0.0476223380631057	0.962017229025059	0.999994493201698
2170	4.61371222122331	0.294743467629717	0.897705749242281	0.328329709237685	0.742662383380569	0.999994493201698
2171	2.69314504600849	-0.0097449090750268	1.15204368543783	-0.00845880169146825	0.993250933211693	0.999994493201698
2172	2.50928527636256	0.280234290748181	1.14861715370996	0.243975366241956	0.807249898406499	0.999994493201698
2173	3.81471473889306	0.574141576435444	1.03115622241569	0.556793979374341	0.57766819784639	0.999994493201698
2174	3.01751656560803	0.0193967195618511	1.14513964937763	0.0169383005578342	0.986485837717521	0.999994493201698
2175	2.29571570124384	-0.184603316671631	1.16438622503766	-0.158541309319989	0.874030272126686	0.999994493201698
2176	2.53593164347015	0.47732358229676	1.12215274614232	0.425364179642814	0.670571214252426	0.999994493201698
2177	5.64083627772325	0.315332254220944	0.792781547313003	0.397754280847869	0.690811321137098	0.999994493201698
2178	2.52681450621555	0.71288594664032	1.12349211912573	0.63452687785213	0.525737031658748	0.999994493201698
2179	6.87228900247992	-0.18649279254166	0.877378573792898	-0.212556811976219	0.831672660636129	0.999994493201698
2180	2.53865837511138	1.3209555308029	1.12820048434219	1.17085176716007	0.241658365449817	0.999994493201698
2181	5.57338839625383	0.251207282544344	0.812248209326674	0.309274036753601	0.757113079150093	0.999994493201698
2182	2.06827632039032	-0.243092737747998	1.16465677677716	-0.208724787074767	0.834663089015457	0.999994493201698
2183	1.16997344613928	0.168531188412588	1.13778791826285	0.148121794674967	0.882246649505622	0.999994493201698
2184	1.37669732000315	0.0480218707779428	1.14948031563267	0.041777027518311	0.966676448405744	0.999994493201698
2185	2.54704111450817	0.115165741372763	1.12120464481463	0.102716075879085	0.918188314426005	0.999994493201698
2186	1.45375543667331	-0.03036890569345	1.0922622837846	-0.0278036751284903	0.977818734768509	0.999994493201698
2187	0.971681615838397	-0.253749667955373	1.03005964465625	-0.246344635741996	0.805415459990607	0.999994493201698
2188	4.26109538112842	-0.264645516083847	0.919075523009532	-0.287947518412044	0.773386912128245	0.999994493201698
2189	2.27663793138737	-0.817372787337642	1.15378724264927	-0.708425918682229	0.478680801638141	0.999994493201698
2190	1.2179899900947	-0.0662413473018694	0.962655230595003	-0.068811081264189	0.945139997423937	0.999994493201698
2191	5.16029422514932	0.135544091990083	0.940905826455123	0.14405702268924	0.885455441579357	0.999994493201698
2192	1.9029488374232	-0.0338427195855104	1.15987282023648	-0.0291779572682896	0.976722661299482	0.999994493201698
2193	2.26338187355454	0.34649188285613	1.13913534217735	0.304170953201964	0.760997653032026	0.999994493201698
2194	0.512276813444899	0.22591764824148	0.918793433127904	0.245885135979232	0.805771150428495	0.999994493201698
2195	1.52322398510074	0.524457149978476	1.08881718144401	0.481676041594907	0.63003609824063	0.999994493201698
2196	3.87707740582121	-0.194747649631667	0.944084146295502	-0.206282088726772	0.836570568787468	0.999994493201698
2197	1.56286305954032	-0.108929694287893	1.16297608818831	-0.0936646035926534	0.925375588864877	0.999994493201698
2198	1.19053158046599	0.127439649444556	0.958009526425992	0.133025451135116	0.894173252280095	0.999994493201698
2199	0.77497294862354	-0.188968214503603	0.925927986182131	-0.204085217558628	0.838286905911085	0.999994493201698
2200	2.05761064313223	-0.285203448035877	1.16421019740726	-0.244975906130213	0.806475087148719	0.999994493201698
2201	3.76515385418326	0.0152090469344889	0.989458348901542	0.0153710835341107	0.987736132698305	0.999994493201698
2202	4.17199822059484	0.465884545022457	1.03737705467271	0.449098563462485	0.653360556690977	0.999994493201698
2203	1.5539546987394	0.765071585218307	1.14189275855565	0.670003009902634	0.50285587145705	0.999994493201698
2204	5.11970987677368	-0.172979433736266	1.02110820605141	-0.169403627070212	0.865479170749462	0.999994493201698
2205	9.13312141741591	0.318459592175341	0.810325448771806	0.393002086578946	0.69431794026593	0.999994493201698
2206	2.41244434517971	0.507369646145659	1.15325730940808	0.439944877874714	0.659977031094033	0.999994493201698
2207	2.88897340597792	0.306827457435668	1.11317936843894	0.275631642244632	0.782831003750283	0.999994493201698
2208	8.09127986058481	0.326869145153848	0.736501417758648	0.443813327812171	0.657177551701507	0.999994493201698
2209	4.21290361317001	0.0168739406044327	1.05190879787817	0.01604125817606	0.987201476658016	0.999994493201698
2210	1.17733009668031	0.454266636676345	1.06164191268271	0.427890639253717	0.668730742518318	0.999994493201698
2211	2.57254601268512	-0.422187697630741	1.14608903282718	-0.368372513424448	0.71259548981977	0.999994493201698
2212	6.17489872129879	0.200709833925253	0.880923696991619	0.227840202971816	0.819770471094615	0.999994493201698
2213	2.86053090008151	-0.179510289834806	1.08206101401719	-0.165896643081492	0.868238289322241	0.999994493201698
2214	0.811634522380148	-0.103505109267619	0.99865737176077	-0.103644264984622	0.917451658424902	0.999994493201698
2215	48.2197805606957	-0.350412806990028	1.10646237358738	-0.316696541477428	0.751473873321069	0.999994493201698
2216	5.914829689402	-0.170360951136177	0.867199770973489	-0.196449488155348	0.844258364858774	0.999994493201698
2217	2.61948716361857	0.0364023989326537	1.16114079569752	0.0313505468652369	0.974989979628646	0.999994493201698
2218	1.10872079531564	0.73529932262401	1.12314365692529	0.654679673512971	0.512674014941557	0.999994493201698
2219	1.5437307156367	0.193216452012442	1.16241584450615	0.166219733605343	0.867984030298545	0.999994493201698
2220	9.43068191693048	0.300074706582352	0.920309315459724	0.326058534387925	0.744380068822558	0.999994493201698
2221	4.91191060988785	0.302446689982833	0.931829576726995	0.324572966491536	0.745504290009167	0.999994493201698
2222	6.64365777789769	0.00485872344526945	0.945366825531731	0.00513951126065441	0.995899281368183	0.999994493201698
2223	3.79171419441756	-0.264242360588071	1.00511092337603	-0.262898705448864	0.792628654129224	0.999994493201698
2224	2.29942969940918	-0.314180819509155	1.12454831417435	-0.279384011828633	0.779950139493428	0.999994493201698
2225	3.11678630545358	-0.773453634263769	1.06536871237927	-0.725996197632302	0.467841101549708	0.999994493201698
2226	2.35409574962485	0.390483295696295	1.15053028556407	0.33939419117929	0.734312793956048	0.999994493201698
2227	6.71386072418293	0.0784007022747248	0.806147077731754	0.0972535960749493	0.922525006211451	0.999994493201698
2228	3.56156066338191	-0.00800005673454588	1.12024656938888	-0.00714133562480811	0.994302086992497	0.999994493201698
2229	1.31822597486789	-0.0365067516249873	1.13214876089845	-0.032245543064514	0.974276236932513	0.999994493201698
2230	1.95541587702631	0.39794319480932	1.16139874771884	0.342641315561032	0.731868316198259	0.999994493201698
2231	14.8755901171338	-0.0946058879125996	0.80465382012738	-0.117573403053779	0.906405680036043	0.999994493201698
2232	4.336393011085	0.0659471133195185	1.09055339727957	0.0604712373406257	0.951780323191621	0.999994493201698
2233	1.09647195497153	0.0192003292917944	1.04698624564417	0.0183386643059299	0.985368682990582	0.999994493201698
2234	4.43221522291759	-0.0291761657563681	1.03018765188692	-0.0283212147834701	0.977405960434867	0.999994493201698
2235	2.72025086942045	0.243264127961682	1.11110700998464	0.21893852327063	0.826697937138359	0.999994493201698
2236	2.11020043231574	0.0171170503025962	1.16516808083981	0.0146906275447048	0.98827899668891	0.999994493201698
2237	8.89875030843424	-0.500706343412363	0.8249300216996	-0.606968264266537	0.543871973436871	0.999994493201698
2238	2.96578602348728	0.247405056952235	1.15351679817182	0.21447893723294	0.830173590453795	0.999994493201698
2239	2.70006308345947	0.19089882003478	1.16407162125547	0.163992332214828	0.869737180097975	0.999994493201698
2240	6.70302197315127	-0.496882817813206	0.787340909524391	-0.631089800875911	0.527981809477188	0.999994493201698
2241	2.55402741668347	0.415750942690053	1.1464429610081	0.362644245575436	0.716870653822959	0.999994493201698
2242	3.58974298903389	-0.356561759400761	1.02692793890334	-0.347212054413023	0.728432015419853	0.999994493201698
2243	2.62332391136431	-0.0876393788588633	1.11198743219619	-0.0788132818064089	0.937181139556998	0.999994493201698
2244	2.95054500137655	-0.35445731522157	1.08255291358866	-0.327427242375196	0.743344764577645	0.999994493201698
2245	2.03566027083313	0.0423749089307906	1.16299422626673	0.0364360441124596	0.97093467420478	0.999994493201698
2246	2.82076907606153	0.552881842127362	1.08244952548907	0.510769166698611	0.609512701830502	0.999994493201698
2247	5.58426811984656	-0.779608357099971	0.90094914519641	-0.865318937541157	0.386863759470775	0.999994493201698
2248	4.69105255976135	0.354372639545352	0.925113676656249	0.383058480797954	0.701676403467847	0.999994493201698
2249	0.473747755109823	0.303271911788896	0.916650636554824	0.330847871255209	0.740759399145932	0.999994493201698
2250	1.74897422503033	0.890198341951312	1.16218474018161	0.765969738866302	0.443694308209785	0.999994493201698
2251	0.913492492571023	-0.0585187495674296	0.928506593462614	-0.0630245923717136	0.949746921365118	0.999994493201698
2252	1.71666034830564	0.126410547736336	1.10438515886128	0.11446237458196	0.908871271057633	0.999994493201698
2253	3.22008581778305	-0.94355800631033	1.05548039145929	-0.893960715845972	0.371342910213347	0.999994493201698
2254	5.45467053818608	0.408387114373997	0.798524498361615	0.511427157478464	0.609051982565797	0.999994493201698
2255	2.95853217156205	0.98661835954442	1.067450099037	0.924275861170935	0.355342707287078	0.999994493201698
2256	0.152248748761837	-0.0100772420010255	0.899746354916655	-0.0112000920547869	0.991063806299399	0.999994493201698
2257	2.65878944214312	0.0398516859788993	1.16147116709006	0.0343113863762485	0.972628845201529	0.999994493201698
2258	4.48682884931552	-0.413691286325854	0.992244385836035	-0.416924794164787	0.67673341736619	0.999994493201698
2259	4.42204054398108	-0.204204273026577	1.06352674344485	-0.192006711900016	0.847736947912156	0.999994493201698
2260	10.4865821466246	-0.0206258168196709	0.876204982727584	-0.0235399446776297	0.981219576058491	0.999994493201698
2261	2.42895485568245	0.00232075502981219	1.14113263338668	0.00203372943855316	0.998377319798711	0.999994493201698
2262	1.67853626141884	0.383975486113236	1.1578715805856	0.331621824519641	0.740174837728185	0.999994493201698
2263	3.61351885332339	0.442397564204476	1.16533408302534	0.379631532835599	0.704218950329865	0.999994493201698
2264	2.4508506539344	0.385472807889771	1.15796353190008	0.332888555874687	0.739218408345114	0.999994493201698
2265	2.20135600254143	0.382493303474554	1.09552461394404	0.349141679343494	0.726982947416899	0.999994493201698
2266	1.50928600383269	0.137517756005015	1.09876863765077	0.125156244265431	0.900399856810928	0.999994493201698
2267	3.31233038251678	0.43007082260209	1.12085219191612	0.383699854185836	0.701200920702774	0.999994493201698
2268	1.03840558128455	0.151385629889806	1.02641580737561	0.147489573720494	0.882745608698934	0.999994493201698
2269	6.8241381564777	-0.0985904484021287	0.89720765317287	-0.10988587541967	0.912499884484705	0.999994493201698
2270	1.35663228362257	-0.0164930772613959	1.06742415387734	-0.0154512872895803	0.987672146959021	0.999994493201698
2271	1.56481657099208	0.304488436015616	1.10529377210101	0.275481906893246	0.782946024470764	0.999994493201698
2272	2.61920494175069	-0.154676222765632	1.16468076624174	-0.132805681392637	0.894347061062749	0.999994493201698
2273	3.33913832153641	0.129479422822814	1.1559883169029	0.112007553129699	0.910817417728509	0.999994493201698
2274	2.32030677831087	-0.588543375974993	1.1581276370052	-0.508185244155738	0.611323438097204	0.999994493201698
2275	11.7761662889313	0.280004842803779	0.696438243442774	0.40205265210538	0.68764527737777	0.999994493201698
2276	5.83460626658678	0.430921388694415	0.844223085211839	0.510435447979114	0.6097464278954	0.999994493201698
2277	3.1586946656635	-0.118882260649051	1.1653607935372	-0.102013266027433	0.918746145252447	0.999994493201698
2278	5.79043066962619	0.138869732249721	1.02729439691435	0.135180073664219	0.892469501384545	0.999994493201698
2279	0.887089524999669	0.602141277114132	1.02983846734286	0.584694878088743	0.558752898640233	0.999994493201698
2280	1.93804611946082	0.155591978803579	1.06756885945531	0.145744208840041	0.884123320352981	0.999994493201698
2281	0.290891042289714	0.211301516985749	0.898796020360071	0.235093961476485	0.814135805415743	0.999994493201698
2282	3.21814800744192	0.346377409051891	1.11074869243881	0.311841383572886	0.75516107160529	0.999994493201698
2283	1.68960691012521	0.522300017525173	1.11810520141843	0.467129583926969	0.640407169341627	0.999994493201698
2284	1.50034619020564	-0.539758878197483	1.11141374544739	-0.485650713254594	0.627214833835384	0.999994493201698
2285	2.24585264370155	-0.0372527550593117	1.15792629766728	-0.0321719570013738	0.974334919669433	0.999994493201698
2286	3.28981873673831	0.0588651225397341	1.01913864300601	0.0577596806319774	0.953940054726425	0.999994493201698
2287	5.75712532712829	0.555633816909643	0.896729828179025	0.619622320401631	0.535506468178873	0.999994493201698
2288	4.35909665260896	0.59366089386322	0.93534565123626	0.634696802276858	0.525626179619689	0.999994493201698
2289	6.73730823269477	-0.254175549235174	0.813765943481148	-0.312344785710564	0.754778507237751	0.999994493201698
2290	5.10992021832085	0.40633067823891	0.872296343373632	0.465817243561303	0.641346321237204	0.999994493201698
2291	3.61828829354609	0.73801272329229	1.06410477326561	0.693552685632092	0.487962774492892	0.999994493201698
2292	4.73491658165245	-0.281136733100888	0.880061902017986	-0.319451089129345	0.749384475031821	0.999994493201698
2293	3.87744775418694	-0.139135780689113	1.01233205436618	-0.137440852622439	0.890682341697045	0.999994493201698
2294	5.33503783898143	0.227294978884703	0.819234962621188	0.277447849829871	0.781436244266216	0.999994493201698
2295	1.6991657415352	-0.077025499603763	1.16482417843873	-0.0661262884386584	0.947277281504316	0.999994493201698
2296	3.16274018986293	0.174899003575967	1.10923606387402	0.157675186799399	0.874712753943808	0.999994493201698
2297	5.06087028289723	-0.0749225030743859	1.07206223692614	-0.0698863372794537	0.944284127810648	0.999994493201698
2298	1.75098231052925	0.228724292089931	1.16523817729463	0.196289734190625	0.844383396026182	0.999994493201698
2299	3.27253710567066	-0.146673348604775	1.14863603883118	-0.127693493540412	0.898391539342246	0.999994493201698
2300	2.25639557137924	0.0334978032597458	1.14053185653678	0.0293703354866928	0.97656923144633	0.999994493201698
2301	3.58965169227963	0.68196367924666	1.11829662795577	0.609823603325423	0.541978664188608	0.999994493201698
2302	4.52753906692309	0.447893605885014	1.13365638842373	0.39508762130982	0.692778224073483	0.999994493201698
2303	1.62312844383985	0.170266159797131	1.16530546326161	0.146112899291288	0.883832263541424	0.999994493201698
2304	0.844760441625958	0.011336509533808	1.00663332653467	0.0112618062952813	0.991014568565115	0.999994493201698
2305	2.47765649332949	0.00638276696107152	1.10664659868207	0.00576766509622213	0.995398094582324	0.999994493201698
2306	5.66732947141699	-0.00146433003244605	1.09994932091784	-0.00133127045455527	0.99893780017181	0.999994493201698
2307	2.43275488072108	0.564762363292519	1.12521665950609	0.501914327806364	0.615727786277801	0.999994493201698
2308	2.80037251364687	-0.00682461487754909	1.12117063105007	-0.00608704392404328	0.995143271624096	0.999994493201698
2309	5.43327310776122	-0.588099651911889	0.824846730113102	-0.712980521643396	0.475857810394626	0.999994493201698
2310	10.327787719211	0.248807947403038	0.661017961147807	0.376401190326208	0.706618661205353	0.999994493201698
2311	1.12179952952092	0.254963501056951	1.05184744827489	0.242395892555626	0.808473416761717	0.999994493201698
2312	4.12016487985829	-0.0176377384263286	1.11509394195877	-0.0158172668352464	0.987380173217435	0.999994493201698
2313	7.3559063104057	0.146996770618454	0.764892350191164	0.192179684607535	0.847601458625789	0.999994493201698
2314	4.28376649919439	0.23309527971219	1.09972449906143	0.211957885735134	0.832139890100689	0.999994493201698
2315	4.60030406060849	0.169046566486204	1.06378206396086	0.158910901220482	0.873739071904642	0.999994493201698
2316	5.5081783477286	0.0808702101867411	1.00679084471612	0.0803247373684094	0.93597898420302	0.999994493201698
2317	2.73712962866436	0.495451507574872	1.10485699021515	0.448430441190758	0.653842576418422	0.999994493201698
2318	3.32148424247848	-0.284041932381691	1.02974309016841	-0.275837667757729	0.78267275093407	0.999994493201698
2319	1.62640074784981	0.661703832215819	1.16538655287962	0.567797723923256	0.570172325513554	0.999994493201698
2320	1.41522637833823	0.00363975864233146	1.14568898965366	0.00317691683799086	0.997465191367899	0.999994493201698
2321	0.944223206209688	0.0330073085223361	1.02353608663007	0.0322483095158967	0.974274030771018	0.999994493201698
2322	1.05201203651851	0.0402688155853871	0.93228063795988	0.0431938774074594	0.965546985656579	0.999994493201698
2323	1.78002388324399	0.387252684766166	1.16541606120696	0.332287066959682	0.739672504701439	0.999994493201698
2324	3.23277318202613	0.305652585352762	1.07835024630578	0.283444628866983	0.776836021553324	0.999994493201698
2325	2.16307244336714	0.558791743513918	1.16403099103441	0.480048854212508	0.631192654916363	0.999994493201698
2326	3.21422523282289	-0.00348622930168912	1.16523167332455	-0.00299187653536956	0.997612831465988	0.999994493201698
2327	4.04949818882851	0.118667468595681	1.04997849266008	0.113018951745423	0.910015530159912	0.999994493201698
2328	3.08730405861045	0.145346303202119	1.16542069732178	0.124715738733777	0.900748596979192	0.999994493201698
2329	2.28753125646619	0.279706985530365	1.16506330184853	0.240078788068059	0.810269178053438	0.999994493201698
2330	3.00140892692904	0.535396025107848	1.05246060064733	0.508708853118631	0.610956315960604	0.999994493201698
2331	12.1074076599994	0.380849907560921	1.01567850374652	0.374970924516062	0.707682090506053	0.999994493201698
2332	3.56525681020719	0.139493381762168	1.04482262649342	0.133509150955439	0.893790727643963	0.999994493201698
2333	1.9959330698957	1.15239941883898	1.16521354068484	0.989002769536708	0.322661786633876	0.999994493201698
2334	7.42809616155242	0.210084562406382	0.784322992910452	0.26785465210806	0.788811200901176	0.999994493201698
2335	3.45644716092357	-0.00340605337642557	1.01580004497011	-0.00335307464622706	0.997324638521787	0.999994493201698
2336	10.3283993674884	0.114678734403338	0.803787143697984	0.142673013996884	0.88654843035816	0.999994493201698
2337	9.06199415189801	0.388722021285111	0.77595394508463	0.500960171344596	0.616399153743102	0.999994493201698
2338	1.752160502167	0.57958412152162	1.15981582870582	0.499720823924562	0.617271667602366	0.999994493201698
2339	1.27744333187311	0.892323769675508	1.15640521495163	0.771635892106239	0.440330109996358	0.999994493201698
2340	15.1610150477889	0.226526976024644	0.865849447539559	0.261623977087881	0.793611356662689	0.999994493201698
2341	3.03640131072632	-0.272592863630373	1.04506225904434	-0.260838874690246	0.79421676419998	0.999994493201698
2342	0.667711839343399	-0.12985347860705	1.0684214968539	-0.12153768806545	0.903265165185677	0.999994493201698
2343	4.55823832773562	-0.284892132937902	1.00189936006354	-0.284352046017711	0.776140604494088	0.999994493201698
2344	18.3369117146772	-0.00305420768502657	0.856776163582152	-0.00356476733929785	0.997155733201073	0.999994493201698
2345	1.87499942947291	-0.862606592825147	1.16140965940379	-0.74272379762018	0.457648918875296	0.999994493201698
2346	1.30690982700074	-0.152498194934877	1.08613121921237	-0.140404945772081	0.888340050401693	0.999994493201698
2347	0.955293854916056	0.21573734483973	0.928856296366888	0.232261271935778	0.816335090498305	0.999994493201698
2348	8.63624299874469	0.277608423407297	0.778105886107734	0.356774609167859	0.721260545942452	0.999994493201698
2349	3.40778434560819	-0.29337946838459	1.15442024496985	-0.254135761792925	0.799390676170666	0.999994493201698
2350	0.665053283235413	0.39851348796627	0.983355948625113	0.405258633482062	0.685287409910026	0.999994493201698
2351	0	NA	NA	NA	NA	NA
2352	1.19371785760265	-0.0562902308252598	1.12990821192924	-0.0498184102309943	0.960267095656038	0.999994493201698
2353	5.17719395538483	0.0517457431382145	0.968536612950657	0.0534267289912464	0.957391908965618	0.999994493201698
2354	3.51646704606231	0.286769366344296	0.993067673563132	0.288771222725804	0.772756455299801	0.999994493201698
2355	3.29983394338733	0.0272486960973591	1.02410558347548	0.0266073113329642	0.978772941725004	0.999994493201698
2356	5.63464104707747	0.0360743186171002	0.804740181380915	0.0448272864357258	0.964244975518949	0.999994493201698
2357	0	NA	NA	NA	NA	NA
2358	2.4875289994335	1.20036891440887	1.1127691542979	1.0787223116067	0.280711536342774	0.999994493201698
2359	13.3109309188047	0.0716110826742588	0.679860454157284	0.105332031354911	0.916112346994779	0.999994493201698
2360	1.78657059088845	0.33884309084533	1.15651316849165	0.292986798660715	0.769532242292915	0.999994493201698
2361	1.75228325174739	0.568467735918674	1.16221873659198	0.48912284582988	0.624754728156008	0.999994493201698
2362	2.87515817429027	-0.116461142484631	1.08933747085281	-0.106910067449949	0.914860326299546	0.999994493201698
2363	0.775500669652217	-0.061105014741339	0.99425657624412	-0.0614579940443219	0.950994467031741	0.999994493201698
2364	0.886034082942315	0.175360474598416	0.927955204667104	0.188975150649998	0.850112292773497	0.999994493201698
2365	1.19053158046599	0.127439649444556	0.958009526425992	0.133025451135116	0.894173252280095	0.999994493201698
2366	0.761243743809186	-0.056501305794818	0.925933038795207	-0.0610209415017047	0.951342531224916	0.999994493201698
2367	0.96902305973041	0.102223741884738	0.929247496265328	0.110007013519625	0.912403812691952	0.999994493201698
2368	1.76217570881601	0.488369659388775	1.16342065387654	0.419770491233347	0.67465312374706	0.999994493201698
2369	1.8728685943936	-0.070149619389425	1.16144425697168	-0.0603986105819072	0.951838165234021	0.999994493201698
2370	3.15717757848617	0.640662576436809	1.1652437166689	0.54980993870388	0.582449741096853	0.999994493201698
2371	2.6788544785237	0.0961905098860231	1.10700496698945	0.0868925729824115	0.930756903093247	0.999994493201698
2372	2.2492476972919	0.309708186416684	1.14908317896389	0.269526342467167	0.787524673626435	0.999994493201698
2373	0.540262944102284	0.0469101790727391	0.958771654026691	0.048927373765926	0.960977173870909	0.999994493201698
2374	1.70305389307168	0.219345295998925	1.10751253102553	0.198052202439476	0.843004220924154	0.999994493201698
2375	1.21084211600736	0.21897203264051	1.15854170705261	0.189006603135235	0.850087641516983	0.999994493201698
2376	0.304497497523674	-0.0431887436667238	0.908039688221683	-0.0475626167302282	0.962064825819556	0.999994493201698
2377	0.373757269497416	0.0695162270399921	0.912834789865967	0.0761542261663791	0.939296399111268	0.999994493201698
2378	0.29076829270932	0.239749673515231	0.906140553072897	0.264583317347617	0.791330473086318	0.999994493201698
2379	4.29455492603286	0.225905753395498	1.1365859732952	0.198758174659282	0.842451914943221	0.999994493201698
2380	0.982752264544764	-0.0062036677621794	0.929471187459437	-0.00667440566838457	0.994674634303481	0.999994493201698
2381	1.34543888533581	-0.180145328061043	1.08127073968037	-0.166605200205727	0.867680701719791	0.999994493201698
2382	3.46940314554846	-0.137477406334433	0.985666358988599	-0.139476614049707	0.88907353458173	0.999994493201698
2383	3.25405523237611	0.0982833747087879	1.14777973569185	0.0856291252167345	0.931761244912057	0.999994493201698
2384	3.59988094526329	-0.424254678116165	1.05800710688005	-0.400994166633952	0.688424418703563	0.999994493201698
2385	8.29735536346416	0.289991096951049	0.756619930979135	0.38327181862071	0.701518232296211	0.999994493201698
2386	0.595265790232995	0.109200319179576	0.921811850313088	0.118462698372218	0.90570104932124	0.999994493201698
2387	2.75150930408779	0.499555688360737	1.08767837153638	0.459286220479957	0.646028641655765	0.999994493201698
2388	5.99568993073533	0.208637557970581	0.801555030151081	0.260290997027684	0.794639316662749	0.999994493201698
2389	4.92868447089143	-0.235953968649318	0.852764146607167	-0.276693115661688	0.782015758480705	0.999994493201698
2390	1.53695318991509	0.387930864796363	1.08881136823072	0.356288404139954	0.721624592470653	0.999994493201698
2391	2.80323984620854	0.167705763265297	1.10640393690093	0.15157733778049	0.879520308678678	0.999994493201698
2392	3.34049383680171	-0.442695699223712	1.03075496180342	-0.429486847629787	0.667568963353036	0.999994493201698
2393	0.0829889767880956	-0.248659012986504	0.893865399747027	-0.278183955947816	0.780871150271919	0.999994493201698
2394	0.443017041471157	0.156043573514936	0.916230155050019	0.170310453825237	0.864765990402077	0.999994493201698
2395	0.913492492571023	-0.0585187495674296	0.928506593462614	-0.0630245923717136	0.949746921365118	0.999994493201698
2396	5.27644794351487	-0.0516968078066216	1.01796206850167	-0.0507846111424501	0.95949715358236	0.999994493201698
2397	5.16932533553063	-0.346870313133125	0.851110462618516	-0.407550286793501	0.683603868260429	0.999994493201698
2398	8.16606552122822	0.279714274575006	0.768929682579866	0.363770941494319	0.71602906346391	0.999994493201698
2399	0.806231383290882	0.0717831253116382	1.08843670259796	0.0659506658864966	0.947417102808407	0.999994493201698
2400	2.78521751840943	-0.190426741573802	1.0749607651911	-0.177147620397057	0.859392437710256	0.999994493201698
2401	2.90220951284615	0.195112540164865	1.07173636656243	0.182052738203411	0.855541338274287	0.999994493201698
2402	6.44307354060545	-0.18022076023825	0.848173606771556	-0.212480981251271	0.831731813798895	0.999994493201698
2403	4.96097741521074	0.672566450621941	0.909985743795442	0.739095590461391	0.459848954257848	0.999994493201698
2404	1.34871118934577	0.155274658080353	1.08840335160609	0.142662789352149	0.886556505840007	0.999994493201698
2405	1.64266575919175	0.061622614380874	1.16199792781815	0.0530316043648898	0.957706726493268	0.999994493201698
2406	0.691983971835444	-0.127644093173444	0.924312353398394	-0.138096275251692	0.890164329491788	0.999994493201698
2407	0.691983971835444	-0.127644093173444	0.924312353398394	-0.138096275251692	0.890164329491788	0.999994493201698
2408	2.89934218028447	0.0174118077572039	1.08642827580189	0.0160266518692661	0.987213129306725	0.999994493201698
2409	4.28617745651704	-0.011603788666353	0.91005743124064	-0.0127506114098031	0.989826759673734	0.999994493201698
2410	10.7159235935	0.618107629441711	0.935908383044218	0.660436043356295	0.508974048552513	0.999994493201698
2411	3.13495025420014	-0.00994428564924297	1.11986494248165	-0.00887989727333204	0.992914960176488	0.999994493201698
2412	4.72731126169422	0.34822766739117	1.06036843613034	0.328402520789828	0.742607337274826	0.999994493201698
2413	0.747514538994832	0.0779565186862294	0.925660442402039	0.0842171871187846	0.932883753388265	0.999994493201698
2414	0.91676479658098	0.329108484404778	1.01650491662558	0.323764773806796	0.746116127308324	0.999994493201698
2415	3.53507166893726	-0.0433726537963469	1.00042243226482	-0.0433543395245117	0.965419075232643	0.999994493201698
2416	5.65509320356628	0.310881943871536	0.80187867142942	0.387691997490545	0.698243978590232	0.999994493201698
2417	2.16682316423959	-0.223624610781728	1.14559060164207	-0.195204648555243	0.845232740044338	0.999994493201698
2418	0.933803028112391	-0.209947059059265	1.14239442705639	-0.183778084072272	0.85418754966696	0.999994493201698
2419	1.10807032470657	0.400428084791335	1.05144961468043	0.380834306466543	0.703326201222133	0.999994493201698
2420	3.85933412963357	-0.0140213716334284	0.998709898724793	-0.0140394839896267	0.988798480467438	0.999994493201698
2421	1.22126229410465	0.262108570260755	1.06380674823105	0.246387391973778	0.805382365212847	0.999994493201698
2422	6.89458669111481	-0.0294159105231367	0.780599500890737	-0.037683742417937	0.969939838460869	0.999994493201698
2423	4.27084513765205	0.528273007804796	0.904148528125045	0.584276798968294	0.559034099015041	0.999994493201698
2424	1.2179899900947	-0.0662413473018694	0.962655230595003	-0.068811081264189	0.945139997423937	0.999994493201698
2425	2.27339708020355	0.236088995892437	1.16458918289909	0.202722985374745	0.839351556462877	0.999994493201698
2426	6.92444030635066	-0.226134976392042	0.739582256586374	-0.305760413230833	0.759787071472346	0.999994493201698
2427	4.52958387512911	-0.111199458555965	1.09227437432893	-0.101805426520496	0.918911118292799	0.999994493201698
2428	1.16625944797394	0.270643007810889	1.12767378929941	0.240001151378211	0.810329364017882	0.999994493201698
2429	2.01642302868917	0.0922111511750438	1.16497043464914	0.0791532114742599	0.936910759604055	0.999994493201698
2430	5.12284157986319	0.159528097589649	1.10529798195657	0.144330397950475	0.885239575510055	0.999994493201698
2431	3.85032404084872	-0.608862004644181	1.03106660689526	-0.590516655832333	0.554844322600726	0.999994493201698
2432	7.02077337827835	0.0164975252011188	0.915596059748011	0.0180183444713155	0.985624219014595	0.999994493201698
2433	0.373757269497416	0.0695162270399921	0.912834789865967	0.0761542261663791	0.939296399111268	0.999994493201698
2434	6.10961001540578	-0.117743450254516	1.04036705572384	-0.11317491226459	0.90989188497137	0.999994493201698
2435	1.67526395740889	0.0122510712092971	1.1143445660049	0.0109939704316226	0.991228257433973	0.999994493201698
2436	1.81983711105471	0.111353530253844	1.16272684785283	0.0957692947913583	0.923703804443733	0.999994493201698
2437	2.5359704658018	-0.0145605444975395	1.15966898239984	-0.0125557764487308	0.989982203036835	0.999994493201698
2438	0.861234229421593	0.116054008505844	1.00947410860056	0.114964819322341	0.908473007218995	0.999994493201698
2439	3.2382497665296	-0.104680357211402	1.04061273546381	-0.100594922245252	0.919872027721356	0.999994493201698
2440	2.66589849389881	0.30401926925237	1.09979130351142	0.276433599976373	0.782215052684598	0.999994493201698
2441	1.5539914214465	0.0392401838559121	1.16515688735003	0.0336780259224642	0.973133901804443	0.999994493201698
2442	1.22404359979303	-0.173031612485391	1.12863863474023	-0.153310020727066	0.878153798697058	0.999994493201698
2443	4.23191320749324	-0.1370851463979	1.01599890159846	-0.134926471064315	0.892670010042178	0.999994493201698
2444	1.41469865730955	-0.121251623960469	1.08904829632834	-0.111337233040317	0.911348931235713	0.999994493201698
2445	7.11406715308886	-0.340987576241214	1.07174570623465	-0.318160897923446	0.750362891740999	0.999994493201698
2446	0	NA	NA	NA	NA	NA
2447	4.79482629866989	-0.105243177433634	0.956991453837173	-0.109972954315996	0.912430824120137	0.999994493201698
2448	8.00833078572592	-0.561215447466268	0.759721141821301	-0.738712425615601	0.460081638972535	0.999994493201698
2449	0.803572827182896	0.52120572130981	1.00685768014243	0.517655803386313	0.604698439766725	0.999994493201698
2450	1.36182664625815	-0.717740424152358	1.0988027146225	-0.65320226697742	0.513625888955546	0.999994493201698
2451	1.89847839081089	0.440268801428768	1.16363134132953	0.378357634236399	0.705164935963757	0.999994493201698
2452	2.17433928706811	0.343583850044921	1.15474402254597	0.297541137547863	0.766053406021254	0.999994493201698
2453	0.138519543947483	0.395398105903997	0.89763237952822	0.440490021217607	0.659582238041294	0.999994493201698
2454	0.498547608630545	0.439497809069423	0.916867380815593	0.4793471970597	0.631691651092204	0.999994493201698
2455	5.10119128077203	0.33964080028369	1.02528107440965	0.331266038904747	0.740443541471525	0.999994493201698
2456	0.595793511261672	0.331569505574191	0.972178500420927	0.341058257748582	0.733059724694943	0.999994493201698
2457	1.07219982247948	0.0840652561460228	1.12455294050542	0.0747543784895006	0.940410140890677	0.999994493201698
2458	4.18389876316237	0.125367006500937	1.10002186885951	0.113967740142217	0.909263366420098	0.999994493201698
2459	0.942006344257085	-0.0624972365594085	1.02272712531491	-0.0611084178882661	0.95127286517652	0.999994493201698
2460	1.33022931605122	0.705476081609863	1.14019359717554	0.618733593450665	0.536091875571467	0.999994493201698
2461	0.67825476702109	0.0176760356260149	0.924150990095805	0.0191267831939264	0.98473996543691	0.999994493201698
2462	4.65291170113205	0.21439375031742	1.01457912727807	0.211312991321436	0.832643046198252	0.999994493201698
2463	4.84600916879736	0.34047122108238	0.914704009914628	0.372220103325181	0.709728979453885	0.999994493201698
2464	3.37006313054513	-0.22998338277562	1.0168112066638	-0.226181007121475	0.82106064199259	0.999994493201698
2465	0.82589144822318	-0.122043965990419	1.0854239726201	-0.112438981512282	0.91047534850229	0.999994493201698
2466	3.2265968227474	0.294481995449052	1.14779825957144	0.25656250390117	0.797516523797108	0.999994493201698
2467	0.553992148916638	-0.148621394712967	0.953158829410173	-0.155925109359723	0.87609205296969	0.999994493201698
2468	2.5027385687181	0.311524127960083	1.1283853813131	0.276079549699202	0.782486967468823	0.999994493201698
2469	1.98900134176756	-0.3281342879049	1.14847728224131	-0.285712475970382	0.775098348412251	0.999994493201698
2470	1.05225753567929	-0.0567142683386784	1.03530110211378	-0.0547804578039033	0.956313369434286	0.999994493201698
2471	3.70638560609647	-0.239992167076639	1.04029982539415	-0.230695191153868	0.817551609673742	0.999994493201698
2472	1.12498580665759	0.0351061026899413	1.12922190975658	0.0310887544659039	0.97519875797218	0.999994493201698
2473	2.14582543538204	0.262469077060417	1.08971259576053	0.240860827048837	0.809662983884209	0.999994493201698
2474	0.348957415976694	-0.110990188527705	0.941094773466168	-0.117937312645903	0.906117328328082	0.999994493201698
2475	2.54969967061616	-0.103726201767414	1.16002849781407	-0.0894169427413839	0.92875055904506	0.999994493201698
2476	7.13927826064332	-0.106362607617468	0.778118384981621	-0.136692063406239	0.89127420312974	0.999994493201698
2477	7.88130783292468	-0.0720760094996387	0.914384095357088	-0.0788246535188162	0.937172094383173	0.999994493201698
2478	2.65065957141262	-0.25870064439915	1.13683015170103	-0.22756314477766	0.819985874417139	0.999994493201698
2479	4.7322894783706	0.870325580430826	0.944247055995979	0.921713840571966	0.356677859233769	0.999994493201698
2480	3.73892821023945	-0.233552828485225	1.0184580417551	-0.229320029799899	0.818620186714396	0.999994493201698
2481	4.81316757104399	0.419835868792393	1.04430561017856	0.402023952280223	0.687666398683468	0.999994493201698
2482	4.30064315881376	0.38811269380292	0.918426155060139	0.42258453950226	0.672598408571002	0.999994493201698
2483	3.98205030735909	0.0272016593930897	1.06716471009522	0.0254896541609426	0.979664400591265	0.999994493201698
2484	2.40096872502506	0.115958559406953	1.16461067726011	0.0995685181933584	0.920686888430417	0.999994493201698
2485	0.512276813444899	0.22591764824148	0.918793433127904	0.245885135979232	0.805771150428495	0.999994493201698
2486	0.608994995047349	-0.0538793284577328	0.922266213845389	-0.0584205814426215	0.95341362114809	0.999994493201698
2487	11.44506330767	0.215229505786531	0.726719072329841	0.296166034416176	0.767103286452755	0.999994493201698
2488	4.02415174291207	-0.438439047868789	1.01675042762738	-0.431215995543667	0.66631132438951	0.999994493201698
2489	6.3647333540842	0.0756716550601613	0.920726907684138	0.0821868617378575	0.934498120913505	0.999994493201698
2490	1.26838076866566	-0.11957999134481	1.08273826810479	-0.110442195373884	0.912058690716237	0.999994493201698
2491	2.93964640641677	0.434331540605324	1.11677975987677	0.388914230190963	0.697339595097678	0.999994493201698
2492	7.04826641098962	-0.0435256448793284	0.756742635879095	-0.0575171039870979	0.954133281651262	0.999994493201698
2493	5.11961965065129	-0.227936245821924	0.870082529321644	-0.261970833961731	0.793343928245967	0.999994493201698
2494	3.40369999907711	-0.315205542117298	1.0479301199084	-0.300788703491843	0.763575623048295	0.999994493201698
2495	4.44287880055113	-0.166966780248428	0.965484550237637	-0.172935734919148	0.86270194241049	0.999994493201698
2496	1.89200093829722	-0.467036921474691	1.15791245942221	-0.403343895019264	0.686695254399449	0.999994493201698
2497	9.41410430152637	-0.366488442759972	0.698786618568383	-0.524464025242503	0.599955835057229	0.999994493201698
2498	10.3326274345915	0.611451869742188	0.729500020490667	0.838179372950424	0.401929969975464	0.999994493201698
2499	2.25627282179885	0.0553805907772	1.09920156611047	0.0503825617472186	0.959817532446466	0.999994493201698
2500	4.07799316914753	-0.293133815698153	0.933255994435565	-0.314097972524078	0.753446629360946	0.999994493201698
2501	5.16589145960863	-0.296075510646257	0.865902352744865	-0.341927134979728	0.73240572830727	0.999994493201698
2502	1.68225025958418	0.32211231372741	1.1651026516872	0.276466896080748	0.782189482252651	0.999994493201698
2503	1.09965823210819	-0.268030488085053	1.12878486228414	-0.237450462918756	0.812307345147559	0.999994493201698
2504	3.48598183158444	0.121868218992169	1.01913203046282	0.119580403077729	0.904815544393042	0.999994493201698
2505	5.10332211585134	0.0796347887223886	1.03754574662094	0.0767530385833508	0.938820010256599	0.999994493201698
2506	4.94890580930309	0.648406058521155	1.08195363406169	0.599291908736439	0.548978242581058	0.999994493201698
2507	4.61433333863078	-0.518900552455811	0.917944070764017	-0.565285586543332	0.571879530772167	0.999994493201698
2508	1.82089255311206	0.461721178199564	1.15658837438889	0.399209596450877	0.68973877280919	0.999994493201698
2509	5.44311099078269	-0.0647423687623363	0.901447860952442	-0.0718204253032799	0.94274481775331	0.999994493201698
2510	18.5029168742786	0.0936628649047949	0.884187806589821	0.105930961959358	0.91563712817789	0.999994493201698
2511	0.961138688160706	-0.475147912395401	1.11229072268079	-0.427179605751113	0.66924851454308	0.999994493201698
2512	5.11173210882517	0.372806205179972	0.885484274469426	0.421019566274459	0.673740794270481	0.999994493201698
2513	3.61936368656804	0.156475516038374	1.09495227116871	0.142906243640517	0.886364227476247	0.999994493201698
2514	6.3773703941341	0.16782400700481	0.989144179269368	0.169665869265665	0.865272917224449	0.999994493201698
2515	2.86090124844724	-0.112626822555653	1.1120153028389	-0.101281720016014	0.919326826882331	0.999994493201698
2516	0.33522821116234	0.152611188086003	0.909677487587026	0.167764059425954	0.866768898123338	0.999994493201698
2517	1.28737251164883	-0.0754537333352686	1.05924490464652	-0.0712335107813886	0.943211911402021	0.999994493201698
2518	2.10124066772408	0.425366729667321	1.14197291231672	0.37248408003337	0.709532462938122	0.999994493201698
2519	5.22295271543144	0.177978419506155	0.873599117050288	0.203730081718832	0.838564433359396	0.999994493201698
2520	1.92975677644283	-0.377745173162969	1.16298815067074	-0.324805693802733	0.745328134972972	0.999994493201698
2521	0.279697644002952	-0.257059389031301	0.932819561376913	-0.275572468325881	0.782876458225662	0.999994493201698
2522	1.42075226700789	-0.21355066505653	1.14459806552605	-0.186572624477032	0.85199573232657	0.999994493201698
2523	1.49567954859873	0.27023512564055	1.14103760730746	0.236832794913947	0.812786508544561	0.999994493201698
2524	2.58148582631217	0.186305423672983	1.14542382365575	0.162651954521401	0.870792477841277	0.999994493201698
2525	6.71740164857469	-0.550776558704859	0.80500598637738	-0.684189394893095	0.493855578084524	0.999994493201698
2526	2.98231228570552	-0.617417669884068	1.10131259705763	-0.560619819961759	0.575056737113544	0.999994493201698
2527	2.38681678661345	-0.749601329717425	1.11799291254704	-0.670488445235011	0.50254646987384	0.999994493201698
2528	0.927749418414054	-0.0673341703966232	1.0194409574741	-0.0660500933408241	0.947337943775961	0.999994493201698
2529	2.0710376751141	0.465663244440053	1.14852618047319	0.405444170413426	0.685151048645623	0.999994493201698
2530	5.84293233231187	0.417563157619515	0.86890915496734	0.480560200375849	0.63082910769219	0.999994493201698
2531	3.02675645244304	-0.177032265549029	1.10689211751257	-0.159936332320135	0.87293122784206	0.999994493201698
2532	3.43229987763647	0.153390600472467	1.02731034641468	0.149312815750178	0.881306803126247	0.999994493201698
2533	2.70300386143535	0.0872483535247067	1.15220883686055	0.0757226908295848	0.939639723148096	0.999994493201698
2534	3.38465368204679	0.339471112584055	1.07968356029988	0.314417228405115	0.753204172781633	0.999994493201698
2535	4.12399952797948	0.459964197822677	0.933462325063205	0.492750682564004	0.622188761407688	0.999994493201698
2536	4.69112181489214	-0.153067893997756	1.08660494049816	-0.140868026909193	0.88797420106187	0.999994493201698
2537	4.82114323936795	-0.169112362132437	1.00630479360459	-0.168052823763936	0.866541722602659	0.999994493201698
2538	4.50976223828477	0.278560465853978	0.967603379073684	0.287887032929393	0.773433213141642	0.999994493201698
2539	2.42818163549298	-0.0318230853585882	1.16164397717265	-0.0273948696708636	0.978144790124184	0.999994493201698
2540	9.6616076481286	-0.0975561404951756	0.813242540040195	-0.119959465586188	0.904515257795332	0.999994493201698
2541	2.05180253259468	-0.371842422072493	1.1620354781434	-0.319992314405573	0.748974156710323	0.999994493201698
2542	2.12433460857838	0.0764301490024268	1.15471140630182	0.0661898276792889	0.947226695351424	0.999994493201698
2543	8.84350824572819	0.0240176343822523	0.922345156313345	0.0260397468538263	0.979225635784685	0.999994493201698
2544	0.930494001395334	0.177633863462975	1.02034143050093	0.1740925715187	0.86179271112426	0.999994493201698
2545	2.70059080448815	0.316110538381413	1.16013492268635	0.272477392241105	0.785254972256578	0.999994493201698
2546	2.17340659459115	0.0867171397536741	1.1363392685102	0.0763127194111359	0.939170306726881	0.999994493201698
2547	0.941564650101702	0.337871000401589	0.928251938290883	0.363986312836237	0.715868230147318	0.999994493201698
2548	3.70052190148477	-0.259560105671939	1.00775556422943	-0.257562562674025	0.79674452569969	0.999994493201698
2549	1.10872079531564	0.73529932262401	1.12314365692529	0.654679673512971	0.512674014941557	0.999994493201698
2550	3.86848798959528	0.0769152288734249	0.942720404438555	0.0815885903299531	0.934973874641919	0.999994493201698
2551	8.17967827533582	0.0381731246771246	0.972250360687428	0.0392626490260537	0.968680985399648	0.999994493201698
2552	0.747514538994832	0.0779565186862294	0.925660442402039	0.0842171871187846	0.932883753388265	0.999994493201698
2553	10.4034567681652	-0.098871787829391	0.659351350714753	-0.149953113347249	0.880801607020394	0.999994493201698
2554	2.88610607341624	0.13211505928506	1.10570107762077	0.119485331034807	0.904890860916411	0.999994493201698
2555	2.9112920270182	-0.136079379243646	1.10003559735741	-0.123704523354104	0.901549230055164	0.999994493201698
2556	7.3767716704775	-0.279089578677985	0.774828776792086	-0.36019516445099	0.718701190575889	0.999994493201698
2557	3.23369227301701	-0.944400259866772	1.0658481351639	-0.88605517869724	0.375587794037755	0.999994493201698
2558	2.78280656108678	0.168800253493987	1.16378160993935	0.145044613226689	0.884675647944374	0.999994493201698
2559	1.04199682986949	0.133937332655552	1.12142707705385	0.119434723305794	0.904930952948362	0.999994493201698
2560	2.67633652333616	0.139976768123158	1.12818621196959	0.124072397480188	0.901257952882432	0.999994493201698
2561	38.343531064078	-0.240799122262438	1.09925703528502	-0.219056248477867	0.826606231682367	0.999994493201698
2562	2.81251855537519	-0.405003064664015	1.16341458709374	-0.348115855823788	0.72775317697891	0.999994493201698
2563	1.27404827828276	0.228503889905044	1.07225664232433	0.21310559513972	0.831244600593627	0.999994493201698
2564	1.13880103834524	0.635260581895659	1.1237954755083	0.565281312961621	0.571882437093812	0.999994493201698
2565	1.19053158046599	0.127439649444556	0.958009526425992	0.133025451135116	0.894173252280095	0.999994493201698
2566	12.9225599855503	-0.0329407744411713	0.974336352313329	-0.0338084218688559	0.973029920106002	0.999994493201698
2567	6.59090114692117	0.218549659834007	0.868813055953568	0.251549695686994	0.80138914540926	0.999994493201698
2568	2.3219392455631	0.0197822902631216	1.13179717088726	0.0174786532180616	0.986054762510018	0.999994493201698
2569	3.60644232502571	0.464798952278953	0.981731205672237	0.473448281559598	0.635893390750953	0.999994493201698
2570	5.66491431484525	0.0572118833082606	0.890955190215837	0.0642140973379377	0.948799752509702	0.999994493201698
2571	6.54848291702263	-0.433884624349334	0.858879271021944	-0.505175336031888	0.613435691758168	0.999994493201698
2572	11.0425781401519	0.414673602339063	0.80920677807521	0.512444548877126	0.608339919391969	0.999994493201698
2573	14.9078357514322	0.405373190400836	0.990907399571183	0.409092908758439	0.682471480071077	0.999994493201698
2574	3.18423101666659	0.338924035721269	1.16425472317793	0.291108147533341	0.770968608825312	0.999994493201698
2575	0.608994995047349	-0.0538793284577328	0.922266213845389	-0.0584205814426215	0.95341362114809	0.999994493201698
2576	6.9875803035263	-0.0267364573362767	0.919937248793839	-0.029063349017916	0.976814066688274	0.999994493201698
2577	8.04500913122503	0.0930461237120604	0.703574555774688	0.132247709853023	0.894788365481337	0.999994493201698
2578	2.05761064313223	-0.285203448035877	1.16421019740726	-0.244975906130213	0.806475087148719	0.999994493201698
2579	1.88304327333011	0.15430577619687	1.13100910422612	0.136431948797133	0.891479818315587	0.999994493201698
2580	4.03152516519559	0.0686342744706985	0.94296313932604	0.0727857448592881	0.941976614820771	0.999994493201698
2581	1.15571652029625	0.166741343217364	1.13830056925702	0.146482702126906	0.883540344325723	0.999994493201698
2582	1.99700846291766	0.150058837659844	1.16189320211861	0.129150284540976	0.897238733836729	0.999994493201698
2583	2.54834205572631	0.341180728573327	1.16259394418802	0.293465083212363	0.769166684727636	0.999994493201698
2584	8.91218997248007	-0.446979666952861	0.938257029446568	-0.476393624481037	0.633793975899255	0.999994493201698
2585	4.89300489377797	0.0725153457235404	0.88505270496047	0.0819333643263417	0.934699702727872	0.999994493201698
2586	1.80570293479207	0.0443077475348095	1.16040946485107	0.0381828560321992	0.969541889832254	0.999994493201698
2587	5.19241609716282	0.347539172258205	0.845194456380432	0.411194334788412	0.680930042027517	0.999994493201698
2588	2.05761064313223	-0.285203448035877	1.16421019740726	-0.244975906130213	0.806475087148719	0.999994493201698
2589	3.88017448582816	0.199677184086864	1.07866756138039	0.185114664829017	0.853139099521539	0.999994493201698
2590	5.36238818011339	0.184995810739221	0.945497416239373	0.195659773957949	0.844876471510236	0.999994493201698
2591	16.809125938658	-0.00103918682772429	0.779363972763236	-0.00133337806729744	0.998936118541636	0.999994493201698
2592	4.55112507673083	-0.0871344487546589	0.910351273636066	-0.0957151939894938	0.923746773247826	0.999994493201698
2593	8.00368301548607	0.411576329511695	0.792168633375146	0.519556458273431	0.603372752678657	0.999994493201698
2594	4.23967482948255	0.197985398097663	1.09250712401078	0.181221150641859	0.856193993645939	0.999994493201698
2595	3.98952760785597	0.113947771164787	0.97989201156881	0.116286049707005	0.9074258413242	0.999994493201698
2596	4.1362683192882	0.0376128899133999	0.957088885944275	0.0392992651631208	0.968651792480142	0.999994493201698
2597	4.69740834229217	-0.171246264597682	0.937161204158518	-0.182728717148983	0.855010882085371	0.999994493201698
2598	4.13871282906153	0.259907438093104	1.0072037058237	0.258048532377618	0.796369451800271	0.999994493201698
2599	7.1833520790151	0.0772688636517812	0.731479686777129	0.105633642394397	0.915873031302695	0.999994493201698
2600	3.84622394260215	-0.220590172355103	0.966973269403734	-0.228124374618055	0.819549551430217	0.999994493201698
2601	2.53343465927421	0.195094941245132	1.15181648345632	0.169380230312124	0.865497572748537	0.999994493201698
2602	0.443017041471157	0.156043573514936	0.916230155050019	0.170310453825237	0.864765990402077	0.999994493201698
2603	2.05106603511232	-1.02225131054223	1.16488352714959	-0.877556671303977	0.380184351661195	0.999994493201698
2604	4.62561276379084	-0.0214381781317469	0.947901946251312	-0.0226164512231765	0.981956221005774	0.999994493201698
2605	2.84414523878372	-0.503121020631354	1.11875984022026	-0.449713157859063	0.652917282573748	0.999994493201698
2606	3.11537621614113	0.429257333390802	1.16539395511166	0.368336674056005	0.712622209838785	0.999994493201698
2607	7.98421494629927	0.1966294948361	0.761823400430381	0.25810377408336	0.796326818945123	0.999994493201698
2608	1.73038955311999	0.0166308375328562	1.10543448054625	0.0150446162350917	0.987996585794275	0.999994493201698
2609	7.16378224020519	0.114127158418504	1.00499702023467	0.113559698308215	0.909586836704146	0.999994493201698
2610	0.982997763705553	-0.144432165358763	1.02630306739029	-0.140730520981516	0.8880828327829	0.999994493201698
2611	5.94554675094971	0.219451761321275	1.00961827484039	0.217361122307308	0.827926926787916	0.999994493201698
2612	0.207779315921225	0.488436511095288	0.900789814773844	0.542231387482902	0.587659115305549	0.999994493201698
2613	3.41818247311633	0.484060423417603	1.0316593851917	0.469205660672253	0.638922639706098	0.999994493201698
2614	8.30541495903686	0.0340878665685243	0.710577592806312	0.0479720538807025	0.961738514728285	0.999994493201698
2615	8.34880578334157	0.124925106590906	0.962670268717068	0.129769362003244	0.896748903482857	0.999994493201698
2616	5.22467857906247	0.328212231298316	0.893505276864511	0.367331049739379	0.71337209612311	0.999994493201698
2617	3.67288616822852	0.641340418966746	1.08618838307737	0.590450449442034	0.55488869644588	0.999994493201698
2618	2.1792147051287	0.129051833615029	1.15417762876864	0.111812801078731	0.910971837381841	0.999994493201698
2619	1.12986122471818	-0.254375479714212	1.06508003242731	-0.238832267970034	0.811235647936923	0.999994493201698
2620	2.87042335715013	-0.147722428843502	1.06411437785089	-0.138821946135007	0.889590851393409	0.999994493201698
2621	15.4265691132923	-0.149921630725782	0.720701623622014	-0.208021774631676	0.835211965540414	0.999994493201698
2622	5.95679262365907	-0.256965162397765	0.796552068350116	-0.322596817719665	0.747000604077701	0.999994493201698
2623	3.8712346722011	-0.329695093799114	1.06115339770533	-0.310695036657335	0.756032470825391	0.999994493201698
2624	9.53099031812519	-0.0479193991481611	0.785369666484542	-0.0610150877900048	0.951347193124433	0.999994493201698
2625	0.62325192089038	-0.055192476098625	0.968984955639129	-0.0569590639951895	0.954577804370344	0.999994493201698
2626	3.51002631625575	-0.035718199565646	1.03407744127712	-0.0345411263604522	0.972445647807473	0.999994493201698
2627	2.00216610284614	0.0691344569354007	1.14897843943489	0.0601703692276448	0.952019944872466	0.999994493201698
2628	5.54074299349505	-0.32961497538355	0.804279144785467	-0.409826585111157	0.681933162868908	0.999994493201698
2629	1.7474277846514	-0.522354637246356	1.16518239938152	-0.448302890194379	0.653934615065851	0.999994493201698
2630	5.59562309004536	-1.01143967574627	0.834475654668068	-1.21206612809884	0.225487068337311	0.999994493201698
2631	1.6346040639945	0.498143219127045	1.12279440533794	0.443663788097621	0.65728568002469	0.999994493201698
2632	1.16298714396399	-0.141462625023557	1.055164488962	-0.134066893364388	0.893349678529337	0.999994493201698
2633	0.539735223073607	-0.140838673864714	0.919956491284329	-0.15309275514551	0.878325129086801	0.999994493201698
2634	1.19053158046599	0.127439649444556	0.958009526425992	0.133025451135116	0.894173252280095	0.999994493201698
2635	0.443017041471157	0.156043573514936	0.916230155050019	0.170310453825237	0.864765990402077	0.999994493201698
2636	6.03092571406886	0.0921557794384086	0.847162944210409	0.108781645925627	0.913375681846319	0.999994493201698
2637	2.16499450199277	-0.428353812695634	1.16533116064646	-0.367581188216067	0.713185543881324	0.999994493201698
2638	4.49390219839111	0.702599699933607	0.975763535775041	0.720051194960404	0.471493475273264	0.999994493201698
2639	4.19447841354716	-0.187377107594919	1.13879257176171	-0.164540156162986	0.869305937454952	0.999994493201698
2640	4.08705783197953	0.258806728609812	1.12401130427053	0.230252780934239	0.817895350190464	0.999994493201698
2641	8.48107132334703	0.593864386037775	0.757181117619283	0.784309555823307	0.432858493732631	0.999994493201698
2642	0.54566608319155	-0.152311246014367	0.960051315485821	-0.158649067562906	0.873945368003578	0.999994493201698
2643	42.6674337578387	0.126590863638813	1.07675677430042	0.1175668142149	0.906410900960163	0.999994493201698
2644	5.4358015447833	0.362455782669425	0.821211891840325	0.441366943502445	0.658947369451715	0.999994493201698
2645	4.71530792051089	0.053995890907526	1.10386179274288	0.0489154450878828	0.960986680196376	0.999994493201698
2646	7.07348591704226	0.528469787295378	0.96362848867959	0.548416525148102	0.583405932142109	0.999994493201698
2647	15.6838747414456	-0.520038376253087	0.935916356969057	-0.555646209600631	0.578452735230068	0.999994493201698
2648	1.80663562726903	0.45374402426132	1.15933208761096	0.391383995241909	0.695513420688678	0.999994493201698
2649	0.831558957840281	0.34440653179916	1.014694290341	0.339419010314347	0.734294099534666	0.999994493201698
2650	2.97719136848414	-0.230574435521179	1.09528524972057	-0.210515421055842	0.833265417061953	0.999994493201698
2651	0.970201251368159	0.579121355764513	1.10683294499276	0.523223814744962	0.600818510702506	0.999994493201698
2652	4.26480937929376	-0.35818760655349	0.918147128519226	-0.390120053123915	0.696447775079495	0.999994493201698
2653	2.54772620819979	0.409115173745	1.12243353877733	0.364489441566983	0.715492556770984	0.999994493201698
2654	1.41216285078196	0.161563820936993	1.07421037223539	0.150402402651154	0.880447145792306	0.999994493201698
2655	2.92071235713229	-0.213408695279008	1.16486996485668	-0.183203878301785	0.854638051425801	0.999994493201698
2656	1.03840558128455	0.151385629889806	1.02641580737561	0.147489573720494	0.882745608698934	0.999994493201698
2657	3.11379095343055	0.112407333258935	1.06425896042428	0.105620283632963	0.915883630757609	0.999994493201698
2658	3.08469797692507	-0.476851156223778	1.06210532467539	-0.448967861421386	0.653454840876438	0.999994493201698
2659	2.75800670756606	0.124732800270412	1.15828045748783	0.10768790879969	0.914243261113233	0.999994493201698
2660	2.40922661521691	-0.65523771046094	1.14967593192101	-0.569932528174348	0.568723461645687	0.999994493201698
2661	7.06838075153639	0.130384539552528	0.774045145244945	0.168445652496493	0.866232695661935	0.999994493201698
2662	11.6591291509913	-0.03699683294631	0.680662279931758	-0.0543541695156359	0.956652992269731	0.999994493201698
2663	1.03828283170415	0.143303364974199	0.930116532334862	0.154070334191852	0.877554278843712	0.999994493201698
2664	10.8801054082874	0.265486882706253	0.748207590713842	0.354830512281972	0.722716568324465	0.999994493201698
2665	4.97092752739185	-0.339715792995818	0.840187857971772	-0.404333137848359	0.685967760458105	0.999994493201698
2666	4.40348522527233	0.73063677488411	1.13211813417455	0.645371496868419	0.518686469965151	0.999994493201698
2667	8.52666642814525	0.00104856473090119	0.942293616736954	0.00111277919353019	0.999112130845138	0.999994493201698
2668	2.59162378254158	0.0963029365301041	1.16520650622459	0.0826488146226862	0.934130785562608	0.999994493201698
2669	4.7935967032414	-0.633585468456386	0.883285183226218	-0.71730566807676	0.473185510619396	0.999994493201698
2670	8.6788774252073	-0.429714830405972	0.69175861719673	-0.621191872025159	0.534473386671929	0.999994493201698
2671	2.41853467758515	-0.174793657784212	1.12026709324305	-0.156028556795509	0.876010511813429	0.999994493201698
2672	6.09610425916307	0.17086101845467	0.827902423533577	0.206378207863454	0.836495492030901	0.999994493201698
2673	3.89239397297069	-0.330737194258387	1.12885461895691	-0.292984755259272	0.769533804194601	0.999994493201698
2674	2.35564955950928	-0.333636309983203	1.15512778375554	-0.288830651184311	0.772710975017878	0.999994493201698
2675	5.91625757944963	0.135006867229245	0.90285131771686	0.149533887341109	0.881132371721858	0.999994493201698
2676	10.5226289018474	-0.0414567463696099	0.713794564188361	-0.0580793808884625	0.953685398331551	0.999994493201698
2677	4.19868239000709	-0.294920006088208	1.08940051850873	-0.27071770306473	0.786608160003547	0.999994493201698
2678	8.36733695183663	0.151964362470104	0.680268429126213	0.223388821182394	0.823232903925108	0.999994493201698
2679	6.58848817916505	-0.134527487270447	0.750098331103996	-0.179346469245505	0.857665661132719	0.999994493201698
2680	1.04146910884082	-0.0466055308527576	1.11567631632584	-0.0417733442673045	0.966679384651619	0.999994493201698
2681	1.70873925402883	0.28614796578163	1.12523676848933	0.254300227112017	0.799263624358415	0.999994493201698
2682	0.96902305973041	0.102223741884738	0.929247496265328	0.110007013519625	0.912403812691952	0.999994493201698
2683	1.62578699994784	-0.287147690101764	1.16508299201681	-0.246461146604413	0.805325277439403	0.999994493201698
2684	2.91368723262535	-0.149566507289799	1.10078078281955	-0.135873109000593	0.891921594207547	0.999994493201698
2685	3.31622170430967	-0.425215753213597	1.0139353603079	-0.419371658055671	0.674944533955911	0.999994493201698
2686	2.39523405990172	-0.165671316443787	1.16032099533713	-0.142780590120798	0.88646346684535	0.999994493201698
2687	4.62670702817984	-0.115486849178212	1.09157709592739	-0.10579816085285	0.915742496028099	0.999994493201698
2688	2.89677175067433	0.16612570606387	1.13585011392188	0.146256714708835	0.883718734996507	0.999994493201698
2689	0.955539354076845	0.230588923464875	1.02350375283557	0.225293676575234	0.821750818595973	0.999994493201698
2690	2.32623763842882	-0.598335724614458	1.15351386915886	-0.518707005274903	0.603965075835569	0.999994493201698
2691	4.22307829210652	0.152267158140563	1.12347265528138	0.135532589444669	0.892190799314347	0.999994493201698
2692	1.44055395288763	0.217591464013669	1.10122803648373	0.197589833172473	0.843365989933457	0.999994493201698
2693	11.4678886697817	0.17773165596827	0.956132136526406	0.185886081199992	0.852534097561845	0.999994493201698
2694	3.589460767166	-0.599436171459493	1.01020425849328	-0.593381156750964	0.552926096588445	0.999994493201698
2695	2.59415958906917	-0.130364404097143	1.16426029506053	-0.111971871453681	0.910845709615356	0.999994493201698
2696	1.66427933557581	0.310685184510285	1.11339556924721	0.279042950314904	0.780211863728631	0.999994493201698
2697	0.152248748761837	-0.0100772420010255	0.899746354916655	-0.0112000920547869	0.991063806299399	0.999994493201698
2698	3.47753301627896	0.179020365540086	0.999756204075894	0.179064020618467	0.8578874327424	0.999994493201698
2699	6.17853089183993	0.402251498235433	1.02190214624878	0.393630153055288	0.693854115944317	0.999994493201698
2700	0.875086183816341	-0.122465904561445	1.08697916681142	-0.112666284967255	0.91029513170989	0.999994493201698
2701	22.412576786172	-0.277542539307162	0.861495764319794	-0.322163556458458	0.747328791570183	0.999994493201698
2702	0.664525562206736	0.168677151665322	0.923602448544678	0.182629606418981	0.855088652456034	0.999994493201698
2703	2.39491511532673	0.116515601926489	1.14669302171991	0.101610108127918	0.919066155854372	0.999994493201698
2704	2.32896437007004	-0.16503043721516	1.15420799497592	-0.142981540531266	0.88630475991282	0.999994493201698
2705	3.01857200766539	0.20322525038363	1.16475109127824	0.174479553533281	0.861488598215298	0.999994493201698
2706	2.05115206198561	-0.340800100430665	1.14214994900548	-0.29838472674049	0.765409544738549	0.999994493201698
2707	1.84451421499503	0.223053885517384	1.16227926982866	0.191910749255871	0.847812117261707	0.999994493201698
2708	2.75404511061538	0.165062378057857	1.08157686766238	0.152612711119282	0.878703700405603	0.999994493201698
2709	4.96465987135886	0.614013001446917	0.984975790743266	0.623378774602755	0.533035642686894	0.999994493201698
2710	4.86391401689704	-0.175717129419188	0.907116075750052	-0.193709641044445	0.846403242373628	0.999994493201698
2711	5.508476321312	-0.0193488057841333	0.851216966625356	-0.0227307567198073	0.981865041855109	0.999994493201698
2712	2.05229353091626	0.375436476522109	1.16506667282946	0.322244627949343	0.747267377910703	0.999994493201698
2713	2.83587266750823	0.244463042088858	1.08489949753771	0.225332431846168	0.821720671384461	0.999994493201698
2714	2.32920776960628	0.527236737014832	1.16495643722946	0.452580646078684	0.650850737693617	0.999994493201698
2715	9.34132253609847	-0.269291043921822	0.788863401869422	-0.341365873082292	0.732828163103248	0.999994493201698
2716	14.3962598086483	0.206512390414826	1.04720286101175	0.197203806543561	0.84366805191797	0.999994493201698
2717	6.65201020495011	0.0367863193249962	0.810206368684026	0.0454036412781428	0.963785578662324	0.999994493201698
2718	6.89512594231188	-1.58194418727271	0.759180128357366	-2.08375341790829	0.0371826024959892	0.999994493201698
2719	1.11879057601181	-0.524822143155486	1.06814596294059	-0.491339350017912	0.623186452838214	0.999994493201698
2720	0.877744739924327	-0.822386236695888	1.09412875149482	-0.751635706101616	0.45227016455288	0.999994493201698
2721	1.30363752299078	-0.511503512714846	1.07878876665076	-0.47414612436397	0.635395709105914	0.999994493201698
2722	1.09446386947261	0.706961320426271	1.11447348879025	0.634345569936947	0.525855323021885	0.999994493201698
2723	0.512804534473576	0.50098339018905	0.960230079676878	0.52173265636256	0.601856484023866	0.999994493201698
2724	2.68980237764967	0.305892271633611	1.14654921017651	0.266793844449571	0.789627893947447	0.999994493201698
2725	9.01644524790264	0.0335705780529525	0.692041292323672	0.0485095014204027	0.961310192319431	0.999994493201698
2726	5.24073379392373	-0.685212791179308	0.93540065285528	-0.732534009985687	0.463842692178988	0.999994493201698
2727	4.55209132165848	0.592971593762673	0.946899537676141	0.626224398860654	0.531167765864746	0.999994493201698
2728	2.05176580988758	0.208563880961909	1.14131307753867	0.182740288415597	0.855001802416651	0.999994493201698
2729	2.13466875980238	-0.330474139643525	1.1653769656324	-0.283577030771489	0.776734541579249	0.999994493201698
2730	2.87911977124095	-0.0816976645289216	1.16031154059143	-0.0704101111390124	0.943867243698464	0.999994493201698
2731	1.3272203625421	-0.292535656319293	1.16220388386665	-0.251707691206493	0.801267011651196	0.999994493201698
2732	3.4314699837753	0.827333887658627	1.00859537912486	0.820283242202132	0.412054657271843	0.999994493201698
2733	5.09661383629483	-0.210339386937103	0.874355984325409	-0.240564930883828	0.809892333122016	0.999994493201698
2734	0.708985480659755	0.144340751835365	0.983761008085945	0.146723391808547	0.883350354429297	0.999994493201698
2735	0.803167855734613	0.29617469507646	0.993753114000661	0.298036495084898	0.765675309561592	0.999994493201698
2736	3.03112092121745	-0.225398997805441	1.05020435681523	-0.214623940895627	0.830060526741151	0.999994493201698
2737	1.4538781862537	-0.0944842654379904	1.13720165652486	-0.0830848819959708	0.933784046699931	0.999994493201698
2738	1.57287826618933	-0.129255207351719	1.11861823628301	-0.115548989958552	0.908009992112146	0.999994493201698
2739	9.2551349785672	0.277888872699228	0.809894972392226	0.34311717219137	0.731510312912957	0.999994493201698
2740	2.86688252194945	0.213806184841869	1.06093129247383	0.201526890910461	0.840286604832134	0.999994493201698
2741	2.71919542736309	-0.0228068022792262	1.1599368867235	-0.0196621062234249	0.984312919784716	0.999994493201698
2742	2.20744633494687	-0.0539378834152524	1.14986770488735	-0.0469079035666425	0.962586628894774	0.999994493201698
2743	0.515463090581562	-0.1322897810004	1.04310559556625	-0.126823000051674	0.899080491316391	0.999994493201698
2744	10.3772691151875	0.345427407198081	0.817373273584811	0.422606682113688	0.672582250511053	0.999994493201698
2745	12.0973369009154	-0.137296137926401	0.914582860403544	-0.150118861691571	0.880670839134595	0.999994493201698
2746	1.44329853586891	0.519105594260138	1.14740922460986	0.452415392107939	0.650969760476188	0.999994493201698
2747	10.6180062403025	0.530238283958762	0.734693184371652	0.721713900765596	0.470470393880522	0.999994493201698
2748	3.86195596303446	0.240891292223412	0.994136415955318	0.24231210964335	0.808538331195028	0.999994493201698
2749	4.01161960110251	0.219252506620075	0.981816813371667	0.223313049475226	0.823291871681553	0.999994493201698
2750	6.10020645703419	0.0117030610838875	0.816188725774748	0.0143386703519809	0.988559788318147	0.999994493201698
2751	1.04106413739253	-0.318082823671959	1.10631937033486	-0.287514466618878	0.773718426583316	0.999994493201698
2752	2.61172554162926	-0.437546781559366	1.11046154311023	-0.394022453343018	0.693564462076737	0.999994493201698
2753	2.79479103090306	0.202769949809372	1.11603663162584	0.181687539694801	0.855827945100555	0.999994493201698
2754	6.61186532332802	0.008819040187175	0.833428211021449	0.0105816434703673	0.99155722760523	0.999994493201698
2755	3.77990177834787	0.460059246978276	1.16021236135549	0.396530206281187	0.6917139288167	0.999994493201698
2756	3.63782560889799	0.658807546042913	1.04392885200605	0.631084718826311	0.527985132210488	0.999994493201698
2757	2.06088294714219	0.0604038882281392	1.1641668302555	0.0518859382163316	0.958619578861079	0.999994493201698
2758	2.14068564679362	0.161247958709335	1.15499854001244	0.139608798732852	0.888969088327799	0.999994493201698
2759	3.44733212329351	0.23341354587489	1.16387026435867	0.200549453854729	0.841050884922534	0.999994493201698
2760	8.24158139676853	-0.046558463485162	0.890083139018595	-0.052307993988626	0.958283283757098	0.999994493201698
2761	2.37661056565972	-0.483810482751552	1.12423932936365	-0.430344740763873	0.666944885973286	0.999994493201698
2762	1.1948960492404	0.274570589850019	1.15652120945497	0.237410769128406	0.812338135972673	0.999994493201698
2763	2.28638978753554	-0.384760830516896	1.15286429605581	-0.333743383183297	0.73857320965063	0.999994493201698
2764	208.591205934362	-0.0890266640579166	0.973503706070555	-0.0914497433371501	0.927135237836062	0.999994493201698
2765	8.16254981768202	0.215648265168201	0.713858464877379	0.302088265081011	0.762584777913027	0.999994493201698
2766	1.48501387134065	0.223005924621637	1.15523409820926	0.193039596881118	0.846927957439373	0.999994493201698
2767	0.767174603927129	-0.0648858726421387	0.999205666769771	-0.0649374546202301	0.948223799039404	0.999994493201698
2768	0.941564650101702	0.337871000401589	0.928251938290883	0.363986312836237	0.715868230147318	0.999994493201698
2769	0.77497294862354	-0.188968214503603	0.925927986182131	-0.204085217558628	0.838286905911085	0.999994493201698
2770	0.470475451099866	-0.250418363905278	0.916882703445311	-0.27311930191757	0.784761509807324	0.999994493201698
2771	0.91676479658098	0.329108484404778	1.01650491662558	0.323764773806796	0.746116127308324	0.999994493201698
2772	5.28668557870853	-0.216558913728015	0.896441751821868	-0.241576112767947	0.809108633182421	0.999994493201698
2773	5.97721015706533	0.42551171576034	0.942249597186748	0.451591294950702	0.651563442311923	0.999994493201698
2774	1.4839584292833	-0.0655890250367596	1.09627027650951	-0.059829246894838	0.952291631640398	0.999994493201698
2775	1.03881055273283	0.345078498785858	1.04066594324895	0.331593919282613	0.740195911750989	0.999994493201698
2776	2.03546934571949	-0.78326707918002	1.16250236109828	-0.673776764152138	0.500453249459936	0.999994493201698
2777	4.01596729813442	-0.0514185655144766	1.006864689394	-0.0510679995595276	0.959271335358853	0.999994493201698
2778	2.48105364654438	0.35182629065292	1.15836748782094	0.303725971552221	0.761336669725942	0.999994493201698
2779	1.59978900382476	0.586823565435533	1.16383513754788	0.504215370805807	0.614110040217865	0.999994493201698
2780	5.73556632479138	-0.141802267805335	0.786973656447703	-0.180186803768518	0.857005917943981	0.999994493201698
2781	6.06405583256376	-0.161830714720761	0.989938557704474	-0.163475514173347	0.870144050657612	0.999994493201698
2782	0.830626265363321	-0.0558877853631447	0.99573044240608	-0.0561274246352232	0.955240296670019	0.999994493201698
2783	6.00574395971599	-0.0614882505751891	1.00900851940603	-0.0609392779075691	0.951407568310752	0.999994493201698
2784	0	NA	NA	NA	NA	NA
2785	6.23747963381069	-0.425479890202177	0.837026363547363	-0.508323164874963	0.611226727160027	0.999994493201698
2786	4.00737788190849	0.176016485392327	1.05496078689351	0.166846472000759	0.867490851779718	0.999994493201698
2787	1.33869598269676	0.262728904250051	1.15036592374604	0.228387245159786	0.819345204341884	0.999994493201698
2788	2.49601561704364	-0.258055792185156	1.13423844991194	-0.227514586730145	0.820023628046679	0.999994493201698
2789	1.86788827809267	0.0190786104750854	1.16380222893352	0.0163933441617212	0.986920589626627	0.999994493201698
2790	2.76437926183938	-0.234745744448963	1.11847944576018	-0.209879354814086	0.833761835835454	0.999994493201698
2791	3.25049860687372	0.284372375099574	1.03044149748426	0.275971392644655	0.782570038662567	0.999994493201698
2792	1.05519831365517	-0.220199186947347	1.11664167239544	-0.19719771560645	0.843672818199866	0.999994493201698
2793	3.39984330036678	0.57144025130287	1.06952248713215	0.534294751328838	0.593137622995648	0.999994493201698
2794	4.09670059063826	0.155586982763931	0.941722971769456	0.165215235720108	0.86877457368745	0.999994493201698
2795	12.4179326065743	0.0963880905082588	0.837752854195503	0.115055520283271	0.908401115367364	0.999994493201698
2796	2.76328499745038	-0.103743610510021	1.08927160598848	-0.0952412694314903	0.924123190687859	0.999994493201698
2797	1.15624424132493	0.350476773737312	1.13653396093398	0.308373340158968	0.757798265633309	0.999994493201698
2798	3.06729359627703	-0.471814131442942	1.16184639039821	-0.406089940410481	0.684676516871168	0.999994493201698
2799	1.35663228362257	-0.0164930772613959	1.06742415387734	-0.0154512872895803	0.987672146959021	0.999994493201698
2800	4.61174085843149	0.781081166951544	0.893341775460828	0.874336327268056	0.381935121517858	0.999994493201698
2801	1.35650953404218	0.0207308969765942	0.986500784479028	0.021014577284439	0.983234027252436	0.999994493201698
2802	1.84157343701916	0.319248860912566	1.11891911967228	0.285318979093029	0.77539977369238	0.999994493201698
2803	5.19737964172125	0.0845856551043199	0.868024770440585	0.0974461305538395	0.92237211213105	0.999994493201698
2804	3.12174877041446	0.190805223462055	1.10777663104012	0.172241603691262	0.863247591586961	0.999994493201698
2805	9.74906706256332	0.0864078008077701	0.70001000462175	0.123437951225369	0.901760306122666	0.999994493201698
2806	2.13410221644206	-0.0807045014663465	1.14271606294963	-0.070625157099856	0.943696087932537	0.999994493201698
2807	0.497933860728574	-0.705483853781077	0.913677687425139	-0.772136458502364	0.440033610725619	0.999994493201698
2808	2.61225326265794	-0.315237545313448	1.10228917680114	-0.285984433076147	0.774890044458419	0.999994493201698
2809	1.03881055273283	0.345078498785858	1.04066594324895	0.331593919282613	0.740195911750989	0.999994493201698
2810	4.41760370042433	-0.388744314148053	0.925731022149415	-0.419932253372523	0.674534945028987	0.999994493201698
2811	0.811757271960543	-0.179780480846436	0.987659452725627	-0.182026791066799	0.855561700890282	0.999994493201698
2812	2.68159906150498	0.316959139695425	1.10719532685051	0.286272107557603	0.774669719504723	0.999994493201698
2813	4.04084269669389	-0.25204083915825	0.939932084432549	-0.268147926145548	0.788585456418509	0.999994493201698
2814	1.34436349231386	0.597321043526779	1.09802303648968	0.543996823087046	0.586443659018406	0.999994493201698
2815	2.96631164489141	0.310753950809514	1.0740269795631	0.289335330231577	0.772324778317118	0.999994493201698
2816	7.77534136598904	0.209516590346458	0.921907919372907	0.22726411818761	0.820218372659044	0.999994493201698
2817	16.4615187680657	0.302420287284041	0.788813767761393	0.383386167488292	0.701433458023768	0.999994493201698
2818	3.37791287903228	0.039718873359888	1.16541029830963	0.0340814504707039	0.972812200271532	0.999994493201698
2819	1.64780554778018	0.234841691668806	1.11273627991731	0.211048831522108	0.832849167363442	0.999994493201698
2820	5.05085087699913	0.23353266887984	0.864254943305992	0.270212708285496	0.786996616433784	0.999994493201698
2821	3.73651515329226	-0.0490202608896297	1.02253975602843	-0.0479397114886035	0.961764290567344	0.999994493201698
2822	2.95431040333263	-0.0451176744313286	1.15651022185182	-0.0390119115065716	0.968880891835079	0.999994493201698
2823	4.85865147872822	-0.268257363168113	0.90455356434362	-0.296563270261138	0.766799956001332	0.999994493201698
2824	7.73534872389192	0.266376575354553	0.837075195197442	0.318222994639953	0.750315791472429	0.999994493201698
2825	4.32294602813853	0.27853728533126	1.0731328719989	0.259555263471182	0.795206848385588	0.999994493201698
2826	2.44345728068627	-0.133294084779128	1.12730806677802	-0.11824104582175	0.90587666819033	0.999994493201698
2827	7.51641693164012	0.30695363930333	0.938058738150936	0.327222194964448	0.743499834966333	0.999994493201698
2828	1.74452372938263	0.0611004724721698	1.12029004312006	0.0545398692485049	0.956505044776284	0.999994493201698
2829	0.678782488049767	0.202681859921262	0.982158841935883	0.206363625991256	0.836506881547054	0.999994493201698
2830	33.7191200855727	-0.0472349691951239	0.96468106185905	-0.048964337606148	0.960947716300335	0.999994493201698
2831	3.80670761774296	0.248091237091023	0.981436748619542	0.252783724921632	0.800435344977836	0.999994493201698
2832	3.04519950340594	-0.101486516504634	1.09426693161097	-0.092743839343867	0.926107068316474	0.999994493201698
2833	3.26910322974866	-0.0653393026053923	1.02666058464669	-0.0636425548837814	0.949254846506655	0.999994493201698
2834	3.50935799430662	0.0831973398890206	1.05748362926388	0.0786748253936894	0.937291269822839	0.999994493201698
2835	2.5359704658018	-0.0145605444975395	1.15966898239984	-0.0125557764487308	0.989982203036835	0.999994493201698
2836	2.97490316074189	0.108064685528197	1.10857143266933	0.097481030399627	0.922344398026225	0.999994493201698
2837	2.30191093188962	0.288172537688106	1.14824545950803	0.250967713655557	0.801839071235784	0.999994493201698
2838	6.40213357555259	-0.602991826094313	0.864804277789225	-0.697258144508483	0.485641256890889	0.999994493201698
2839	3.74721755325744	0.201475013479166	1.07551367111546	0.187329105050063	0.851402604363966	0.999994493201698
2840	7.79570750457025	0.143616465886708	0.796608573612768	0.180284860901485	0.856928940190245	0.999994493201698
2841	1.08052588820457	0.066943657252485	1.0506333388365	0.0637174309798887	0.949195225035	0.999994493201698
2842	5.50810699297326	0.438397732035851	0.822159534442513	0.533227085097442	0.593876394522414	0.999994493201698
2843	9.42478567989509	0.368523137284891	0.801251459223461	0.459934435117345	0.645563282409984	0.999994493201698
2844	3.79391320503011	-0.0123299188035828	1.1321307934827	-0.0108908960648028	0.991310493956319	0.999994493201698
2845	4.90258157652802	-0.589804665245017	0.896709412183785	-0.657743363938432	0.510703052728132	0.999994493201698
2846	1.24872070373336	0.00735373701232344	1.06826340140855	0.00688382378599436	0.99450754666041	0.999994493201698
2847	3.91025472885776	0.196028894056666	1.08108713954872	0.181325710838161	0.856111926188129	0.999994493201698
2848	4.18483145563933	0.310043139714273	1.08715873696045	0.285186632985275	0.775501160662644	0.999994493201698
2849	5.99817116321577	0.511326487249419	0.848826924760874	0.602391927416142	0.546913282234868	0.999994493201698
2850	4.70189766027153	-0.0833828373259787	1.04112428160622	-0.080089225464358	0.936166292054022	0.999994493201698
2851	2.48096761967109	-0.0579409706113562	1.16326691815842	-0.0498088355362869	0.960274725684679	0.999994493201698
2852	0.913492492571023	-0.0585187495674296	0.928506593462614	-0.0630245923717136	0.949746921365118	0.999994493201698
2853	2.20126997566814	0.0303663513895941	1.1485654436071	0.0264385034031912	0.978907583599524	0.999994493201698
2854	1.75335864476934	-0.545350996169986	1.16178660738227	-0.469407198107375	0.638778604244541	0.999994493201698
2855	7.00498678379889	0.15176173051532	0.879479044434687	0.172558665809792	0.862998344317877	0.999994493201698
2856	6.54282062668161	0.0444812246154187	1.0221878203293	0.043515705950291	0.965290444847387	0.999994493201698
2857	1.45650001965459	0.16669492504727	1.09291086938933	0.15252380566076	0.87877381588943	0.999994493201698
2858	1.52575979162833	0.215983585437705	1.10011194700529	0.196328733658109	0.844352872797759	0.999994493201698
2859	1.95189807385557	0.0536572168920023	1.12271288775649	0.0477924654443266	0.961881641400663	0.999994493201698
2860	2.23465924541479	-0.19079324987789	1.1632524787034	-0.164017058524177	0.869717714908603	0.999994493201698
2861	2.13859153442141	0.0803493363554556	1.14530498728944	0.0701554059810881	0.944069967697718	0.999994493201698
2862	2.28341018722802	0.0781578204641059	1.14233243004144	0.0684195059237448	0.945451694731594	0.999994493201698
2863	5.4428287689148	-0.200984930540975	0.88371382320272	-0.227432145185388	0.820087726874355	0.999994493201698
2864	2.73938321332407	-0.0102701368635633	1.11440721863032	-0.00921578458203633	0.992646971849409	0.999994493201698
2865	1.37088920946561	-0.0144138337999102	1.13190154628559	-0.0127341762604797	0.989839871961078	0.999994493201698
2866	1.1350010133066	-0.0143614569748769	0.947683310507088	-0.0151542786663536	0.987909097807421	0.999994493201698
2867	1.72246845884319	0.171905720305826	1.12696975947885	0.152538006330642	0.878762616436328	0.999994493201698
2868	5.0962109644711	-0.151795554954343	0.928960737130871	-0.163403628255774	0.870200646344826	0.999994493201698
2869	8.96277586644807	0.0457167852117583	0.938125271843089	0.0487320687160903	0.961132819088232	0.999994493201698
2870	0.793029899505205	0.516924705719121	1.08705710594097	0.475526725223572	0.634411589087462	0.999994493201698
2871	32.103579616312	-0.223123691534226	1.00780107071393	-0.221396561303675	0.824783669684813	0.999994493201698
2872	0.737499332345818	0.198355391724894	1.0793690055693	0.183769767986134	0.8541940738383	0.999994493201698
2873	6.40426226040248	0.227758801365691	0.860651857805264	0.264635228867681	0.791290478650269	0.999994493201698
2874	10.0964592053802	-0.317685139168345	0.694170141777567	-0.45764736920958	0.647205805718894	0.999994493201698
2875	5.55976618930436	0.511271930504888	0.948239167001655	0.53918035480599	0.58976241431563	0.999994493201698
2876	2.46470260832914	0.296334666217176	1.16542035928386	0.254272772786696	0.799284832848172	0.999994493201698
2877	2.94401297481573	-0.237777442523402	1.10433548959214	-0.215312687823897	0.829523538154159	0.999994493201698
2878	1.62300569425946	0.189127406258041	1.15579275254193	0.163634359051044	0.870018994655769	0.999994493201698
2879	1.68172253855551	0.167474337242457	1.1645695174065	0.143807934811331	0.885652136936847	0.999994493201698
2880	4.29409855079384	-0.154009676051319	0.928535205852934	-0.165863044374122	0.868264730913082	0.999994493201698
2881	1.64053492411244	0.626663898900854	1.16334518946511	0.538674079349555	0.590111762213806	0.999994493201698
2882	5.31692529402562	-0.740478362991529	0.882951988029364	-0.838639442495828	0.401671670119887	0.999994493201698
2883	2.1491344620991	0.165979835668836	1.16003236018579	0.143082073712369	0.886225362369179	0.999994493201698
2884	2.62291893991603	-0.279318097189877	1.11784809456513	-0.249871246860727	0.80268691970417	0.999994493201698
2885	3.04991646920603	0.185473648082135	1.10949608778032	0.167169267314134	0.867236865246573	0.999994493201698
2886	0.293426848817306	-0.539340195096633	0.906762575428441	-0.594797590584059	0.551978778329001	0.999994493201698
2887	3.44761224553686	0.377737231758432	0.996300510216914	0.379139855781255	0.704584011158529	0.999994493201698
2888	0.653454913500368	-0.104753519505788	0.978188323650645	-0.107089317029304	0.914718122204927	0.999994493201698
2889	0.653454913500368	-0.104753519505788	0.978188323650645	-0.107089317029304	0.914718122204927	0.999994493201698
2890	1.37694281916394	-0.0948516054824091	1.16416245185487	-0.0814762624677345	0.935063201911772	0.999994493201698
2891	5.40176600367668	0.0747030447453413	1.09806985664237	0.0680312316137746	0.945760772636612	0.999994493201698
2892	4.85537497546917	-0.156328774024708	1.00087574126716	-0.156191990253244	0.875881690103002	0.999994493201698
2893	8.72858311008664	-0.493182593295688	0.715894028744242	-0.688904465596375	0.490883389063935	0.999994493201698
2894	4.19919225969571	-0.0599330626314423	0.982303233086743	-0.0610127917864135	0.951349021663529	0.999994493201698
2895	2.28425895245623	-0.0213385232381889	1.1519015937194	-0.0185246060553563	0.985220348138401	0.999994493201698
2896	9.231298992497	-0.243193731037755	0.722460368867385	-0.33661878425112	0.736404294030361	0.999994493201698
2897	2.74256949046073	-0.241966929398747	1.08746940224577	-0.22250458624312	0.823921103445035	0.999994493201698
2898	13.6881650695167	0.224580460745343	0.777737754966751	0.288761165715741	0.772764151953116	0.999994493201698
2899	5.73556632479138	-0.141802267805335	0.786973656447703	-0.180186803768518	0.857005917943981	0.999994493201698
2900	17.9294241327171	0.189563809901536	0.847582618992312	0.223652309112836	0.823027857691144	0.999994493201698
2901	1.37682006958355	-0.00845775654694755	1.16414673430916	-0.0072651980181576	0.994203261665153	0.999994493201698
2902	7.58252294993521	0.493431264294245	0.723333095296521	0.682163262683246	0.495135721696274	0.999994493201698
2903	10.5747874860326	-0.0734056705904743	0.829087482814016	-0.0885379071715415	0.92944915705761	0.999994493201698
2904	8.0685415959783	-0.0612847515216328	0.854536864191149	-0.07171691952651	0.942827190999422	0.999994493201698
2905	10.6121645773143	0.251881879835787	0.841602639424286	0.299288367260934	0.764720029634778	0.999994493201698
2906	1.65099182491684	0.058434652549443	1.16094492125163	0.0503336992821706	0.959856469650381	0.999994493201698
2907	1.47394322263428	-0.032564240840562	1.15909535870187	-0.0280945313050277	0.977586755739833	0.999994493201698
2908	0.581782084579429	0.259003661563513	0.910607740858502	0.284429452927041	0.776081290477684	0.999994493201698
2909	3.34338004073043	0.199240230140919	1.06552283054951	0.186988231906928	0.851669859789994	0.999994493201698
2910	1.86943681809615	0.27045536226531	1.15723806525897	0.233707627137884	0.815211966118625	0.999994493201698
2911	5.18532172649077	0.310261773443882	0.987845683919867	0.314079191208017	0.753460893453623	0.999994493201698
2912	4.60403800973843	-0.435719262246005	1.07345703185419	-0.405902844097434	0.684813988235797	0.999994493201698
2913	2.29071753360285	0.100717946866065	1.15656963642971	0.0870833399854576	0.930605267838448	0.999994493201698
2914	5.8791679636286	-0.025532218146773	0.981779503099877	-0.0260060615098985	0.979252503701625	0.999994493201698
2915	5.08857419168673	-0.315597720731551	1.09092031697229	-0.289294933664315	0.772355688999648	0.999994493201698
2916	2.16625872050381	0.404333561775664	1.15252966184508	0.35082269477418	0.725721370055362	0.999994493201698
2917	2.16326863836174	0.194548989198189	1.16430330020616	0.167094767457706	0.867295483098451	0.999994493201698
2918	28.6485427911936	0.415320733249696	0.893765538505852	0.464686447794806	0.642156014791179	0.999994493201698
2919	5.63156176780569	0.359022412449114	0.922036672333019	0.389379753779949	0.696995246772261	0.999994493201698
2920	5.0503410073105	-0.676723342441717	0.984017624839008	-0.687714656078882	0.4916324887707	0.999994493201698
2921	2.51117061228108	-0.0818566970284973	1.16316104735714	-0.0703743451644008	0.943895710203267	0.999994493201698
2922	5.55608681422157	0.673472146244171	0.830242123923441	0.81117559184009	0.417264840426089	0.999994493201698
2923	3.19657115376496	-0.466330730779921	1.04231577376174	-0.447398708259899	0.654587208319228	0.999994493201698
2924	0.67825476702109	0.0176760356260149	0.924150990095805	0.0191267831939264	0.98473996543691	0.999994493201698
2925	3.17675161654517	0.226288778521281	1.11751528211959	0.202492782105027	0.839531500584624	0.999994493201698
2926	6.35496154697143	-0.0772079202401219	0.835701911047507	-0.0923869135866232	0.926390636404825	0.999994493201698
2927	10.1527325303094	-0.28833571677336	0.854534501320839	-0.337418461545654	0.735801469528847	0.999994493201698
2928	5.059389918427	0.170215554968525	1.0267769355479	0.165776566531168	0.86833278812978	0.999994493201698
2929	4.30624249289762	0.0263037511378054	0.921193653455683	0.0285539864925599	0.977220310564848	0.999994493201698
2930	1.62619197139612	-0.0426878782687782	1.16359661280702	-0.0366861486179471	0.970735253010862	0.999994493201698
2931	1.817583526395	0.663812801864855	1.16467356369173	0.569956099768188	0.568707473737103	0.999994493201698
2932	3.31185723553525	-0.336877603885049	1.12852157524551	-0.298512329116756	0.765312167559842	0.999994493201698
2933	1.64044889723915	-0.0417126702878037	1.16418744221785	-0.0358298576115357	0.971418025415141	0.999994493201698
2934	1.14093187342454	-0.0157446633572152	1.06172116154047	-0.0148293769847922	0.988168302711355	0.999994493201698
2935	1.85771569878071	-0.0293058907696146	1.12923897367888	-0.0259518945526126	0.979295708098602	0.999994493201698
2936	0.470475451099866	-0.250418363905278	0.916882703445311	-0.27311930191757	0.784761509807324	0.999994493201698
2937	1.35687778278336	-0.148053726924339	1.07926405503842	-0.137180263007155	0.890888311251627	0.999994493201698
2938	2.71738353685877	0.056716937364507	1.12484469336163	0.0504220162118621	0.959786092298778	0.999994493201698
2939	8.39400117028427	-0.298679605946872	0.852023729964114	-0.350553154146836	0.725923606344972	0.999994493201698
2940	3.3295596283529	0.164245331635887	1.00251736605324	0.163832904244339	0.869862687808818	0.999994493201698
2941	5.57423926110659	-0.227909381385314	0.970596969010954	-0.234813613334849	0.814353401212184	0.999994493201698
2942	1.14873021812096	-0.112828492816548	0.950424533137797	-0.118713784085569	0.905502115656213	0.999994493201698
2943	0.888692639050301	-0.182501035808825	1.01636936915478	-0.179561723668033	0.857496656276721	0.999994493201698
2944	4.38060533075268	-0.0139276301298667	0.913749545095745	-0.0152422840641824	0.987838887768547	0.999994493201698
2945	3.57833554441248	-0.0491722057276707	1.0633089594854	-0.0462445136844027	0.963115363615239	0.999994493201698
2946	1.30159271478476	0.418334117783018	0.980290260599123	0.426745153550078	0.669564958493378	0.999994493201698
2947	0.775623419232611	-0.179740262370317	1.06402575792314	-0.168924728590358	0.865855848109321	0.999994493201698
2948	4.18248974448179	0.204305254727416	0.951717900074308	0.214669971754723	0.830024635832919	0.999994493201698
2949	3.98771781697619	0.229899090398776	1.13105524273742	0.203260708860131	0.83893126423451	0.999994493201698
2950	6.1414328938089	-0.375941622766868	0.965250547043896	-0.389475689931695	0.696924290446618	0.999994493201698
2951	1.74783275609968	-0.244037417034955	1.16444496882473	-0.209574023305937	0.834000155785763	0.999994493201698
2952	2.53005535739936	-0.480724158442971	1.10865380536165	-0.433610705269851	0.664571159585169	0.999994493201698
2953	4.7808494950702	-0.0988440391397215	0.950589341444244	-0.103981850869005	0.9171837513949	0.999994493201698
2954	4.11443021473494	-0.218863909316391	1.10533755662044	-0.198006399045705	0.843040057141275	0.999994493201698
2955	2.00813368567118	-0.636973192883428	1.15124926727743	-0.553288684725765	0.580065747972319	0.999994493201698
2956	1.17671634877834	-0.272405770211165	1.05638467645419	-0.257866075003576	0.796510267823649	0.999994493201698
2957	5.15752969120344	0.650129662094551	0.834437263546027	0.779123476978675	0.435906981781026	0.999994493201698
2958	1.06574124133286	-0.0608086815235541	0.93496163684941	-0.0650386915643558	0.948143194040166	0.999994493201698
2959	0.221508520735579	0.136799148800564	0.902815744704698	0.151524992339726	0.879561597409923	0.999994493201698
2960	10.5637850128595	0.361005810656679	0.902493163024944	0.400009468710736	0.689149542705697	0.999994493201698
2961	3.44785984432219	0.326078675580969	1.1593206491255	0.281267029813483	0.778505596342265	0.999994493201698
2962	23.8301720696742	0.0158113286048592	0.960365735700841	0.0164638616488339	0.9868643324048	0.999994493201698
2963	7.50819576415538	0.705258903175859	1.01698884293261	0.693477522469333	0.488009927052848	0.999994493201698
2964	5.55923846827568	0.428972376401046	0.965677051041015	0.444219292504266	0.656884045258739	0.999994493201698
2965	4.92822702502054	0.0985640804261249	0.971987528054436	0.101404676069676	0.919229224643787	0.999994493201698
2966	4.55556090026059	-0.434180236187189	1.06470272506489	-0.407794801277254	0.683424330645641	0.999994493201698
2967	1.36309086476919	0.185405774706098	1.1635786004343	0.15934099736528	0.873400222124678	0.999994493201698
2968	6.70115970784889	-0.252962522554224	0.945019196709447	-0.267679771411035	0.788945821846467	0.999994493201698
2969	1.43618738448867	0.0672554869968411	1.1593511110336	0.0580113188806802	0.953739612548786	0.999994493201698
2970	1.38396794367089	-0.164625671442022	0.991424755762616	-0.166049587207846	0.86811792685187	0.999994493201698
2971	6.11706736493806	0.290031130645514	0.887122423324938	0.326934730787749	0.743717251871763	0.999994493201698
2972	3.64344279432191	-0.653000928362852	0.972908647841503	-0.671184216330692	0.502103182319807	0.999994493201698
2973	4.02098433714245	0.111685948073924	1.08258251399885	0.103166222093665	0.917831047694384	0.999994493201698
2974	0.415558631842449	0.679039348031782	0.909787432655777	0.746371431016128	0.455443072237483	0.999994493201698
2975	0.637067152578028	0.524080420289925	0.920761790777276	0.569181329567895	0.569233089701161	0.999994493201698
2976	3.86804629543989	0.428179223717592	0.969811930473911	0.441507482289227	0.658845645910489	0.999994493201698
2977	2.21038711292275	-0.166241791832649	1.15529796028092	-0.143895166050693	0.88558325289561	0.999994493201698
2978	5.72734725693118	0.0809431976168707	0.958848459875334	0.0844170909211188	0.932724819198095	0.999994493201698
2979	11.2365130212592	0.437603066914096	0.781210789589288	0.560160039704727	0.575370280855412	0.999994493201698
2980	1.44542937094822	-0.0347452516881892	1.10154152652568	-0.031542389325782	0.974836987155835	0.999994493201698
2981	0.692511692864121	0.0266086099200716	0.981837402330011	0.0271008314176322	0.978379311630015	0.999994493201698
2982	4.65700969975408	-0.213899483334635	1.0226209521123	-0.20916790614627	0.834317165440162	0.999994493201698
2983	1.59804636845124	-0.28162472940447	1.15574026113623	-0.243674758831712	0.807482723719269	0.999994493201698
2984	0.304497497523674	-0.0431887436667238	0.908039688221683	-0.0475626167302282	0.962064825819556	0.999994493201698
2985	0.637067152578028	0.524080420289925	0.920761790777276	0.569181329567895	0.569233089701161	0.999994493201698
2986	3.66574566364668	-0.557728173360422	1.09220223044393	-0.510645517665473	0.609599297068606	0.999994493201698
2987	0.99987652294947	0.258439909944553	1.09745220023499	0.235490812164043	0.813827809200236	0.999994493201698
2988	2.89333997437688	0.274716865860621	1.14037697416567	0.240900046286546	0.8096325862635	0.999994493201698
2989	12.5977373220065	-0.143677296107095	0.667871743500825	-0.215127077174987	0.82966824356716	0.999994493201698
2990	5.20246700649194	-0.620049452673459	0.919390390874113	-0.674413675439815	0.50004835079105	0.999994493201698
2991	2.11828099888004	0.0841088199835807	1.14476903992415	0.0734723049368573	0.941430281954646	0.999994493201698
2992	0.526128767839647	-0.0399838316108546	0.955515265474287	-0.0418453090762583	0.966622015205028	0.999994493201698
2993	1.87209537420414	-0.0863049237422129	1.16447545041489	-0.0741148503486811	0.940918998890532	0.999994493201698
2994	3.30497373197575	0.212779719089875	1.04420293367659	0.203772382003072	0.838531375968444	0.999994493201698
2995	5.08353510208955	-0.0543371566995555	0.91513008532657	-0.0593764291774594	0.952652286720316	0.999994493201698
2996	1.45588627175262	-0.492652541443563	1.09594388440902	-0.449523509781911	0.653054052542204	0.999994493201698
2997	2.78518289532688	-0.261818179934875	1.16309432709658	-0.225104855070913	0.821897704105786	0.999994493201698
2998	0.570465936712272	-0.00897470218530808	0.964520933293297	-0.00930482882799083	0.99257592786655	0.999994493201698
2999	2.4300102977398	0.299199249685954	1.11991261322182	0.267163032323746	0.789343637857398	0.999994493201698
3000	1.66100703156585	0.00443573654601394	1.03239901336009	0.00429653311230625	0.996571873112032	0.999994493201698
3001	6.88329147565304	-0.471851205133743	0.888862014617107	-0.530848655217875	0.59552366042739	0.999994493201698
3002	2.57728082982526	-0.363886327781896	1.16517813486509	-0.312301026678662	0.754811759868472	0.999994493201698
3003	3.92156877710037	0.240541367937631	0.996688030014054	0.241340681029589	0.809291083623342	0.999994493201698
3004	2.32843664904137	-0.270103477318681	1.16531242683624	-0.231786318500008	0.816703983962325	0.999994493201698
3005	2.69532826631933	0.190633728011711	1.10564719252106	0.172418226448017	0.863108744117778	0.999994493201698
3006	0.67825476702109	0.0176760356260149	0.924150990095805	0.0191267831939264	0.98473996543691	0.999994493201698
3007	3.7493955928784	-0.125378656329886	1.06255981523721	-0.117996798422022	0.906070194650841	0.999994493201698
3008	1.7049192780256	0.882101078570382	1.13816563277411	0.775019955944716	0.438327867655636	0.999994493201698
3009	3.15251620676022	-0.250302052232221	1.05423068105154	-0.237426264223839	0.812326116255231	0.999994493201698
3010	4.06769784025517	-0.248720918607266	1.05006744709444	-0.23686185044159	0.812763966796356	0.999994493201698
3011	3.28492336771312	1.31074741129224	1.09969793758655	1.19191585843007	0.233294239329339	0.999994493201698
3012	3.93984187394123	0.220544897441458	0.985868550705045	0.223706190124165	0.822985928990782	0.999994493201698
3013	6.478614616423	-0.0844088723457683	1.14890232066109	-0.0734691460081643	0.941432795621594	0.999994493201698
3014	2.28459047849032	0.357333513837821	1.14473621689074	0.312153584874241	0.754923804720193	0.999994493201698
3015	1.05806564621684	0.016362453897142	1.10894275218423	0.0147550032361127	0.988227637885255	0.999994493201698
3016	0.808362218370191	-0.603869698357275	1.0175073913978	-0.593479421832707	0.552860350667144	0.999994493201698
3017	5.71467139454964	0.23067428312058	0.823496280139093	0.28011575605614	0.779388696824842	0.999994493201698
3018	1.38470444115325	0.425282981394278	1.0728228732133	0.396414908754207	0.691798969466994	0.999994493201698
3019	1.82024208250299	0.287799699022814	1.16541652164983	0.246950076368737	0.804946860857789	0.999994493201698
3020	9.19645032927171	0.00184863912707533	0.856125663789007	0.00215930815447548	0.99827712270038	0.999994493201698
3021	17.1941920846739	-0.196225520417395	0.765647992874583	-0.256286860598533	0.797729342253247	0.999994493201698
3022	1.1546610782389	-0.149770760580765	1.06543497627889	-0.140572408373385	0.888207746685143	0.999994493201698
3023	1.91602757162848	-0.244626188419323	1.16252852976796	-0.210425965604603	0.833335228679785	0.999994493201698
3024	6.2407298872315	0.146176003316567	0.857809597767199	0.170406117741105	0.864690761247708	0.999994493201698
3025	25.09568878621	-0.417093357233793	1.01924832474686	-0.409216622786583	0.682380696574515	0.999994493201698
3026	4.93305103929039	-0.102533503798769	0.934170534198335	-0.109758871689053	0.912600609545111	0.999994493201698
3027	1.97687525100384	-0.839620858750121	1.16533624700152	-0.720496647135551	0.471219263343724	0.999994493201698
3028	9.12168042034381	-0.140835554198227	0.72160198176468	-0.195170686551904	0.845259326499598	0.999994493201698
3029	3.39454613911541	0.253106661588334	1.16429991750785	0.217389572722896	0.827904756668841	0.999994493201698
3030	2.21447145945382	-0.138430795480578	1.09562052677228	-0.126349216811772	0.899455499006997	0.999994493201698
3031	1.71972387586191	-0.0182900864758503	1.15903519748601	-0.0157804409352901	0.987409552367644	0.999994493201698
3032	2.31192613853863	0.170048048715944	1.14325248863484	0.148740589158042	0.881758331948746	0.999994493201698
3033	8.40627518086908	-0.0172945821695912	0.851232411653302	-0.0203171095611842	0.983790407147967	0.999994493201698
3034	2.35323650256209	-0.155973446045752	1.14705074143395	-0.135977808488896	0.891838824262552	0.999994493201698
3035	2.5636743745913	-0.322197853159376	1.16494878011699	-0.276576840680513	0.782105049695499	0.999994493201698
3036	12.4944010869699	-0.536221096890285	0.730115186317008	-0.734433561908496	0.462684538160676	0.999994493201698
3037	3.58936947041174	0.58086227206596	1.11130179579372	0.522686343407816	0.601192543341478	0.999994493201698
3038	4.03353325069451	-0.270488022596977	0.943796687553827	-0.286595647308362	0.774421947634712	0.999994493201698
3039	2.06079692026889	-0.539682913664751	1.15897306192202	-0.465656132481416	0.641461656980235	0.999994493201698
3040	11.8212514854547	-0.553713429255767	0.728775684706983	-0.759785817330605	0.447382621874149	0.999994493201698
3041	4.87563513621248	0.0084418585571418	0.898191024166724	0.00939873404432374	0.992501005620551	0.999994493201698
3042	6.71407477051758	-0.273746029966983	0.764335601225696	-0.358148998330055	0.720231812379828	0.999994493201698
3043	6.2414527326229	0.332147076163981	0.89661080237341	0.370447328188281	0.711049215261722	0.999994493201698
3044	3.26264464860204	-0.183226296793072	1.06479422305665	-0.172076719450162	0.863377214934233	0.999994493201698
3045	3.01158360586554	-0.158681682637844	1.08075129306046	-0.146825346087249	0.883269878207932	0.999994493201698
3046	3.2162993942305	0.201261548301763	1.09129163760393	0.184425080671981	0.853679995735984	0.999994493201698
3047	1.16307317083728	0.335579970965695	0.954974725436581	0.35140193978671	0.725286827335927	0.999994493201698
3048	1.84782324171209	-0.0467028532168025	1.15767089699351	-0.0403420811027472	0.967820405200758	0.999994493201698
3049	6.18834779490412	0.625038877001413	1.00810056755753	0.62001639232858	0.535246994809512	0.999994493201698
3050	7.88226777897869	0.57051107844716	0.721941475507978	0.790245605498329	0.429384346775519	0.999994493201698
3051	6.250729342165	0.347221744610189	0.803187065217779	0.432304950673032	0.66551978948887	0.999994493201698
3052	11.1949779789913	0.0134658162145439	0.98291238367505	0.0136999151075867	0.98906939117584	0.999994493201698
3053	3.6030126483528	0.0596262206163377	1.09184412136406	0.0546105615715967	0.956448724399447	0.999994493201698
3054	2.0962257283406	0.187010946447706	1.15056558267893	0.162538276186115	0.870881988964634	0.999994493201698
3055	8.41757245736919	-0.198473500186013	0.801031214440718	-0.24777249201779	0.804310439573027	0.999994493201698
3056	11.1116700576282	0.126052129438557	1.01658603945151	0.123995534609709	0.901318810644137	0.999994493201698
3057	0	NA	NA	NA	NA	NA
3058	6.01885941662838	-0.446017403312764	1.00615876615473	-0.443287300489686	0.657557940298088	0.999994493201698
3059	3.62647273832374	0.373755229346478	1.01149142513038	0.369509043834257	0.711748333400428	0.999994493201698
3060	5.93187212018251	-0.13003594096983	0.93115839878542	-0.139649646225009	0.888936812908912	0.999994493201698
3061	6.70679049475889	0.169604025669886	1.00718959583767	0.168393345573459	0.866273842818165	0.999994493201698
3062	8.62654781626822	-0.129307974315372	0.737317209685491	-0.1753763137721	0.860783951011137	0.999994493201698
3063	14.9964325620121	-0.462448050300445	0.993423396772264	-0.465509521723554	0.64156661979385	0.999994493201698
3064	2.6488969850745	0.034341962718385	1.12495367790429	0.0305274460565893	0.975646404789994	0.999994493201698
3065	0.66464831178713	0.15252607656008	0.973108875103896	0.15674101887499	0.875448958220999	0.999994493201698
3066	8.20238191685978	-0.0500994450412521	0.818344543284751	-0.0612204791397008	0.951183620326907	0.999994493201698
3067	0.750700816131495	-0.236375402048463	1.07904355205746	-0.219060112631929	0.826603221627849	0.999994493201698
3068	1.38409069325128	-0.266491137767232	1.07158927162816	-0.248687762021291	0.803602315994672	0.999994493201698
3069	2.68054361944762	0.0471444306775404	1.15939377084221	0.0406630015299235	0.967564557687128	0.999994493201698
3070	0.471003172128543	-0.0493326067219921	0.944890949662427	-0.0522098415056433	0.958361491242791	0.999994493201698
3071	1.29795006240908	0.194352632310072	1.14186923587267	0.170205682230802	0.864848383150769	0.999994493201698
3072	3.39498783327079	-0.00189255869792509	1.12805670042244	-0.00167771593149206	0.998661376988827	0.999994493201698
3073	4.01982189722021	-0.313022324991969	0.988078367000866	-0.316799087446972	0.751396056685013	0.999994493201698
3074	146.920894509558	-0.0885388784867687	0.979067912008959	-0.0904318049859227	0.927944083503161	0.999994493201698
3075	4.1190213113031	-0.058191415517981	0.988750858790231	-0.0588534664730204	0.95306882213955	0.999994493201698
3076	1.15478382781929	-0.26517916691213	1.12345300804329	-0.236039393738409	0.813402101894272	0.999994493201698
3077	5.27378728778234	-0.0210006063212396	0.920991351283339	-0.0228021753863124	0.981808072769557	0.999994493201698
3078	0.900291008785346	0.228633728501892	1.01789218876358	0.224614876728359	0.822278890641159	0.999994493201698
3079	10.3219114331402	-0.0421271960898174	0.647057545100776	-0.0651057953172562	0.948089766228874	0.999994493201698
3080	4.39797718794272	0.178658081216055	1.04580787889551	0.170832602069071	0.864355393133276	0.999994493201698
3081	2.29222725127469	1.14907243835484	1.14382915153751	1.00458397725769	0.315097215742614	0.999994493201698
3082	5.66853916648575	-0.383770297296354	0.969472184712525	-0.395854882015158	0.692212086836213	0.999994493201698
3083	2.40681355826971	-0.499865259731264	1.12988712734767	-0.442402827355562	0.658197733424992	0.999994493201698
3084	0.595265790232995	0.109200319179576	0.921811850313088	0.118462698372218	0.90570104932124	0.999994493201698
3085	7.94337880885489	0.159086522279765	0.743628940942199	0.213932666577229	0.830599565655264	0.999994493201698
3086	8.63323824448467	0.0900219782406479	1.02347395291723	0.0879572733473643	0.929910635399026	0.999994493201698
3087	1.2351142484994	0.117743163687775	1.12176945716794	0.10496199814981	0.916405963185135	0.999994493201698
3088	2.38028784111796	0.140652218409194	1.11457215651536	0.126193910001246	0.899578431943586	0.999994493201698
3089	14.5283879179898	0.279360731611672	0.792315714638777	0.352587644609617	0.724397601627811	0.999994493201698
3090	8.56043441950194	0.58393483046272	0.696199570875753	0.838746323454617	0.401611677506064	0.999994493201698
3091	2.91331688425962	-0.217176550873839	1.08957551527713	-0.19932216521826	0.842010741694757	0.999994493201698
3092	2.370115261806	0.0619675212975322	1.16519258327376	0.0531822139851134	0.957586726742345	0.999994493201698
3093	4.47218582339125	-0.147203339231931	1.02668534560539	-0.14337726730202	0.885992235536492	0.999994493201698
3094	3.27739257276665	0.46288318867389	1.05091605565201	0.440456862548083	0.659606248858059	0.999994493201698
3095	6.01656491001248	-0.126597160636637	0.795038450061763	-0.159234010162405	0.873484509460016	0.999994493201698
3096	4.91011447109904	0.0873375609053508	0.901316304902788	0.0969000121602933	0.922805799151272	0.999994493201698
3097	1.5159900841401	0.322520443214013	1.16537726219148	0.27675196151289	0.781970569995653	0.999994493201698
3098	2.5761687140962	0.69718968907156	1.16457686032073	0.598663525634151	0.549397284726198	0.999994493201698
3099	0.637067152578028	0.524080420289925	0.920761790777276	0.569181329567895	0.569233089701161	0.999994493201698
3100	1.43974400999106	-0.142530686086101	1.08217973972408	-0.131707036136568	0.895216019972908	0.999994493201698
3101	11.0187487724471	0.0966438704842542	0.723611674510788	0.133557644090792	0.893752379147861	0.999994493201698
3102	2.13794106381234	-0.0116255484894079	1.1645720408648	-0.00998267868493124	0.992035107090796	0.999994493201698
3103	2.32977431296661	0.182637047108846	1.15915849810829	0.157560029458356	0.874803501937776	0.999994493201698
3104	4.51234734897856	0.284392187755214	0.992064799133292	0.286666947565997	0.774367347855576	0.999994493201698
3105	0.874963434235947	-0.0333687781076612	1.01290153343952	-0.0329437531744578	0.973719441728167	0.999994493201698
3106	6.14424145307433	0.471830180190181	0.776620075709922	0.607543115285647	0.543490538682447	0.999994493201698
3107	4.08260523670728	-0.215562728214956	0.985106857149903	-0.218821670614109	0.826788965233218	0.999994493201698
3108	2.79993081949148	0.368941133083786	1.14152137439553	0.323201248228182	0.746542835646529	0.999994493201698
3109	2.75547090103847	0.358071553152208	1.16403126702422	0.307613346218437	0.758376563534631	0.999994493201698
3110	2.10759645025491	-0.510024242390032	1.16532921951746	-0.437665368591051	0.661628877502655	0.999994493201698
3111	3.28478594601478	0.18787715747342	1.1038743798721	0.170197950871174	0.864854463177272	0.999994493201698
3112	3.56187960795689	-0.310210947503157	1.02028178200829	-0.304044385554496	0.76109407603925	0.999994493201698
3113	4.17400630609375	0.143383040368166	1.02400250008635	0.140022158496757	0.888642482909908	0.999994493201698
3114	2.2437029372552	-0.143247438750399	1.16515922656202	-0.122942371724655	0.902152732331145	0.999994493201698
3115	6.44920269534253	-0.211201092515716	0.942555981135786	-0.224072730684088	0.822700710768276	0.999994493201698
3116	4.62372952749687	0.111437944236617	0.976225578250907	0.114151838180965	0.909117429822669	0.999994493201698
3117	26.9027443318449	-0.00414914601030677	0.791804800847204	-0.00524011221688392	0.995819014499407	0.999994493201698
3118	10.6660448348471	0.159478692335485	0.723235671491259	0.220507226927361	0.8254761446163	0.999994493201698
3119	4.92449316508168	-0.100173100469812	0.875164717066467	-0.114461996143526	0.908871571036267	0.999994493201698
3120	1.03893330231322	0.403752910615094	1.10630369690479	0.364956667635398	0.715143752682594	0.999994493201698
3121	4.70736897489403	0.279835000235048	1.12906736557331	0.247846150519953	0.804253445715826	0.999994493201698
3122	4.96847774773755	0.27436769943458	0.855037764295277	0.320883721037415	0.748298510854848	0.999994493201698
3123	9.65239710552951	0.547737385032779	0.866143463521713	0.632386444164452	0.527134389683622	0.999994493201698
3124	7.094875015862	-0.383979528739346	0.743703907599314	-0.516306993705112	0.605640012383047	0.999994493201698
3125	10.1909573161875	-0.135255785884822	0.701210509206665	-0.192888988554732	0.84704590895308	0.999994493201698
3126	1.52959653937406	0.162238042439029	1.16503197849324	0.13925629977029	0.889247621065776	0.999994493201698
3127	2.6350628820198	-0.0248198017622706	1.11736944132773	-0.0222127085673456	0.982278280121643	0.999994493201698
3128	4.45815444574441	0.497838732398657	0.92860160046976	0.536116599569515	0.591877968474487	0.999994493201698
3129	3.04558872313871	0.262153380359686	1.14647534350223	0.228660286368538	0.819132963893967	0.999994493201698
3130	4.05076240733955	0.701456389056016	0.999597102360805	0.701739118090025	0.482841872891898	0.999994493201698
3131	13.6348220111083	-0.136886273430572	0.692151184864065	-0.197769326158787	0.843225546307199	0.999994493201698
3132	3.38944307323408	-0.305503946168411	1.07831944423345	-0.283314882062233	0.776935470210166	0.999994493201698
3133	6.18925114314517	0.0409076316282598	0.955719430727703	0.0428029715761998	0.965858595186998	0.999994493201698
3134	0.81730203199725	0.332197952207481	1.005854614446	0.330264381588036	0.741200203749554	0.999994493201698
3135	0	NA	NA	NA	NA	NA
3136	9.16091032408601	0.142018677368747	0.82832249638741	0.171453362655412	0.863867298577012	0.999994493201698
3137	3.58739810761993	0.484851560877391	1.12529955963266	0.430864436697784	0.666566943355107	0.999994493201698
3138	1.68907918909653	0.309262758966309	1.03743532678946	0.298103169402744	0.765624422653925	0.999994493201698
3139	3.60489798427132	-0.199864429646648	1.11983963880366	-0.178475937733518	0.858349216710146	0.999994493201698
3140	8.7041682770496	-0.06436034116062	0.66772051621667	-0.0963881438379163	0.923212308125977	0.999994493201698
3141	2.33255561865499	-0.213863258010788	1.13182713135989	-0.188953994903649	0.850128873921806	0.999994493201698
3142	2.42870935652166	0.0811384881926032	1.15959134617036	0.0699716227277559	0.944216246044308	0.999994493201698
3143	1.05262578442048	0.696951137893433	0.939849910923765	0.741555784378816	0.458356521298795	0.999994493201698
3144	1.66100703156585	0.00443573654601394	1.03239901336009	0.00429653311230625	0.996571873112032	0.999994493201698
3145	14.194638022278	-0.246374067347977	0.789245657584108	-0.3121639821271	0.754915903409017	0.999994493201698
3146	3.09335766830879	0.156937919521228	1.11591691871051	0.140635845634975	0.888157628932076	0.999994493201698
3147	5.78910875741646	-0.356578235923196	0.858645452584937	-0.415279944533246	0.677936981100008	0.999994493201698
3148	3.70332105851321	-0.748603119002027	1.03648737234978	-0.722250110297916	0.470140719765382	0.999994493201698
3149	1.20552500379139	1.19407929375561	1.07056960541831	1.11536819998644	0.264692670844174	0.999994493201698
3150	8.09649100392858	0.158272392151548	0.858476344615506	0.18436430210833	0.853727672545279	0.999994493201698
3151	1.49633001920781	0.445947174933564	1.15011330804147	0.387741948393735	0.698207009320916	0.999994493201698
3152	5.90721388760922	0.0727428706359985	0.971950852424563	0.0748421285444003	0.940340322060572	0.999994493201698
3153	4.89700321343575	0.23348615504372	0.991335713528759	0.235526826944026	0.813799859517328	0.999994493201698
3154	15.9014530674518	0.14550444074068	0.805297867150703	0.180684001133024	0.856615617337093	0.999994493201698
3155	1.20478850630902	0.174817530409559	1.06275629285253	0.164494467438376	0.869341901770624	0.999994493201698
3156	1.07947044614721	-0.162394542100032	0.938012907515593	-0.173126127368703	0.862552288366009	0.999994493201698
3157	1.27457599931144	0.37873969138504	1.08313722183479	0.349669168181173	0.726586994912202	0.999994493201698
3158	5.53035426822389	0.449622012842084	0.841983344578683	0.534003452368845	0.593339145509628	0.999994493201698
3159	2.43696197683255	0.322760626555747	1.15222524453398	0.280119384718295	0.779385912961236	0.999994493201698
3160	1.55814403270189	0.0072312219836123	1.08304832486683	0.006676730684664	0.994672779250222	0.999994493201698
3161	3.51970472698972	0.386334556202346	1.14951895166975	0.336083677125263	0.73680776701128	0.999994493201698
3162	35.9209025871199	-0.338009861246624	1.02607030691716	-0.329421735497032	0.741836941227654	0.999994493201698
3163	2.70374035891771	0.717482476135471	1.13062331246854	0.634590201902845	0.525695720131047	0.999994493201698
3164	3.97550569933918	-0.426552200995005	1.10491586840668	-0.386049484120549	0.699460021022747	0.999994493201698
3165	3.57691185361394	-0.111303139173654	1.15730957399317	-0.0961740416521526	0.923382346990485	0.999994493201698
3166	3.24997088584504	0.162575305113159	1.03698585388924	0.156776781962277	0.875420771858801	0.999994493201698
3167	1.43009705208323	0.918574817650536	1.15240143580022	0.79709621067305	0.425395156932013	0.999994493201698
3168	0.639725708686014	0.0725190805483049	0.973483698755186	0.074494396404415	0.940616999801381	0.999994493201698
3169	1.12127180849225	0.0846507271517198	0.945411268503433	0.0895385214582012	0.928653940814795	0.999994493201698
3170	3.31674942533834	-0.309719209308519	1.00907819655229	-0.306932812904622	0.758894512664717	0.999994493201698
3171	0.443017041471157	0.156043573514936	0.916230155050019	0.170310453825237	0.864765990402077	0.999994493201698
3172	3.02627396410874	0.530413900648883	1.09255113805592	0.485481989971377	0.627334485090127	0.999994493201698
3173	0.38748647431177	-0.161546509783431	0.91327181947917	-0.176887654187731	0.859596636234994	0.999994493201698
3174	4.15251757891464	0.00154603482982363	0.940169842287975	0.00164442078471825	0.998687942635737	0.999994493201698
3175	1.91071045941251	0.373991927761538	1.12072820302289	0.333704395724838	0.738602632243569	0.999994493201698
3176	1.91340363860305	0.263214402495245	1.1652750623874	0.225881777608778	0.821293370932559	0.999994493201698
3177	24.3133758575782	0.0745232746024598	0.871653747001493	0.0854964197180605	0.931866741702485	0.999994493201698
3178	15.7931585577377	0.14490017705317	0.748715732819167	0.193531631167376	0.846542636199781	0.999994493201698
3179	28.8234371996488	-0.354315289780795	1.00643503031254	-0.352049838399172	0.724800886294132	0.999994493201698
3180	1.66498438023204	-0.474432468436461	1.16306429849131	-0.407915941579396	0.683335388595064	0.999994493201698
3181	3.34031651317416	0.339065332773908	1.10085742565648	0.308001131546812	0.758081471319058	0.999994493201698
3182	7.3800628458545	0.138980463449926	0.774798017249901	0.179376379850879	0.857642176729704	0.999994493201698
3183	2.85734462294484	0.0581349521646526	1.06945796035427	0.0543592682646402	0.956648930062262	0.999994493201698
3184	2.30400504426183	0.315023335562731	1.15819430026068	0.271995239047393	0.785625680084096	0.999994493201698
3185	8.16230641814578	-0.0533559107904236	0.832009202662462	-0.0641289911453894	0.9488675177548	0.999994493201698
3186	2.61806137319549	-0.235240613150137	1.11712269572369	-0.210577239233104	0.833217174521187	0.999994493201698
3187	27.1295739398508	-0.44169277250538	1.06956106980392	-0.412966388713414	0.679631239496605	0.999994493201698
3188	3.61781514656457	-0.0194363349865839	1.02870853240875	-0.0188939183201614	0.984925731153733	0.999994493201698
3189	1.82784423220481	0.448451307277187	1.11871100853961	0.400864301731156	0.688520033848007	0.999994493201698
3190	4.69731704553792	0.69358857245685	1.06092381845766	0.653759073356624	0.513267037793303	0.999994493201698
3191	4.11014967320928	0.0195270471854499	1.00985120889437	0.0193365587063355	0.984572619744495	0.999994493201698
3192	3.08175929857375	-0.120427062856663	1.14825934550713	-0.10487792964879	0.916472671960069	0.999994493201698
3193	0.996481469359119	-0.11224067260068	0.929549893290862	-0.120747335254181	0.903891165147398	0.999994493201698
3194	0.691983971835444	-0.127644093173444	0.924312353398394	-0.138096275251692	0.890164329491788	0.999994493201698
3195	2.49416910345677	-0.238077535286023	1.15888379446431	-0.205436935457428	0.837230765304806	0.999994493201698
3196	3.91557184107373	-0.29920269200491	1.05006170506442	-0.284938199880886	0.775691489246275	0.999994493201698
3197	0	NA	NA	NA	NA	NA
3198	7.75152560873602	0.543539531988352	0.831093118724834	0.654005573794567	0.51310821463529	0.999994493201698
3199	3.45746797989838	0.128569189842917	1.031931329017	0.124590838777412	0.900847481478293	0.999994493201698
3200	7.30075114452465	-0.0182428489641039	0.751239815887508	-0.0242836556027744	0.980626350227138	0.999994493201698
3201	22.1347381776444	0.120025667172432	0.914675936994102	0.131222067092824	0.895599639879241	0.999994493201698
3202	8.95909246744537	0.136518628955	0.747970687543258	0.18251868853765	0.855175689350831	0.999994493201698
3203	2.63055781232494	0.181634052918132	1.16159760663533	0.156365725859449	0.875744751627036	0.999994493201698
3204	0.996481469359119	-0.11224067260068	0.929549893290862	-0.120747335254181	0.903891165147398	0.999994493201698
3205	4.6149418166518	0.795084605443317	1.05119790016099	0.756360534321419	0.449433063235503	0.999994493201698
3206	4.65687119845818	0.133452736849682	0.911807684073897	0.146360618780293	0.883636714135488	0.999994493201698
3207	9.7495329069324	-0.597387389820921	0.723319950347169	-0.825896464675412	0.40886282624718	0.999994493201698
3208	3.97719064101401	-0.108268879956235	0.954490054232723	-0.113431124270088	0.909688765343381	0.999994493201698
3209	2.30404176696893	-0.201183913143341	1.14811099634885	-0.175230368651753	0.860898622758805	0.999994493201698
3210	3.26079603539062	0.381704314028688	1.08860395754221	0.350636529827136	0.725861047543424	0.999994493201698
3211	0.152248748761837	-0.0100772420010255	0.899746354916655	-0.0112000920547869	0.991063806299399	0.999994493201698
3212	6.23798003436926	0.788686570410828	0.91190612373625	0.864876931826526	0.38710634012214	0.999994493201698
3213	1.05201203651851	0.0402688155853871	0.93228063795988	0.0431938774074594	0.965546985656579	0.999994493201698
3214	1.9858150646309	-0.0540273983513478	1.15869612146722	-0.0466277545513266	0.962809911149713	0.999994493201698
3215	9.06034594189597	-0.0598567912980104	0.979492009071022	-0.0611100353486092	0.951271577037304	0.999994493201698
3216	16.0845143737647	-0.16989257122141	0.971199581202971	-0.174930647118869	0.861134128636493	0.999994493201698
3217	9.2384279862516	-0.13839655459134	0.836050356713515	-0.165536146812223	0.868522001222684	0.999994493201698
3218	4.22634849649193	0.38279028577232	0.936735195885163	0.408643005466026	0.682801665628309	0.999994493201698
3219	2.34244807572361	-0.159719247034111	1.16473007790965	-0.137129838117309	0.89092816784286	0.999994493201698
3220	7.55955385828585	0.658885896037621	0.743003486329573	0.886787085337256	0.375193541999496	0.999994493201698
3221	900343.799941075	0.20353666376979	0.851291117009699	0.239091727498281	0.811034456282882	0.999994493201698
3222	2.28175468794586	-0.0495045526485651	1.13263598594838	-0.0437073810674608	0.965137655600084	0.999994493201698
3223	10.8982112659065	0.374055086788172	0.865096054237346	0.4323856119283	0.665461173601359	0.999994493201698
3224	290914.989952366	0.155337218830184	0.915614642860912	0.169653489097576	0.865282654022181	0.999994493201698
3225	15.6935919745112	-0.0498548148166416	0.711623375533726	-0.0700578656220362	0.944147602624096	0.999994493201698
3226	3.20380505472559	-0.102979806229401	1.11094271809712	-0.0926958740103095	0.926145174962137	0.999994493201698
3227	2.78555114406806	0.314813034470368	1.16381445237159	0.270501052662518	0.786774807191816	0.999994493201698
3228	2.106682629145	-0.188227135460937	1.14461903164862	-0.164445226102723	0.869380662860621	0.999994493201698
3229	1.11020115978588	-0.113039544099873	1.04971915854137	-0.107685511100842	0.914245163139735	0.999994493201698
3230	5.613024300437	0.657612610618442	0.887796124744625	0.740724804140821	0.458860316671998	0.999994493201698
3231	2.85505641520259	0.351300420839746	1.16240965725443	0.302217396979913	0.762486343070296	0.999994493201698
3232	1.96550452908953	-0.00991986558714637	1.07040617590589	-0.00926738448491399	0.992605802841664	0.999994493201698
3233	4.44059166344073	-0.262302109623058	0.939867410485681	-0.279084163039031	0.780180236530218	0.999994493201698
3234	3.74603726199515	-0.0782580519490147	0.964533334302707	-0.081135663398912	0.935334063879527	0.999994493201698
3235	0.723242406502787	0.195311057964004	1.07695010170248	0.181355717089631	0.856088375096752	0.999994493201698
3236	1.27352055725408	0.0726281432037671	0.972535986729069	0.0746791318725772	0.940470011654037	0.999994493201698
3237	1.24544839972341	-0.262135674642725	0.968609294505793	-0.270630971775335	0.78667487241804	0.999994493201698
3238	1.3179804757071	0.0627111206478482	1.07692590095655	0.0582316021855792	0.953564148519475	0.999994493201698
3239	2.86567068866993	0.0438544066480237	1.06686804697814	0.0411057457126395	0.967211594060541	0.999994493201698
3240	7.67387159550395	-0.347628820319411	1.00339537000453	-0.346452485940654	0.729002686377299	0.999994493201698
3241	2.63995507182289	0.0893780151739369	1.12834140449272	0.0792118545132354	0.936864115683849	0.999994493201698
3242	0.138519543947483	0.395398105903997	0.89763237952822	0.440490021217607	0.659582238041294	0.999994493201698
3243	0.728645545592053	-0.0198764395139159	0.925065516263234	-0.0214865208620099	0.982857555776006	0.999994493201698
3244	0.443017041471157	0.156043573514936	0.916230155050019	0.170310453825237	0.864765990402077	0.999994493201698
3245	3.95441247447829	0.930458554221582	0.993278093196017	0.936755336290258	0.34888442461989	0.999994493201698
3246	2.10507951509437	0.300184223682231	1.15178396017719	0.260625459340526	0.794381354322877	0.999994493201698
3247	6.85765017580474	-0.245043115591084	0.852100335668418	-0.287575424317681	0.773671759094057	0.999994493201698
3248	2.28818172707526	0.426423360970545	1.14841812001572	0.371313682306502	0.710403908254804	0.999994493201698
3249	5.05784347804807	-0.361081300181625	1.10496726158676	-0.326780089088888	0.743834220011058	0.999994493201698
3250	4.15174225910062	-0.125638019082885	0.988163322764646	-0.127142969374111	0.898827242763801	0.999994493201698
3251	4.14207744985274	0.570561952477312	1.09532060104254	0.520908628883858	0.602430424044868	0.999994493201698
3252	4.49184588832355	-0.224280098553978	1.008942200035	-0.222292316196307	0.82408633326942	0.999994493201698
3253	6.20093661038538	-0.270959783474126	0.827179539253776	-0.327570703354882	0.743236276103568	0.999994493201698
3254	0.667711839343399	-0.12985347860705	1.0684214968539	-0.12153768806545	0.903265165185677	0.999994493201698
3255	6.9529761194348	0.225562728233441	1.03991113141754	0.216905773405818	0.828281778189087	0.999994493201698
3256	1.66336341484135	0.593213478625512	1.15792940443898	0.512305393015669	0.60843729144131	0.999994493201698
3257	31.6828768954223	0.124301367787062	0.932712002813128	0.133268755427356	0.893980836709968	0.999994493201698
3258	10.9689224376119	0.237225773170187	0.66262780430624	0.358007574732784	0.720337644941635	0.999994493201698
3259	13.7353727412074	-0.0689198665286955	0.896578660291611	-0.0768698493295384	0.93872708330489	0.999994493201698
3260	2.79644973902784	-0.305870113657006	1.16532636783594	-0.262475922710836	0.792954545710522	0.999994493201698
3261	3.14165433450754	0.0276857502255922	1.04475251124264	0.0264998168730529	0.978858679663012	0.999994493201698
3262	5.50742189928164	0.287791153510384	0.907106005945491	0.317262978774365	0.751044066033198	0.999994493201698
3263	2.49033025608649	-0.436672709372753	1.11008096438926	-0.393370144503829	0.69404611721346	0.999994493201698
3264	3.17646939467728	0.0656927532581852	1.10850967013597	0.0592622284026872	0.952743245582189	0.999994493201698
3265	0.429287836656803	0.386075147266136	0.914213157539646	0.422303205857539	0.672803718470928	0.999994493201698
3266	2.60567193193093	-0.326360622745845	1.15577002550046	-0.28237505346665	0.777655941443823	0.999994493201698
3267	1.59174725959211	-0.0356002944107405	1.02268566827205	-0.0348105928490143	0.972230773879929	0.999994493201698
3268	2.76724659440106	-0.0859694118284695	1.09239819305183	-0.0786978707721008	0.93727293910683	0.999994493201698
3269	7.14137129341797	0.766509817843371	0.733266167898596	1.04533640225083	0.295867518924875	0.999994493201698
3270	4.84859744974756	0.00990588610718978	0.934982072923471	0.0105947337323981	0.991546783672709	0.999994493201698
3271	6.68932949104401	-0.834411163366936	0.803724266967308	-1.03818087578147	0.299185854383079	0.999994493201698
3272	2.66496580142185	-0.0581679802616996	1.11284860025375	-0.0522694463994797	0.958313998266191	0.999994493201698
3273	1.95230304530385	0.199013063541482	1.13572096445028	0.175230597806045	0.860898442705792	0.999994493201698
3274	6.00602408195933	-0.04226545465729	0.806689645473183	-0.0523936992305116	0.958214994509119	0.999994493201698
3275	4.74109294093118	-0.377776746515993	0.86082326102616	-0.438855179245107	0.660766475066454	0.999994493201698
3276	4.71201356591179	0.430562619764978	0.891456725518843	0.482987684583773	0.629104480669004	0.999994493201698
3277	2.61617603727697	0.142064938443621	1.09065301077826	0.130256770063146	0.896363281096664	0.999994493201698
3278	1.28724976206844	-0.021906821793362	0.974817056809297	-0.0224727518259332	0.982070847402478	0.999994493201698
3279	1.59236100749408	0.469353848661938	1.02576702144014	0.457563792607586	0.647265861319732	0.999994493201698
3280	2.84365424046214	-0.195898850708556	1.14718149555082	-0.170765350965233	0.864408274758765	0.999994493201698
3281	1.80005429654201	0.215991800469282	1.12521628332648	0.191955807669922	0.847776821983485	0.999994493201698
3282	3.51947599957143	0.810755317503636	1.11241503994023	0.728824484022798	0.466109032630616	0.999994493201698
3283	4.00496272533675	0.328735505939834	0.975903079513359	0.336852616659187	0.736228006239794	0.999994493201698
3284	2.06026919924022	-0.66170369753736	1.16278981188163	-0.569065613385954	0.569311613234664	0.999994493201698
3285	2.69884606949008	0.528627653851347	1.11063312748446	0.475969643592992	0.634096004750313	0.999994493201698
3286	2.22145776162911	0.0466661987207462	1.15876384702289	0.0402723979011268	0.967875959204572	0.999994493201698
3287	4.0070589373335	0.407438599911743	1.12845130052375	0.361059976378812	0.718054612112813	0.999994493201698
3288	1.37023873885653	-0.0716626991678685	0.988838222232806	-0.0724716111863612	0.942226597038465	0.999994493201698
3289	2.76127901157601	0.413293124273866	1.15033548464149	0.359280514069051	0.719385250044685	0.999994493201698
3290	2.26815131377723	0.568567137989713	1.13013849463379	0.50309509913115	0.614897412213297	0.999994493201698
3291	8.28093405009113	-0.190813312512732	0.701949767321242	-0.271833286932921	0.785750209338695	0.999994493201698
3292	8.98444294624742	0.0516481912757837	0.710451509689789	0.0726977007879613	0.942046678215246	0.999994493201698
3293	2.74230613995989	0.0936474032515367	1.15726104817774	0.0809215892982802	0.935504310491757	0.999994493201698
3294	0.418217187950435	0.0107718199199353	0.94490931704264	0.0113998451763062	0.990904436543262	0.999994493201698
3295	2.82832192159715	0.39274046600138	1.14045717487	0.344371077367414	0.73056723709607	0.999994493201698
3296	2.40096872502506	0.115958559406953	1.16461067726011	0.0995685181933584	0.920686888430417	0.999994493201698
3297	1.66427933557581	0.310685184510285	1.11339556924721	0.279042950314904	0.780211863728631	0.999994493201698
3298	4.46816965239342	0.441841417934928	0.984639476972787	0.448734210102303	0.653623403095473	0.999994493201698
3299	0.816774310968573	0.129877369156715	0.926905324957659	0.140119347315917	0.888565694446357	0.999994493201698
3300	5.94147815613414	-0.645015704648852	0.881624071766759	-0.731622156545989	0.464399220881572	0.999994493201698
3301	5.19672917111218	0.0301047210703965	0.887691543285271	0.0339134931476101	0.972946133402137	0.999994493201698
3302	1.52248748761837	-0.0769098072856444	1.01258695939712	-0.0759537801389776	0.939455870027222	0.999994493201698
3303	0.747514538994832	0.0779565186862294	0.925660442402039	0.0842171871187846	0.932883753388265	0.999994493201698
3304	0.443017041471157	0.156043573514936	0.916230155050019	0.170310453825237	0.864765990402077	0.999994493201698
3305	5.78804705507167	0.730279877727795	0.788901887395302	0.925691634658072	0.354606256463614	0.999994493201698
3306	2.08188277562428	-0.271984932100983	1.1510803375651	-0.23628666325438	0.813210235156592	0.999994493201698
3307	3.49816459601986	-0.0463465043722627	1.06957056603058	-0.0433318808914734	0.965436977805188	0.999994493201698
3308	3.26315349826367	-0.67440877950166	1.06913050211847	-0.630801177372949	0.528170533475436	0.999994493201698
3309	4.14445168446829	0.833213528500812	0.917875376228565	0.907763243333079	0.364003322105544	0.999994493201698
3310	3.7920803435342	0.217742591829016	0.971742270682375	0.224074426314823	0.822699391392208	0.999994493201698
3311	3.15542236165355	-0.295362464751761	1.15021052325867	-0.256789916957956	0.797340954239468	0.999994493201698
3312	1.66799333374115	0.314562785131525	1.16433436897689	0.270165335244662	0.787033059853082	0.999994493201698
3313	16.9646805438805	0.21740554625567	0.753555366909961	0.288506400196134	0.772959132053828	0.999994493201698
3314	4.38245184433955	0.0270138984410441	0.975916023666316	0.0276805563039722	0.977916931583041	0.999994493201698
3315	3.06827559292018	-0.10881509989259	1.14492895548668	-0.0950409188021063	0.924282325498763	0.999994493201698
3316	3.57809004525169	0.0278107113918791	1.07159743689474	0.0259525736385377	0.979295166448864	0.999994493201698
3317	1.33223740155014	0.0853248882407687	1.14049877519051	0.0748136605640068	0.940362972720812	0.999994493201698
3318	5.49578680683949	0.431878254434975	0.918634950624786	0.470130440977936	0.638261826780509	0.999994493201698
3319	0.693039413892798	0.208838879072525	0.985385775207039	0.211936161782573	0.832156838329498	0.999994493201698
3320	0.207779315921225	0.488436511095288	0.900789814773844	0.542231387482902	0.587659115305549	0.999994493201698
3321	9.50491157397547	-0.837917817043625	0.678568816649632	-1.23483100974307	0.216893403849901	0.999994493201698
3322	15.2664832360886	0.350113449204732	0.691294970946174	0.506460286736257	0.61253356196801	0.999994493201698
3323	14.648128736296	-0.0139659284077307	0.747425143419506	-0.0186853874674805	0.985092085332885	0.999994493201698
3324	2.63518563160019	-0.0751720633691664	1.0911014042319	-0.0688955793454278	0.945072737331315	0.999994493201698
3325	6.10597994448919	-0.0352537558470661	0.987987143496712	-0.0356824034392745	0.971535601637828	0.999994493201698
3326	3.74075897211082	0.0967598232116839	1.13280720617607	0.0854159672397465	0.931930699531542	0.999994493201698
3327	0.540385693682678	-0.0356842476381031	0.946518921731599	-0.037700511652552	0.969926468048496	0.999994493201698
3328	0.944750927238365	0.235688980282984	1.1051432605119	0.213265545476712	0.831119846072448	0.999994493201698
3329	8.5312942474205	-0.10011032961001	0.946776630191731	-0.10573806578827	0.915790177501223	0.999994493201698
3330	2.03590576999392	0.74510889052759	1.14322589882462	0.651759981376957	0.514556021545366	0.999994493201698
3331	0.803167855734613	0.29617469507646	0.993753114000661	0.298036495084898	0.765675309561592	0.999994493201698
3332	5.1537128944223	0.0696967884421133	1.00083665320837	0.0696385251466232	0.94448137272499	0.999994493201698
3333	0.886034082942315	0.175360474598416	0.927955204667104	0.188975150649998	0.850112292773497	0.999994493201698
3334	3.76029418783818	-0.0837788707670672	0.955941181859093	-0.0876401941426312	0.930162654765147	0.999994493201698
3335	2.25893137790684	-0.189973743059752	1.15140131444055	-0.164993508933118	0.868949091157791	0.999994493201698
3336	10.7133049303555	0.194858240299919	0.726456862250828	0.268230985796152	0.788521525385916	0.999994493201698
3337	1.37302004454491	-0.636938706074548	1.13547988704753	-0.560942305839263	0.574836868470992	0.999994493201698
3338	2.9066988308255	0.290192253263888	1.09010290418464	0.266206293139767	0.790080336621845	0.999994493201698
3339	23.507528474744	-0.013585605530069	0.948013281474024	-0.0143306067494596	0.98856622148112	0.999994493201698
3340	2.02539956502333	0.198798057743352	1.15529840954296	0.172075072640321	0.863378509588361	0.999994493201698
3341	2.62239121888735	-0.400145615669681	1.13228168263483	-0.353397588079441	0.723790393759273	0.999994493201698
3342	4.32581336070021	0.404786059087384	1.06921251096452	0.378583354512222	0.704997284835445	0.999994493201698
3343	3.05143355638336	-0.0558979903266832	1.13993546734449	-0.0490361006635745	0.960890526363153	0.999994493201698
3344	0.443544762499834	0.433105850583411	0.951860611889911	0.455009741104302	0.649102230863452	0.999994493201698
3345	3.72611384656201	0.258275603753404	1.11599166202877	0.231431481561325	0.816979610178165	0.999994493201698
3346	1.92803091281181	0.289448507372227	1.16534755211551	0.24837955582159	0.803840750149627	0.999994493201698
3347	3.00876557747006	0.775219240218838	1.10477302570997	0.70170000731205	0.482866268461827	0.999994493201698
3348	2.0491072537796	0.400986623716489	1.08095116410672	0.370957206052743	0.710669405778074	0.999994493201698
3349	2.78611558780384	-0.00705769691714952	1.12962075657586	-0.00624784634671818	0.995014972293951	0.999994493201698
3350	5.05616691858323	0.259892637308093	1.02260236133071	0.25414828591819	0.799381000917857	0.999994493201698
3351	5.87575925794729	0.12432482503693	1.04139736145904	0.119382696402022	0.904972169519694	0.999994493201698
3352	1.76418379431492	-0.0522893544353117	1.16370898306561	-0.0449333597971922	0.964160426415693	0.999994493201698
3353	10.0970057591898	-0.250088180445202	0.701354945392881	-0.356578622690269	0.72140728343226	0.999994493201698
3354	2.48423992368105	0.23905205838996	1.15832919265764	0.206376615477925	0.836496735799612	0.999994493201698
3355	2.84046796332548	-0.0279203494869896	1.1643502948728	-0.0239793381853696	0.980869089707705	0.999994493201698
3356	4.45150283985961	-0.347182919002464	0.946868788333408	-0.366664234031352	0.713869488250976	0.999994493201698
3357	200.912446406004	-0.307138711016718	1.14303623622043	-0.268704264382995	0.788157269938736	0.999994493201698
3358	2.75156387813494	-0.400072640132626	1.08279641704702	-0.369480941970325	0.711769275914913	0.999994493201698
3359	4.8396051616979	-0.446318558906713	0.891868566924949	-0.500430865554062	0.616771724494454	0.999994493201698
3360	3.81725054542065	0.30935952311375	1.01437937350987	0.304974185391141	0.760385813391873	0.999994493201698
3361	2.5359704658018	-0.0145605444975395	1.15966898239984	-0.0125557764487308	0.989982203036835	0.999994493201698
3362	5.12839999199085	0.0593175759808178	0.910054821349854	0.0651802227615629	0.948030507588989	0.999994493201698
3363	1.66836158248233	0.238329826612182	1.16416962146434	0.204720877626407	0.837790207877017	0.999994493201698
3364	0.982752264544764	-0.0062036677621794	0.929471187459437	-0.00667440566838457	0.994674634303481	0.999994493201698
3365	2.30126046128055	0.167512581855981	1.16499870794034	0.143787783380579	0.88566805007435	0.999994493201698
3366	6.65738698271204	-0.0493366949295656	0.945531505941718	-0.0521787953331369	0.958386228785959	0.999994493201698
3367	2.25688656970082	0.506708553985157	1.10127624498207	0.460110309555807	0.64543704445249	0.999994493201698
3368	0.900291008785346	0.228633728501892	1.01789218876358	0.224614876728359	0.822278890641159	0.999994493201698
3369	2.83585589576573	-0.0949196782013309	1.13567037706963	-0.0835803065025369	0.933390125274867	0.999994493201698
3370	2.10479729322648	0.144289468531357	1.16338060866467	0.124026021627585	0.901294671850029	0.999994493201698
3371	5.27380513912239	-0.150647853924899	0.891489118485497	-0.168984512318923	0.865808823581144	0.999994493201698
3372	1.59174725959211	-0.0356002944107405	1.02268566827205	-0.0348105928490143	0.972230773879929	0.999994493201698
3373	3.58838537414404	0.0275929151665451	0.979529609152658	0.0281695570085058	0.977526917572383	0.999994493201698
3374	2.19028535383506	0.292256326553932	1.1482403382935	0.254525395779319	0.799089686959194	0.999994493201698
3375	27.1019489928492	0.15487338520189	0.900798733946361	0.171928955232204	0.863493382541668	0.999994493201698
3376	3.52121971454251	0.104375874740073	1.00724706858457	0.103624897997218	0.917467028286002	0.999994493201698
3377	1.08274275015717	0.153018222621506	1.04443166698793	0.146508601240329	0.883519900377737	0.999994493201698
3378	5.2079771434461	-0.420047617294598	0.848766142524355	-0.49489205123724	0.620676321887889	0.999994493201698
3379	11.1454580505543	-0.438113826828311	0.968102838896632	-0.452548850417213	0.650873637559878	0.999994493201698
3380	1.41061431077848	-0.101313249188784	1.15625474040836	-0.0876219103352627	0.93017718722665	0.999994493201698
3381	0.596321232290349	0.578018698683707	0.976491690004911	0.591934068256945	0.553894739420498	0.999994493201698
3382	2.44020282801636	-0.822072252640182	1.12321074267802	-0.731894934231267	0.464232698373261	0.999994493201698
3383	48.5862252139373	-0.28738810007868	1.12083437147484	-0.256405502358499	0.797637739576201	0.999994493201698
3384	2.28540042138688	0.653276818797503	1.15940630055862	0.563458054767118	0.573123014721892	0.999994493201698
3385	2.12473958002666	0.24180794617501	1.16131508092123	0.208219070041864	0.835057919158189	0.999994493201698
3386	3.17961894910684	0.38951244210525	1.10204937794675	0.353443729382577	0.723755807237512	0.999994493201698
3387	2.31143514021705	-0.417236997218566	1.14595069745451	-0.364096813366727	0.715785716323656	0.999994493201698
3388	1.38396794367089	-0.164625671442022	0.991424755762616	-0.166049587207846	0.86811792685187	0.999994493201698
3389	1.10692885577592	-0.377369460853582	0.945566256362134	-0.399093620689713	0.689824222591105	0.999994493201698
3390	3.58231289307866	-0.452413963312904	0.992598843658944	-0.455787316500595	0.648542925646491	0.999994493201698
3391	3.68216487739516	0.0359832808454518	0.991040685161281	0.0363085808526578	0.971036307921622	0.999994493201698
3392	2.2367701295295	0.309126044020348	1.15252695497279	0.268215890905254	0.788533143821097	0.999994493201698
3393	10.7855159621397	-0.2800224124712	0.790922936802569	-0.354045128092042	0.723305063396372	0.999994493201698
3394	4.80801310137192	-0.362706189413637	0.858229614910077	-0.422621386063029	0.672571520726721	0.999994493201698
3395	3.83891659622731	-0.331483181761511	1.01973856337971	-0.325066829543916	0.745130492993192	0.999994493201698
3396	4.83195053757347	0.131667245467584	1.11348548551539	0.118247832756114	0.905871290725078	0.999994493201698
3397	2.59215150357026	0.230657463456228	1.14833245676643	0.200862966205563	0.840805726185269	0.999994493201698
3398	4.48816441361622	-0.248296226209557	0.994802559997525	-0.249593473312106	0.802901746419285	0.999994493201698
3399	702.894627887765	0.262299312332518	1.07188619589339	0.244708172693556	0.806682399516432	0.999994493201698
3400	2.05282125194494	0.5268701659115	1.16512005523413	0.452202469217327	0.651123129516566	0.999994493201698
3401	1.35716000465125	0.142011313938425	1.13159446782066	0.125496649176737	0.900130377637685	0.999994493201698
3402	6.71884631036482	-0.0543670777514538	0.747900112314097	-0.0726929664219935	0.942050445724681	0.999994493201698
3403	2.02749367739554	0.302337088143908	1.16536354103108	0.259435856279155	0.795298967191069	0.999994493201698
3404	4.99179933641258	0.200679533967592	0.975355728011435	0.205750095277279	0.836986125250678	0.999994493201698
3405	5.23978007088462	0.0385282056812597	0.922595624177988	0.0417606637963273	0.966689493382536	0.999994493201698
3406	4.23939787749562	-0.673583903938933	1.01068257689756	-0.666464347299423	0.505114344847382	0.999994493201698
3407	0.67825476702109	0.0176760356260149	0.924150990095805	0.0191267831939264	0.98473996543691	0.999994493201698
3408	0.540262944102284	0.0469101790727391	0.958771654026691	0.048927373765926	0.960977173870909	0.999994493201698
3409	1.3158496406278	0.558854705070914	1.08055858081181	0.517190566985318	0.605023136276542	0.999994493201698
3410	86.5899368111477	-0.18842975855141	1.14333185539482	-0.164807582035174	0.869095436052097	0.999994493201698
3411	3.11908811468192	0.424441292757658	1.06349397367975	0.399100797242008	0.689818934864277	0.999994493201698
3412	2.81026497071549	-0.00189362989606019	1.16399553924125	-0.00162683604208187	0.998701973211624	0.999994493201698
3413	3.00644591690167	-0.115444979201478	1.16530414735761	-0.0990685388559342	0.921083851528488	0.999994493201698
3414	11.1953955318986	0.275658126300196	1.01786730152246	0.270819315924466	0.786530002899657	0.999994493201698
3415	2.30339129635985	-0.221040622990714	1.15893121101728	-0.190727992213352	0.848738706639469	0.999994493201698
3416	7.76612143011864	-0.142084398612405	0.746568697037559	-0.190316576593964	0.849061064795446	0.999994493201698
3417	2.67582557404998	0.414995323667736	1.10002704980586	0.377259198981496	0.705980990311167	0.999994493201698
3418	2.24319408759357	0.272838872247257	1.16441706740506	0.234313700721758	0.814741450317709	0.999994493201698
3419	9.14989210816307	0.434642306135404	1.01301305912012	0.429058936824491	0.667880334565049	0.999994493201698
3420	2.78354305856914	0.726975760762817	1.16329332869111	0.624929020766222	0.532017644358892	0.999994493201698
3421	3.50261719129211	-0.185128690424728	1.15036628985009	-0.160930211584045	0.872148367024936	0.999994493201698
3422	4.26794318200782	0.252751946692613	1.05808537926166	0.238876702812949	0.811201191121032	0.999994493201698
3423	0.597924346340981	-0.404836217252598	0.973638583224613	-0.415797221091848	0.677558392494358	0.999994493201698
3424	5.66544203587392	0.633491865716463	0.882727290186451	0.717652974773959	0.472971285247672	0.999994493201698
3425	5.25213698869118	0.170468845007313	0.890762062828892	0.191374163899545	0.848232460187493	0.999994493201698
3426	2.98866908826334	-0.586255524620484	1.06403570254735	-0.550973546486231	0.581651808852007	0.999994493201698
3427	2.41436640380534	-0.419027487187035	1.15955623232754	-0.361368837064445	0.717823740667973	0.999994493201698
3428	2.64703160012058	0.241748218275401	1.16184550407905	0.208072602963701	0.835172278656742	0.999994493201698
3429	3.46053360707919	0.0331480758466509	0.939365440542616	0.0352877319262493	0.971850305744096	0.999994493201698
3430	11.2782061560665	0.0952107134223526	0.697930430527754	0.136418630364573	0.891490346455879	0.999994493201698
3431	1.50414621524427	-0.0711630568719576	1.15769469785976	-0.0614696232119894	0.950985205808459	0.999994493201698
3432	5.77786078508254	0.0491533906351384	0.901564292951854	0.0545201168895043	0.956520781464488	0.999994493201698
3433	1.22179001513333	0.509666255150094	1.13203120228332	0.450222797854063	0.652549799363034	0.999994493201698
3434	3.79498649842752	0.00596724504361323	0.992434288747151	0.00601273566549809	0.995202559951295	0.999994493201698
3435	3.42478375480795	-0.433811261715385	1.01577006441998	-0.427076241868868	0.669323796848174	0.999994493201698
3436	1.15200252213091	0.208651400601673	1.0543837446253	0.19788943225393	0.843131572519087	0.999994493201698
3437	1.6541781020535	-0.188139604795009	1.16399093842856	-0.161633221173531	0.871594694576378	0.999994493201698
3438	4.20188543888625	-0.242404254126833	0.940758444945848	-0.257668964258712	0.796662400395844	0.999994493201698
3439	4.73931460287755	0.151793336228597	1.02342463682999	0.148319017117635	0.882091007856511	0.999994493201698
3440	2.87941774482434	-0.28602505670064	1.09652664514301	-0.260846426274791	0.794210940436971	0.999994493201698
3441	4.73399539103703	0.651189848026762	0.933030352554452	0.697929972207156	0.485220989224407	0.999994493201698
3442	3.94417171963309	0.124342879217871	1.01731749305606	0.122226227374052	0.902719855735656	0.999994493201698
3443	6.10098177684821	0.11369827525501	0.959448042643578	0.118503837833403	0.905668454373734	0.999994493201698
3444	0	NA	NA	NA	NA	NA
3445	3.05035816336141	0.524402152653466	1.12341761756202	0.466791818514914	0.640648829903038	0.999994493201698
3446	0.816774310968573	0.129877369156715	0.926905324957659	0.140119347315917	0.888565694446357	0.999994493201698
3447	4.79600766056405	-0.188834837836494	0.941511604491952	-0.200565597848782	0.841038260350428	0.999994493201698
3448	5.03816034249963	0.232844592321051	0.906769709336021	0.256784705006909	0.79734497790396	0.999994493201698
3449	29.4806998344115	0.353169874714691	0.887554662743321	0.397913378791889	0.690694037789533	0.999994493201698
3450	2.76684162295278	-0.267082177657112	1.10999727029094	-0.240615166186046	0.809853394567731	0.999994493201698
3451	3.54747998156887	0.512706761756742	1.00833165740786	0.50847036090761	0.611123519789923	0.999994493201698
3452	3.92717021080878	-0.0451252609560984	1.03239485821039	-0.043709304242682	0.96513612259331	0.999994493201698
3453	3.04902049943617	0.149808232745625	1.1305458710406	0.132509645634931	0.894581194188256	0.999994493201698
3454	1.68907918909653	0.309262758966309	1.03743532678946	0.298103169402744	0.765624422653925	0.999994493201698
3455	0.58153658541864	0.284316614176459	0.920817880125256	0.308765305619157	0.757500062517143	0.999994493201698
3456	2.04187335281896	0.316880418454003	1.1498083923259	0.275594108173971	0.782859835479518	0.999994493201698
3457	1.99162317516845	0.00296721947840094	1.16490965840818	0.00254716703306897	0.997967656948189	0.999994493201698
3458	8.14866324020472	0.213263584586254	0.851829354658598	0.2503595155766	0.802309334712191	0.999994493201698
3459	6.24693141675092	-0.281032161715059	1.01861927944604	-0.275895192036708	0.782628566851319	0.999994493201698
3460	0.138519543947483	0.395398105903997	0.89763237952822	0.440490021217607	0.659582238041294	0.999994493201698
3461	10.0887342675118	-0.542691055841998	0.742422845825914	-0.730973001293187	0.464795644138587	0.999994493201698
3462	5.77895504947154	-0.050045251790936	1.01180138725696	-0.0494615370380258	0.960551488659188	0.999994493201698
3463	17.7007709171163	-0.244286968889646	0.870129277157102	-0.28074790183797	0.778903765316199	0.999994493201698
3464	14.2641464130641	-0.259052853087652	0.750606636391385	-0.345124650553416	0.730000662232338	0.999994493201698
3465	0.928399889023125	0.0331042033968779	1.08374514101409	0.0305461147128203	0.975631516300756	0.999994493201698
3466	3.07741160154183	0.190810503235172	1.10566748857689	0.172574942472773	0.862985549357672	0.999994493201698
3467	1.27691561084444	0.531627356426759	1.12298779653173	0.473404393234416	0.635924696155202	0.999994493201698
3468	1.6092764894451	0.328778707313967	1.15531619728999	0.284578982000927	0.775966715645044	0.999994493201698
3469	2.48174083986056	-0.0378545340190158	1.13985244312597	-0.0332100301642571	0.973507099621221	0.999994493201698
3470	8.21915894811977	-0.54788454131875	0.700594903635951	-0.782027586091957	0.434198361657344	0.999994493201698
3471	4.74442083901528	-0.174393475897841	0.881298988464405	-0.197882305756084	0.843137148393592	0.999994493201698
3472	3.78866851820135	-0.287734793023628	1.06752805305502	-0.269533706585225	0.787519007505612	0.999994493201698
3473	5.70080266841239	0.0994894617681152	0.886381333055766	0.112242279996048	0.9106313063667	0.999994493201698
3474	0.608994995047349	-0.0538793284577328	0.922266213845389	-0.0584205814426215	0.95341362114809	0.999994493201698
3475	3.21892122763139	0.453417004982554	1.08012665948804	0.419781329346567	0.674645205485644	0.999994493201698
3476	37.5525754922477	0.224901338825069	0.959236178498122	0.234458774456566	0.814628834484392	0.999994493201698
3477	5.08513821614018	0.189421666389647	0.832827264474556	0.227444122532608	0.820078414335752	0.999994493201698
3478	1.52947378979367	0.188898415691479	1.16115295665361	0.162681767814531	0.870769002917791	0.999994493201698
3479	3.57240258466998	0.582580028806362	0.983024960898713	0.5926401179821	0.553422024594986	0.999994493201698
3480	4.97159267908456	0.396610384555421	1.01067377437016	0.392421763197113	0.694746608301946	0.999994493201698
3481	1.64780554778018	0.234841691668806	1.11273627991731	0.211048831522108	0.832849167363442	0.999994493201698
3482	6.57157997752847	0.0119586314036322	0.956021790714535	0.0125087435451594	0.990019726917621	0.999994493201698
3483	1.39002155336923	-0.33810800655955	1.14212347277355	-0.296034548470037	0.767203697368894	0.999994493201698
3484	1.59579278379154	0.522021247476993	1.16530133858704	0.447971035637835	0.654174100372571	0.999994493201698
3485	4.46808152589558	0.577177644301199	0.883584339806261	0.653223035197471	0.513612501887099	0.999994493201698
3486	2.88844568494924	0.156265241894368	1.15312176922696	0.13551495259614	0.892204742845455	0.999994493201698
3487	2.43597998018939	-0.105181412666328	1.11354191298159	-0.0944566265895619	0.924746435311649	0.999994493201698
3488	1.55587675736502	-0.338308986321679	1.11505982354278	-0.30339985279606	0.76158515784164	0.999994493201698
3489	3.95448591989249	0.534957346664783	0.993296723802493	0.5385675134585	0.59018530857376	0.999994493201698
3490	3.17622389551649	0.121697364565743	1.1355715985683	0.107168376453915	0.91465540284742	0.999994493201698
3491	1.23817777605567	-0.0983444741652438	1.14052848301244	-0.0862271093006728	0.931285880853277	0.999994493201698
3492	3.21156667671491	0.18037574303834	1.15174792153472	0.15661043503164	0.875551878068244	0.999994493201698
3493	5.76226301609217	0.679161070816449	0.852232389538027	0.796920041005018	0.425497470799838	0.999994493201698
3494	1.46757066836096	0.289449947925235	1.00540758274881	0.287893141937394	0.773428536722392	0.999994493201698
3495	3.7643963857093	-0.269982655509837	1.03165571361593	-0.261698405724478	0.79355396975858	0.999994493201698
3496	2.38690799417663	-0.192250852890565	1.16036574500719	-0.165681254998935	0.868407798503797	0.999994493201698
3497	3.1586946656635	-0.118882260649051	1.1653607935372	-0.102013266027433	0.918746145252447	0.999994493201698
3498	2.58055313383522	-0.0802776786454463	1.16318392338707	-0.0690154643916384	0.944977310045712	0.999994493201698
3499	0.850691301743902	0.0206448253566385	1.09734644440442	0.018813407071131	0.984989958420142	0.999994493201698
3500	5.70972990058035	-0.0136262450123165	0.835490721296812	-0.016309271503538	0.986987660935688	0.999994493201698
3501	7.54154938182679	-0.0860702072683767	0.762256469214326	-0.112915023675812	0.910097925336467	0.999994493201698
3502	1.3158496406278	0.558854705070914	1.08055858081181	0.517190566985318	0.605023136276542	0.999994493201698
3503	2.54307951755749	0.210063356653046	1.11560837231446	0.188294890811231	0.850645490265303	0.999994493201698
3504	2.88864187994384	-0.124659190686925	1.12083498568923	-0.111219931817411	0.911441946384159	0.999994493201698
3505	4.27061748983131	-0.289149111558723	0.919859748300854	-0.314340432976694	0.753262492294515	0.999994493201698
3506	0.360028064683062	0.321338623915366	0.910789231808641	0.35281337623772	0.724228355060832	0.999994493201698
3507	3.19169363607982	0.438120259938872	1.06916792367559	0.409776846309325	0.681969652395387	0.999994493201698
3508	1.92607740136005	-0.156878034686919	1.16259027694522	-0.134938368054416	0.892660603638461	0.999994493201698
3509	3.50903904973163	0.389582867455885	1.09515588382208	0.355732798600547	0.722040679915838	0.999994493201698
3510	7.38252730659244	0.176947857462871	0.983966771678252	0.179831131046294	0.857285142974159	0.999994493201698
3511	0.836434375900871	0.00860483811278438	1.00975039015823	0.00852174774741701	0.993200711335645	0.999994493201698
3512	2.36603091527493	0.138448267485458	1.1241942100666	0.123153336181349	0.901985676524863	0.999994493201698
3513	10.0954036741318	0.205861988058373	0.896479083171299	0.229633899912238	0.8183762623854	0.999994493201698
3514	8.53795950539626	0.423772053563999	0.795559980901259	0.532671405974851	0.594261063128035	0.999994493201698
3515	1.80271285265	-0.0863991882798423	1.16127204523733	-0.0744004719946433	0.940691733248473	0.999994493201698
3516	1.68846544119456	-0.169057571448675	1.03648700090164	-0.163106311320461	0.870434730629937	0.999994493201698
3517	7.84060911717865	0.323643371351407	0.752007942568665	0.430372278045261	0.666924857694836	0.999994493201698
3518	6.11041365942871	0.0977770423587755	0.829474116883852	0.117878352523044	0.906164045829182	0.999994493201698
3519	2.23805429900514	0.104714149615437	1.14680386682175	0.0913095540091279	0.927246626702298	0.999994493201698
3520	1.28724976206844	-0.021906821793362	0.974817056809297	-0.0224727518259332	0.982070847402478	0.999994493201698
3521	18.403803487069	-0.0445096555256104	0.973180392156583	-0.0457362847467326	0.963520443011875	0.999994493201698
3522	1.13552873433528	0.119027322074942	1.05271190000866	0.113067328367773	0.90997717703689	0.999994493201698
3523	5.65156072827758	-0.443551491860456	0.942162255998921	-0.4707803661591	0.637797586743018	0.999994493201698
3524	1.4538414635466	0.390627510265267	1.00448758473345	0.388882367688919	0.697363166106985	0.999994493201698
3525	12.1259378590723	-0.423293371921456	0.956025745675668	-0.442763569742879	0.657936756291007	0.999994493201698
3526	1.08540130626516	-0.218887103386157	1.05604555880018	-0.207270511733266	0.835798602299616	0.999994493201698
3527	2.71778850830705	0.201287673423257	1.14247886806687	0.176185029806149	0.860148581303954	0.999994493201698
3528	4.69988957477261	0.166392398330084	1.01327780514258	0.164212023085486	0.869564236536349	0.999994493201698
3529	2.10733309975407	-0.163046233838228	1.1609706478167	-0.140439583158153	0.888312684902617	0.999994493201698
3530	4.16848041742409	0.228451972895347	1.10955145289721	0.205895789959828	0.836872314120538	0.999994493201698
3531	2.58818990661958	0.290712889508034	1.09849721564678	0.26464599579059	0.791282183508111	0.999994493201698
3532	22.925500932643	-0.0381490683452519	1.13616499091681	-0.0335770496804942	0.973214423648506	0.999994493201698
3533	1.9156026492156	0.848516516604772	1.15640062837627	0.73375653366446	0.463097136204859	0.999994493201698
3534	9.38344176342094	0.275246219437723	0.658290606558254	0.418122659955297	0.675857438197073	0.999994493201698
3535	10.4619291422931	0.140682323069064	0.971209990407929	0.144852631725889	0.88482722628811	0.999994493201698
3536	1.16372364144635	0.77580438789158	1.12111809886357	0.691991672133363	0.488942558862656	0.999994493201698
3537	1.66206247362321	0.24746142472658	1.12311600720724	0.220334696628464	0.825610500054595	0.999994493201698
3538	10.3264144032105	-0.216752844413076	0.813927562579196	-0.266304833966089	0.790004450518413	0.999994493201698
3539	5.81429363142086	0.393937990341784	0.782233197602512	0.503606841986732	0.61453768363313	0.999994493201698
3540	4.92104032860155	0.213050795194082	0.925836719132179	0.230117029052145	0.818000832675921	0.999994493201698
3541	1.87536767821409	0.334120635241767	1.16192041796252	0.287558967100055	0.773684358193565	0.999994493201698
3542	1.61981941712279	0.271326512448685	1.02764272501887	0.264028057459076	0.791758298910108	0.999994493201698
3543	2.42657852144235	0.506273835217265	1.15909745720232	0.436782802059842	0.662268872491343	0.999994493201698
3544	2.14848399149003	0.0532342966244412	1.14632239909484	0.0464392012809628	0.962960192098171	0.999994493201698
3545	8.27211381578805	0.0663009483123185	0.783998727345608	0.0845676733899739	0.932605099870675	0.999994493201698
3546	0.331955907152383	-0.581863903364642	0.908737654065228	-0.64029910146419	0.521978164800749	0.999994493201698
3547	4.70084221821417	-0.129117554596443	1.07875125300556	-0.119691684470078	0.904727387833894	0.999994493201698
3548	3.02094834190549	-0.226987945284674	1.13174601368545	-0.200564386832258	0.841039207361588	0.999994493201698
3549	3.69540098426339	0.0174417866482586	1.02681750402769	0.0169862576162202	0.986447579025327	0.999994493201698
3550	5.85132765316775	0.431484359281795	1.05049033648923	0.410745672086644	0.681259033507246	0.999994493201698
3551	2.46406788943558	-0.152681911101527	1.14720813209652	-0.133089983264415	0.8941222168705	0.999994493201698
3552	3.83756318058656	0.285778343824818	1.15994497658911	0.246372327647098	0.805394025474338	0.999994493201698
3553	5.75096891881416	0.0095450696266588	1.04264935037798	0.00915463057949307	0.992695763625585	0.999994493201698
3554	1.50361849421559	-0.187865806038685	1.11227597992478	-0.168902151470887	0.865873606884195	0.999994493201698
3555	2.38424943806864	0.105577742819101	1.16434565353825	0.0906756017839447	0.927750357706178	0.999994493201698
3556	6.20009204440626	0.000134320070629312	0.828336134255416	0.00016215647860159	0.999870617849857	0.999994493201698
3557	2.10507951509437	0.300184223682231	1.15178396017719	0.260625459340526	0.794381354322877	0.999994493201698
3558	2.05282125194494	0.5268701659115	1.16512005523413	0.452202469217327	0.651123129516566	0.999994493201698
3559	2.52373839720018	-0.0557119342268472	1.15271733499719	-0.0483309589744158	0.961452481682503	0.999994493201698
3560	17.3177602587682	0.201364771205579	0.876106371243531	0.229840551119112	0.818215672883658	0.999994493201698
3561	1.32116675284377	-0.180732061800447	1.14654736999692	-0.1576315698155	0.874747125451861	0.999994493201698
3562	15.5866689679914	-0.0604534229095267	0.6513095256366	-0.0928182692406327	0.926047936910662	0.999994493201698
3563	9.03623118206687	-0.0187871193718541	0.789907621026025	-0.0237839449471967	0.981024946504022	0.999994493201698
3564	12.254940513593	-0.0387367398480213	0.670408232124573	-0.0577808236710664	0.953923213148987	0.999994493201698
3565	3.77034821681884	-0.336873888960032	1.15333725316615	-0.292086194246516	0.770220722055897	0.999994493201698
3566	1.71653759872524	0.129663409432925	1.04012911425694	0.124660878784799	0.900792029939872	0.999994493201698
3567	2.98810464452756	-0.0996858975753903	1.12813619980833	-0.0883633532833421	0.929587887168576	0.999994493201698
3568	3.18174978418615	-0.00493213477243555	1.14176646694279	-0.00431974043312192	0.996553356520891	0.999994493201698
3569	2.86758747741459	0.952827619609993	1.15084253982923	0.827939172070736	0.407704949270511	0.999994493201698
3570	1.76099751717826	0.134467735369095	1.12170964401819	0.119877488872615	0.904580197138527	0.999994493201698
3571	2.76643665150449	-0.442404051194574	1.14984497340464	-0.384751041598794	0.700421875022028	0.999994493201698
3572	1.37076645988521	0.0336638854326901	1.08302388591865	0.0310832345162319	0.975203160127298	0.999994493201698
3573	2.26297690210626	0.160489841661792	1.14815758821842	0.139780325722379	0.88883355846735	0.999994493201698
3574	1.74399600835395	-0.0419258959824543	1.04355935915264	-0.0401758612145435	0.967952922048932	0.999994493201698
3575	2.88950112700659	0.453491173044785	1.09129429771838	0.415553507420427	0.677736753514539	0.999994493201698
3576	3.34285231970175	0.0922944650716057	1.08217238342189	0.0852862875503856	0.932033792761204	0.999994493201698
3577	3.40489604205492	-0.330904637419428	1.03865263774044	-0.318590282637035	0.750037223102682	0.999994493201698
3578	1.1245441125022	0.492677930018525	1.04850224796763	0.469887337841679	0.638435511248336	0.999994493201698
3579	3.94845226115875	-0.141337488063677	1.10994609479736	-0.127337254237991	0.898673475670667	0.999994493201698
3580	3.45500561878498	0.107209649056885	1.03941413472218	0.103144305503927	0.91784844181086	0.999994493201698
3581	3.12975589156456	0.468553911252942	1.15159386762769	0.406874267417014	0.684100336469433	0.999994493201698
3582	14.9266481886612	-0.0856270343555329	0.720055329840666	-0.118917298167185	0.905340877052447	0.999994493201698
3583	1.71592385082327	-0.34895683271412	1.0412796374645	-0.335123073724773	0.737532247933901	0.999994493201698
3584	2.49481957406584	-0.227289156119874	1.15141571327468	-0.197399734517651	0.843514737357125	0.999994493201698
3585	6.00450909440654	0.179744977426391	0.954787129178628	0.188256598704907	0.850675506204376	0.999994493201698
3586	13.215247208268	-0.287245978758171	0.820465648070684	-0.350101164422455	0.726262777047025	0.999994493201698
3587	27.8475379552595	-0.260099472064542	0.9098736537773	-0.285863285506455	0.774982834730435	0.999994493201698
3588	4.0843111493737	0.0297035612985681	0.951368951395922	0.0312219158035216	0.975092562149134	0.999994493201698
3589	2.77717577417678	-0.658538508641994	1.11764478936691	-0.589219862077133	0.555713794900006	0.999994493201698
3590	2.13148248266572	-0.0965450909692948	1.0877843740917	-0.0887538865870451	0.929277506168022	0.999994493201698
3591	1.5642888499634	0.141419536036676	1.0189747792317	0.138786100420763	0.889619177939287	0.999994493201698
3592	9.48313744570637	-0.0763884602356237	0.653266623010221	-0.116933052363259	0.906913105814573	0.999994493201698
3593	3.19848794250962	0.389196095767041	1.15800584472201	0.336091650608614	0.73680175443908	0.999994493201698
3594	6.20255542554664	0.397990406384533	0.874191391298094	0.455266901900686	0.648917234761296	0.999994493201698
3595	2.45509237312841	0.528888222073213	1.1514626676352	0.459318601409292	0.646005391799643	0.999994493201698
3596	7.60140769505349	0.318950345652388	0.828658977082148	0.384899403100015	0.700311948155818	0.999994493201698
3597	3.50411330747786	-1.29900071483915	1.01216725266546	-1.28338543992442	0.19935707237298	0.999994493201698
3598	2.6051053885706	-0.108589943189903	1.09430708882992	-0.0992316912668565	0.920954313036311	0.999994493201698
3599	1.06574124133286	-0.0608086815235541	0.93496163684941	-0.0650386915643558	0.948143194040166	0.999994493201698
3600	0.736443890288464	-0.188619618879446	0.992069224695101	-0.19012747718025	0.84920923909958	0.999994493201698
3601	11.392427671395	-0.2054733739501	0.728125586315221	-0.28219496445651	0.777794019267019	0.999994493201698
3602	0.207779315921225	0.488436511095288	0.900789814773844	0.542231387482902	0.587659115305549	0.999994493201698
3603	0.221508520735579	0.136799148800564	0.902815744704698	0.151524992339726	0.879561597409923	0.999994493201698
3604	4.55846387593181	0.295949804879569	0.890745519775325	0.33224955760004	0.739700825544116	0.999994493201698
3605	2.06348692920302	0.555206591318109	1.16237794518381	0.477647217601255	0.632901317872529	0.999994493201698
3606	2.7916414764735	-0.172699746496273	1.11537391937154	-0.154835740281233	0.87695081430348	0.999994493201698
3607	1.75957172675518	-0.150371188750217	1.16541832098618	-0.129027651309765	0.897335769124774	0.999994493201698
3608	1.54328902148132	0.701533860084708	1.15426817340939	0.607773718660691	0.543337562304993	0.999994493201698
3609	3.12922817053588	0.353011095085065	1.1592102396377	0.304527240197081	0.760726242913785	0.999994493201698
3610	1.93229258297042	-0.603217082034258	1.14897607452343	-0.525004040910475	0.599580381834664	0.999994493201698
3611	10.2423689047675	0.248219683804956	0.773853470413862	0.320757990104	0.748393797513778	0.999994493201698
3612	2.68438036719336	-0.0728244073756504	1.09632347837263	-0.0664260218925076	0.947038653476203	0.999994493201698
3613	1.68846544119456	-0.169057571448675	1.03648700090164	-0.163106311320461	0.870434730629937	0.999994493201698
3614	2.28691750856422	-0.325786124151033	1.16509360238671	-0.279622275398008	0.779767315274886	0.999994493201698
3615	5.48561739778394	-0.331199548903013	0.818525328146595	-0.404629566751411	0.6857498218379	0.999994493201698
3616	2.59072571314718	-0.043968509582675	1.09330433018578	-0.0402161670531422	0.967920788612406	0.999994493201698
3617	11.3765295513441	-0.0965230456424433	0.770691956590653	-0.125242056592152	0.900331922997607	0.999994493201698
3618	3.3833506412041	0.0797502238591582	1.00430691103022	0.0794082197217484	0.93670793089675	0.999994493201698
3619	5.27609334686464	-0.41386275541307	0.819491729736077	-0.505023712132345	0.613542181535336	0.999994493201698
3620	2.10520226467476	0.311032785493689	1.16490674948726	0.26700230351536	0.78946738751015	0.999994493201698
3621	5.73727223745781	0.0555973789090398	0.806368063293635	0.068947892953437	0.945031096130848	0.999994493201698
3622	3.99005532888464	0.236195684095297	0.966805728019442	0.244305217946068	0.8069944425622	0.999994493201698
3623	12.9013525018513	-0.303657512433119	0.822523922622221	-0.369177727335946	0.711995256137407	0.999994493201698
3624	8.88167535419573	0.231318138109357	0.911841682134603	0.253682347102017	0.799740972998494	0.999994493201698
3625	1.96983227515684	0.617252893553148	1.16540092114538	0.529648537557789	0.596355634849982	0.999994493201698
3626	5.28053019042139	-0.243576034817746	1.01540177657816	-0.239881434557442	0.810422173783001	0.999994493201698
3627	6.89550779253915	-0.2031656994257	0.756086033160932	-0.268707118654652	0.788155073309604	0.999994493201698
3628	3.89471363353908	0.344556835780347	1.05742150683334	0.325846252940505	0.744540682046759	0.999994493201698
3629	23.1164475978791	0.188469603720738	0.906945012096004	0.207807089963672	0.835379596472671	0.999994493201698
3630	2.28888677173149	-0.433021746135511	1.12432679445597	-0.385138687675801	0.700134666037949	0.999994493201698
3631	3.02592655858187	0.450918599015881	1.06813948566634	0.422153290901501	0.672913132429431	0.999994493201698
3632	1.76124301633905	0.0801226565709389	1.15505334806022	0.0693670614482837	0.944697446899192	0.999994493201698
3633	2.45053697924037	-1.32609301697003	1.12421475574884	-1.17957268412361	0.238170212497086	0.999994493201698
3634	3.44103091480984	0.265312477277188	1.07137064346875	0.247638367631759	0.804414222064408	0.999994493201698
3635	11.841368945653	0.166580970894592	0.836211516033498	0.199209132738037	0.842099155706452	0.999994493201698
3636	2.69413012371698	0.934022927747027	1.11864137370396	0.834961900840806	0.40373916009024	0.999994493201698
3637	10.4781375305683	-0.562577048613434	0.730796705179934	-0.769813334715184	0.441410628531454	0.999994493201698
3638	3.32794492324965	0.0126977666635621	1.16140607891571	0.0109330981592732	0.991276823561365	0.999994493201698
3639	2.03015223350352	-0.0332962800587937	1.16474293683665	-0.0285868057283298	0.977194135288526	0.999994493201698
3640	1.59780086929045	-0.10311730294169	1.15212115182402	-0.0895021350649072	0.928682856858797	0.999994493201698
3641	8.7627928045644	-0.197963306172565	0.785809344225161	-0.251922820245621	0.801100720327186	0.999994493201698
3642	1.77231366504542	0.270069353117097	1.11339302352515	0.24256425845208	0.8083429719917	0.999994493201698
3643	3.76583894787488	0.228229074341513	0.9704060753735	0.235189247195994	0.814061851450254	0.999994493201698
3644	13.5394929478267	-0.421581545072255	0.905977205802091	-0.465333501077453	0.64169264744674	0.999994493201698
3645	4.41321928068532	-0.406603970664454	1.04826164377804	-0.387884048870675	0.698101842950415	0.999994493201698
3646	4.07716537491091	0.306744494030464	1.03182876901374	0.297282362386215	0.766250946072171	0.999994493201698
3647	3.21332716342848	-0.132111059407281	1.06601800785863	-0.123929481897458	0.901371109703693	0.999994493201698
3648	3.03729938012073	-0.0954777163908583	1.15455186984468	-0.0826967751597882	0.934092649140711	0.999994493201698
3649	13.8918474664134	0.0238733166296892	0.744049045411013	0.0320856760410216	0.974403726393158	0.999994493201698
3650	5.37789362335682	-0.499303432443831	1.05582618716578	-0.47290305782635	0.636282343263593	0.999994493201698
3651	1.37629234855487	-0.17388643341371	1.14017098110397	-0.152509085299947	0.87878542522586	0.999994493201698
3652	9.12808759769969	0.115557821064545	0.687075631428149	0.16818791960988	0.866435444325176	0.999994493201698
3653	6.41038721589047	-0.0569027860391998	0.766039940130772	-0.0742817483243573	0.940786199631956	0.999994493201698
3654	15.1593804809122	0.442572164306754	0.7429238149655	0.595716755058265	0.551364463129344	0.999994493201698
3655	8.91632991308529	-0.0878091557955829	0.692280313616457	-0.126840463419897	0.899066669186183	0.999994493201698
3656	9.55108992698345	0.841523699736627	0.735486273744526	1.14417322223057	0.252551805944506	0.999994493201698
3657	2.97914487993591	0.14998794627051	1.07342812636829	0.139727982327016	0.888874916588472	0.999994493201698
3658	3.8126384778609	0.262207195310475	0.967280305139619	0.271076743646328	0.786332008010845	0.999994493201698
3659	0.81730203199725	0.332197952207481	1.005854614446	0.330264381588036	0.741200203749554	0.999994493201698
3660	2.95099927699103	0.0326863289155824	1.06231703044668	0.0307689022944859	0.975453841045956	0.999994493201698
3661	2.49666608765271	-0.207945911647817	1.10365078256749	-0.188416403931739	0.850550241508071	0.999994493201698
3662	2.85864766378754	0.3667100500838	1.10694773365235	0.33128036576203	0.740432720634954	0.999994493201698
3663	4.39672764154963	0.441816398110399	0.90722661298187	0.486996734650715	0.626260644979846	0.999994493201698
3664	76.4449134088304	0.112842379776417	1.12327698598994	0.100458196138479	0.919980569543485	0.999994493201698
3665	2.60151413998565	-0.0566911450942277	1.10391470516688	-0.051354642554252	0.959042927047892	0.999994493201698
3666	3.06473783878483	0.541896365411891	1.09044853674015	0.496948133867799	0.6192256269891	0.999994493201698
3667	4.29985208728424	0.504637141474817	0.986413926605438	0.511587608268501	0.608939659859263	0.999994493201698
3668	3.92252142054193	0.348391943742632	1.0130117921007	0.343916967659541	0.730908731025211	0.999994493201698
3669	3.48411644663052	0.343963151502751	1.08757690162828	0.316265590955254	0.751800926175941	0.999994493201698
3670	1.39095424584619	0.0522505424237013	1.15539179501332	0.0452232244068334	0.963929382785423	0.999994493201698
3671	6.55836069300761	-0.421764690563111	0.824082061232276	-0.511799383100796	0.608791422150199	0.999994493201698
3672	0.360028064683062	0.321338623915366	0.910789231808641	0.35281337623772	0.724228355060832	0.999994493201698
3673	1.81983711105471	0.111353530253844	1.16272684785283	0.0957692947913583	0.923703804443733	0.999994493201698
3674	0.443017041471157	0.156043573514936	0.916230155050019	0.170310453825237	0.864765990402077	0.999994493201698
3675	3.76515385418326	0.0152090469344889	0.989458348901542	0.0153710835341107	0.987736132698305	0.999994493201698
3676	1.28724976206844	-0.021906821793362	0.974817056809297	-0.0224727518259332	0.982070847402478	0.999994493201698
3677	1.78963411844472	0.152570212117375	1.16326166163027	0.131157259926845	0.895650905453848	0.999994493201698
3678	1.97208585981654	0.0928474747646627	1.15922897771461	0.0800941630597515	0.936162365038384	0.999994493201698
3679	12.1523607180377	-0.188904072149937	0.769570588579668	-0.245466855091983	0.806094969027383	0.999994493201698
3680	5.41149268958416	0.203675504661526	0.9418073496269	0.216260262507203	0.828784882045671	0.999994493201698
3681	0.38748647431177	-0.161546509783431	0.91327181947917	-0.176887654187731	0.859596636234994	0.999994493201698
3682	4.23358239745256	0.646820596699121	0.97244389868392	0.665149524383372	0.505954861226738	0.999994493201698
3683	3.47982332364576	-0.0130506473123688	1.02356754722473	-0.0127501573762807	0.989827121910626	0.999994493201698
3684	78.0019454568659	-0.206593144194234	1.04449605373502	-0.197792173034523	0.843207670210981	0.999994493201698
3685	4.11034586820387	-0.215316376557231	1.00444539693802	-0.214363445950977	0.830263644992229	0.999994493201698
3686	8.95037385269011	-0.352376569146143	0.704836002875372	-0.499941217118061	0.6171164688893	0.999994493201698
3687	14.6445228764774	0.222227284973037	0.93810724841401	0.236888996805792	0.812742906348202	0.999994493201698
3688	4.46903416933714	0.0791888997575982	0.921796401781023	0.0859071478306876	0.931540229372657	0.999994493201698
3689	4.19860996461988	0.455076974529725	1.09143877315246	0.416951445856464	0.676713922667324	0.999994493201698
3690	3.03587358969764	-0.384143608585212	1.05967143500505	-0.362511997488523	0.716969459672074	0.999994493201698
3691	0.763902299917172	-0.55280740407026	1.00062225936766	-0.552463628402198	0.580630747141353	0.999994493201698
3692	0.429287836656803	0.386075147266136	0.914213157539646	0.422303205857539	0.672803718470928	0.999994493201698
3693	1.1673148900313	0.673585982213772	1.13615454473879	0.592864751835884	0.553271669066187	0.999994493201698
3694	0.664525562206736	0.168677151665322	0.923602448544678	0.182629606418981	0.855088652456034	0.999994493201698
3695	2.72866296201883	0.733866163190485	1.15827858866983	0.633583466334516	0.526352693727889	0.999994493201698
3696	2.59767739223992	0.0727137397468764	1.16014637027011	0.0626763498212272	0.950024230466251	0.999994493201698
3697	3.37076500494494	0.267648232463348	1.09633421445188	0.244130146569548	0.807130025191472	0.999994493201698
3698	2.4380174188899	0.713375631263987	1.16253452291768	0.613638233704737	0.539454412435297	0.999994493201698
3699	1.41494415647034	-0.310182884889825	1.13974736883376	-0.272150560178276	0.78550625472085	0.999994493201698
3700	2.86364583142852	0.0818291423426065	1.15147083548627	0.0710648848592415	0.943346115307379	0.999994493201698
3701	4.21062067530872	-0.396403519243315	1.12120393039399	-0.353551667540105	0.723674901334906	0.999994493201698
3702	3.74193716374857	0.265329278899566	1.07541825025554	0.246721941752911	0.805123424345007	0.999994493201698
3703	0.665053283235413	0.39851348796627	0.983355948625113	0.405258633482062	0.685287409910026	0.999994493201698
3704	0.803290605315007	0.294010862448189	0.998973020711425	0.294313115922598	0.768518651205313	0.999994493201698
3705	2.07861047161432	-0.556306339813159	1.14443395568004	-0.486097373336492	0.626898129161923	0.999994493201698
3706	1.14873021812096	-0.112828492816548	0.950424533137797	-0.118713784085569	0.905502115656213	0.999994493201698
3707	3.34931090084838	0.215311969330211	1.03348124418902	0.208336600727735	0.834966155322406	0.999994493201698
3708	3.19068959781321	0.560233204428425	1.11204210527406	0.503787762865647	0.614410527851378	0.999994493201698
3709	3.38347549040904	0.127164471653045	1.16066472825514	0.109561761081699	0.912756938267197	0.999994493201698
3710	1.5989790609282	0.196378807232992	1.16436623164848	0.168657250524145	0.866066246117268	0.999994493201698
3711	3.29816265380345	-0.150329862581504	1.05429536446894	-0.142587995402243	0.886615578879983	0.999994493201698
3712	5.44694353927932	0.175509615252126	0.990022045988763	0.1772784918914	0.859289644192359	0.999994493201698
3713	7.43613898538262	0.168228824170882	0.771852551942778	0.217954612895228	0.827464474904801	0.999994493201698
3714	3.80123103323949	0.701573425572461	1.02993236297469	0.681183979447105	0.495755083795091	0.999994493201698
3715	1.20426078528034	0.0299332813806521	0.960166855809373	0.0311750829551598	0.975129911174584	0.999994493201698
3716	2.68270907760948	-0.259947982305435	1.11369175168928	-0.233411069006427	0.815442218707182	0.999994493201698
3717	8.77845874012233	-0.177521771251956	0.944966765564121	-0.187860332999098	0.85098613872514	0.999994493201698
3718	3.26343572013156	-0.379738142081938	1.04089909338462	-0.36481743955331	0.715247686136953	0.999994493201698
3719	1.23233294281102	0.377009718312862	0.967729319598191	0.38958178767323	0.696845821490196	0.999994493201698
3720	2.96198599844865	-0.0830202411440421	1.14296151007044	-0.0726360777791423	0.942095716618419	0.999994493201698
3721	6.57368984161618	-0.117854245673073	0.817248442800856	-0.144208590069827	0.885335757955191	0.999994493201698
3722	3.70013580140354	0.0421091708612952	1.0787973183141	0.0390334404307767	0.968863727312625	0.999994493201698
3723	2.46707894256924	-0.213260488815998	1.16519168009146	-0.183026099876767	0.854777539773409	0.999994493201698
3724	3.46451095574537	-0.201166206975934	1.09267178560764	-0.18410487909145	0.853931178944793	0.999994493201698
3725	1.6945190508929	-0.319913669641825	1.15676112825271	-0.276559837487844	0.782118107222573	0.999994493201698
3726	4.06056673791033	0.16598322650806	0.95105994145012	0.174524463994329	0.861453306299452	0.999994493201698
3727	3.3359866674823	0.445737420670765	1.05320056402049	0.423221783103881	0.672133455213486	0.999994493201698
3728	4.41586418470235	-0.120871781910123	1.1368806293587	-0.106318797935985	0.915329417524101	0.999994493201698
3729	1.16573172694527	0.0774334359349323	1.05671024028785	0.0732778324489779	0.941585031410922	0.999994493201698
3730	1.44542937094822	-0.0347452516881892	1.10154152652568	-0.031542389325782	0.974836987155835	0.999994493201698
3731	2.13209623056769	0.347654098897926	1.08885335546691	0.319284591586577	0.749510715843755	0.999994493201698
3732	4.89227049592016	-0.204764116942825	1.05980779692116	-0.193208728542745	0.846795503143437	0.999994493201698
3733	1.83344356628867	0.00867494389914601	1.16464606085229	0.00744856672833093	0.994056958561864	0.999994493201698
3734	1.66799333374115	0.314562785131525	1.16433436897689	0.270165335244662	0.787033059853082	0.999994493201698
3735	3.18558653193189	-0.11887927797613	1.0519364109865	-0.113009946926969	0.910022669228603	0.999994493201698
3736	7.23029742919765	0.046090840325502	1.01674977043207	0.0453315473146511	0.963843042156054	0.999994493201698
3737	6.45643659630317	-0.0518170149403676	1.06367907199899	-0.0487148955962693	0.961146505000727	0.999994493201698
3738	4.17356461193837	0.426752698952309	1.07334461089244	0.397591504742807	0.69093132362194	0.999994493201698
3739	21.5908873305428	0.106196054043576	0.783072918945452	0.135614514912083	0.892126030226314	0.999994493201698
3740	0.816774310968573	0.129877369156715	0.926905324957659	0.140119347315917	0.888565694446357	0.999994493201698
3741	1.20438353486074	-0.00625567829857647	1.04863541018845	-0.00596554172956285	0.9952402145888	0.999994493201698
3742	5.20461354268189	0.292933038952969	0.944553172294698	0.310128691052212	0.756463094848956	0.999994493201698
3743	0.665053283235413	0.39851348796627	0.983355948625113	0.405258633482062	0.685287409910026	0.999994493201698
3744	15.7415454953164	0.283309971504018	0.858420975515609	0.330036170579183	0.741372631743239	0.999994493201698
3745	2.20890674845251	0.450023534020335	1.1331365834239	0.397148534963488	0.691257930984591	0.999994493201698
3746	4.374446822814	-0.102711274108418	0.940231690130992	-0.109240387434834	0.913011827431455	0.999994493201698
3747	3.28045610032292	0.297698909626522	1.05718476569591	0.281595913303345	0.778253374163587	0.999994493201698
3748	3.71289559103383	0.141876380830924	1.14905985940228	0.123471705734048	0.901733578379419	0.999994493201698
3749	4.09800363148095	0.41840074717605	0.950046579973185	0.440400245625704	0.659647247047842	0.999994493201698
3750	7.85700107735008	-0.077748288338392	1.15038238681915	-0.0675847346319072	0.9461162076107	0.999994493201698
3751	3.4868977523189	0.0529380537552985	1.07230308754143	0.0493685548147349	0.960625587215644	0.999994493201698
3752	2.02740765052224	-0.258409588630806	1.1635847164027	-0.222080597130646	0.824251141979534	0.999994493201698
3753	2.64703160012058	0.241748218275401	1.16184550407905	0.208072602963701	0.835172278656742	0.999994493201698
3754	0.526006018259253	0.0377459139913865	0.919720569801492	0.0410406325907589	0.967263503011336	0.999994493201698
3755	1.8752449286337	0.327591019438132	1.16493442714564	0.281209836197225	0.778549460757629	0.999994493201698
3756	11.7628346637617	0.359709144423641	1.02579597830908	0.350663437983628	0.725840858089246	0.999994493201698
3757	5.04386877407292	-0.12733353338827	1.05491757880484	-0.120704722289803	0.903924918501574	0.999994493201698
3758	1.74043938285156	0.135291473084803	1.16539654822628	0.116090504378716	0.90758081433823	0.999994493201698
3759	3.45051840043018	0.124483957409146	1.12573014108062	0.110580638171108	0.911948901810445	0.999994493201698
3760	3.49705248029081	0.339407792405943	1.03223623616181	0.328808251944314	0.742300625442315	0.999994493201698
3761	1.90997396193014	-0.131142120467971	1.06424265862055	-0.123225769429272	0.901928320021576	0.999994493201698
3762	4.85875847659311	-0.0232975157677991	1.02308006467268	-0.0227719379668031	0.98183219247685	0.999994493201698
3763	11.2194211362372	-0.161828228710483	0.671198293616255	-0.24110345668281	0.809474933751745	0.999994493201698
3764	5.62576940898365	0.113344878145608	0.80411005938875	0.140956921036117	0.887903974503709	0.999994493201698
3765	18.2287578281816	-0.202316543716613	0.880994440784296	-0.229645653083239	0.818367128743485	0.999994493201698
3766	2.48158136757306	0.525974573586835	1.16302612278265	0.452246568914885	0.651091363150353	0.999994493201698
3767	5.58254015659099	0.163042254462547	1.03618620561427	0.157348412456323	0.87497026779504	0.999994493201698
3768	7.06651745724133	0.366077257324411	0.743706599894524	0.492233439069022	0.622554327892748	0.999994493201698
3769	3.79961431770277	-0.287123640055931	0.985231703947908	-0.291427528068171	0.77072436342526	0.999994493201698
3770	5.24916265826461	-0.172565992931916	0.834511463863136	-0.206786845243648	0.83617633008788	0.999994493201698
3771	4.81348651561898	0.198496504316231	1.01371803134508	0.195810371502271	0.844758591935959	0.999994493201698
3772	0.207779315921225	0.488436511095288	0.900789814773844	0.542231387482902	0.587659115305549	0.999994493201698
3773	1.5367444134614	-0.0912423540741956	1.10078426078489	-0.082888498068765	0.933940199779584	0.999994493201698
3774	4.40989450225276	0.145849852676315	0.996713498245176	0.146330769005436	0.88366027712909	0.999994493201698
3775	2.86142896947592	0.0109989976047685	1.09051427101985	0.0100860648017767	0.991952621057207	0.999994493201698
3776	0.900291008785346	0.228633728501892	1.01789218876358	0.224614876728359	0.822278890641159	0.999994493201698
3777	1.88381649351958	0.259912225495969	1.16252501305495	0.223575598440637	0.823087552668636	0.999994493201698
3778	6.1507021338455	0.106792894223397	0.839737150756378	0.127174192694947	0.898802530755952	0.999994493201698
3779	12.006848582007	-0.233193000325419	0.82659639118993	-0.28211228939643	0.777857410229146	0.999994493201698
3780	1.63419909254622	0.387547929439723	1.14865088539109	0.337394010981649	0.735819898804099	0.999994493201698
3781	2.5878384296209	0.753603392886606	1.13346720919594	0.664865632435185	0.506136439134858	0.999994493201698
3782	1.07272754350816	0.272300875959625	1.12848228105243	0.241298317688849	0.80932391466566	0.999994493201698
3783	3.77650462513297	0.271315912462025	0.989561113877599	0.274178025649041	0.783947814286226	0.999994493201698
3784	1.19053158046599	0.127439649444556	0.958009526425992	0.133025451135116	0.894173252280095	0.999994493201698
3785	2.3425341025969	0.274250837467664	1.15420106060429	0.237610973363755	0.81218283873219	0.999994493201698
3786	5.67816929308052	0.300112347514062	0.852355145019594	0.352097771999914	0.724764939230541	0.999994493201698
3787	4.02151205817113	0.198321830409291	1.06406911398035	0.186380591075924	0.852146311829632	0.999994493201698
3788	7.777159555367	-0.000466963591802005	0.853705892502035	-0.000546984149814677	0.999563569813622	0.999994493201698
3789	2.64490076504127	0.597201336284705	1.16244787136514	0.513744616851828	0.607430553622129	0.999994493201698
3790	4.7025114081735	0.306701562527223	1.04109493742083	0.294595191565368	0.768303135821901	0.999994493201698
3791	2.72012811984005	0.269325632625	1.11464906321733	0.241623701586951	0.809071754958895	0.999994493201698
3792	3.12857769992681	0.220598788307575	1.14925929495702	0.191948665784622	0.847782416363952	0.999994493201698
3793	4.11337057342849	-0.0556961969899222	0.930176802797402	-0.0598770006115204	0.952253597874204	0.999994493201698
3794	4.99789176844257	0.167958851146061	1.02259974046683	0.164246913527853	0.869536770892139	0.999994493201698
3795	5.70766832063184	0.299377681986975	1.01902141423038	0.293789392260299	0.768918841331677	0.999994493201698
3796	5.45574593120804	-0.044679457185944	0.802864840073159	-0.0556500359162231	0.955620603337275	0.999994493201698
3797	1.77815849829007	-0.390118188625681	1.16260258311258	-0.335555927960557	0.737205763137113	0.999994493201698
3798	4.24667790340035	0.793873311975978	0.970419425483516	0.818072362453407	0.41331586901168	0.999994493201698
3799	4.68579002159253	0.243742784423089	0.873100724713947	0.279169146839211	0.780115019968254	0.999994493201698
3800	1.66959644779178	-0.308937818130812	1.1290319419271	-0.273630715534493	0.784368426967178	0.999994493201698
3801	4.13874955176863	0.445397611570199	0.984631838869257	0.452349389881288	0.651017300511845	0.999994493201698
3802	4.15374507471858	0.327889934325064	0.93999346802538	0.348821502998158	0.727223319120752	0.999994493201698
3803	6.52770235415128	-0.320990045023263	0.858898702062107	-0.373722819993331	0.708610545677278	0.999994493201698
3804	0.970728972396836	0.868493820017649	1.10526274775225	0.785780414461529	0.431996142702499	0.999994493201698
3805	4.77637904845789	0.25812917760144	0.941273534905369	0.274233969222763	0.783904824706543	0.999994493201698
3806	1.46757066836096	0.289449947925235	1.00540758274881	0.287893141937394	0.773428536722392	0.999994493201698
3807	4.65078086605274	0.503481010129216	1.00015971215157	0.503400610934539	0.614682642177057	0.999994493201698
3808	8.82252728861315	0.466298236710376	0.88334852953203	0.52787571510127	0.597585601118016	0.999994493201698
3809	3.77838996105149	-0.0324225077752375	1.02177052782999	-0.0317316920895103	0.974686020973675	0.999994493201698
3810	1.05794289663645	0.0585011146015658	1.04754419252746	0.055845963367347	0.955464518580962	0.999994493201698
3811	2.81962760713088	-0.310446639939918	1.09307900068765	-0.284011164558661	0.776401824722862	0.999994493201698
3812	2.90261658391898	-0.372394858425286	1.08759658269481	-0.342401644461384	0.732048651107398	0.999994493201698
3813	1.85375410183003	-0.0381474461934137	1.15546973297439	-0.033014665036024	0.973662893009012	0.999994493201698
3814	5.03483346444252	0.566215521881854	0.861793967546631	0.657019593086461	0.511168318256007	0.999994493201698
3815	1.35724603152455	0.752370472772297	1.0744199478233	0.700257356815225	0.483766597568343	0.999994493201698
3816	1.83017126227871	-0.341654099324418	1.16187246935257	-0.294054733489639	0.768716079872388	0.999994493201698
3817	2.13581022873303	0.44365504252622	1.16444613970705	0.381000913136124	0.703202570967202	0.999994493201698
3818	1.13552873433528	0.119027322074942	1.05271190000866	0.113067328367773	0.90997717703689	0.999994493201698
3819	0.318226702338028	-0.30382097515373	0.909021004028875	-0.334228773380553	0.738206933196916	0.999994493201698
3820	0	NA	NA	NA	NA	NA
3821	0.418217187950435	0.0107718199199353	0.94490931704264	0.0113998451763062	0.990904436543262	0.999994493201698
3822	3.79121582659048	0.788392437941008	0.991352626614895	0.795269429640872	0.426456792252082	0.999994493201698
3823	7.85697692713639	0.558411516444827	0.695920893726433	0.802406597472181	0.422317797980519	0.999994493201698
3824	1.2905220660784	0.313929371926564	1.07287117568958	0.292606772406564	0.769822736607002	0.999994493201698
3825	3.85458146115338	0.859452465419461	1.0340224399476	0.831173901277247	0.405875396215725	0.999994493201698
3826	2.99748615231001	0.103981835616259	1.10827170311073	0.0938234147135579	0.92524943147494	0.999994493201698
3827	3.8885184028933	0.0186843662076973	1.02455518377904	0.0182365640265278	0.985450133605953	0.999994493201698
3828	0.958480132052719	0.0496500893658382	1.10683706661267	0.044857631591419	0.964220787918728	0.999994493201698
3829	2.10402407303701	0.063630679037803	1.0850562067662	0.0586427492336475	0.953236660287909	0.999994493201698
3830	7.39019870245936	0.0166562320874262	0.735005557355461	0.0226613689117604	0.981920391058512	0.999994493201698
3831	1.3434307998369	0.304918051224578	1.13143144478255	0.269497593186638	0.78754679408791	0.999994493201698
3832	2.04849350587762	-0.0537473154529146	1.07938148747958	-0.049794550005131	0.960286109763229	0.999994493201698
3833	4.40926188298374	-0.0686111730258131	1.00399317887599	-0.0683382860256341	0.945516347509854	0.999994493201698
3834	2.34408054297583	0.650822997205359	1.1420883038437	0.569853482445283	0.568777077572305	0.999994493201698
3835	22.993129224718	0.132919266614093	0.791611826407051	0.167909652408029	0.866654356420231	0.999994493201698
3836	3.67641134090477	-0.519357557672823	1.12778065786594	-0.460512914501997	0.645148103875593	0.999994493201698
3837	7.38844348562674	-0.244019069540673	0.730327319420647	-0.334122883057761	0.738286833190516	0.999994493201698
3838	9.59078148481133	0.218352858344162	0.756987195687086	0.288449870206817	0.773002398183822	0.999994493201698
3839	2.01049216857123	0.0823634926383573	1.16469807974446	0.0707166037883643	0.943623306008836	0.999994493201698
3840	4.16256530902166	-0.0549695819444711	0.91745715573463	-0.0599151487356983	0.952223214624369	0.999994493201698
3841	6.16742352042647	0.186995886649428	1.00414588307502	0.186223824447486	0.852269241529536	0.999994493201698
3842	1.78579737069898	0.167253932143593	1.04927048772217	0.159400206239174	0.873353576432463	0.999994493201698
3843	4.18430163498611	0.160431499843983	0.925761370730932	0.173296818074527	0.862418124662819	0.999994493201698
3844	1.83896945495833	-0.177804562877863	1.1623171658353	-0.152974220896139	0.878418604735962	0.999994493201698
3845	5.68258731587509	-0.704084770059993	0.955643409499081	-0.736765160583332	0.461265173297477	0.999994493201698
3846	0.959007853081396	0.24422768902727	1.11252214293354	0.219526137595142	0.826240221530226	0.999994493201698
3847	0.806759104319559	0.287706271243154	1.09170658815453	0.263538091979004	0.792135867717224	0.999994493201698
3848	2.30849226261663	0.455519022446012	1.12484777203028	0.404960594466778	0.685506476587385	0.999994493201698
3849	6.23547154831177	-0.224285157966559	0.799535893707469	-0.280519185857364	0.779079207934258	0.999994493201698
3850	2.84124118351494	0.000989156296328664	1.13792463525589	0.000869263451798131	0.999306428199886	0.999994493201698
3851	3.29018908510404	0.089099738691567	1.09114690770208	0.0816569593540873	0.934919505466388	0.999994493201698
3852	0.944345955790082	-0.0232673104900917	1.09395299093671	-0.0212690222366582	0.983031054920953	0.999994493201698
3853	1.28777748309712	0.101658303101855	1.07317466574427	0.0947267079132477	0.924531903514665	0.999994493201698
3854	1.2179899900947	-0.0662413473018694	0.962655230595003	-0.068811081264189	0.945139997423937	0.999994493201698
3855	4.63377935722843	0.361771817470739	1.01869216614981	0.355133601191881	0.722489505052852	0.999994493201698
3856	0.456746246285511	-0.0496748402155329	0.917017203439013	-0.054170019961721	0.956799706205986	0.999994493201698
3857	2.21459420903421	-0.20273585058392	1.13861643234775	-0.17805456238313	0.85868012570435	0.999994493201698
3858	3.58702985887875	0.501446331978415	1.13133296370235	0.443234969780608	0.657595787301275	0.999994493201698
3859	5.5611731083604	0.362533917373759	1.02143827753012	0.354924938049494	0.722645825327835	0.999994493201698
3860	1.88251555230143	0.0350972785306015	1.06086090315191	0.0330837703852829	0.973607785021871	0.999994493201698
3861	0	NA	NA	NA	NA	NA
3862	1.95254854446464	0.164180988858434	1.16065355843485	0.141455637356451	0.88751000383236	0.999994493201698
3863	1.17680237565163	0.228405394744691	0.956238220102426	0.238858257224048	0.811215494632564	0.999994493201698
3864	0.914547934628377	0.238528200484272	1.02653759293089	0.232361875616503	0.816256957447112	0.999994493201698
3865	8.53986161305728	0.0820196185227084	0.701488853960432	0.116922197779261	0.906921707516582	0.999994493201698
3866	1.69492402234118	-0.116315274421389	1.16237257732076	-0.100067118487511	0.920291039915604	0.999994493201698
3867	1.80704059871731	0.597314943248472	1.16525844683881	0.512602972215225	0.608229073691427	0.999994493201698
3868	3.11537621614113	0.429257333390802	1.16539395511166	0.368336674056005	0.712622209838785	0.999994493201698
3869	3.43839230966646	-0.185993702261821	1.15952138230856	-0.160405582078628	0.872561592694503	0.999994493201698
3870	1.38510941260154	0.609849105987824	1.08919627735895	0.559907446127677	0.575542569550772	0.999994493201698
3871	1.69173774520452	0.0871352891707441	1.11607533229155	0.0780729460186493	0.937770027440015	0.999994493201698
3872	2.31785699865657	0.212804710665342	1.16537030611862	0.18260694437471	0.855106435143977	0.999994493201698
3873	1.65058685346856	-0.156527255492807	1.16537367500726	-0.134315077515229	0.893153431140973	0.999994493201698
3874	7.52273496247117	-0.545668864924676	0.858909315914116	-0.635304396883779	0.525229906506982	0.999994493201698
3875	5.63703625268461	0.0148377411565871	0.79190841722723	0.0187366882758231	0.985051160374558	0.999994493201698
3876	1.95177532427517	0.0723162097174007	1.06892505603611	0.0676532085285478	0.946061698105915	0.999994493201698
3877	1.17618862774966	-0.31678626404398	0.957063620590542	-0.330998125128309	0.740645901739943	0.999994493201698
3878	1.23499149891901	0.132854861926491	1.06602456717813	0.124626454227195	0.900819284226577	0.999994493201698
3879	1.45968629679125	-0.0337440869068492	1.15408469625005	-0.0292388305784606	0.976674112138936	0.999994493201698
3880	6.42450564043761	0.189293072981368	0.853307885987812	0.221834435248699	0.824442771792154	0.999994493201698
3881	17.1750146389061	-0.201677190035161	1.02663906472547	-0.196444102864029	0.84426257958393	0.999994493201698
3882	5.18557459515707	-0.284312902851313	1.06025395360573	-0.268155475284405	0.788579645785723	0.999994493201698
3883	2.66447480310027	0.123554093567557	1.14187874773888	0.108202463538458	0.913835090810235	0.999994493201698
3884	2.91405548136653	0.51770364512617	1.12979687475119	0.458227188175027	0.646789228732022	0.999994493201698
3885	2.45236774111173	-0.476879785090645	1.15825069999605	-0.411724150127664	0.680541621800498	0.999994493201698
3886	4.74431067089398	0.507152783369124	0.879220854076377	0.576820694160956	0.564060588486049	0.999994493201698
3887	4.26995126750674	-0.0167604881933604	1.07466533867276	-0.0155960070453747	0.98755669121264	0.999994493201698
3888	4.29548761850982	0.440776967686406	1.07293745794649	0.410813290580809	0.681209446924697	0.999994493201698
3889	5.98773014190416	-0.170177029462937	0.792736359951809	-0.214670397448759	0.830024303914947	0.999994493201698
3890	2.53915674293846	-0.193570800172297	1.15660822362989	-0.167360733062053	0.867086219838205	0.999994493201698
3891	10.1374044017278	-0.220295369159322	0.68730375203078	-0.32052112113227	0.748573321873827	0.999994493201698
3892	2.54667076614244	0.155727994523269	1.12205523622932	0.138788171468808	0.889617541320344	0.999994493201698
3893	5.25229436135412	0.232049217466225	0.818648727195466	0.283453952541015	0.776828875261061	0.999994493201698
3894	7.17399154222425	0.266786472369526	0.886739371675307	0.300862328764639	0.763519477409994	0.999994493201698
3895	1.92750319178313	0.150631117951652	1.16371857338704	0.129439472219848	0.897009916061291	0.999994493201698
3896	0.96902305973041	0.102223741884738	0.929247496265328	0.110007013519625	0.912403812691952	0.999994493201698
3897	2.27105746867056	0.179424060649999	1.157560899583	0.155001832486424	0.876819872651644	0.999994493201698
3898	4.39220580011227	0.310144643771552	1.07118557396937	0.289533999811333	0.772172765403586	0.999994493201698
3899	5.85977646847323	0.424092368336128	1.04370272836316	0.406334444484237	0.684496880177454	0.999994493201698
3900	0.650796357392382	0.333362650415099	0.922551971723876	0.361348369124592	0.71783903952895	0.999994493201698
3901	4.53539198566666	-0.0803969655779012	1.07708277352273	-0.0746432563534119	0.940498556507214	0.999994493201698
3902	2.48109036925148	-0.108555293656955	1.15178863659076	-0.0942493181546513	0.924911108875255	0.999994493201698
3903	3.39790973987962	-0.513390720711853	1.0881873279627	-0.471785240941024	0.637080086639582	0.999994493201698
3904	1.42515555811395	-0.463262370425508	1.0009375391245	-0.462828450645096	0.643487336420279	0.999994493201698
3905	1.49555679901834	0.255956788480043	1.09797182508226	0.233117811070303	0.815669924643678	0.999994493201698
3906	2.35731874946861	0.460870934442835	1.16075939457523	0.397042605553484	0.691336042628065	0.999994493201698
3907	3.15922238669218	-0.0381829186666343	1.14864333388269	-0.0332417535890508	0.97348180195802	0.999994493201698
3908	1.68899316222324	-0.0966658751397402	1.11530737154072	-0.0866719593238259	0.930932265737914	0.999994493201698
3909	6.7299862052363	0.175484606854227	0.857302296341385	0.204693965714455	0.837811235250649	0.999994493201698
3910	3.83904144543226	-0.15616317153234	1.0012570812154	-0.155967108210389	0.876058947738706	0.999994493201698
3911	2.01274575323093	-0.439639676400251	1.16426082236191	-0.377612703232909	0.705718326427439	0.999994493201698
3912	10.1620773153848	-0.0134502334125849	0.816681154269376	-0.0164693814008943	0.9868599288769	0.999994493201698
3913	7.57933877242309	0.589064798421025	0.83909641281166	0.702022782396573	0.482664955708738	0.999994493201698
3914	10.9495634748803	0.196053641597956	0.822869336506291	0.238256103247635	0.811682465585457	0.999994493201698
3915	1.15358568521694	0.893873401163339	1.13168765758224	0.78985875225769	0.429610262678719	0.999994493201698
3916	6.64693008190765	0.156901364343831	0.925241762306441	0.169578774689879	0.865341416103931	0.999994493201698
3917	4.92896879238387	-0.549745633773904	0.963655011322405	-0.570479712464213	0.568352378264323	0.999994493201698
3918	6.11682084575027	-0.0801636269328492	0.830043762599388	-0.0965775908993119	0.923061853161488	0.999994493201698
3919	2.29904359932794	0.0850431285791935	1.16022006810701	0.0732991360147285	0.941568079212748	0.999994493201698
3920	5.39331508874665	0.033289309575722	0.87360415166862	0.0381057135684831	0.969603395851527	0.999994493201698
3921	2.58806715703919	0.317981704936925	1.09818237148222	0.289552731125837	0.772158433505868	0.999994493201698
3922	3.24495594646156	0.0566114505353471	1.16254575357063	0.0486961053889458	0.961161479644889	0.999994493201698
3923	1.89677247814446	0.0500516171450706	1.13165875920529	0.0442285421624972	0.96472223095314	0.999994493201698
3924	1.24937117434243	0.148435869646597	1.15859981083028	0.128116600968737	0.898056698639703	0.999994493201698
3925	0.806231383290882	0.0717831253116382	1.08843670259796	0.0659506658864966	0.947417102808407	0.999994493201698
3926	1.04094138781214	-0.180032263719653	1.0399378759604	-0.173118287045166	0.86255845099271	0.999994493201698
3927	2.71301906808436	0.0328202045325149	1.13104316439808	0.0290176410287411	0.976850521012014	0.999994493201698
3928	12.8702891409418	0.0350803445841628	0.91567832700059	0.0383107730627114	0.969439901431177	0.999994493201698
3929	5.22642331406054	0.238839924533659	0.982669978790547	0.243052021216338	0.807965098337925	0.999994493201698
3930	0.584317891107021	-0.444440529151885	1.04742984870917	-0.424315317822579	0.671335869502101	0.999994493201698
3931	1.38502338572824	0.0393841709823753	1.0929778189085	0.0360338245671868	0.971255388354618	0.999994493201698
3932	0.927749418414054	-0.0673341703966232	1.0194409574741	-0.0660500933408241	0.947337943775961	0.999994493201698
3933	0.318226702338028	-0.30382097515373	0.909021004028875	-0.334228773380553	0.738206933196916	0.999994493201698
3934	0.691983971835444	-0.127644093173444	0.924312353398394	-0.138096275251692	0.890164329491788	0.999994493201698
3935	3.28159966887811	0.318707567783532	1.15525089358623	0.275877360972363	0.782642262718925	0.999994493201698
3936	0.582064306447317	0.56475306246824	0.970115949575417	0.582150064345825	0.560465605437233	0.999994493201698
3937	2.76854963524375	0.138429646143602	1.13410607053063	0.122060581228379	0.902851040008958	0.999994493201698
3938	0.640376179295085	0.306090515876211	1.05202300690348	0.290954203346897	0.771086345338063	0.999994493201698
3939	3.582417791319	0.525555023677372	1.01565201570107	0.517455797411674	0.604838017808233	0.999994493201698
3940	1.04474141285077	0.439256905225069	1.11194079755085	0.395036234116576	0.692816147182643	0.999994493201698
3941	1.51312275157843	0.0198969567240401	1.16515022192651	0.0170767308365968	0.986375402308621	0.999994493201698
3942	0.757159397278115	-0.00904101370385425	0.97855965892323	-0.00923910322831276	0.992628367053643	0.999994493201698
3943	2.89877983617324	-0.188791317902359	1.1574622847876	-0.163107965057369	0.870433428574401	0.999994493201698
3944	0.0692597719737415	0.240195307785242	0.894972942750804	0.268382759200489	0.788404709040391	0.999994493201698
3945	0.747514538994832	0.0779565186862294	0.925660442402039	0.0842171871187846	0.932883753388265	0.999994493201698
3946	5.21107422345306	0.182207042479188	1.05157435745171	0.173270716605084	0.862438640284487	0.999994493201698
3947	1.29370834321506	0.135459037289701	1.14375726419413	0.118433378768652	0.905724279448718	0.999994493201698
3948	3.06569048222639	-0.0552201633422566	1.12323837762911	-0.049161571080587	0.960790536050419	0.999994493201698
3949	1.55321820125704	-0.0126217240610561	1.10328221563612	-0.0114401590836655	0.990872272796406	0.999994493201698
3950	1.48714470641996	-0.332902251982748	1.15565557156211	-0.288063554725705	0.773298089783958	0.999994493201698
3951	1.71666034830564	0.126410547736336	1.10438515886128	0.11446237458196	0.908871271057633	0.999994493201698
3952	10.7868725480368	0.00317059434677813	0.907197472218371	0.00349493295988256	0.997211452627081	0.999994493201698
3953	1.03933827376151	0.527449808570401	1.05228308717306	0.501243263338374	0.616199929888407	0.999994493201698
3954	7.23379743163321	-0.371851373009806	0.783169969026584	-0.474802900667893	0.634927465314865	0.999994493201698
3955	6.86491869984793	-0.0128026837011401	0.778171096587251	-0.0164522734875243	0.986873577167658	0.999994493201698
3956	2.10934118525298	-0.488446630311293	1.15304642951874	-0.423614017446948	0.671847330791515	0.999994493201698
3957	3.294555653503	0.0743892869412851	0.939116472904013	0.0792119924286414	0.936864005987961	0.999994493201698
3958	2.5936119170759	0.620546702297676	1.14504792115367	0.541939503870246	0.587860181758608	0.999994493201698
3959	672.259587742775	0.274693963832496	1.07882136013496	0.254624142590329	0.799013410558047	0.999994493201698
3960	0.152248748761837	-0.0100772420010255	0.899746354916655	-0.0112000920547869	0.991063806299399	0.999994493201698
3961	3.51227990091545	-0.469361553089487	1.01481103887961	-0.462511280531278	0.643714714733509	0.999994493201698
3962	7.2052657286071	0.217796831481245	0.723149306026782	0.301178234793436	0.763278585860361	0.999994493201698
3963	1.51639505558839	0.558740951237376	1.16524233013222	0.479506225262152	0.631578540591723	0.999994493201698
3964	1.04792768998744	0.139623038760161	1.11748246130558	0.124944277512004	0.900567664614905	0.999994493201698
3965	2.65247146191694	-0.323529781458803	1.15900849630637	-0.279143580474048	0.780134639432288	0.999994493201698
3966	1.54214755255067	-0.216599808404589	1.1128366402481	-0.194637560061195	0.845676696676219	0.999994493201698
3967	10.7029561576184	-0.802621944147438	0.721183491146385	-1.11292334613983	0.265741352333194	0.999994493201698
3968	9.74403427183978	0.147686208864205	0.652486791729748	0.226343599190241	0.82093419088278	0.999994493201698
3969	2.58989791891056	0.587055492387864	1.16456547512645	0.504098313857467	0.614192291760131	0.999994493201698
3970	8.54139337235257	0.0479540757060916	0.781923667187493	0.0613283338494894	0.951097726117822	0.999994493201698
3971	0.888692639050301	-0.182501035808825	1.01636936915478	-0.179561723668033	0.857496656276721	0.999994493201698
3972	4.22068308649938	0.180447418749759	1.04339779257918	0.172942112809833	0.862696929121721	0.999994493201698
3973	2.56416537291287	0.304411155337172	1.1652951579752	0.261230945013205	0.793914415723339	0.999994493201698
3974	4.41598693428274	-0.15244906089661	1.13484759730444	-0.134334391030757	0.893138159581853	0.999994493201698
3975	0.443017041471157	0.156043573514936	0.916230155050019	0.170310453825237	0.864765990402077	0.999994493201698
3976	3.94104001654358	-0.33768705454331	1.02773533633171	-0.328573945650847	0.742477743930251	0.999994493201698
3977	14.0473528180746	-0.671338030701897	0.819087969428917	-0.819616519541809	0.412434753288245	0.999994493201698
3978	21.4698433466695	-0.172903723523565	0.974929490137982	-0.177349977893369	0.859233496244553	0.999994493201698
3979	3.12065450602546	0.416504000515906	1.05125776417312	0.396195885262747	0.691960526568978	0.999994493201698
3980	4.20519656522785	-0.255672671024511	0.951179465607474	-0.268795406407586	0.788087128454209	0.999994493201698
3981	2.14545508701631	0.401791414089247	1.15355276270095	0.348307790576034	0.727609043704063	0.999994493201698
3982	2.38229592661688	-0.291548932765496	1.14173092489049	-0.255356955311918	0.798447413596519	0.999994493201698
3983	1.17946093175962	-0.0509623231662826	1.05918158800953	-0.0481148121749866	0.961624741469337	0.999994493201698
3984	0.512276813444899	0.22591764824148	0.918793433127904	0.245885135979232	0.805771150428495	0.999994493201698
3985	0.559395288005904	-0.366597616058994	0.971418311987525	-0.377383884506906	0.705888341358867	0.999994493201698
3986	1.19158702252334	0.474105764537526	1.07345508884169	0.441663344340849	0.658732838600766	0.999994493201698
3987	5.17138164559818	0.55195710096832	0.835004383894965	0.661022997740034	0.508597565137599	0.999994493201698
3988	3.8783804466639	0.0796396301938505	1.00104604998388	0.0795564102122307	0.936590064886696	0.999994493201698
3989	16.1193252852902	-0.126142536944703	0.720247135603211	-0.175137852980225	0.860971315531202	0.999994493201698
3990	5.10013583871468	0.172965486932167	1.10844330129462	0.156043603430279	0.875998651600095	0.999994493201698
3991	1.60952198860589	0.317620656873412	1.1653797304366	0.272546920611377	0.785201518758341	0.999994493201698
3992	7.95147932638379	-0.251396310506535	0.711079297726993	-0.353541878254842	0.72368223884407	0.999994493201698
3993	7.10432259955313	0.484006419108411	0.723051638271075	0.669393987220253	0.503244186164156	0.999994493201698
3994	3.6377028593176	-0.0137418498854139	1.01097619778104	-0.0135926542242789	0.989154965010372	0.999994493201698
3995	1.03840558128455	0.151385629889806	1.02641580737561	0.147489573720494	0.882745608698934	0.999994493201698
3996	0.526006018259253	0.0377459139913865	0.919720569801492	0.0410406325907589	0.967263503011336	0.999994493201698
3997	1.16245942293531	-0.212876718631924	0.953532893101606	-0.223250524624786	0.823340531098434	0.999994493201698
3998	0.887089524999669	0.602141277114132	1.02983846734286	0.584694878088743	0.558752898640233	0.999994493201698
3999	16.8002721519043	0.159059745535063	0.700909037646527	0.226933506335065	0.820475447369325	0.999994493201698
4000	2.02443014983927	0.459273448448494	1.16092847035664	0.395608739190799	0.692393689069976	0.999994493201698
4001	3.87410200476278	-0.195753004872671	1.11020887785714	-0.176320878689515	0.860041860169649	0.999994493201698
4002	9.4590341967045	0.183783358227369	0.77993952731428	0.235637958830253	0.813713615837561	0.999994493201698
4003	0.67825476702109	0.0176760356260149	0.924150990095805	0.0191267831939264	0.98473996543691	0.999994493201698
4004	4.27556108342514	0.165987039372562	0.945493902686368	0.175555906707547	0.860642845588639	0.999994493201698
4005	1.72311892945226	0.369777440302386	1.16453173167898	0.31753315967548	0.750839082506934	0.999994493201698
4006	5.99066873106441	0.922302707684227	0.787806261560633	1.17072274325055	0.241710240346217	0.999994493201698
4007	10.8651770408437	-0.442261909811858	0.798576925931299	-0.553812532582373	0.579707150399223	0.999994493201698
4008	1.63354862193715	0.179945594307775	1.02901936066428	0.17487095110787	0.861181036189301	0.999994493201698
4009	5.48818675676222	-0.107840218061	1.01530792841033	-0.106214297203258	0.915412327586974	0.999994493201698
4010	4.2431233775225	0.924553951036055	1.00389241488337	0.920969156982289	0.357066530138191	0.999994493201698
4011	7.21281647451817	0.103746661571911	0.751597745349634	0.138034822767663	0.890212896373778	0.999994493201698
4012	4.94487603681918	-0.338024154811665	0.895773973235668	-0.377354293506287	0.705910328883153	0.999994493201698
4013	1.26031907346841	0.362144927123035	1.07161432185526	0.337943343735889	0.735405883501473	0.999994493201698
4014	5.15295117609438	1.01975626398157	1.065382332327	0.957173995699953	0.338479440081621	0.999994493201698
4015	7.08030016547097	0.168288997570686	0.83294331545223	0.20204135677506	0.839884392786286	0.999994493201698
4016	11.2301277354515	-0.193072802360364	0.834640400885421	-0.231324534680497	0.81706268760496	0.999994493201698
4017	4.47359166284974	0.61758015552344	1.09654111581465	0.563207477235928	0.573293611904674	0.999994493201698
4018	4.63152577256873	0.146193487113613	0.987961116355345	0.147974940201018	0.882362545317057	0.999994493201698
4019	1.99901654841657	-0.308205586948444	1.16394571110411	-0.264793782053702	0.791168327177193	0.999994493201698
4020	1.1625821725157	-0.351230498268571	1.04498022377094	-0.336112100764083	0.736786333644488	0.999994493201698
4021	0.819960588105236	-0.129864505982955	1.08959041434334	-0.119186534934065	0.905127574171548	0.999994493201698
4022	1.89988530986693	0.172713790352589	1.16035848778511	0.148845199281702	0.881675784000475	0.999994493201698
4023	2.86658660940439	-0.0172166001751704	1.13185997711047	-0.0152108922687794	0.987863931894038	0.999994493201698
4024	5.8755462822445	0.181385537517228	0.768251077445463	0.236101897989339	0.8133536011792	0.999994493201698
4025	8.2943443103305	-0.0648650123851255	0.713854840300189	-0.0908658297502733	0.927599201744863	0.999994493201698
4026	3.43152455782246	-0.0400063864448272	1.01331354471369	-0.0394807576130158	0.968507094754762	0.999994493201698
4027	1.56812559770914	0.101096996956029	1.16541336760079	0.0867477581488147	0.930872013956536	0.999994493201698
4028	1.58725794161276	-0.243534386006493	1.16501794066517	-0.20903917227871	0.834417659008904	0.999994493201698
4029	38.7419244649546	-0.180139402382801	1.11879966762595	-0.16101131202966	0.87208449117787	0.999994493201698
4030	2.47923965641552	0.454290582137714	1.13360353710864	0.400749086666069	0.688604866978551	0.999994493201698
4031	0.608994995047349	-0.0538793284577328	0.922266213845389	-0.0584205814426215	0.95341362114809	0.999994493201698
4032	6.30761962383878	-0.193645484901495	0.984645129182345	-0.196665254478331	0.844089501944196	0.999994493201698
4033	0.913615242151417	-0.138594174791587	1.00820145572207	-0.137466747349938	0.890661874954573	0.999994493201698
4034	4.46419547398366	-0.192027831696091	0.908078349556635	-0.211466149137734	0.832523544003171	0.999994493201698
4035	2.11694123533025	0.384381589271048	1.15997810200373	0.331369694485675	0.740365253296988	0.999994493201698
4036	1.12986122471818	-0.254375479714212	1.06508003242731	-0.238832267970034	0.811235647936923	0.999994493201698
4037	2.05294400152533	0.561739830167759	1.15627126035561	0.485820109370354	0.62709471529952	0.999994493201698
4038	1.28369313656605	0.19612321008985	1.14667432770559	0.171036540499061	0.864195033746078	0.999994493201698
4039	2.8561664313071	-0.14313824409801	1.08001455792544	-0.132533624706837	0.894562228924142	0.999994493201698
4040	5.25799757365133	-0.481027159249886	0.912806838485655	-0.526975849619959	0.598210359466156	0.999994493201698
4041	8.04585999607779	-0.236676220992616	0.81472130424872	-0.290499609815484	0.77143404923771	0.999994493201698
4042	0.67825476702109	0.0176760356260149	0.924150990095805	0.0191267831939264	0.98473996543691	0.999994493201698
4043	3.10786009331261	0.0982432400817168	1.08647811054121	0.0904235797560421	0.927950619509379	0.999994493201698
4044	1.31532191959912	0.310456114386108	0.981213898166051	0.316400037714885	0.751698888338125	0.999994493201698
4045	0.498547608630545	0.439497809069423	0.916867380815593	0.4793471970597	0.631691651092204	0.999994493201698
4046	2.32655131312284	0.110050766934551	1.16541952094955	0.0944301729602791	0.924767448331349	0.999994493201698
4047	1.87144490359507	-0.133244262088177	1.13043174687435	-0.117870240690425	0.906170473326774	0.999994493201698
4048	0.429287836656803	0.386075147266136	0.914213157539646	0.422303205857539	0.672803718470928	0.999994493201698
4049	1.14946671560332	0.591584901530537	1.04692970080186	0.565066499763483	0.572028533493903	0.999994493201698
4050	0.515463090581562	-0.1322897810004	1.04310559556625	-0.126823000051674	0.899080491316391	0.999994493201698
4051	6.07540660351347	-0.037528111086213	0.80328314027527	-0.0467184099909689	0.962737657315	0.999994493201698
4052	3.19285715559962	-0.344855063829946	1.09366820568268	-0.31531963902588	0.752518975224228	0.999994493201698
4053	10.8098269169634	0.244427374337983	0.753515044966473	0.324382871942336	0.745648185497662	0.999994493201698
4054	44.4378549361677	-0.223547883023957	1.13023081329977	-0.197789584563968	0.843209695505665	0.999994493201698
4055	2.48316453065909	0.990179125116842	1.14788947687253	0.862608417506032	0.388352800730574	0.999994493201698
4056	1.1522480212917	0.184409711993562	1.11662256839745	0.165149547584572	0.868826275061558	0.999994493201698
4057	8.2943443103305	-0.0648650123851255	0.713854840300189	-0.0908658297502733	0.927599201744863	0.999994493201698
4058	35.5798032512355	-0.170102840163703	1.03813091402839	-0.163854902946327	0.869845369405945	0.999994493201698
4059	4.75358938006063	-0.00178476200447649	0.906117599029187	-0.0019696803222768	0.99842842349733	0.999994493201698
4060	2.74554172126275	1.04973664172488	1.12785038168667	0.930741043998258	0.351987532956247	0.999994493201698
4061	14.9367168987255	-0.416266195896828	0.721504641900869	-0.576941812598927	0.563978763590017	0.999994493201698
4062	6.19537609863316	-0.240826100275416	0.75406239140095	-0.319371583865882	0.749444756219286	0.999994493201698
4063	2.20058068272742	0.461228549509246	1.13604440299164	0.405995177912634	0.684746143500936	0.999994493201698
4064	1.23604694097636	0.53186247463319	1.14065070383045	0.466279881165309	0.641015177661757	0.999994493201698
4065	1.38989880378883	-0.216465422109518	1.09661649284905	-0.197393914391287	0.843519291547942	0.999994493201698
4066	1.0716721014508	-0.0792195776328855	1.052007292899	-0.0753032589865244	0.939973428550903	0.999994493201698
4067	1.1350010133066	-0.0143614569748769	0.947683310507088	-0.0151542786663536	0.987909097807421	0.999994493201698
4068	3.40221963460688	0.146896959627808	1.02549931721668	0.143244327091804	0.886097222809591	0.999994493201698
4069	9.21401628183179	0.246919445805167	0.806764183948336	0.306061487009418	0.759557830613649	0.999994493201698
4070	8.50715225631237	0.489068735598648	0.776086572754159	0.630172912105735	0.528581459889787	0.999994493201698
4071	15.1731727787267	0.048155493698288	0.698494365348646	0.0689418499091997	0.945035906336544	0.999994493201698
4072	24.1504173483114	-0.159248640076677	0.960884510898639	-0.165731300973667	0.868368412069904	0.999994493201698
4073	11.0604053435883	-0.212807675512961	0.829438852026583	-0.256568250924109	0.797512086800438	0.999994493201698
4074	0.165977953576191	-0.390512702595051	0.899425122539977	-0.434180336760266	0.664157490799707	0.999994493201698
4075	18.1771122333366	0.401510359800603	0.869969702081343	0.461522233291592	0.644423973879601	0.999994493201698
4076	2.9617877038295	0.0314721874604318	1.08311735657198	0.0290570428674875	0.976819096144216	0.999994493201698
4077	3.08968039285055	-0.257703810426694	1.1587283524649	-0.222402265275113	0.82400074854393	0.999994493201698
4078	5.82548912933217	0.517522354689052	0.92390457634694	0.560146976146934	0.57537919063209	0.999994493201698
4079	2.78873742120472	0.204629583576992	1.14935823522985	0.178038123628244	0.858693035676493	0.999994493201698
4080	2.83397055984721	0.269415465111175	1.09357288480689	0.246362605414042	0.805401550810733	0.999994493201698
4081	4.67657008572213	-0.205359441805695	1.05931987714846	-0.193859707757484	0.846285733676935	0.999994493201698
4082	3.15955391272626	0.30734849972368	1.15775389002232	0.265469632512101	0.790647700593542	0.999994493201698
4083	1.6472778267515	0.091400673080621	1.03061414006074	0.0886856385215462	0.929331746357576	0.999994493201698
4084	2.32871887090925	-0.0512819775655496	1.16483326577268	-0.0440251657232095	0.964884343965397	0.999994493201698
4085	2.92725696515221	0.288384890361306	1.14463980830436	0.251943789014739	0.801084512284223	0.999994493201698
4086	1.99296293871824	-0.174354479369168	1.07371472379799	-0.16238436104558	0.871003185467797	0.999994493201698
4087	0.138519543947483	0.395398105903997	0.89763237952822	0.440490021217607	0.659582238041294	0.999994493201698
4088	1.84197840846744	0.549125311333099	1.15711081189259	0.474565880544267	0.635096430224411	0.999994493201698
4089	3.30011826487976	-0.383832085387582	1.14508832318536	-0.335198672116273	0.737475223647843	0.999994493201698
4090	0.736443890288464	-0.188619618879446	0.992069224695101	-0.19012747718025	0.84920923909958	0.999994493201698
4091	5.9871005145094	-0.184873592974876	0.845166085474077	-0.218742323138979	0.826850778158718	0.999994493201698
4092	1.71993265231559	0.539899029891243	1.15121427482957	0.468982223114956	0.63908234274309	0.999994493201698
4093	1.78632509172766	0.327184946833688	1.12467735302021	0.290914497349009	0.771116713340595	0.999994493201698
4094	35.6460572309908	0.00381156437624061	1.00334961040623	0.00379883974310551	0.996968971710234	0.999994493201698
4095	3.91653915663324	0.0144222471528909	0.966577225436576	0.014920946586939	0.988095248822369	0.999994493201698
4096	3.39009354384315	-0.26704116498023	1.04395775117428	-0.255796908141018	0.798107661450194	0.999994493201698
4097	17.5872243004631	0.156965554434167	0.819131518542486	0.191624361755072	0.84803645822185	0.999994493201698
4098	6.149440014959	-0.188357984011159	1.04017762328283	-0.181082518788181	0.856302805745544	0.999994493201698
4099	2.533680158435	0.149725702909326	1.15482954021645	0.129651777769092	0.896841936196785	0.999994493201698
4100	2.36745670569802	0.306047203432022	1.14591467440274	0.267076781778308	0.789410043929825	0.999994493201698
4101	5.42059617474781	0.38299649525004	0.971859396003464	0.394086322388835	0.693517308774431	0.999994493201698
4102	2.22064781873255	-0.31409369494087	1.16536742354688	-0.269523318220877	0.787527000553941	0.999994493201698
4103	3.28163429196066	0.524301812683164	1.01242395845512	0.517867844102786	0.604550478828504	0.999994493201698
4104	1.36182664625815	-0.717740424152358	1.0988027146225	-0.65320226697742	0.513625888955546	0.999994493201698
4105	1.46809838938963	0.513422347612949	1.0972064449697	0.467935956780794	0.639830389051771	0.999994493201698
4106	0.67825476702109	0.0176760356260149	0.924150990095805	0.0191267831939264	0.98473996543691	0.999994493201698
4107	1.8857018294381	-0.151281374236474	1.16299247872762	-0.130079408941651	0.896503600976022	0.999994493201698
4108	2.10729637704697	0.353541292420523	1.14432372311875	0.308952165613572	0.757357914138762	0.999994493201698
4109	0.33522821116234	0.152611188086003	0.909677487587026	0.167764059425954	0.866768898123338	0.999994493201698
4110	1.90815689073594	0.335946434702057	1.16435539365556	0.288525682564439	0.772944374146734	0.999994493201698
4111	2.5809581052835	0.0693007558994619	1.15566552447841	0.0599661012910632	0.952182633334458	0.999994493201698
4112	2.27881699103532	0.674148672458683	1.12937773586275	0.596920455443272	0.550560489544308	0.999994493201698
4113	0.431946392764789	-0.227690616052039	0.952062675929191	-0.239155070153148	0.810985340638739	0.999994493201698
4114	3.83284513518892	0.646311609700001	1.00191370684697	0.645077121196346	0.518877209382333	0.999994493201698
4115	6.15354960463365	0.368839550921977	0.830599759668578	0.444064119485358	0.656996226800144	0.999994493201698
4116	0	NA	NA	NA	NA	NA
4117	5.07852016270607	-0.0794046008714016	0.856179221036083	-0.0927429665664067	0.926107761703684	0.999994493201698
4118	4.69867256080322	0.34744897650136	0.913619636656857	0.380299374664007	0.703723199659258	0.999994493201698
4119	3.59292399628959	0.98929513868983	1.09667175381361	0.902088647081145	0.367009779189595	0.999994493201698
4120	6.04213696369567	-0.558414505895925	0.975748198018715	-0.572293658373956	0.56712304530117	0.999994493201698
4121	2.23159571785852	-0.0382321554975873	1.16424091399325	-0.0328386977626943	0.973803218490723	0.999994493201698
4122	2.67121770573933	-0.148004996424892	1.12879530660908	-0.131117657522427	0.895682233068467	0.999994493201698
4123	2.88517338093928	-0.135912709093702	1.15633676060467	-0.11753730723101	0.906434282022227	0.999994493201698
4124	5.36805359010594	0.3507347577883	0.85669878729585	0.409402654689621	0.682244191793919	0.999994493201698
4125	3.53968373649701	0.0238661637734488	1.04992080861237	0.0227313941943789	0.981864533355379	0.999994493201698
4126	0.54566608319155	-0.152311246014367	0.960051315485821	-0.158649067562906	0.873945368003578	0.999994493201698
4127	8.96990589816105	0.0352875027922803	0.77880137889215	0.0453100158123462	0.963860204175096	0.999994493201698
4128	3.16842555082008	0.22721137772049	1.12136106569119	0.202621068870837	0.839431221002257	0.999994493201698
4129	3.49562668986772	0.0343548901623867	1.0439136059331	0.0329097062890358	0.973746592490382	0.999994493201698
4130	1.83050278831279	0.143117590614835	1.15727206278235	0.123668059756621	0.901578102103215	0.999994493201698
4131	0.514935369552885	-0.321804543263506	0.961854914781106	-0.334566615316137	0.737952032033892	0.999994493201698
4132	2.16294969378675	0.553353449144235	1.16338853199572	0.475639422192854	0.634331284917796	0.999994493201698
4133	1.66283569381267	0.402176434629192	1.15765848678295	0.347405076040009	0.728287020418876	0.999994493201698
4134	1.80271285265	-0.0863991882798423	1.16127204523733	-0.0744004719946433	0.940691733248473	0.999994493201698
4135	2.15999633435178	-0.110902493849887	1.15279787833718	-0.0962028955239359	0.923359431188297	0.999994493201698
4136	8.75459260807125	0.210080510770399	0.7613763585348	0.275922030432729	0.78260795266663	0.999994493201698
4137	2.22946488277921	0.391751800177306	1.16437621936382	0.336447785228167	0.736533220103438	0.999994493201698
4138	10.1251649725864	0.320445598412291	0.939362972680367	0.341130753214527	0.733005150566221	0.999994493201698
4139	1.54078993766083	0.462437458749374	1.16539095788078	0.396808861114127	0.691508415847349	0.999994493201698
4140	9.47443894095669	-0.616320420765493	0.757963292998472	-0.813127002928275	0.416145246028992	0.999994493201698
4141	3.42200454874412	0.0998987523724363	1.16412052862233	0.0858147845658737	0.931613653451165	0.999994493201698
4142	1.69925176840849	0.589395642927076	1.1647961438898	0.506007549920973	0.612851349565091	0.999994493201698
4143	8.60253585505491	0.308623189014539	0.765292750484958	0.403274679943025	0.686746166374399	0.999994493201698
4144	4.80691883698292	-0.253559256791163	0.954330688426683	-0.265693286264515	0.7904754343862	0.999994493201698
4145	7.68686113257953	-0.0984118247808833	0.78087959006893	-0.126026888181565	0.899710640571645	0.999994493201698
4146	13.0235744603939	-0.0494553633599199	0.868181085901246	-0.0569643409227017	0.954573600816388	0.999994493201698
4147	1.29370834321506	0.135459037289701	1.14375726419413	0.118433378768652	0.905724279448718	0.999994493201698
4148	7.88719675105944	-0.928182507595689	0.915464731380892	-1.01389215310962	0.310634216053148	0.999994493201698
4149	6.91853145823566	-0.861576444022585	0.753580921590738	-1.14330978842176	0.252909992366083	0.999994493201698
4150	12.0898784807513	-0.297967133345256	0.717029159088211	-0.415557902448705	0.677733536868092	0.999994493201698
4151	8.6751004634623	-0.522688159556006	0.99827217964878	-0.523592833910189	0.60056176680322	0.999994493201698
4152	11.4760531725605	-0.313572708502894	0.948035761279351	-0.330760422032746	0.740825458343017	0.999994493201698
4153	0.722837435054504	-0.121348832116573	1.06840057285959	-0.113579901770159	0.909570820298166	0.999994493201698
4154	3.91768272518844	0.0814125788484187	0.964306160749074	0.0844260693981021	0.93271768089267	0.999994493201698
4155	3.0424937427563	-0.550247669785337	1.16002768428634	-0.474340118980744	0.635257386900298	0.999994493201698
4156	5.34661943697398	-0.378930528976424	0.846874670919484	-0.447445816941254	0.654553201107618	0.999994493201698
4157	3.21892122763139	0.453417004982554	1.08012665948804	0.419781329346567	0.674645205485644	0.999994493201698
4158	0.805703662262205	-0.106267437897323	1.00237268526064	-0.106015895544571	0.915569740440475	0.999994493201698
4159	5.51660511244494	0.71239621778207	0.888171564527633	0.802093025980799	0.42249914884678	0.999994493201698
4160	20.6093382615129	-0.418659159870783	0.883296042075281	-0.473973775414135	0.635518608173293	0.999994493201698
4161	1.9098123900181	0.362992084124609	1.15593607369676	0.314024358599464	0.753502538376112	0.999994493201698
4162	2.65139606889499	0.352169254226181	1.10746671054869	0.31799534096307	0.750488471000414	0.999994493201698
4163	13.2909130869658	0.0828528066033753	0.723111469780009	0.114578194463686	0.908779464159338	0.999994493201698
4164	7.72712240402414	-1.15168243412703	0.879527406162543	-1.30943325478842	0.190387633003668	0.999994493201698
4165	1.92636172285248	-0.570579806237969	1.13587948612256	-0.502324245845572	0.615439456759064	0.999994493201698
4166	9.73890179482949	0.169477870268234	0.877277851697486	0.193186081171778	0.846813239025129	0.999994493201698
4167	2.61323525930109	0.335799697391491	1.10483150761357	0.303937473793461	0.761175527497236	0.999994493201698
4168	3.33352122530358	0.127541500632548	1.10028319581414	0.115916975845637	0.907718341612245	0.999994493201698
4169	5.44198210331113	-0.0442220899246225	0.953690281047269	-0.0463694459338111	0.963015788920428	0.999994493201698
4170	2.10995493315496	0.0844381235970883	1.15139152618782	0.0733357174137428	0.941538969822463	0.999994493201698
4171	5.54093601823323	0.17867641462861	1.04884814209521	0.170354894533808	0.864731042517267	0.999994493201698
4172	1.48501387134065	0.223005924621637	1.15523409820926	0.193039596881118	0.846927957439373	0.999994493201698
4173	0.498547608630545	0.439497809069423	0.916867380815593	0.4793471970597	0.631691651092204	0.999994493201698
4174	5.10143677993282	0.314190845282233	1.01730157957491	0.30884729915933	0.75743768727434	0.999994493201698
4175	6.18731440343591	0.0129725795460577	0.772088253455759	0.0168019387524603	0.986594623215299	0.999994493201698
4176	0.900291008785346	0.228633728501892	1.01789218876358	0.224614876728359	0.822278890641159	0.999994493201698
4177	4.48235840270322	-0.12357689463568	0.906780468600839	-0.136280940001233	0.891599190975117	0.999994493201698
4178	0.443017041471157	0.156043573514936	0.916230155050019	0.170310453825237	0.864765990402077	0.999994493201698
4179	5.18247224526915	0.0296146186355347	0.914368226018924	0.0323880662000626	0.974162579289346	0.999994493201698
4180	7.04873745834659	0.407965412630626	0.791487146152859	0.515441614704171	0.606244458807305	0.999994493201698
4181	0.431946392764789	-0.227690616052039	0.952062675929191	-0.239155070153148	0.810985340638739	0.999994493201698
4182	3.09347831826464	-0.0593147837365739	1.09836246520641	-0.0540029230928127	0.956932835350781	0.999994493201698
4183	3.94535201089538	0.126673359714969	0.939933440669343	0.134768435970064	0.892794962565577	0.999994493201698
4184	6.45653837489197	0.0206279624668616	0.865700478758413	0.0238280594420443	0.980989758202149	0.999994493201698
4185	7.51128031330811	-0.326688688001933	0.698189327778959	-0.46790845262728	0.639850058568884	0.999994493201698
4186	2.48374892535947	-0.455000600772929	1.14086043828334	-0.398822314723764	0.690024133562502	0.999994493201698
4187	5.63703625268461	0.0148377411565871	0.79190841722723	0.0187366882758231	0.985051160374558	0.999994493201698
4188	3.22427296292991	-0.0901238948629546	1.06776982903882	-0.0844038597195442	0.932735338626578	0.999994493201698
4189	3.04011530889166	-0.375724684685326	1.04669250021556	-0.35896376883177	0.719622193628626	0.999994493201698
4190	1.45980904637164	-0.108216544914763	1.16514961284701	-0.0928778104730601	0.926000634213209	0.999994493201698
4191	2.32896437007004	-0.16503043721516	1.15420799497592	-0.142981540531266	0.88630475991282	0.999994493201698
4192	8.85344269538487	-0.287796880378923	0.741522948006048	-0.388115945909439	0.697930231978966	0.999994493201698
4193	1.68249575874497	0.281274528224475	1.16279862397381	0.241894445371145	0.808861954297689	0.999994493201698
4194	6.28526218046685	0.258935528491767	0.887404175499601	0.291789846882328	0.770447308615614	0.999994493201698
4195	1.88643832692046	0.586498963920862	1.16424085622317	0.503760850502603	0.614429441808944	0.999994493201698
4196	1.76152523820694	0.300459435371848	1.1603433416096	0.258940112462798	0.795681448094441	0.999994493201698
4197	11.9411507054166	-0.639452600778973	0.727246697631665	-0.879278796124342	0.379250129817785	0.999994493201698
4198	1.96562727866992	-0.0484697024286559	1.12364270590076	-0.0431362230841882	0.965592944315442	0.999994493201698
4199	1.47288778057693	-0.278297875762087	1.10628113435098	-0.251561621292001	0.801379926504024	0.999994493201698
4200	5.32269980150761	0.350951145045548	1.02120409882381	0.343664058389271	0.731098943834728	0.999994493201698
4201	1.43949851083028	-0.02896003685175	0.999953792208905	-0.0289613750929201	0.976895395873309	0.999994493201698
4202	7.48161972281044	-0.21982576709965	0.817935997507409	-0.268756684837873	0.788116927762086	0.999994493201698
4203	1.63898848373351	-0.556879395154015	1.15557209707286	-0.481907962787114	0.629871329238792	0.999994493201698
4204	2.92815293492206	0.384027402408968	1.09653220505585	0.350219902925156	0.726173671101045	0.999994493201698
4205	1.99623524272819	0.0636416552509431	1.13817546956465	0.0559155042019013	0.955409119586309	0.999994493201698
4206	3.82673803104099	0.137976535312272	1.13264505113855	0.121817982759538	0.903043171836024	0.999994493201698
4207	3.43691194519622	0.197180821420474	1.10169115526152	0.178980125672033	0.857953307121025	0.999994493201698
4208	8.11298366309126	0.411372798968557	0.899227812402922	0.457473393610107	0.647330821871714	0.999994493201698
4209	1.63354862193715	0.179945594307775	1.02901936066428	0.17487095110787	0.861181036189301	0.999994493201698
4210	2.72554803067182	0.591180370648388	1.09402197002429	0.540373399114886	0.588939548924095	0.999994493201698
4211	9.71609846537558	0.88373986383214	0.747439054869793	1.18235708727595	0.237064042841836	0.999994493201698
4212	2.40667085772472	0.690388986908314	1.11527870265186	0.619028217132399	0.535897770281327	0.999994493201698
4213	0.816774310968573	0.129877369156715	0.926905324957659	0.140119347315917	0.888565694446357	0.999994493201698
4214	1.80336332325907	-0.00679780674871037	1.16324364036607	-0.00584383744971186	0.995337318861814	0.999994493201698
4215	4.83175224295433	0.339458287295755	0.930516573048928	0.364806277639405	0.715256018709522	0.999994493201698
4216	0.900818729814023	0.407207951886632	1.02781944608005	0.396186269329368	0.691967619838729	0.999994493201698
4217	0.360028064683062	0.321338623915366	0.910789231808641	0.35281337623772	0.724228355060832	0.999994493201698
4218	4.75586183608738	0.0152034533628387	0.984420542498331	0.0154440634936917	0.987677910026567	0.999994493201698
4219	0.857961925411636	-0.241227698790161	0.927245872170277	-0.260155052753756	0.794744173470795	0.999994493201698
4220	0.38748647431177	-0.161546509783431	0.91327181947917	-0.176887654187731	0.859596636234994	0.999994493201698
4221	0.304497497523674	-0.0431887436667238	0.908039688221683	-0.0475626167302282	0.962064825819556	0.999994493201698
4222	4.29814617461781	0.232595170797075	1.04579784222856	0.222409304556819	0.82399526921511	0.999994493201698
4223	5.75411847324372	0.19853583806239	1.02747398926777	0.193227118288294	0.846781101601691	0.999994493201698
4224	1.19053158046599	0.127439649444556	0.958009526425992	0.133025451135116	0.894173252280095	0.999994493201698
4225	6.20514053624043	-0.149865542718079	0.883010597889776	-0.169721114419497	0.865229468072671	0.999994493201698
4226	1.92709822033485	-0.0211721149494872	1.15869507937831	-0.018272378407654	0.985421562624889	0.999994493201698
4227	1.19053158046599	0.127439649444556	0.958009526425992	0.133025451135116	0.894173252280095	0.999994493201698
4228	1.27617911336207	-0.243127538071869	1.07310842481406	-0.226563814475688	0.820762932462947	0.999994493201698
4229	3.96872607399302	0.223272561705174	1.06628286229354	0.209393369808947	0.834141168174756	0.999994493201698
4230	2.68307942597521	-0.181154649177431	1.16531848815595	-0.15545505457834	0.876462584366031	0.999994493201698
4231	1.34395852086557	0.500491017003055	1.13939615433411	0.439259879102853	0.660473241752571	0.999994493201698
4232	1.85363135224964	0.0175700012724994	1.16476958092244	0.0150845296445541	0.987964743114514	0.999994493201698
4233	4.95839119529888	0.58708169074671	0.971221223294251	0.604477823039542	0.545526009128444	0.999994493201698
4234	2.96714153875258	-0.336142863608824	1.05165504947765	-0.319632244219038	0.749247128285778	0.999994493201698
4235	2.67566820138703	0.290927401190229	1.13330303013493	0.25670751198432	0.797404572114871	0.999994493201698
4236	0.804100548211573	0.77214200350212	1.0153727331643	0.760451781185636	0.446984581380716	0.999994493201698
4237	6.09075989337005	-0.310146685075836	1.15374360382701	-0.268817685356667	0.788069983182851	0.999994493201698
4238	1.62034713815147	0.47597202868061	1.11183101363534	0.428097456217137	0.668580168713588	0.999994493201698
4239	5.50661195638507	0.548631511838501	0.973859508331179	0.563357966056772	0.573191153825036	0.999994493201698
4240	5.1940706150042	0.248006591279578	0.903474525074661	0.274503136941336	0.78369799324472	0.999994493201698
4241	3.40670685296168	0.0978556024769743	1.05055904650786	0.0931462184845808	0.925787399972991	0.999994493201698
4242	6.20767634276802	0.239078922366671	0.872716773862836	0.273947894124293	0.784124664722849	0.999994493201698
4243	1.88251555230143	0.0350972785306015	1.06086090315191	0.0330837703852829	0.973607785021871	0.999994493201698
4244	2.2701247761936	-0.0610618359816979	1.14118941979094	-0.0535071872580837	0.957327804250828	0.999994493201698
4245	13.6913031310504	-1.03466216834046	0.868738851165098	-1.19099331974486	0.233656207381242	0.999994493201698
4246	6.30044871772151	0.237710825462487	0.919167907993019	0.258615236014411	0.795932126446675	0.999994493201698
4247	7.02290001410857	0.0701876831383597	0.769395002345531	0.0912245113685295	0.927314198898269	0.999994493201698
4248	2.99324443311599	0.0602118795615703	1.15297111722937	0.0522232332291738	0.95835082075017	0.999994493201698
4249	4.48512395667609	-0.0885092156349228	1.13568164866944	-0.0779348823137361	0.937879851710761	0.999994493201698
4250	13.3867394980475	0.10778371350543	0.8160740434009	0.132075899701763	0.894924258149612	0.999994493201698
4251	1.30159271478476	0.418334117783018	0.980290260599123	0.426745153550078	0.669564958493378	0.999994493201698
4252	1.0245536268898	0.251970176393316	0.929640738949095	0.271040377036567	0.786359977753744	0.999994493201698
4253	1.23551921994769	0.33651429241609	1.13342605766483	0.296900084606669	0.766542791574373	0.999994493201698
4254	1.66431605828291	-0.319909076620963	1.16538699006862	-0.274508879322676	0.783693580901614	0.999994493201698
4255	0.470475451099866	-0.250418363905278	0.916882703445311	-0.27311930191757	0.784761509807324	0.999994493201698
4256	0.664525562206736	0.168677151665322	0.923602448544678	0.182629606418981	0.855088652456034	0.999994493201698
4257	0.875086183816341	-0.122465904561445	1.08697916681142	-0.112666284967255	0.91029513170989	0.999994493201698
4258	7.04308882009654	0.895825351764265	0.744161378786812	1.20380521927207	0.228664871935776	0.999994493201698
4259	2.16282694420636	0.501168383231647	1.14717670178317	0.436871131058217	0.662204809412246	0.999994493201698
4260	4.0937304594608	-0.699987641149491	0.942801913166115	-0.742454625276262	0.457811933698355	0.999994493201698
4261	3.37342356105293	-0.0541523787891496	1.08227163157342	-0.0500358479418167	0.960093821560363	0.999994493201698
4262	12.0796870211066	-0.175929224180158	0.711846715306068	-0.247144814181681	0.804796152505014	0.999994493201698
4263	10.1204668781534	0.129412726261388	0.858516979789436	0.150739856412774	0.880180931576166	0.999994493201698
4264	3.37693088238913	-0.140703975667635	0.939197952188813	-0.149812907214845	0.880912225803321	0.999994493201698
4265	0.944750927238365	0.235688980282984	1.1051432605119	0.213265545476712	0.831119846072448	0.999994493201698
4266	0.29076829270932	0.239749673515231	0.906140553072897	0.264583317347617	0.791330473086318	0.999994493201698
4267	1.59174725959211	-0.0356002944107405	1.02268566827205	-0.0348105928490143	0.972230773879929	0.999994493201698
4268	2.79613079445285	-0.0374300265099414	1.15868021122673	-0.0323040180951335	0.974229604902116	0.999994493201698
4269	5.86169852709885	-0.0350451957464873	1.03978436560091	-0.0337042918761661	0.973112956496333	0.999994493201698
4270	0.470475451099866	-0.250418363905278	0.916882703445311	-0.27311930191757	0.784761509807324	0.999994493201698
4271	0.816774310968573	0.129877369156715	0.926905324957659	0.140119347315917	0.888565694446357	0.999994493201698
4272	3.34551087580974	-0.184633340210741	1.06501860798362	-0.173361609672064	0.862367199199185	0.999994493201698
4273	2.13148248266572	-0.0965450909692948	1.0877843740917	-0.0887538865870451	0.929277506168022	0.999994493201698
4274	1.33170968052146	-0.0585732116499048	1.07903577004518	-0.0542829193210639	0.956709757894511	0.999994493201698
4275	23.5604130762202	-0.504816628485588	1.00235800473328	-0.503629068757641	0.614522061470553	0.999994493201698
4276	15.7138699865946	-0.261441909737203	0.76114437437479	-0.343485307832635	0.731233391922545	0.999994493201698
4277	2.35904461309964	-0.127605175885485	1.16513858431064	-0.10951931178297	0.912790605312523	0.999994493201698
4278	1.71972387586191	-0.0182900864758503	1.15903519748601	-0.0157804409352901	0.987409552367644	0.999994493201698
4279	1.39843364596761	0.289116901656264	1.07341911211686	0.269342047661238	0.787666477925988	0.999994493201698
4280	2.78558786677516	-0.117051563668058	1.14242686926092	-0.102458692820997	0.918392598599639	0.999994493201698
4281	1.37085248675851	0.459304556320669	0.992303028460627	0.46286723223368	0.643459536304146	0.999994493201698
4282	0.0692597719737415	0.240195307785242	0.894972942750804	0.268382759200489	0.788404709040391	0.999994493201698
4283	1.09405889802433	0.368708999170277	1.04365708409704	0.353285580856549	0.723874354294403	0.999994493201698
4284	0.512276813444899	0.22591764824148	0.918793433127904	0.245885135979232	0.805771150428495	0.999994493201698
4285	3.6480002878345	0.141100904847903	1.04509023836031	0.135013130607059	0.892601492667137	0.999994493201698
4286	4.9613707956064	-0.341201251336682	1.10410961237031	-0.309028422100401	0.757299906562262	0.999994493201698
4287	2.79878935056084	-0.305607854578276	1.1636391824814	-0.262631113818789	0.792834916292252	0.999994493201698
4288	0.803045106154219	0.263818294362586	0.926295631884192	0.284810038266023	0.775789681182729	0.999994493201698
4289	1.25190698087003	-0.262541598939537	1.14182670759961	-0.229931212146423	0.818145222233661	0.999994493201698
4290	0.584195141526627	-0.201796171991603	0.969575972553647	-0.208128272259178	0.83512881241878	0.999994493201698
4291	4.21087982656046	-0.347432127958246	0.984634230870623	-0.352854001075144	0.724197897249833	0.999994493201698
4292	7.87559940135139	-0.132916142045784	0.721170608145139	-0.184306099755849	0.853773328986108	0.999994493201698
4293	2.42740631567897	-0.279256581237292	1.11025300119109	-0.251525175737155	0.801408100265637	0.999994493201698
4294	8.83664889238238	0.0535023682588852	0.79971520418163	0.0669017770065228	0.946659898363464	0.999994493201698
4295	0.527061460316607	0.507439633757949	0.962800629720254	0.527045390389273	0.598162068150721	0.999994493201698
4296	5.71769819939881	0.518347375582852	0.798293604595493	0.649319213631313	0.516132069249169	0.999994493201698
4297	3.70962328702387	-0.0383882347426796	0.99053368194718	-0.0387551028726418	0.969085640637455	0.999994493201698
4298	0.858575673313606	0.444619619445601	0.926397477953201	0.479944764560404	0.631266669544097	0.999994493201698
4299	7.06694028002966	-0.104797592464639	0.831445093565595	-0.126042709585575	0.899698116782472	0.999994493201698
4300	10.3826699153859	0.0281872188041417	0.746026448798796	0.0377831360396497	0.969860590262067	0.999994493201698
4301	2.35784647049729	0.601333918899077	1.15711705154711	0.519682877453987	0.603284622981362	0.999994493201698
4302	3.93215052710971	0.440475307343568	1.15840949879004	0.380241449853134	0.703766193276107	0.999994493201698
4303	10.4255791942109	-0.141802386629681	0.683715096348859	-0.207399818121505	0.835697624629718	0.999994493201698
4304	9.23684375253371	-0.0828238398612049	0.716498218887262	-0.115595318561757	0.907973273280916	0.999994493201698
4305	4.58761142648444	0.0944005013173458	0.91454986149308	0.10322072671164	0.917787790237491	0.999994493201698
4306	6.48286681745157	0.687260253379058	0.849771839042167	0.808758565303498	0.418654033852915	0.999994493201698
4307	0.608994995047349	-0.0538793284577328	0.922266213845389	-0.0584205814426215	0.95341362114809	0.999994493201698
4308	2.99324443311599	0.0602118795615703	1.15297111722937	0.0522232332291738	0.95835082075017	0.999994493201698
4309	0.971681615838397	-0.253749667955373	1.03005964465625	-0.246344635741996	0.805415459990607	0.999994493201698
4310	3.12796395202484	-0.156012257929216	1.14912473631586	-0.135766164454345	0.892006140193667	0.999994493201698
4311	1.88263830188183	0.00700591576104681	1.11769295231514	0.00626819355578385	0.994998737887878	0.999994493201698
4312	1.84664505007434	-0.218078571881572	1.13781629732119	-0.191664131015705	0.848005304330615	0.999994493201698
4313	3.24520144562235	-0.000313218723936555	1.14763907927988	-0.000272924414645318	0.999782237825992	0.999994493201698
4314	3.22631460087951	0.133466555001238	1.15487706788078	0.115567759299396	0.907995116003035	0.999994493201698
4315	5.15214650307877	0.0752303067493677	0.907838116352067	0.0828675348548515	0.933956868658581	0.999994493201698
4316	1.67526395740889	0.0122510712092971	1.1143445660049	0.0109939704316226	0.991228257433973	0.999994493201698
4317	5.15756641391054	0.237484428443137	0.84157731113125	0.282189675626961	0.777798074423834	0.999994493201698
4318	0.983279985573442	0.139820912493375	1.03009425518274	0.13573603754209	0.892029957520495	0.999994493201698
4319	1.28777748309712	0.101658303101855	1.07317466574427	0.0947267079132477	0.924531903514665	0.999994493201698
4320	2.10773807120235	0.0211740604477691	1.16494042577696	0.0181760886473204	0.985498377980873	0.999994493201698
4321	1.06635498923483	0.543972620002267	0.941849337965551	0.577558000069608	0.56356256972958	0.999994493201698
4322	4.06268080124714	-0.461438954660964	1.0174526213646	-0.453523775919987	0.650171626803753	0.999994493201698
4323	3.45657201012852	0.114423052138163	1.05953077017575	0.10799408130373	0.914000387187347	0.999994493201698
4324	3.92528487489025	0.267387563013742	1.02692023446215	0.260378122896552	0.794572116514931	0.999994493201698
4325	4.04868404668285	0.310901579658953	1.05208806682621	0.295509082806	0.767605014915999	0.999994493201698
4326	0.152776469790514	0.287668459808028	0.895800382900943	0.321130092483827	0.748111806519751	0.999994493201698
4327	2.12433460857838	0.0764301490024268	1.15471140630182	0.0661898276792889	0.947226695351424	0.999994493201698
4328	2.33991226919602	0.0946851875208924	1.16505850007466	0.081270758090538	0.935226628707162	0.999994493201698
4329	5.39502310103762	0.287023088666098	0.9989746470307	0.287317690713403	0.773869078229138	0.999994493201698
4330	2.04861625545802	-0.10172976015074	1.12911406275666	-0.090096973818902	0.928210153983793	0.999994493201698
4331	5.68559626938421	-0.291352512915975	0.889891626905161	-0.327402241022575	0.743363671693832	0.999994493201698
4332	6.80874814391402	0.227247720018204	0.775981642044959	0.292851928067956	0.76963533447055	0.999994493201698
4333	8.36709038204397	0.37285822303816	0.992055901015775	0.375843964696331	0.707032900899669	0.999994493201698
4334	0.512276813444899	0.22591764824148	0.918793433127904	0.245885135979232	0.805771150428495	0.999994493201698
4335	0.373757269497416	0.0695162270399921	0.912834789865967	0.0761542261663791	0.939296399111268	0.999994493201698
4336	0.29076829270932	0.239749673515231	0.906140553072897	0.264583317347617	0.791330473086318	0.999994493201698
4337	1.59174725959211	-0.0356002944107405	1.02268566827205	-0.0348105928490143	0.972230773879929	0.999994493201698
4338	2.79613079445285	-0.0374300265099414	1.15868021122673	-0.0323040180951335	0.974229604902116	0.999994493201698
4339	5.86169852709885	-0.0350451957464873	1.03978436560091	-0.0337042918761661	0.973112956496333	0.999994493201698
4340	0.539735223073607	-0.140838673864714	0.919956491284329	-0.15309275514551	0.878325129086801	0.999994493201698
4341	3.38372098956983	0.0842339327414884	1.14407742801314	0.073626076941115	0.941307921049311	0.999994493201698
4342	4.20093489506924	0.399352012362413	0.943237629818277	0.423384309253386	0.672014890985643	0.999994493201698
4343	22.4505581635481	0.149020172735961	0.867246243804154	0.1718314421084	0.863570045926874	0.999994493201698
4344	1.94450470060744	0.380386284452158	1.16533778053773	0.32641719062488	0.74410873294783	0.999994493201698
4345	1.47288778057693	-0.278297875762087	1.10628113435098	-0.251561621292001	0.801379926504024	0.999994493201698
4346	5.08536796358547	0.351977026896022	1.0168923348103	0.346130081668562	0.729244957169929	0.999994493201698
4347	1.95443388038316	-0.186402670101998	1.13605479527842	-0.164078943090342	0.869668998125764	0.999994493201698
4348	1.37076645988521	0.0336638854326901	1.08302388591865	0.0310832345162319	0.975203160127298	0.999994493201698
4349	9.07148481674045	-0.61541672992862	0.695437101159879	-0.884935142088626	0.37619161301505	0.999994493201698
4350	2.10259828261393	-0.195881336253949	1.1575325269989	-0.16922318093454	0.865621096984002	0.999994493201698
4351	3.55378119005254	0.495142524777369	1.08516852483059	0.456281686620673	0.64818743129025	0.999994493201698
4352	9.9012245145709	0.30491943541358	0.725279408842602	0.420416506653855	0.674181211649923	0.999994493201698
4353	9.47462883707764	-0.163368758315725	1.01372552688533	-0.161156796374336	0.87196990776043	0.999994493201698
4354	7.59675262220119	-0.435473920729122	0.824257976980695	-0.52832236131252	0.597275613872913	0.999994493201698
4355	0.512276813444899	0.22591764824148	0.918793433127904	0.245885135979232	0.805771150428495	0.999994493201698
4356	0.691983971835444	-0.127644093173444	0.924312353398394	-0.138096275251692	0.890164329491788	0.999994493201698
4357	4.48876450942723	0.0289370462353236	1.08611181772817	0.026642787384315	0.97874464596247	0.999994493201698
4358	6.45537905462127	-0.273823041875655	0.897451453205452	-0.30511181512675	0.760280992821522	0.999994493201698
4359	3.93702384554575	0.324370819192969	0.981323811178168	0.330544123660397	0.740988858475107	0.999994493201698
4360	0.748042260023509	0.26951095849339	0.993985973673034	0.271141611281976	0.786282118669824	0.999994493201698
4361	3.66725538131851	-0.100851484513485	1.02581995270345	-0.0983130463076889	0.92168371891353	0.999994493201698
4362	7.98571209147769	0.0906214310392378	0.831073760475311	0.109041381582556	0.913169668244396	0.999994493201698
4363	0.456746246285511	-0.0496748402155329	0.917017203439013	-0.054170019961721	0.956799706205986	0.999994493201698
4364	2.00232557513363	-0.789867596410389	1.15331457447391	-0.684867436770832	0.493427575979547	0.999994493201698
4365	2.52947306232353	0.320750245756659	1.11507686298473	0.287648552672957	0.773615775173992	0.999994493201698
4366	3.65000837333341	-0.18647935757838	1.04955282123192	-0.177675057230086	0.858978174993158	0.999994493201698
4367	10.6202954770375	0.347332867348566	0.786997778993537	0.441339069333534	0.65896754583596	0.999994493201698
4368	3.60510676072501	0.136992643623517	1.14063450146481	0.120102139158153	0.904402237856032	0.999994493201698
4369	3.15089632096709	-0.039331830580469	1.16133112330514	-0.0338678864203096	0.972982501413953	0.999994493201698
4370	7.27570789146769	-0.384741228847232	0.856405433060597	-0.44925127047858	0.653250405845198	0.999994493201698
4371	4.7357967997068	-0.0147082732007651	1.09321962521881	-0.0134540881461227	0.989265514635488	0.999994493201698
4372	5.63765210021113	-0.00668743423972748	0.859207252904412	-0.00778326092700182	0.993789918973947	0.999994493201698
4373	1.85444339477075	-0.257696066555357	1.05816919884252	-0.243530114878829	0.807594758884613	0.999994493201698
4374	10.4875200673434	0.112055630529522	0.909405342930624	0.123218575083817	0.901934016864562	0.999994493201698
4375	5.44937337693471	0.22137078189238	0.851849440029836	0.259870784072625	0.794963448138979	0.999994493201698
4376	1.77464069511932	-0.549884038305812	1.16047717263606	-0.473843046009026	0.635611835756304	0.999994493201698
4377	1.34621210552528	-0.266583349050995	1.16169184425891	-0.229478540603045	0.818496997761382	0.999994493201698
4378	7.17807276910378	-0.166644365284888	0.783718544149333	-0.212632923552636	0.831613289348715	0.999994493201698
4379	6.30053572603559	0.753999613383124	0.792117124654117	0.951878945569271	0.341158378486624	0.999994493201698
4380	4.98409018884588	-0.236732091236159	0.93491755870665	-0.253211728704347	0.800104603595086	0.999994493201698
4381	1.04792768998744	0.139623038760161	1.11748246130558	0.124944277512004	0.900567664614905	0.999994493201698
4382	0.360028064683062	0.321338623915366	0.910789231808641	0.35281337623772	0.724228355060832	0.999994493201698
4383	1.19118205107506	0.347847111183862	1.11985266894425	0.31061863835338	0.756090556281546	0.999994493201698
4384	1.01666925532009	-0.179085679268042	1.12002755589666	-0.159893993969345	0.872964579768364	0.999994493201698
4385	2.48334185428664	0.107420024614006	1.13014479829499	0.0950497889970085	0.924275280002343	0.999994493201698
4386	2.41049083372795	0.10379521160153	1.1220090072632	0.0925083586046308	0.926294150493823	0.999994493201698
4387	7.06646606241628	-0.322281694493267	0.786149998487156	-0.409949367313434	0.681843090212062	0.999994493201698
4388	11.2422443570851	0.490795414137111	0.717350357818497	0.684178112951178	0.49386270129355	0.999994493201698
4389	4.04097592810883	0.37810368534806	1.05153453321913	0.359573245959454	0.71916629379352	0.999994493201698
4390	2.50916252678216	0.301606002866377	1.15072766836156	0.26210024418359	0.793244158528202	0.999994493201698
4391	18.9564652999267	0.063924688723036	0.915424931920259	0.0698306179939224	0.944328477019511	0.999994493201698
4392	5.38231261557352	0.395945283975964	0.937888130734127	0.422166856580262	0.672903231367017	0.999994493201698
4393	0.874963434235947	-0.0333687781076612	1.01290153343952	-0.0329437531744578	0.973719441728167	0.999994493201698
4394	1.38989880378883	-0.216465422109518	1.09661649284905	-0.197393914391287	0.843519291547942	0.999994493201698
4395	1.30437402047314	0.186910031492238	1.12712592354488	0.165828881749428	0.868291616448007	0.999994493201698
4396	0.9013464508427	0.609845306270119	1.03238975775382	0.590712278662048	0.554713219454523	0.999994493201698
4397	5.72192524647487	0.313786722462581	0.976637848877549	0.321292813731534	0.747988501780318	0.999994493201698
4398	3.00403285995447	0.0476116288031429	1.16297315900855	0.0409395766654945	0.967344066264678	0.999994493201698
4399	4.45366722738961	0.448236143278495	1.02027557036549	0.439328507216854	0.660423521058358	0.999994493201698
4400	2.29031256215457	-0.0698610364501596	1.14877201418585	-0.0608136650157439	0.951507607356274	0.999994493201698
4401	6.1690633571842	0.0316004528278758	1.02367301659537	0.0308696745108859	0.975373474626591	0.999994493201698
4402	6.56218061840597	0.156209406882224	1.00391491636669	0.15560024493666	0.876348131862683	0.999994493201698
4403	3.4500767062748	0.362803498171017	1.16384783073926	0.311727606125768	0.755247545985137	0.999994493201698
4404	5.45741932041646	0.145200273655568	1.07531257251992	0.135030759768112	0.892587554267523	0.999994493201698
4405	11.3292946097882	0.155385196808111	0.871207416996067	0.178356145478973	0.858443287871844	0.999994493201698
4406	3.98850888850571	0.13003286067968	1.0103473710754	0.128701142203472	0.897594131580345	0.999994493201698
4407	4.21087982656046	-0.347432127958246	0.984634230870623	-0.352854001075144	0.724197897249833	0.999994493201698
4408	0.373757269497416	0.0695162270399921	0.912834789865967	0.0761542261663791	0.939296399111268	0.999994493201698
4409	1.26310037915679	-0.0521822238314777	1.15899813518223	-0.0450235615118338	0.964088528623884	0.999994493201698
4410	1.04159185842121	-0.149773597407147	1.14847820363541	-0.130410483135902	0.896241673076832	0.999994493201698
4411	5.65369886596933	1.08227278450252	0.864858117462492	1.25138767001219	0.210793073567755	0.999994493201698
4412	4.01596729813442	-0.0514185655144766	1.006864689394	-0.0510679995595276	0.959271335358853	0.999994493201698
4413	0.747637288575226	0.0383989320083922	0.983774174469437	0.0390322626929104	0.968864666295912	0.999994493201698
4414	3.36068162276268	-0.450026260320688	1.01131330662034	-0.444991930171085	0.656325585951554	0.999994493201698
4415	1.79952657551334	0.0815235439768946	1.05075912228606	0.0775853782734996	0.938157873765745	0.999994493201698
4416	4.85372148662048	0.397470161331628	0.96341919802597	0.412562010541245	0.67992753936467	0.999994493201698
4417	2.24863184976538	0.318156521768372	1.15687823917808	0.27501297110957	0.783306272909063	0.999994493201698
4418	4.49043584961597	-0.764539067277546	1.0498604375385	-0.72822923880252	0.46647327023067	0.999994493201698
4419	1.90997396193014	-0.131142120467971	1.06424265862055	-0.123225769429272	0.901928320021576	0.999994493201698
4420	4.45754069784244	-0.0353228204945388	0.934167071971264	-0.0378121018759537	0.969837495371757	0.999994493201698
4421	1.01372847734422	-0.00575088124952645	1.10438655210068	-0.00520730829127497	0.995845187888082	0.999994493201698
4422	1.26003685160052	0.156198993465822	1.06214577045875	0.147059846030699	0.883084783444522	0.999994493201698
4423	1.41788493444622	-0.416276601787097	1.15232924142762	-0.361247972212673	0.717914083326612	0.999994493201698
4424	9.01162333325734	-0.0020393182291331	0.888024440222405	-0.00229646633219053	0.998167686579671	0.999994493201698
4425	19.2472084223953	-0.12567628224057	0.86102052370558	-0.145962005295409	0.883951382512894	0.999994493201698
4426	5.4162317059734	0.331786296962933	1.07533954478089	0.308540961385864	0.757670736788664	0.999994493201698
4427	0.691983971835444	-0.127644093173444	0.924312353398394	-0.138096275251692	0.890164329491788	0.999994493201698
4428	0.747514538994832	0.0779565186862294	0.925660442402039	0.0842171871187846	0.932883753388265	0.999994493201698
4429	2.49277476585982	0.691548294051459	1.16530241678461	0.593449635125301	0.55288027956452	0.999994493201698
4430	1.4285506117043	-0.366015917657055	1.13766242074956	-0.321726296818262	0.747660054209602	0.999994493201698
4431	5.18548119877827	0.439830072617273	0.971687278027986	0.45264570460354	0.650803882280139	0.999994493201698
4432	3.41987371366481	0.390459646629048	1.16395583245264	0.335459160685064	0.737278746744888	0.999994493201698
4433	1.1350010133066	-0.0143614569748769	0.947683310507088	-0.0151542786663536	0.987909097807421	0.999994493201698
4434	1.61920566922082	-0.212551187735837	1.02715133892343	-0.2069326881846	0.836062427514818	0.999994493201698
4435	3.5329796561896	-0.0114441437914483	1.13841953852489	-0.010052659326523	0.991979273418954	0.999994493201698
4436	2.99030365514011	0.133592337253814	1.16283498582113	0.114885034319361	0.908536247428924	0.999994493201698
4437	2.68438036719336	-0.0728244073756504	1.09632347837263	-0.0664260218925076	0.947038653476203	0.999994493201698
4438	6.75244645618971	-0.309741293908045	0.868422682279319	-0.356671123668808	0.721338025532105	0.999994493201698
4439	6.79176238680521	-0.153441471800664	0.958492999122932	-0.160086168538602	0.872813196562897	0.999994493201698
4440	1.01082442207544	0.369383460593564	0.929048516566354	0.397593294652425	0.690930004015007	0.999994493201698
4441	1.25190698087003	-0.262541598939537	1.14182670759961	-0.229931212146423	0.818145222233661	0.999994493201698
4442	0.584195141526627	-0.201796171991603	0.969575972553647	-0.208128272259178	0.83512881241878	0.999994493201698
4443	4.21087982656046	-0.347432127958246	0.984634230870623	-0.352854001075144	0.724197897249833	0.999994493201698
4444	9.3454582774546	-0.107216173743771	0.709573418626093	-0.151099478826824	0.879897243616593	0.999994493201698
4445	0.96902305973041	0.102223741884738	0.929247496265328	0.110007013519625	0.912403812691952	0.999994493201698
4446	5.75668680322932	0.0423879539152067	0.786616085792579	0.0538864570414898	0.957025626703875	0.999994493201698
4447	8.60862516743335	-0.29602333199599	1.00634439679619	-0.294157082742661	0.768637873548049	0.999994493201698
4448	7.59675262220119	-0.435473920729122	0.824257976980695	-0.52832236131252	0.597275613872913	0.999994493201698
4449	0.512276813444899	0.22591764824148	0.918793433127904	0.245885135979232	0.805771150428495	0.999994493201698
4450	0.512276813444899	0.22591764824148	0.918793433127904	0.245885135979232	0.805771150428495	0.999994493201698
4451	0.96902305973041	0.102223741884738	0.929247496265328	0.110007013519625	0.912403812691952	0.999994493201698
4452	4.5850777195814	0.148952953581446	1.02808789650093	0.144883481352522	0.884802868785486	0.999994493201698
4453	0.792097207028245	-0.00650734492535755	1.07553077909664	-0.00605035676507852	0.995172543202784	0.999994493201698
4454	2.85301687687753	-0.586228721569634	1.07522993567483	-0.545212425844254	0.58560742639271	0.999994493201698
4455	27.5919088702828	0.0338300301021679	1.00439052018918	0.0336821479515714	0.973130614765911	0.999994493201698
4456	3.10206983411511	-0.172572935594811	1.08617018088909	-0.158882041351523	0.873761809883771	0.999994493201698
4457	0.304497497523674	-0.0431887436667238	0.908039688221683	-0.0475626167302282	0.962064825819556	0.999994493201698
4458	0.67825476702109	0.0176760356260149	0.924150990095805	0.0191267831939264	0.98473996543691	0.999994493201698
4459	7.55999770267065	-0.519363544044339	0.887109761138591	-0.585455787768296	0.558241286538972	0.999994493201698
4460	3.63291565694593	-0.813244130757112	0.992770388174579	-0.819166385746492	0.412691490317804	0.999994493201698
4461	2.24319408759357	0.272838872247257	1.16441706740506	0.234313700721758	0.814741450317709	0.999994493201698
4462	1.0245536268898	0.251970176393316	0.929640738949095	0.271040377036567	0.786359977753744	0.999994493201698
4463	2.20323923883541	0.0545772245214028	1.13253491566676	0.0481903239947985	0.96156456156329	0.999994493201698
4464	17.5818453115875	-0.147589301828779	0.791888163386926	-0.186376446388005	0.852149561870808	0.999994493201698
4465	0.857961925411636	-0.241227698790161	0.927245872170277	-0.260155052753756	0.794744173470795	0.999994493201698
4466	2.21038711292275	-0.166241791832649	1.15529796028092	-0.143895166050693	0.88558325289561	0.999994493201698
4467	9.73003752624118	0.181073941801517	0.768772631174309	0.235536404990023	0.81379242640483	0.999994493201698
4468	117.542736299355	-0.279851321688773	1.14907003273712	-0.243545922977523	0.807582514399408	0.999994493201698
4469	1.55092789389023	0.228016339187324	1.09880190308181	0.207513600538738	0.835608772146059	0.999994493201698
4470	3.72077786297899	0.459980030926366	1.0159715910361	0.452748910486041	0.650729555815596	0.999994493201698
4471	7.23258563693991	-0.128150698104236	0.820913146718292	-0.156107498846297	0.87594828760784	0.999994493201698
4472	3.02029787129641	-0.254276262747426	1.16095872531355	-0.219022655330621	0.82663239979519	0.999994493201698
4473	1.5642888499634	0.141419536036676	1.0189747792317	0.138786100420763	0.889619177939287	0.999994493201698
4474	0.803167855734613	0.29617469507646	0.993753114000661	0.298036495084898	0.765675309561592	0.999994493201698
4475	0.443017041471157	0.156043573514936	0.916230155050019	0.170310453825237	0.864765990402077	0.999994493201698
4476	9.32101092095955	-0.031636235368068	0.701597305615975	-0.0450917287093807	0.964034194252009	0.999994493201698
4477	1.64829654610175	0.132822235927479	1.15325070377853	0.115172039776171	0.908308760202175	0.999994493201698
4478	2.76867238482414	0.131659729860883	1.15814123692391	0.113681928993892	0.909489938214932	0.999994493201698
4479	1.77590491363036	0.316604722102176	1.1633200743002	0.272156158134407	0.785501950584611	0.999994493201698
4480	1.74992686847189	-0.0506772510647039	1.13016248677312	-0.0448406770334409	0.96423430210041	0.999994493201698
4481	0.691983971835444	-0.127644093173444	0.924312353398394	-0.138096275251692	0.890164329491788	0.999994493201698
4482	4.58381140144581	-0.23509766116881	0.948310949747508	-0.247911996831215	0.804202497484816	0.999994493201698
4483	0.512276813444899	0.22591764824148	0.918793433127904	0.245885135979232	0.805771150428495	0.999994493201698
4484	1.50928600383269	0.137517756005015	1.09876863765077	0.125156244265431	0.900399856810928	0.999994493201698
4485	0.304497497523674	-0.0431887436667238	0.908039688221683	-0.0475626167302282	0.962064825819556	0.999994493201698
4486	0.539735223073607	-0.140838673864714	0.919956491284329	-0.15309275514551	0.878325129086801	0.999994493201698
4487	0.803045106154219	0.263818294362586	0.926295631884192	0.284810038266023	0.775789681182729	0.999994493201698
4488	1.0163870334522	-0.735860765422528	1.11098861584397	-0.662347709893975	0.507748407091116	0.999994493201698
4489	2.81776012255241	-0.165787560930403	1.09005205059659	-0.152091416955425	0.879114833731965	0.999994493201698
4490	3.00718241438403	0.342191850874755	1.16128963981915	0.294665378163579	0.768249513655818	0.999994493201698
4491	0.304497497523674	-0.0431887436667238	0.908039688221683	-0.0475626167302282	0.962064825819556	0.999994493201698
4492	0.96902305973041	0.102223741884738	0.929247496265328	0.110007013519625	0.912403812691952	0.999994493201698
4493	8.5839501125127	0.280064728761596	0.905193939450892	0.309397485506243	0.757019182899859	0.999994493201698
4494	0.913615242151417	-0.138594174791587	1.00820145572207	-0.137466747349938	0.890661874954573	0.999994493201698
4495	5.54623005983306	-0.20183180161304	0.896283258560268	-0.225187517099505	0.821833399992804	0.999994493201698
4496	25.3887221744063	-0.616464569377125	1.03980859620032	-0.592863505485355	0.553272503238251	0.999994493201698
4497	1.27352055725408	0.0726281432037671	0.972535986729069	0.0746791318725772	0.940470011654037	0.999994493201698
4498	2.25808261267862	-0.240827308042276	1.1511124630104	-0.209212666686331	0.834282224636405	0.999994493201698
4499	43.7887979843219	0.0223786099911517	1.09929367901794	0.0203572625025404	0.98375837636066	0.999994493201698
4500	0	NA	NA	NA	NA	NA
4501	11.897848046196	-0.360064748566282	0.657875755744706	-0.547314208529685	0.5841628839904	0.999994493201698
4502	1.65217001655459	0.356390949370536	1.16492900738387	0.305933620943046	0.759655186651778	0.999994493201698
4503	2.0479269625173	0.297697640348128	1.1523287453702	0.258344367043007	0.796141148119477	0.999994493201698
4504	0.637067152578028	0.524080420289925	0.920761790777276	0.569181329567895	0.569233089701161	0.999994493201698
4505	3.61617740943138	0.269632459462503	1.15082233130606	0.234295470402021	0.814755602169095	0.999994493201698
4506	3.67093265677675	0.348347142039555	1.00160812439913	0.347787855902757	0.727999510591034	0.999994493201698
4507	7.58258172323146	-0.182703164855643	0.878190545137113	-0.20804501468086	0.835193819602142	0.999994493201698
4508	1.28790023267751	0.0724295245055816	1.12610397218715	0.0643186830829726	0.948716477306513	0.999994493201698
4509	7.08744282028222	-0.590691004153614	0.933313315140103	-0.632896793147051	0.526801042112313	0.999994493201698
4510	7.08881930653911	-0.521028774833551	0.756754329092331	-0.688504518313738	0.491135125952796	0.999994493201698
4511	2.46222137584871	-0.200982778851967	1.130929522459	-0.177714680588554	0.858947055334871	0.999994493201698
4512	7.73204496705582	-0.238166250701948	0.765878127658313	-0.310971474574088	0.75582230723038	0.999994493201698
4513	8.3771738148311	0.19462103173392	0.720036722916113	0.270293202471278	0.786934694449626	0.999994493201698
4514	3.48851455704669	0.29753559490241	1.12293503569905	0.264962429208729	0.791038404805262	0.999994493201698
4515	3.54880087375161	-0.156237349133041	0.997052111796412	-0.156699281095292	0.875481853684185	0.999994493201698
4516	9.54581061707213	0.330746138974269	0.713651343167512	0.463456199082126	0.643037403846201	0.999994493201698
4517	5.1042548083283	0.245114250454779	1.00557916671935	0.243754304551129	0.807421112609726	0.999994493201698
4518	4.05959732272627	0.447202211906652	0.942529726976405	0.474470140418019	0.635164686028944	0.999994493201698
4519	1.32905112441347	0.209952263062955	0.982635957456386	0.213662304406639	0.830810409206425	0.999994493201698
4520	2.98109839138767	0.483920317739219	1.12730870844885	0.42927045104183	0.667726418149905	0.999994493201698
4521	0.0829889767880956	-0.248659012986504	0.893865399747027	-0.278183955947816	0.780871150271919	0.999994493201698
4522	10.7062430831415	0.453984004140202	0.708013064534286	0.641208512781925	0.52138721953926	0.999994493201698
4523	5.59753777916548	0.247186373164481	0.80220765634065	0.308132652699983	0.757981395935159	0.999994493201698
4524	3.37463847539777	0.399434218529838	1.03002965554155	0.387789047024895	0.698172151708578	0.999994493201698
4525	4.56175613090636	-0.141174734809846	0.960005716560135	-0.147056139744354	0.883087708829273	0.999994493201698
4526	0.152248748761837	-0.0100772420010255	0.899746354916655	-0.0112000920547869	0.991063806299399	0.999994493201698
4527	0.138519543947483	0.395398105903997	0.89763237952822	0.440490021217607	0.659582238041294	0.999994493201698
4528	5.93424635479805	-0.0326367204040113	0.812492084840507	-0.040168662578932	0.967958661096409	0.999994493201698
4529	2.90463836009506	0.08248351251819	1.13440357782683	0.0727109065331082	0.94203616936626	0.999994493201698
4530	2.82371195366195	-0.252303736927559	1.16040245717123	-0.217427785824078	0.827874979147244	0.999994493201698
4531	9.89641206905566	-0.0109487728770842	0.970324818557013	-0.0112836162362273	0.990997167855586	0.999994493201698
4532	2.71580037377274	-0.257294517965863	1.16440408930497	-0.220966690454893	0.825118369078306	0.999994493201698
4533	0.304497497523674	-0.0431887436667238	0.908039688221683	-0.0475626167302282	0.962064825819556	0.999994493201698
4534	3.54283329092657	0.337947275030335	1.04452709118371	0.323540938174574	0.746285609025489	0.999994493201698
4535	7.75026348984953	0.231122609707584	0.706610405856095	0.32708633752367	0.743602585063197	0.999994493201698
4536	13.3336891433415	-0.232464350927244	0.822247410915089	-0.28271825224543	0.777392823563322	0.999994493201698
4537	10.0697466731729	0.018372876122134	1.16430589471315	0.0157801108845718	0.98740981567723	0.999994493201698
4538	25.3178214903468	0.164193305677027	1.00461415833506	0.163439171461751	0.870172663142966	0.999994493201698
4539	2.10259828261393	-0.195881336253949	1.1575325269989	-0.16922318093454	0.865621096984002	0.999994493201698
4540	1.37428426305596	0.513280550707341	1.16224653626472	0.441627946130038	0.658758457862656	0.999994493201698
4541	3.98458611388668	-0.163730709583586	1.08233114696428	-0.151275984288928	0.879758013009307	0.999994493201698
4542	0.753568148693169	0.041358877763194	0.978527612861845	0.0422664391066431	0.966286299079464	0.999994493201698
4543	1.93816886904121	0.157155481089627	1.12190543206529	0.140079080284265	0.888597509126196	0.999994493201698
4544	11.502027034758	-0.184766114622363	0.810004837781325	-0.228104951975909	0.819564650452677	0.999994493201698
4545	3.48427591891801	-0.183990556722337	1.04910731180624	-0.175378204547599	0.860782465413534	0.999994493201698
4546	4.50888411985496	-0.518262629090371	0.946867310421437	-0.54734451531514	0.58414206645745	0.999994493201698
4547	11.9846002271588	0.257165283182534	0.896463666335287	0.286866376005864	0.77421463696019	0.999994493201698
4548	14.4529665094601	0.0141322330960778	0.833048955774099	0.0169644688924022	0.986464961407001	0.999994493201698
4549	6.25949608201848	-0.321638163478961	0.749205777984971	-0.429305503147644	0.667700912493288	0.999994493201698
4550	2.57829954917551	0.346113599215417	1.16168621497276	0.297940695821663	0.765748426864439	0.999994493201698
4551	3.38308729070326	0.355131640332998	1.07095507201325	0.331602743769072	0.740189247481589	0.999994493201698
4552	2.45428243023185	0.236172930460427	1.14000435813288	0.207168445256855	0.835878309746775	0.999994493201698
4553	2.48255078275712	0.285565237826701	1.1518521529525	0.247918308868653	0.804197613623302	0.999994493201698
4554	5.24661110002152	0.256230492855049	0.911707135043443	0.281044737949583	0.778676086155855	0.999994493201698
4555	3.1461436524869	0.12634553227331	1.11378623752636	0.113437864480992	0.909683421921919	0.999994493201698
4556	1.90662611288144	0.639228999711487	1.15831299701535	0.551862062636439	0.581042862208102	0.999994493201698
4557	12.0271412662083	-0.176128076609214	0.864866904190681	-0.203647608384355	0.838628886541211	0.999994493201698
4558	10.6768699843927	-0.0402497000363347	0.731608139410192	-0.0550153803220167	0.956126210625008	0.999994493201698
4559	2.81100146819785	0.502407245156979	1.1633324941515	0.431869003644929	0.665836624067529	0.999994493201698
4560	4.54037020234304	0.36469433536238	0.951600416627712	0.38324314385526	0.701539491352487	0.999994493201698
4561	3.60084509056639	0.810857785965342	1.13718991289007	0.713036386248464	0.475823241678455	0.999994493201698
4562	2.77553593741905	0.433913729478448	1.13651277169036	0.381793975648052	0.702614187630962	0.999994493201698
4563	5.23219470189099	0.110879418630132	0.942226325640472	0.117678115769863	0.906322707364062	0.999994493201698
4564	12.0681767272645	0.290411750549334	0.864480013831931	0.335938073642724	0.736917565201497	0.999994493201698
4565	2.88994282116198	0.00610241540928233	1.07020152528679	0.00570211802645959	0.995450392717261	0.999994493201698
4566	1.52787067574304	1.01566588523347	1.15989126203982	0.875656122667301	0.381217005287631	0.999994493201698
4567	21.5635578446438	-0.326588872331314	0.917400775008834	-0.355993673896961	0.721845302759608	0.999994493201698
4568	2.26922670679919	-0.288623649712819	1.12409578553263	-0.256760725756178	0.797363490131043	0.999994493201698
4569	4.09318278746752	-0.0600571978102273	0.919973793262695	-0.0652814224166473	0.947949933552845	0.999994493201698
4570	18.7461900927394	0.194768339472313	0.855462512451454	0.227676066031433	0.819898080342531	0.999994493201698
4571	2.88295441936213	0.45321338118891	1.08612254425117	0.41727646994141	0.676476197343908	0.999994493201698
4572	2.30763301555387	-0.233471340232053	1.1472648568271	-0.203502564244621	0.838742241638645	0.999994493201698
4573	8.01042591812512	-0.117027882908402	0.825251121793214	-0.141808814090562	0.887231021796143	0.999994493201698
4574	1.5264102622374	0.452547153455573	1.16459576576445	0.388587325112349	0.697581444422926	0.999994493201698
4575	1.06639171194193	0.0127703892086557	1.10578120080264	0.0115487487030763	0.990785636539144	0.999994493201698
4576	2.55934452889944	-0.201406921652506	1.13367564187954	-0.177658330312708	0.85899131215717	0.999994493201698
4577	7.74165202303445	0.819360088583457	0.780704829899168	1.04951328236215	0.293941945318292	0.999994493201698
4578	3.05299784810235	-0.232630263937769	1.06249841962355	-0.218946456428794	0.826691757301012	0.999994493201698
4579	1.62247797323078	0.0381718634643526	1.10989505322699	0.0343923178622779	0.97256430930738	0.999994493201698
4580	1.07947044614721	-0.162394542100032	0.938012907515593	-0.173126127368703	0.862552288366009	0.999994493201698
4581	1.95835665500219	0.241980959226297	1.15980123354777	0.208640025744835	0.834729262106298	0.999994493201698
4582	11.9172111189856	0.0609594411051862	0.654077329599919	0.0931991346382138	0.925745361857125	0.999994493201698
4583	11.7623384371984	-0.0766503078127116	0.795208068583253	-0.0963902541246496	0.923210632164462	0.999994493201698
4584	1.38461841427996	-0.168674589293171	1.13226939876868	-0.14897036825035	0.881577014737152	0.999994493201698
4585	1.05528434052846	0.439541451423655	1.0381665093456	0.423382422248158	0.672016267525427	0.999994493201698
4586	2.00730589143456	0.191725791294652	1.07536164308044	0.178289594508356	0.858495550275526	0.999994493201698
4587	1.45662276923498	0.160830616813192	1.1378700442961	0.141343572246585	0.88759852943125	0.999994493201698
4588	3.50277666357961	0.010934908434381	1.15899758920182	0.00943479825692449	0.992472231817915	0.999994493201698
4589	5.36626375019077	-0.153308937607033	1.02468674142145	-0.149615420410692	0.881068041401956	0.999994493201698
4590	1.30477899192143	0.399617805611266	1.13861823883452	0.350967332141378	0.725612856544924	0.999994493201698
4591	4.17143377685906	0.769825152997547	1.06959404812244	0.719735823463953	0.471687665185797	0.999994493201698
4592	2.39532008677501	0.249947601271596	1.15610602771551	0.21619781860795	0.828833553839975	0.999994493201698
4593	3.79947581640687	0.085697355787493	1.09054342930052	0.0785822494409597	0.937364906765765	0.999994493201698
4594	7.19769713135597	-0.0120390357482066	0.786548694080202	-0.0153061543917318	0.987787932564627	0.999994493201698
4595	2.05974147821154	-0.693317893850007	1.15711212313534	-0.5991795263292	0.549053174078627	0.999994493201698
4596	5.93095829907259	-0.00888604461194941	1.03899884723332	-0.00855250670933033	0.993176170129158	0.999994493201698
4597	0.540262944102284	0.0469101790727391	0.958771654026691	0.048927373765926	0.960977173870909	0.999994493201698
4598	4.30615646602432	-0.382977278679251	0.922780156162238	-0.415025481553505	0.678123249402389	0.999994493201698
4599	5.5833721500767	-0.681829464352661	0.803568349847908	-0.848502139838772	0.396158381261792	0.999994493201698
4600	2.44680303011043	-0.0465479328972691	1.11165702522487	-0.0418725666649326	0.966600285840979	0.999994493201698
4601	6.52912604494981	0.179236892843707	0.848728611507958	0.211182809691371	0.83274462414364	0.999994493201698
4602	6.1636077942772	-0.513715681493037	0.799720979576018	-0.642368644330664	0.520633853659152	0.999994493201698
4603	2.7719814115412	-0.0528674886683431	1.14032616781665	-0.0463617254084126	0.963021942390623	0.999994493201698
4604	3.29018908510404	0.089099738691567	1.09114690770208	0.0816569593540873	0.934919505466388	0.999994493201698
4605	0.874963434235947	-0.0333687781076612	1.01290153343952	-0.0329437531744578	0.973719441728167	0.999994493201698
4606	0.996481469359119	-0.11224067260068	0.929549893290862	-0.120747335254181	0.903891165147398	0.999994493201698
4607	3.76515385418326	0.0152090469344889	0.989458348901542	0.0153710835341107	0.987736132698305	0.999994493201698
4608	0.733908083760872	0.227842352526264	0.983151891624102	0.231746848546346	0.816734641865709	0.999994493201698
4609	2.10520226467476	0.311032785493689	1.16490674948726	0.26700230351536	0.78946738751015	0.999994493201698
4610	3.85132910810802	-0.138202515033509	1.10850259506942	-0.12467495849647	0.90078088291678	0.999994493201698
4611	3.0574871660817	-0.0951589113535944	1.09790080610281	-0.0866735053154551	0.930931036839583	0.999994493201698
4612	8.65953523421813	0.0718777165131006	0.962744282769682	0.0746591985010998	0.940485871907401	0.999994493201698
4613	1.17680237565163	0.228405394744691	0.956238220102426	0.238858257224048	0.811215494632564	0.999994493201698
4614	4.59565317071709	0.478746278133459	0.879598241422394	0.544278348441534	0.586249943961277	0.999994493201698
4615	1.57863180267973	0.581154024164259	1.02551399062126	0.566695363962995	0.570921171151403	0.999994493201698
4616	8.98464544011566	-0.198914330910849	0.96714378909564	-0.205671931261484	0.837047185405458	0.999994493201698
4617	2.92092113358598	0.120520876954236	1.1610418420205	0.103804077159269	0.917324830846748	0.999994493201698
4618	2.98291028189199	0.438131416932834	1.12083413897592	0.390897637480192	0.695872900334738	0.999994493201698
4619	2.51618555166456	-0.0388933961918247	1.10677180033565	-0.0351412966792519	0.971967071745738	0.999994493201698
4620	3.96774197772532	-0.294413945059138	0.960119971355468	-0.306642871560616	0.759115217869176	0.999994493201698
4621	3.61596863297769	-0.0548725133704291	1.13620371597784	-0.0482946082632765	0.96148145152434	0.999994493201698
4622	1.52301520864705	0.0224317139466352	1.09971873385219	0.0203976828402836	0.983726132292465	0.999994493201698
4623	2.67330971848699	-0.313606044166008	1.09277428150438	-0.286981538158345	0.774126456347766	0.999994493201698
4624	2.28712628501791	0.123281151658431	1.16463332295928	0.105854047989267	0.915698153540698	0.999994493201698
4625	2.61908219217029	-0.106220849409306	1.16506658729686	-0.0911714837310332	0.927356333249414	0.999994493201698
4626	8.74126627508063	0.282755266741944	0.721281090101356	0.392018133599219	0.69504481534427	0.999994493201698
4627	1.87577264966238	0.487700373776194	1.16526020257707	0.418533450895863	0.675557134620404	0.999994493201698
4628	11.6133496978057	0.473910232296335	0.704226505295031	0.672951427890084	0.50097819258452	0.999994493201698
4629	4.02163480775152	0.180966678211337	1.03462075461769	0.174911123137296	0.861149470012975	0.999994493201698
4630	6.46628813141559	0.0842352135128282	0.791062577904752	0.106483628306547	0.915198644271794	0.999994493201698
4631	8.00831503401041	0.0444754025872768	0.959165951229945	0.0463688296381306	0.963016280124883	0.999994493201698
4632	17.2822368842154	-0.132853098047703	0.801618900081992	-0.165730995157568	0.868368652747721	0.999994493201698
4633	3.01237677701961	-0.119578287030541	1.16325488479977	-0.102796290471735	0.918124649443766	0.999994493201698
4634	9.36223315848517	0.221622428116258	0.652947123529367	0.339418645292938	0.734294374477193	0.999994493201698
4635	23.8532534796743	-0.0695568254333838	0.904357444839614	-0.0769129792984891	0.938692772147375	0.999994493201698
4636	0.138519543947483	0.395398105903997	0.89763237952822	0.440490021217607	0.659582238041294	0.999994493201698
4637	0.443017041471157	0.156043573514936	0.916230155050019	0.170310453825237	0.864765990402077	0.999994493201698
4638	0.831153986391999	0.154466269222461	1.08075701239253	0.142924142477235	0.886350091373633	0.999994493201698
4639	2.12445735815877	0.0276791647322747	1.15303395545429	0.0240055070376217	0.980848215993219	0.999994493201698
4640	1.33816826166808	0.0940588954420008	1.14711617224425	0.0819959631969809	0.93464992355002	0.999994493201698
4641	3.99716648026488	0.509386221430482	1.02754347913667	0.495732036427756	0.620083481100573	0.999994493201698
4642	4.92163939541988	0.581910727661058	0.958460286929568	0.60713076545426	0.543764134434003	0.999994493201698
4643	2.24704868667935	-0.0668723155559014	1.15281705227093	-0.0580077432270541	0.953742460711391	0.999994493201698
4644	2.91096050098412	-0.540337382846871	1.09890534513534	-0.491705118406102	0.622927819363546	0.999994493201698
4645	2.48214581130884	0.139684375205633	1.13582109127099	0.122980966174281	0.902122170333341	0.999994493201698
4646	15.9711577038373	0.169574723343292	0.730171740851275	0.23223950456586	0.816351996193884	0.999994493201698
4647	4.13019685824981	0.232535659660655	1.04236420590417	0.223084847257345	0.823469471341603	0.999994493201698
4648	4.29761635396459	0.0446550132447022	0.920365085856714	0.0485188040386555	0.961302778633599	0.999994493201698
4649	34.8180800658406	-0.125204355527461	0.862611955928539	-0.14514562969706	0.884595892426706	0.999994493201698
4650	2.95168856993174	-0.283702207089762	1.13416434715919	-0.250142060804828	0.802477489817614	0.999994493201698
4651	1.03828283170415	0.143303364974199	0.930116532334862	0.154070334191852	0.877554278843712	0.999994493201698
4652	1.01021067417347	-0.218242102549512	0.929490464843495	-0.234797570071103	0.814365853830056	0.999994493201698
4653	2.22881441217014	0.214721712441291	1.09715280840465	0.19570811904817	0.844838629221992	0.999994493201698
4654	6.84147119133609	0.231601321675406	0.889770263826678	0.260293393801842	0.794637468011412	0.999994493201698
4655	3.44485089081308	-0.112060661751739	1.10560743734655	-0.101356646099164	0.919267350581477	0.999994493201698
4656	1.19077707962678	0.0909754713485643	1.05336732990733	0.0863663308758283	0.931175210962381	0.999994493201698
4657	0.554078175789932	0.739928488896063	0.915527617049504	0.808198982877929	0.418976043181444	0.999994493201698
4658	23.3614948986269	0.06711843724082	0.992986209427544	0.0675925169993184	0.946110012346741	0.999994493201698
4659	7.67028556619509	0.22373096181471	0.865287669684202	0.258562521636722	0.795972803445078	0.999994493201698
4660	4.2720432802544	-0.0456989964044414	0.922986766725139	-0.0495120819192095	0.96051120903036	0.999994493201698
4661	7.61985703592435	0.185308663550434	0.829386059436771	0.223428717473592	0.823201855866699	0.999994493201698
4662	4.00785317911943	-0.616441607458648	1.019611025485	-0.604585074161421	0.54545472650915	0.999994493201698
4663	1.58238252355217	0.100914833677905	1.16539081002048	0.0865931263660228	0.930994929743174	0.999994493201698
4664	12.8826565822221	-0.0699875254947327	0.862243843551385	-0.0811690637377822	0.935307501873763	0.999994493201698
4665	4.03412704763188	1.17038205834184	0.951471485659965	1.23007580992302	0.218668717569658	0.999994493201698
4666	4.11398852057956	0.0122159564158905	1.03546834386173	0.0117975179910683	0.990587160888375	0.999994493201698
4667	13.9390960094555	0.189078608554106	1.02563492224636	0.184352740388347	0.85373674201915	0.999994493201698
4668	1.91349176510089	0.0635639217268	1.15965356046259	0.0548128543678544	0.956287559494601	0.999994493201698
4669	2.81075386941252	0.617497953024873	1.073998570468	0.574952304411163	0.565323554436388	0.999994493201698
4670	6.60791002525099	-0.154637664041498	0.88249900463248	-0.175227012415609	0.860901259849372	0.999994493201698
4671	1.15200252213091	0.208651400601673	1.0543837446253	0.19788943225393	0.843131572519087	0.999994493201698
4672	6.8150367709386	-0.217139362690695	0.758747479755547	-0.286181329736546	0.774739242723096	0.999994493201698
4673	6.2209670236834	-0.300504128518275	0.758190207887551	-0.396343985179566	0.691851282900766	0.999994493201698
4674	2.37315883839767	0.912198336765912	1.15066636799108	0.792756581873942	0.427919657340355	0.999994493201698
4675	1.32905112441347	0.209952263062955	0.982635957456386	0.213662304406639	0.830810409206425	0.999994493201698
4676	2.81260248262394	-0.177605240122759	1.08494039390167	-0.163700458680549	0.869966956444616	0.999994493201698
4677	5.90680681653639	-0.130663517989226	0.81053041965312	-0.16120742025345	0.871930037041405	0.999994493201698
4678	4.75045767697112	-0.412227059117608	0.901307890366434	-0.457365416994202	0.647408417188532	0.999994493201698
4679	26.1951686061274	0.000745842179732891	1.03811546290854	0.000718457827073709	0.999426753641506	0.999994493201698
4680	1.22522179143078	0.161688292658022	1.15643974608122	0.139815578983626	0.888805703955568	0.999994493201698
4681	3.47580715264793	0.787329167690538	0.995095813265752	0.791209406365247	0.428821803344264	0.999994493201698
4682	2.68494691055368	-0.222333112815107	1.12971929536696	-0.196803855370894	0.843981033973264	0.999994493201698
4683	2.81448781854246	-0.553511385394526	1.07678683167058	-0.514039890825725	0.607224101264768	0.999994493201698
4684	2.38861390684305	0.127033523056863	1.12335416311798	0.113084125405535	0.909963860346906	0.999994493201698
4685	15.0684232142713	0.0261043383537317	0.772184598570717	0.0338058262260732	0.973031989946133	0.999994493201698
4686	1.52248748761837	-0.0769098072856444	1.01258695939712	-0.0759537801389776	0.939455870027222	0.999994493201698
4687	0.96902305973041	0.102223741884738	0.929247496265328	0.110007013519625	0.912403812691952	0.999994493201698
4688	5.22116077589172	0.150363302217979	0.94129664567442	0.15974061196218	0.873085407937885	0.999994493201698
4689	2.45465067897303	0.945965854821294	1.15762342667916	0.8171619829213	0.41383586510369	0.999994493201698
4690	1.38458169157286	0.350714173011225	0.99306159982877	0.353164570125053	0.723965067586958	0.999994493201698
4691	1.71718806933431	0.297968554017601	1.15193136315139	0.258668670329833	0.795890894474967	0.999994493201698
4692	2.78292931066717	0.156992770870938	1.16393625835519	0.134880900688489	0.892706040585253	0.999994493201698
4693	2.4680116350462	0.0979255920948411	1.13991282731621	0.0859062112016019	0.931540973942023	0.999994493201698
4694	2.07300903790591	0.575210935041284	1.15887484405792	0.496352939224329	0.619645421882287	0.999994493201698
4695	3.43115840870582	-0.528268308307261	1.04563110296645	-0.505214799759272	0.61340797659764	0.999994493201698
4696	1.8452874351845	0.362126429218192	1.16119093544068	0.311857781666856	0.755148608799485	0.999994493201698
4697	2.53489507277985	0.56387353755749	1.16500897220515	0.48400789265183	0.628380267752955	0.999994493201698
4698	3.78574661159252	0.169817120828605	1.09090002598731	0.155666987609532	0.876295519966494	0.999994493201698
4699	4.87619748032371	0.168568990153191	0.866064984455814	0.194637807992099	0.845676502567807	0.999994493201698
4700	0.66464831178713	0.15252607656008	0.973108875103896	0.15674101887499	0.875448958220999	0.999994493201698
4701	1.01784744695784	0.128916622903692	1.08596228120462	0.118711878980446	0.905503625036966	0.999994493201698
4702	5.37853044187494	-0.0442769559079178	0.935765817049691	-0.0473162783905865	0.962261154333875	0.999994493201698
4703	2.05204803175547	-0.614844609276814	1.16061505189318	-0.52975756972468	0.596280027089314	0.999994493201698
4704	4.7196356665782	-0.160570659059034	0.98068099827675	-0.163733833266056	0.869940681870899	0.999994493201698
4705	2.90354927639594	-0.0693881421523336	1.07165740764586	-0.0647484370072712	0.948374296549981	0.999994493201698
4706	11.9688168119015	-0.0711220046680619	0.71792133604552	-0.0990665705240335	0.92108541434225	0.999994493201698
4707	12.4952088796371	0.224508302755114	0.794147318041886	0.282703596240405	0.777404059261702	0.999994493201698
4708	0.373757269497416	0.0695162270399921	0.912834789865967	0.0761542261663791	0.939296399111268	0.999994493201698
4709	1.48460889989237	0.0205509634814767	1.16411293464295	0.0176537540902592	0.98591507378133	0.999994493201698
4710	1.19912099669192	-0.184347589042243	1.07409308494001	-0.17163092438356	0.863727694051815	0.999994493201698
4711	5.28491251053586	-0.410705208978148	0.860127798599222	-0.477493239547669	0.633010933732089	0.999994493201698
4712	1.59187000917251	-0.0868024625818692	1.09280263184645	-0.0794310519139252	0.936689770805721	0.999994493201698
4713	1.55386867186611	0.0977900374870551	1.16488220015351	0.083948434849608	0.933097429999085	0.999994493201698
4714	2.14557783659671	0.402458470368841	1.13784211253825	0.353703265096291	0.723561275396987	0.999994493201698
4715	2.33251889594789	0.395146219007648	1.15506642550404	0.342098264032926	0.732276943832115	0.999994493201698
4716	3.30153985605375	0.366328124831828	1.03490926920761	0.353971247269155	0.723360431353881	0.999994493201698
4717	1.69238821581359	0.238750287388999	1.16541811668334	0.204862344227544	0.837679676161342	0.999994493201698
4718	1.61218054471388	-0.20576842384236	1.16503169948443	-0.176620450699685	0.859806529290727	0.999994493201698
4719	2.54982242019655	-0.155525443267702	1.16531551140807	-0.13346208966169	0.893827944073434	0.999994493201698
4720	3.37305531231174	0.0644207058202224	1.09134807504506	0.0590285604503975	0.952929359818063	0.999994493201698
4721	1.56493932057248	0.330047363604797	1.14505982626328	0.288235912250852	0.773166160709194	0.999994493201698
4722	5.19373908897012	-0.0509094716848299	0.894783349795498	-0.056895863894277	0.954628149111955	0.999994493201698
4723	1.03893330231322	0.403752910615094	1.10630369690479	0.364956667635398	0.715143752682594	0.999994493201698
4724	3.0023615703706	-0.100645730651531	1.10561579736994	-0.0910313789753628	0.927467657743726	0.999994493201698
4725	3.93079608247627	0.0125077668636399	0.97917721391324	0.0127737519684032	0.989808297682843	0.999994493201698
4726	1.3433080502565	0.280469182033651	1.08121580694159	0.259401666376861	0.795325344125867	0.999994493201698
4727	1.6472778267515	0.091400673080621	1.03061414006074	0.0886856385215462	0.929331746357576	0.999994493201698
4728	3.19962941144027	1.11308001625035	1.14619388235539	0.971109716589136	0.331493645721948	0.999994493201698
4729	6.64842721812038	0.0816771369472487	0.860009348045393	0.0949723827222138	0.92433676313927	0.999994493201698
4730	1.42682474807328	0.346834623858798	1.10091915371841	0.315040957083312	0.752730556768235	0.999994493201698
4731	1.37085248675851	0.459304556320669	0.992303028460627	0.46286723223368	0.643459536304146	0.999994493201698
4732	1.11020115978588	-0.113039544099873	1.04971915854137	-0.107685511100842	0.914245163139735	0.999994493201698
4733	4.85087410502341	-0.273580249843495	1.05823806029152	-0.258524296289373	0.796002300344069	0.999994493201698
4734	1.5368304403347	0.328460074657878	1.01617870244361	0.323230622594263	0.746520591102444	0.999994493201698
4735	3.52422866805163	0.655194457995284	1.03897372996628	0.630616962775902	0.528291004955782	0.999994493201698
4736	2.06275043172066	-0.0594238512662015	1.14163730850257	-0.0520514272121547	0.958487715930767	0.999994493201698
4737	6.5077191453949	0.235950074957907	0.77159328547127	0.3057959152843	0.759760038723712	0.999994493201698
4738	4.31449721283305	0.293255691522945	1.08438517816408	0.270434986966017	0.786825626777273	0.999994493201698
4739	2.96869007875606	-0.0885914271040958	1.11732767243989	-0.0792886717919019	0.93680301653458	0.999994493201698
4740	6.52627339347178	0.0780790616591155	1.1502754526917	0.0678785776714668	0.945882291955884	0.999994493201698
4741	2.92463513175132	0.0929864396030541	1.1233281269563	0.0827776295916356	0.934028357068816	0.999994493201698
4742	4.61429451629914	-0.274822548114051	0.888646804912383	-0.309259591769024	0.757124066371776	0.999994493201698
4743	7.41542557801752	-0.208365397287412	0.958128643474583	-0.217471211936416	0.827841139692157	0.999994493201698
4744	7.08259257246232	-0.246553936117345	0.984580130620661	-0.250415307448792	0.802266193017726	0.999994493201698
4745	1.81709252807343	-0.164063634283978	1.16327663963574	-0.141035785206992	0.887841672369761	0.999994493201698
4746	1.8579611979415	-0.140663866042732	1.15840406921595	-0.121429015816508	0.903351235623586	0.999994493201698
4747	17.9790962145409	0.0998061934897956	0.807096410594549	0.123660807035771	0.901583844857234	0.999994493201698
4748	3.23914783592401	0.0228944426652003	1.16453342535418	0.0196597557156741	0.984314794856119	0.999994493201698
4749	4.29814407499326	0.150349483596063	0.916987788923716	0.163960180726649	0.869762490697947	0.999994493201698
4750	4.10694344510801	0.973620647865277	0.976863256852286	0.996680590692439	0.318919573757408	0.999994493201698
4751	4.5516202743015	-0.561608221555065	1.0874058075067	-0.51646608623764	0.605528919446657	0.999994493201698
4752	7.2200839279295	0.60900298367313	0.812600170311062	0.749449736689084	0.453586182893319	0.999994493201698
4753	6.00732712280203	0.130368344305878	0.920883553900752	0.141568761602543	0.887420642994303	0.999994493201698
4754	14.4428506038199	-0.157902781354877	0.687790389531682	-0.229579801867243	0.81841830345729	0.999994493201698
4755	5.59268231206949	-0.189752249804735	0.846147560165224	-0.224254324822118	0.822559414597617	0.999994493201698
4756	2.84160943225612	0.612921063883167	1.15602469884188	0.530197204693982	0.595975208931946	0.999994493201698
4757	8.40845112086549	0.12789196874407	0.703999252345914	0.181664921259362	0.855845696614805	0.999994493201698
4758	5.40989377478262	0.666586310297781	0.974599020577325	0.683959552825032	0.494000706955893	0.999994493201698
4759	15.593859560553	0.103244585758035	0.91301559609182	0.113080856668796	0.909966451799108	0.999994493201698
4760	1.34649432739317	0.0909065573187087	1.14733992763271	0.0792324533726244	0.936847731666999	0.999994493201698
4761	2.55235822672414	-0.365176333467948	1.1639964394821	-0.313726332041381	0.753728899672969	0.999994493201698
4762	9.25233134443709	-0.0470535566814526	0.727689421387168	-0.0646615922927066	0.948443443704742	0.999994493201698
4763	4.48564747845567	0.39118214797983	0.90512406958	0.43218621747773	0.665606075668684	0.999994493201698
4764	2.78652055925212	0.137045107721409	1.14346858075531	0.119850348341784	0.904601697143815	0.999994493201698
4765	7.63305954870271	0.350862633420383	0.987602745341412	0.355266968500671	0.722389598820718	0.999994493201698
4766	2.64808704217793	0.518581217956234	1.15293397276086	0.44979264225723	0.652859963665021	0.999994493201698
4767	12.0000757503554	-0.178630663615058	0.766396287163712	-0.23307871737758	0.815700280892535	0.999994493201698
4768	2.3621941675292	0.190880821922298	1.16171892281971	0.164308954750427	0.869487932629715	0.999994493201698
4769	3.60790483815589	0.16997168010328	1.02725903275322	0.165461363379525	0.868580858183104	0.999994493201698
4770	2.67727131543766	-0.239171663194995	1.16146412276093	-0.205922558009331	0.836851404312209	0.999994493201698
4771	2.79678126506192	0.0253313881513015	1.16320099731114	0.0217773095190407	0.982625594275275	0.999994493201698
4772	3.1634641058862	-0.00863556611094561	1.09878917201254	-0.0078591656442416	0.993729357624323	0.999994493201698
4773	4.40920730893659	0.46233129139835	1.04167486282564	0.443834547513447	0.657162208862375	0.999994493201698
4774	4.30541679828555	0.0534343339581195	1.1386601020052	0.0469273788236022	0.962571106981256	0.999994493201698
4775	4.9142890437525	0.0210226473919056	1.02239699381974	0.0205621177673495	0.983594959714551	0.999994493201698
4776	3.20167421964629	0.273012324691783	1.11087131085909	0.245764133093554	0.805864823257182	0.999994493201698
4777	5.55454037384264	0.0654729857707754	0.860123442825735	0.0761204526128008	0.939323268515705	0.999994493201698
4778	1.62575027724074	0.356609095517102	1.11710390132843	0.319226434616362	0.749554812869811	0.999994493201698
4779	0.29076829270932	0.239749673515231	0.906140553072897	0.264583317347617	0.791330473086318	0.999994493201698
4780	8.85281212513553	0.146162505053285	1.00268554578909	0.145771030276753	0.884102146068471	0.999994493201698
4781	8.60565708527557	0.183594236174468	1.02587709087326	0.178963189457898	0.857966605569838	0.999994493201698
4782	1.85824341980939	0.0966079711579697	1.16251902290623	0.0831022712354895	0.933770219910513	0.999994493201698
4783	1.79164220394363	-0.320647389611597	1.16422658901321	-0.275416652254416	0.782996151964325	0.999994493201698
4784	3.93759038890607	0.0468358568444955	1.08441590714898	0.043189938966896	0.965550125147707	0.999994493201698
4785	3.05356439146267	-0.381819465140452	1.1622537792715	-0.328516432426467	0.742521221822606	0.999994493201698
4786	2.49561064559536	-0.463348619339992	1.12397523486398	-0.412240950661218	0.680162824660133	0.999994493201698
4787	3.96423675601367	0.166714153227681	0.977234488201346	0.170597901773328	0.864539947881805	0.999994493201698
4788	2.67779903646634	-0.143901821882233	1.13330710434686	-0.126975134392337	0.898960079109913	0.999994493201698
4789	16.1913642127229	0.056462035685486	0.802662737689654	0.0703434120387894	0.943920330251931	0.999994493201698
4790	4.42650889096884	0.01804194309443	0.968604536930722	0.0186267381645771	0.985138872563342	0.999994493201698
4791	0.913492492571023	-0.0585187495674296	0.928506593462614	-0.0630245923717136	0.949746921365118	0.999994493201698
4792	1.92484463567514	0.41573796554889	1.13486987629779	0.366330954968269	0.714118133845213	0.999994493201698
4793	2.66758763482273	0.253868295436017	1.12338186890647	0.225985751116974	0.821212502644988	0.999994493201698
4794	2.63055781232494	0.181634052918132	1.16159760663533	0.156365725859449	0.875744751627036	0.999994493201698
4795	5.75744325167628	-0.141908690401018	0.821490213637106	-0.172745442423135	0.862851522812217	0.999994493201698
4796	5.54594885799217	0.714677690882079	0.803786209708334	0.889139030067971	0.373928365125691	0.999994493201698
4797	5.6039103334388	-0.0263396096077759	0.794109913565597	-0.0331687202965514	0.973540041978299	0.999994493201698
4798	1.93829161862161	0.130279289376687	1.12506651899178	0.115796965937121	0.907813455171495	0.999994493201698
4799	3.62876304569054	-0.712521818991312	1.00311033995658	-0.710312505623416	0.477510366515415	0.999994493201698
4800	6.45402353935597	0.0506866224089858	1.06403407363154	0.0476362775075357	0.962006119565899	0.999994493201698
4801	1.32128950242416	-0.304219702687385	1.16326306749064	-0.261522703840018	0.793689443431486	0.999994493201698
4802	6.8550797461946	0.0855514568508306	1.0002596330629	0.0855292506295218	0.931840642026001	0.999994493201698
4803	4.07336534987228	-0.021067098086562	1.08119444144627	-0.0194850225629918	0.984454185039485	0.999994493201698
4804	4.10902287639658	0.227082046733455	0.967648789220126	0.234674035934537	0.814461741339278	0.999994493201698
4805	1.62406113631681	0.509040318432109	1.16225886957916	0.437974991420309	0.661404412396483	0.999994493201698
4806	4.2558170912441	-0.0480804984228455	1.07539251940743	-0.0447097199907427	0.964338686014975	0.999994493201698
4807	2.38424943806864	0.105577742819101	1.16434565353825	0.0906756017839447	0.927750357706178	0.999994493201698
4808	1.9936994362006	0.306681507541208	1.12613523920775	0.272330974880922	0.785367541418107	0.999994493201698
4809	1.08540130626516	-0.218887103386157	1.05604555880018	-0.207270511733266	0.835798602299616	0.999994493201698
4810	5.48964717026786	0.121315452109349	0.96489098042841	0.125729698556706	0.899945892358495	0.999994493201698
4811	16.4717459214248	0.121989267612481	0.857013829347324	0.142342239337473	0.886809684011516	0.999994493201698
4812	4.13523174859789	0.216392781445162	1.03757245101999	0.2085567916076	0.834794244058052	0.999994493201698
4813	5.54420832224319	0.361251233065409	1.0177770370895	0.354941426167822	0.72263347281037	0.999994493201698
4814	3.1461069297798	0.551849312972202	1.1482498021088	0.480600398936461	0.63080053186594	0.999994493201698
4815	4.07014235002851	0.180459570710205	0.940036716653206	0.191970768283064	0.847765103063218	0.999994493201698
4816	2.35630003011836	-0.354327328872863	1.15520435339979	-0.306722639877586	0.759054495758946	0.999994493201698
4817	8.42853083832971	-0.289706075867137	0.792688898656608	-0.365472603890517	0.714758653470856	0.999994493201698
4818	5.76571264372967	0.28325465315137	0.870342735808433	0.325451849596084	0.744839119117323	0.999994493201698
4819	6.8643196330296	0.123781362304584	1.00649222463275	0.122982929500275	0.90212061562753	0.999994493201698
4820	2.53452472441412	0.674710681978818	1.12824398563022	0.598018416736284	0.549827644616907	0.999994493201698
4821	2.54765486241014	0.551238913818267	1.12304879617315	0.490841462718846	0.623538581804581	0.999994493201698
4822	2.7190726777827	0.0160419287197444	1.16118617750381	0.0138151220110366	0.988977478064908	0.999994493201698
4823	1.74452372938263	0.0611004724721698	1.12029004312006	0.0545398692485049	0.956505044776284	0.999994493201698
4824	2.42490933148303	-0.284838813539888	1.15713071340575	-0.24615958269877	0.80555870135918	0.999994493201698
4825	2.35904461309964	-0.127605175885485	1.16513858431064	-0.10951931178297	0.912790605312523	0.999994493201698
4826	7.23124587339012	0.00273950481779473	0.744979135140628	0.00367729066301649	0.997065953166988	0.999994493201698
4827	2.35932473534298	-0.124201948499395	1.14490390549664	-0.108482421889825	0.91361302351921	0.999994493201698
4828	3.12963314198416	0.449364233427685	1.16350125459752	0.386217231526002	0.699335793037231	0.999994493201698
4829	0.900818729814023	0.407207951886632	1.02781944608005	0.396186269329368	0.691967619838729	0.999994493201698
4830	4.2511504496372	0.421308214246194	1.1213833826656	0.375703992727908	0.707136969237943	0.999994493201698
4831	3.477869812194	-0.36480124414856	1.02032603550671	-0.357533995461946	0.720692081009486	0.999994493201698
4832	5.46273643263243	-0.190813782031275	1.03039940218863	-0.185184290311092	0.853084490499673	0.999994493201698
4833	4.07573748486328	-0.0405489388087242	1.05124203726275	-0.0385724099412031	0.969231299594146	0.999994493201698
4834	10.6926072747059	-0.220018239914673	0.734207687594754	-0.299667578577728	0.764430731221414	0.999994493201698
4835	17.3067838094993	0.467406364764407	0.874909364065342	0.534234040646865	0.59317962045342	0.999994493201698
4836	12.3758794834673	-0.916079275966712	0.739620609760947	-1.23857997448557	0.215501087980991	0.999994493201698
4837	3.90645050457003	0.31025554255393	1.01562050979883	0.305483730941376	0.759997758994351	0.999994493201698
4838	3.79612796735817	0.665152272345652	0.984002339838641	0.675966149079204	0.499062137433553	0.999994493201698
4839	3.38416268372521	-0.26384194344672	1.07619344504478	-0.245162191482909	0.806330849990199	0.999994493201698
4840	1.99296293871824	-0.174354479369168	1.07371472379799	-0.16238436104558	0.871003185467797	0.999994493201698
4841	2.00853865711946	-0.365207798468793	1.16032843894114	-0.314745193009371	0.752955127766707	0.999994493201698
4842	3.67023078237694	-0.0927857968737175	1.01153301279401	-0.0917278978541973	0.926914231545735	0.999994493201698
4843	5.24107793103742	0.643659901650855	0.867515276619334	0.741958002352613	0.458112781522659	0.999994493201698
4844	9.9621770921866	0.185011989612333	0.780198299196	0.237134571817176	0.812552392707269	0.999994493201698
4845	1.19477329966001	0.286394959721999	1.13696978890003	0.251893201136922	0.801123614892082	0.999994493201698
4846	9.45303726067786	0.233938811067427	0.856975697701612	0.272981849654366	0.784867167760345	0.999994493201698
4847	0.222036241764256	0.464586052033336	0.900021147286379	0.516194595464887	0.605718504601076	0.999994493201698
4848	2.36050502660527	0.280447772791601	1.14890346911749	0.244100379474893	0.807153078656707	0.999994493201698
4849	7.36710686122961	0.226337308937234	0.755891201461323	0.299431066930887	0.764611160916368	0.999994493201698
4850	2.8180423444203	0.0529810453162918	1.10575395479364	0.0479139550770852	0.961784817621762	0.999994493201698
4851	3.28719900296197	-0.0172048282111142	1.11267719759116	-0.0154625512667654	0.98766316067908	0.999994493201698
4852	5.89495874839146	0.0537316614964266	0.926479245461588	0.0579955371473612	0.9537521833857	0.999994493201698
4853	2.11958194009819	0.298204181416014	1.16541844241284	0.25587734891051	0.798045545459193	0.999994493201698
4854	2.84046796332548	-0.0279203494869896	1.1643502948728	-0.0239793381853696	0.980869089707705	0.999994493201698
4855	3.04968882138529	0.0197333709586522	1.0949475995268	0.0180222057815189	0.985621138634986	0.999994493201698
4856	3.11991800854309	-0.21851781571816	1.02899724609122	-0.212359961650265	0.831826219356343	0.999994493201698
4857	1.12151730765304	0.020664557525065	1.04434448455761	0.0197871084020888	0.984213201876376	0.999994493201698
4858	8.04378056478922	0.087049590137013	0.996490726725562	0.0873561467280838	0.930388425910709	0.999994493201698
4859	4.25577826891245	0.289527167244682	0.936544273545087	0.3091441327688	0.757211889179991	0.999994493201698
4860	3.11775255038123	0.0744711702020786	1.15850747629193	0.0642819936220356	0.948745690806374	0.999994493201698
4861	4.1325364697828	0.283300678178164	1.04029694917163	0.272326741324917	0.785370796343801	0.999994493201698
4862	4.82112328840335	0.454440972243509	0.889042804256117	0.51115758439072	0.609240716497033	0.999994493201698
4863	14.8544780625451	0.0806185434066897	1.00460292393291	0.0802491626154911	0.9360390900979	0.999994493201698
4864	0.861234229421593	0.116054008505844	1.00947410860056	0.114964819322341	0.908473007218995	0.999994493201698
4865	2.00588010101148	0.00628796297542598	1.16145390511197	0.0054138721715519	0.99568037608154	0.999994493201698
4866	2.9652750742011	0.487487479995628	1.1450478434301	0.425735468428388	0.670300614047276	0.999994493201698
4867	1.27404827828276	0.228503889905044	1.07225664232433	0.21310559513972	0.831244600593627	0.999994493201698
4868	1.06626896236154	0.0606264465925145	1.04221547298778	0.0581707412371388	0.953612626354676	0.999994493201698
4869	9.42517495023273	-0.277822989464136	0.69030746905882	-0.402462673398169	0.68734355355047	0.999994493201698
4870	1.85517989225312	0.21901186628905	1.11597695288355	0.196251244905326	0.844413520185754	0.999994493201698
4871	13.8003919507571	0.0616995012807606	0.797329486205019	0.0773826910308139	0.93831911004665	0.999994493201698
4872	1.17946093175962	-0.0509623231662826	1.05918158800953	-0.0481148121749866	0.961624741469337	0.999994493201698
4873	0.830503515782927	0.00386986032049743	0.927241299523168	0.00417352022875545	0.996670022312356	0.999994493201698
4874	0.756103955220761	-0.366057313234774	1.00225622992498	-0.365233263017156	0.714937290512413	0.999994493201698
4875	2.30816073658255	-0.108580650894709	1.14593088818941	-0.0947532281517161	0.92451083817597	0.999994493201698
4876	9.0921803727655	0.236514726517533	0.685751376389897	0.344898653740446	0.730170562741021	0.999994493201698
4877	1.7015053530682	-0.0267698178546459	1.16201005800821	-0.0230375095896605	0.9816203525555	0.999994493201698
4878	3.01182910502633	0.584997159617342	1.10309141653828	0.530325185063245	0.595886487891835	0.999994493201698
4879	1.079715945308	-0.412973710706204	1.04114745507836	-0.396652470975036	0.691623753601061	0.999994493201698
4880	2.05229353091626	0.375436476522109	1.16506667282946	0.322244627949343	0.747267377910703	0.999994493201698
4881	5.03962285562981	0.047724635829055	0.856435901335447	0.055724702519637	0.955561120309664	0.999994493201698
4882	2.04175060323857	0.318498363693952	1.16312829267829	0.273829091510239	0.784215965984301	0.999994493201698
4883	4.41418552561297	0.473284784538741	0.957010398164871	0.4945450806452	0.620921277113446	0.999994493201698
4884	1.59632050482021	0.775201613631916	1.16519774018136	0.66529618698991	0.505861068934704	0.999994493201698
4885	6.6765675511843	0.623559533787891	1.02633636950962	0.607558644819168	0.543480236114176	0.999994493201698
4886	4.11742029687701	-0.16161755125847	1.07475505945447	-0.150376171609282	0.880467839790009	0.999994493201698
4887	4.62376625020397	-0.0526283944868922	1.13117845505002	-0.0465252801199833	0.962891585277478	0.999994493201698
4888	3.82068442134265	0.0670709680208579	0.988643299872902	0.0678414227148259	0.945911869142511	0.999994493201698
4889	2.43002814907986	0.0160853654014507	1.14737286225917	0.0140193009008237	0.988814582657658	0.999994493201698
4890	2.26273140294547	0.209851919322641	1.1629797176447	0.180443318261507	0.856804549345896	0.999994493201698
4891	9.63277694252641	0.148664313830756	0.670251858381828	0.221803657791672	0.824466731876893	0.999994493201698
4892	1.86204344484802	0.637389345505411	1.16535361989451	0.546949299014587	0.584413565058081	0.999994493201698
4893	1.27352055725408	0.0726281432037671	0.972535986729069	0.0746791318725772	0.940470011654037	0.999994493201698
4894	2.2573282638562	0.281122539123062	1.15740454469888	0.242890474562807	0.8080902448453	0.999994493201698
4895	10.1772323106222	0.0322888357867085	0.900101063924139	0.0358724559728216	0.971384058676191	0.999994493201698
4896	4.78405674319846	0.26573882837582	0.974049066649987	0.2728187290295	0.784992561827955	0.999994493201698
4897	3.18504095956316	-0.0208736513568468	1.14788167129888	-0.0181844974780609	0.985491669813344	0.999994493201698
4898	1.51203058681397	0.335541676396785	1.09859839553272	0.305427058478525	0.760040916035253	0.999994493201698
4899	2.45637654260406	0.306519438283767	1.16468970328669	0.263176910913513	0.7924142261068	0.999994493201698
4900	2.66128852596361	0.283012333220331	1.16037783742461	0.243896706824787	0.807310819751724	0.999994493201698
4901	3.35422304161606	-0.564092229881253	1.02812682478695	-0.54866016164703	0.583238690647302	0.999994493201698
4902	1.7198466254423	-0.0792303734086376	1.16539088188921	-0.0679860934557832	0.945796704484217	0.999994493201698
4903	6.75285352726254	-0.0780963749302832	1.16050097282213	-0.0672953980730985	0.946346540391556	0.999994493201698
4904	0.221508520735579	0.136799148800564	0.902815744704698	0.151524992339726	0.879561597409923	0.999994493201698
4905	1.6472778267515	0.091400673080621	1.03061414006074	0.0886856385215462	0.929331746357576	0.999994493201698
4906	3.75232061913877	0.134133066246985	1.14445404775012	0.117202666643258	0.906699453809372	0.999994493201698
4907	5.32409203948	-0.407503394643003	0.851602957618597	-0.478513362356721	0.632284865977679	0.999994493201698
4908	2.75270744669014	-0.314150046519408	1.15128818770191	-0.272868296465791	0.784954457763778	0.999994493201698
4909	2.07975194054497	0.134241723963894	1.16519698095441	0.115209467719301	0.90827909449434	0.999994493201698
4910	5.1169652937924	-0.297353304395952	1.00281487520196	-0.296518641425286	0.766834032929838	0.999994493201698
4911	2.91025545632789	0.112346632736542	1.15499494720253	0.0972702374228147	0.922511790992176	0.999994493201698
4912	0.986024568554721	0.385115610575127	1.02744823290113	0.374827264520864	0.707788935950337	0.999994493201698
4913	3.33692145958381	0.0758078170537589	1.14770265774723	0.0660517918487341	0.947336591515714	0.999994493201698
4914	2.30351404594025	-0.299710349069297	1.16530378558743	-0.257195035986443	0.797028215858988	0.999994493201698
4915	0.720056129366123	0.375234317219397	0.924044283082292	0.406078284438648	0.68468508093776	0.999994493201698
4916	1.77965255343747	0.0580437197965238	1.10311656839497	0.0526179385384241	0.958036323882648	0.999994493201698
4917	3.70571626412035	-0.785265282064056	0.99261956745168	-0.791103971564899	0.428883321783179	0.999994493201698
4918	7.51555768457737	0.0574619107943071	0.945780583809985	0.0607560694075864	0.951553477184542	0.999994493201698
4919	4.40964900309197	0.194063906748365	1.00468090874263	0.19315974361575	0.846833864906547	0.999994493201698
4920	4.92034265345084	0.0344283668694445	1.05958349072208	0.0324923587153876	0.974079409675608	0.999994493201698
4921	9.23744384834472	0.313288075557912	1.04378477333066	0.300146240453602	0.764065609415133	0.999994493201698
4922	2.68886968517271	0.0514719642587747	1.14546231297	0.0449355370979566	0.964158690933973	0.999994493201698
4923	7.54142873187095	-0.460257912637737	0.744985463130275	-0.617807910913896	0.536701968084757	0.999994493201698
4924	2.11007768273535	0.0595954379224438	1.16482221342323	0.0511626900961152	0.959195881877714	0.999994493201698
4925	9.80132425508088	0.514855722161401	0.794313002769488	0.648177381418007	0.516870229464509	0.999994493201698
4926	3.27726982318625	0.458942954433605	1.08230915134526	0.424040537644127	0.671536249712637	0.999994493201698
4927	5.30575286673045	-0.209070037186344	0.979414458760983	-0.213464315659409	0.83096481963826	0.999994493201698
4928	2.93056599186926	0.106293153892936	1.09018894664974	0.0974997537991788	0.922329529739847	0.999994493201698
4929	8.34457771623851	-0.103071106324906	0.763112142260698	-0.135066788505764	0.892559068446665	0.999994493201698
4930	4.41909976600521	0.194016745122442	1.03114426286456	0.188156742087141	0.850753781583157	0.999994493201698
4931	8.94252093394654	0.0188993223633268	0.732486841880188	0.0258015861620326	0.979415596696929	0.999994493201698
4932	7.48309900768313	0.235196214498524	0.792684524669364	0.29670847251197	0.7666890880539	0.999994493201698
4933	6.17949820739945	0.223418751210128	0.81905074190218	0.272777667829536	0.785024127268061	0.999994493201698
4934	5.34174191928884	0.270101179812095	0.844062069478636	0.320001560997679	0.748967147222112	0.999994493201698
4935	3.17659214425767	0.027795349563414	1.10549685385999	0.0251428572287319	0.979941015850488	0.999994493201698
4936	2.86866287043655	0.264853737963413	1.16306385912169	0.227720718760381	0.819863364338481	0.999994493201698
4937	7.59429756370025	0.954860347527859	0.725002202270989	1.31704475453573	0.187823623403859	0.999994493201698
4938	40.6192456456548	0.016812571341028	1.10255613954908	0.0152487213466554	0.987833752157106	0.999994493201698
4939	4.0348520432527	-0.338847031401685	0.947615581914456	-0.357578577081981	0.720658712685524	0.999994493201698
4940	3.11685448098682	-0.0586988239132377	1.04078629979585	-0.0563985363035154	0.955024322961827	0.999994493201698
4941	1.24872070373336	0.00735373701232344	1.06826340140855	0.00688382378599436	0.99450754666041	0.999994493201698
4942	4.62168578992272	0.0585323066458327	0.944016404932977	0.0620034846216347	0.950560057016128	0.999994493201698
4943	1.8072860978781	0.649708376331587	1.15917097621163	0.560493999301935	0.575142531551676	0.999994493201698
4944	2.87030060756973	-0.0927649171539693	1.09389969515296	-0.0848020321835799	0.932418777913482	0.999994493201698
4945	0.747514538994832	0.0779565186862294	0.925660442402039	0.0842171871187846	0.932883753388265	0.999994493201698
4946	1.27376605641487	0.00610433198940541	1.06336611456787	0.00574057411250692	0.995419709702127	0.999994493201698
4947	2.7997220430378	-0.069533098994428	1.14940635763352	-0.0604947924053488	0.951761563314196	0.999994493201698
4948	1.19053158046599	0.127439649444556	0.958009526425992	0.133025451135116	0.894173252280095	0.999994493201698
4949	1.86984178954443	0.390269074853738	1.13966756476076	0.342441152947671	0.732018922852657	0.999994493201698
4950	24.0317090516177	-0.255728035086351	1.00782919172078	-0.253741444668534	0.799695313414411	0.999994493201698
4951	3.87253561341925	-0.253344549526402	1.01066639727298	-0.250670795239642	0.802068641903375	0.999994493201698
4952	4.33389392726451	-0.14711987747449	1.11925076491876	-0.131444964869128	0.895423320383995	0.999994493201698
4953	0.958480132052719	0.0496500893658382	1.10683706661267	0.044857631591419	0.964220787918728	0.999994493201698
4954	1.7622984583964	0.482404516354835	1.16290429295501	0.41482735877517	0.678268289988874	0.999994493201698
4955	0.720056129366123	0.375234317219397	0.924044283082292	0.406078284438648	0.68468508093776	0.999994493201698
4956	4.22622784653608	0.409746984908879	1.07501026466602	0.381156346480263	0.703087238939005	0.999994493201698
4957	1.28990831817642	-0.373474076260564	1.07581565911525	-0.347154341077083	0.728475370714506	0.999994493201698
4958	8.34197163455313	-0.446815915499035	0.824038755335141	-0.54222682198644	0.587662260040809	0.999994493201698
4959	3.24008052840097	0.225362807825297	1.16253523420934	0.193854604311042	0.846289729839066	0.999994493201698
4960	4.68711091377527	-0.332837861636525	0.89419154032924	-0.372222109721564	0.709727485726436	0.999994493201698
4961	3.29402583284978	-0.0294377486870808	1.03132273826308	-0.0285436823943771	0.977228528695983	0.999994493201698
4962	4.64170045150524	0.255924929506717	1.04764195661983	0.244286636182889	0.807008832785275	0.999994493201698
4963	6.47642818726955	0.0877138257758545	1.06513037106879	0.0823503189453128	0.934368141534641	0.999994493201698
4964	2.95152909764425	0.213229766027497	1.16508794346289	0.183016026578846	0.854785443611259	0.999994493201698
4965	4.35485493341495	0.533305566582147	0.997496298672499	0.534644155864926	0.592895944037685	0.999994493201698
4966	3.11136223395893	-0.00480808718312075	1.16278387276825	-0.00413497924741087	0.996700773300979	0.999994493201698
4967	6.72481389318987	-0.405743230284454	0.745657873592484	-0.544141280678276	0.58634425534604	0.999994493201698
4968	5.11970987677368	-0.172979433736266	1.02110820605141	-0.169403627070212	0.865479170749462	0.999994493201698
4969	4.31755864076477	0.122250510410918	0.90038105734613	0.135776413123629	0.891998037961523	0.999994493201698
4970	1.58264587405301	-0.359689318990112	1.16465498365158	-0.308837659254561	0.757445020592083	0.999994493201698
4971	2.52301448117691	0.149775364167594	1.14830758915679	0.130431397982465	0.896225126767016	0.999994493201698
4972	57.4425677653419	-0.257308462700958	1.13665642697685	-0.22637312084296	0.820911231801004	0.999994493201698
4973	3.82767072351795	0.373170642462673	1.06074887588846	0.35179923443248	0.724988832743133	0.999994493201698
4974	2.75233919794896	-0.136040811367688	1.16500625889682	-0.116772601287575	0.907040256187704	0.999994493201698
4975	5.32176710903065	0.172674918164567	1.10211026962207	0.156676625673564	0.875499709553782	0.999994493201698
4976	1.90887969754114	-0.024595936020668	1.15962337326227	-0.0212102796371501	0.983077914163327	0.999994493201698
4977	0.816774310968573	0.129877369156715	0.926905324957659	0.140119347315917	0.888565694446357	0.999994493201698
4978	2.64792756989044	0.368347359645486	1.14209795863687	0.322518184066384	0.747060164228699	0.999994493201698
4979	0.221508520735579	0.136799148800564	0.902815744704698	0.151524992339726	0.879561597409923	0.999994493201698
4980	1.7302668035396	0.043418456392725	1.04176291393613	0.0416778672113364	0.966755498033915	0.999994493201698
4981	1.59820584073873	0.0971972200837725	1.15947119618347	0.0838289216702479	0.933192452778334	0.999994493201698
4982	3.61920421428055	-0.0442746125841961	1.13484534639499	-0.0390137852041613	0.96887939797796	0.999994493201698
4983	0.595265790232995	0.109200319179576	0.921811850313088	0.118462698372218	0.90570104932124	0.999994493201698
4984	3.47570435403214	-0.0807789767450512	1.06893198654096	-0.0755698002886511	0.939761363616772	0.999994493201698
4985	0.67825476702109	0.0176760356260149	0.924150990095805	0.0191267831939264	0.98473996543691	0.999994493201698
4986	0.941687399682096	0.420588375952963	1.01549366769153	0.414171342800262	0.678748627457853	0.999994493201698
4987	15.7993434167244	-0.691767274765155	0.831941376753483	-0.831509640095875	0.40568578464628	0.999994493201698
4988	7.2375135294231	-0.283474549024634	0.709500322707919	-0.399541113586403	0.689494536116874	0.999994493201698
4989	0.221508520735579	0.136799148800564	0.902815744704698	0.151524992339726	0.879561597409923	0.999994493201698
4990	1.23277463696641	0.0522968633216668	1.07325331826085	0.0487274182449404	0.961136525224477	0.999994493201698
4991	5.12648003298978	0.291587649488409	0.889385694766052	0.327852866539651	0.743022912725947	0.999994493201698
4992	0.58153658541864	0.284316614176459	0.920817880125256	0.308765305619157	0.757500062517143	0.999994493201698
4993	10.2368797477707	0.0802896939913856	0.711953035578461	0.112773862851993	0.910209840548279	0.999994493201698
4994	6.79732074832801	0.671254502174099	0.920545856698932	0.729191812976282	0.465884338517038	0.999994493201698
4995	8.96566010749522	-0.298271748390971	0.689875121961717	-0.432356145185827	0.665482586609889	0.999994493201698
4996	1.5642888499634	0.141419536036676	1.0189747792317	0.138786100420763	0.889619177939287	0.999994493201698
4997	4.28167028719763	0.0586216205471065	0.932361010063157	0.0628743801106993	0.949866536178884	0.999994493201698
4998	3.3221368127121	-0.018543490564211	1.16497554728014	-0.0159174933821609	0.987300214069544	0.999994493201698
4999	1.49555679901834	0.255956788480043	1.09797182508226	0.233117811070303	0.815669924643678	0.999994493201698
5000	0.99709521726109	0.500435739781661	0.928184143382723	0.539155665768914	0.589779448409846	0.999994493201698
5001	1.08645674832251	0.0887110187755465	1.13135046206856	0.0784116166915662	0.937500633199668	0.999994493201698
5002	0.697914831953387	-0.148021571601945	0.98913827167532	-0.149646996623878	0.881043127698595	0.999994493201698
5003	0.659385773618311	-0.0907254765654072	0.923302602398647	-0.0982619092913976	0.921724323744841	0.999994493201698
5004	4.95527626395187	0.460119814737046	0.855491825498087	0.537842444571756	0.590685826291704	0.999994493201698
5005	9.43675756825227	0.0285645214908115	0.711573727140158	0.0401427433326037	0.967979324996096	0.999994493201698
5006	3.54049367939357	0.283211079717045	1.0519014964492	0.269237262873998	0.78774710695847	0.999994493201698
5007	5.7489094295245	0.00579036643727395	0.842442286887967	0.00687330933809593	0.994515935777587	0.999994493201698
5008	3.49392287682584	-0.0711817456588278	1.1587658727866	-0.0614289282507515	0.951017614444211	0.999994493201698
5009	7.33225927760187	0.169220764417855	1.01836315842291	0.166169369952385	0.868023663535219	0.999994493201698
5010	5.51138349623231	0.240492093412507	1.07452194599908	0.22381310526785	0.822902732104129	0.999994493201698
5011	26.5755102264369	0.229806688061874	1.02443845615318	0.224324542564333	0.822504780576323	0.999994493201698
5012	0.526006018259253	0.0377459139913865	0.919720569801492	0.0410406325907589	0.967263503011336	0.999994493201698
5013	6.14993101328058	0.142128299232548	1.04291643881048	0.136279661479549	0.891600201658747	0.999994493201698
5014	1.98041192554163	0.0762010972704357	1.1631085835962	0.0655150330288427	0.947763937424185	0.999994493201698
5015	3.80237987167565	-0.235490336885415	1.03725968917983	-0.227031224043439	0.820399462749803	0.999994493201698
5016	3.71620461775089	-0.017291310240117	1.08725086801526	-0.0159036987219717	0.987311219222881	0.999994493201698
5017	6.72081767315664	0.048522566617789	0.78086671856732	0.0621393708606443	0.950451844149634	0.999994493201698
5018	0.872304878127961	0.302929781909468	0.927343778841544	0.326663950113402	0.743922069284692	0.999994493201698
5019	2.52093822014476	-0.239858844137699	1.10716756714196	-0.216641862764162	0.828487458642572	0.999994493201698
5020	9.29798832589491	0.230899011484558	0.708701616387354	0.325805679210354	0.744571381602508	0.999994493201698
5021	2.47148013405075	0.0922692730853733	1.1414097488258	0.0808379928244815	0.935570793022431	0.999994493201698
5022	0.817424781577644	0.398985297314411	1.0823861289815	0.368616417590131	0.712413656590517	0.999994493201698
5023	2.47978732840879	-0.567479315461328	1.10953301827173	-0.511457799016443	0.609030531410975	0.999994493201698
5024	1.43182291571426	0.0576461122734182	1.1421943363891	0.0504696183800551	0.959748159559686	0.999994493201698
5025	1.41204010120157	0.154484882358592	0.995926551066797	0.155116742487801	0.876729283344738	0.999994493201698
5026	2.02721145552765	0.0917888462110769	1.16444301211971	0.078826396187468	0.937170708247808	0.999994493201698
5027	3.06410311989127	0.0887675424873387	1.12190545775159	0.0791221237707834	0.936935486452045	0.999994493201698
5028	3.75518795170044	0.276026262632952	1.14397513662786	0.241286942167822	0.809332730604801	0.999994493201698
5029	2.10995493315496	0.0844381235970883	1.15139152618782	0.0733357174137428	0.941538969822463	0.999994493201698
5030	0.373757269497416	0.0695162270399921	0.912834789865967	0.0761542261663791	0.939296399111268	0.999994493201698
5031	0.877621990343933	-0.481439578337151	1.02735921885833	-0.468618541109856	0.639342321940376	0.999994493201698
5032	1.05794289663645	0.0585011146015658	1.04754419252746	0.055845963367347	0.955464518580962	0.999994493201698
5033	3.66051457830401	0.258521522095312	1.15608980362725	0.223617163030239	0.823055207664744	0.999994493201698
5034	0.443017041471157	0.156043573514936	0.916230155050019	0.170310453825237	0.864765990402077	0.999994493201698
5035	2.41420483189329	0.00437430353554575	1.11675023145243	0.00391699362341443	0.996874699254947	0.999994493201698
5036	6.3614222277426	0.127300007787668	0.804845214120968	0.158167068094829	0.874325152922794	0.999994493201698
5037	6.6572254108	0.178314205267466	0.791661812608955	0.225240377175482	0.821792279922423	0.999994493201698
5038	4.16090870052142	0.51613612172956	1.03413777761486	0.499098024365746	0.617710329293315	0.999994493201698
5039	5.83003092173413	0.0533202476083745	0.778116712256474	0.0685247428419192	0.945367924425433	0.999994493201698
5040	3.26660624555272	-0.13046953650241	1.16470594369281	-0.112019293117664	0.910808109154303	0.999994493201698
5041	5.19023386725846	0.298960666942153	0.978841195736015	0.305423053549925	0.760043965884516	0.999994493201698
5042	3.3313766995471	-0.231685071142819	1.08751851820178	-0.213040115883188	0.831295672880796	0.999994493201698
5043	12.8767803347375	-0.17304365602768	0.648042963875815	-0.267024974691093	0.789449932009338	0.999994493201698
5044	2.67990992058105	0.356687310594833	1.09742062807043	0.325023333324789	0.745163412174703	0.999994493201698
5045	5.0893841345833	-0.124999810398775	1.03087122631128	-0.121256474337785	0.903487894009617	0.999994493201698
5046	5.03504751077716	-0.4406458005315	0.838846909391421	-0.525299426627424	0.599375055931084	0.999994493201698
5047	3.53371615367196	0.450539856349883	1.11683882974578	0.403406332543468	0.686649328953103	0.999994493201698
5048	17.3481959610772	0.162213473109534	0.884649157382284	0.183364751727714	0.854511830978789	0.999994493201698
5049	3.25104627886699	-0.488359254549157	1.07957779960107	-0.452361334893714	0.651008696661811	0.999994493201698
5050	5.9571996947319	-0.0207167443572962	0.910894527420624	-0.0227432965438487	0.981855039109018	0.999994493201698
5051	3.52682114825092	-0.809600723907667	1.12293291551783	-0.720969803912399	0.470928093358768	0.999994493201698
5052	6.47849186684261	-0.0504203310630048	1.0344118273226	-0.0487429955180514	0.961124111110028	0.999994493201698
5053	3.38347549040904	0.127164471653045	1.16066472825514	0.109561761081699	0.912756938267197	0.999994493201698
5054	0.498547608630545	0.439497809069423	0.916867380815593	0.4793471970597	0.631691651092204	0.999994493201698
5055	20.4648187035265	-0.509061141060112	0.956106779871323	-0.532431263722054	0.594427336732508	0.999994493201698
5056	1.70546695001887	-0.0212968889830856	1.11744585290027	-0.0190585422352328	0.984794403921127	0.999994493201698
5057	1.41469865730955	-0.121251623960469	1.08904829632834	-0.111337233040317	0.911348931235713	0.999994493201698
5058	1.64000720308377	0.44459947507427	1.16009469650234	0.383244123445032	0.701538765094947	0.999994493201698
5059	1.57659226435467	-0.263250396721412	1.16358307427712	-0.226241170519739	0.821013851170056	0.999994493201698
5060	2.47316927497468	0.0544230474300508	1.15475608377542	0.0471294745225478	0.962410036160044	0.999994493201698
5061	8.25553620038394	-0.274941435302156	0.818276509865702	-0.33600064524311	0.736870379899337	0.999994493201698
5062	1.47394322263428	-0.032564240840562	1.15909535870187	-0.0280945313050277	0.977586755739833	0.999994493201698
5063	3.4119893420951	0.157453246942924	1.10684694134426	0.142253857386729	0.886879492251311	0.999994493201698
5064	2.03581974312062	0.255865754406349	1.14838913212238	0.222804054174105	0.823688012544789	0.999994493201698
5065	6.86097495423731	-0.119452193265628	0.739448653151178	-0.161542241988784	0.871666343926984	0.999994493201698
5066	2.76659612379199	-0.14499790791809	1.13869275809356	-0.12733716526032	0.89867354609133	0.999994493201698
5067	6.41385991414412	-0.304050451526302	0.881715860725246	-0.344839494297186	0.730215039978242	0.999994493201698
5068	2.18859621291114	0.354076689368602	1.15795052466264	0.305778771914075	0.759773092366304	0.999994493201698
5069	5.90853477979197	-0.331837990072981	1.00350735824767	-0.330678183219741	0.740887583336954	0.999994493201698
5070	2.63293414656504	-0.264238742169276	1.16453419067827	-0.226905095861009	0.820497539475205	0.999994493201698
5071	2.91356448304495	-0.0957270289559747	1.10460239061139	-0.0866619787985345	0.93094019919419	0.999994493201698
5072	6.39143112498254	0.330308828579116	1.01644563087999	0.324964581030419	0.745207878328746	0.999994493201698
5073	3.33218664244367	0.0570994171684767	1.07932466151846	0.0529029116115495	0.957809264516472	0.999994493201698
5074	1.03828283170415	0.143303364974199	0.930116532334862	0.154070334191852	0.877554278843712	0.999994493201698
5075	0.595265790232995	0.109200319179576	0.921811850313088	0.118462698372218	0.90570104932124	0.999994493201698
5076	3.49231766315066	0.300190528429096	0.996123417297775	0.301358770626471	0.763140930032383	0.999994493201698
5077	1.50940875341309	0.120110800519374	1.14126497931709	0.105243569807291	0.916182538960354	0.999994493201698
5078	3.05923190107977	-0.13319679905848	1.16538849624499	-0.114293902409072	0.909004815998513	0.999994493201698
5079	11.5417626089398	0.00488426485926456	0.816809554307419	0.00597968624816831	0.995228929097075	0.999994493201698
5080	10.5344392182926	-0.190005673549253	0.846175458967128	-0.224546424191007	0.822332147736025	0.999994493201698
5081	0.778245252633497	0.209792069699196	0.994470375992989	0.210958591390635	0.832919583440795	0.999994493201698
5082	5.18974286893689	-0.13328981857223	0.973425708465205	-0.136928599083732	0.89108723294496	0.999994493201698
5083	3.42167092308549	-0.424748686111364	1.00834184259439	-0.421234811617574	0.673583626615857	0.999994493201698
5084	6.3394918064081	0.240810227549938	0.937035433567305	0.256991591698054	0.797185263995447	0.999994493201698
5085	6.58069921440762	-0.00946529671705034	1.0340963123153	-0.00915320614175479	0.992696900114848	0.999994493201698
5086	4.24984950841906	0.112577989493148	0.940244896655442	0.119732624865714	0.904694955353845	0.999994493201698
5087	0.96902305973041	0.102223741884738	0.929247496265328	0.110007013519625	0.912403812691952	0.999994493201698
5088	7.30226823170199	-0.11436514841102	0.756264516110003	-0.151223739809029	0.879799223985127	0.999994493201698
5089	1.09319965096157	-0.26694309043489	0.941510250242422	-0.283526483504728	0.776773283286318	0.999994493201698
5090	1.89624475711579	-0.0479719756595164	1.06248875867869	-0.0451505724344549	0.96398729152165	0.999994493201698
5091	2.75809273443935	0.497994844601863	1.16357472766451	0.427986989371471	0.668660592823954	0.999994493201698
5092	0.999140025467105	-0.571111106021057	1.03800299833138	-0.5502017883755	0.58218097709086	0.999994493201698
5093	4.65095818968029	-0.029998674701953	0.951247246093703	-0.0315361488037339	0.974841963896167	0.999994493201698
5094	2.74374978172303	0.103628019154475	1.16328623523475	0.0890821330259814	0.929016636715271	0.999994493201698
5095	1.6092764894451	0.328778707313967	1.15531619728999	0.284578982000927	0.775966715645044	0.999994493201698
5096	4.90803503981047	0.0943255186680828	0.900774711942257	0.104715993263951	0.916601170946504	0.999994493201698
5097	0.803045106154219	0.263818294362586	0.926295631884192	0.284810038266023	0.775789681182729	0.999994493201698
5098	0.99709521726109	0.500435739781661	0.928184143382723	0.539155665768914	0.589779448409846	0.999994493201698
5099	0.850163580715225	-0.146708213632576	1.01631611145461	-0.144352935055412	0.885221779852886	0.999994493201698
5100	10.8077139332241	0.311829644441806	0.727919533990075	0.428384773152766	0.668371008751055	0.999994493201698
5101	2.84164615496322	0.155437766123212	1.12668625153961	0.137960116146627	0.890271938767265	0.999994493201698
5102	5.6350113954432	0.068131430649744	0.828250601538899	0.0822594399848972	0.934440407271628	0.999994493201698
5103	6.31903964991929	0.00447586793062744	1.0416203364708	0.00429702433210214	0.996571481178959	0.999994493201698
5104	1.91058770983211	0.328860611451541	1.06529662830379	0.308703325171663	0.757547214175517	0.999994493201698
5105	6.90138617823449	-0.161014924659991	0.918550805329762	-0.175292344991398	0.860849926457962	0.999994493201698
5106	4.86678134945872	-0.0646562000757282	0.916123140394692	-0.0705758835519343	0.943735304677157	0.999994493201698
5107	9.05720793993281	0.189579356185589	0.659410596510015	0.287498194886393	0.773730883899569	0.999994493201698
5108	5.74950640568397	0.175797444547225	0.948040774963408	0.185432366613145	0.852889923723766	0.999994493201698
5109	0.816774310968573	0.129877369156715	0.926905324957659	0.140119347315917	0.888565694446357	0.999994493201698
5110	4.30927139737133	-0.167526105429649	1.01431018756265	-0.165162597678535	0.86881600363708	0.999994493201698
5111	0.803572827182896	0.52120572130981	1.00685768014243	0.517655803386313	0.604698439766725	0.999994493201698
5112	11.3652784593587	-0.203818052698201	0.710189215269164	-0.286991196593929	0.774119060936216	0.999994493201698
5113	3.50171702227316	0.276097064757983	1.01530973098695	0.271933830959738	0.785672897737729	0.999994493201698
5114	14.1945331240376	-0.282607523020866	0.786909748974315	-0.359135877258131	0.719493443321808	0.999994493201698
5115	7.73179736827048	0.192491665749999	0.80035140137584	0.240508938222757	0.809935734893966	0.999994493201698
5116	2.25627282179885	0.0553805907772	1.09920156611047	0.0503825617472186	0.959817532446466	0.999994493201698
5117	7.47209443488545	0.49725600291582	0.784879870778514	0.633544089266294	0.526378398861905	0.999994493201698
5118	4.18086985868866	0.3723375209287	0.950847878785611	0.391584741614228	0.695365063778989	0.999994493201698
5119	7.64970448902953	0.132273634537587	0.710682210792313	0.186122056425361	0.852349045590731	0.999994493201698
5120	1.01033342375387	-0.372373896188752	1.02435341113703	-0.363520921725071	0.716215787065119	0.999994493201698
5121	1.38458169157286	0.350714173011225	0.99306159982877	0.353164570125053	0.723965067586958	0.999994493201698
5122	19.2744213745024	-0.165956340185083	1.02432089475251	-0.162015966905742	0.871293280217416	0.999994493201698
5123	0.29076829270932	0.239749673515231	0.906140553072897	0.264583317347617	0.791330473086318	0.999994493201698
5124	4.00116479992266	0.0163177945271037	1.14052461200986	0.0143072708429748	0.988584838931932	0.999994493201698
5125	2.13741334278366	-0.118226669463561	1.15301796031938	-0.102536711076741	0.918330675170682	0.999994493201698
5126	6.93500099617733	0.179945665208429	0.787538932163634	0.228491135941759	0.819264446377367	0.999994493201698
5127	3.13200947622426	0.0889883240590294	1.12772003904428	0.0789099430515085	0.937104254494059	0.999994493201698
5128	12.1271611213105	0.0318521479632833	1.03263351293376	0.0308455493302651	0.975392714573489	0.999994493201698
5129	20.4162848697721	-0.202058027799279	0.948011105482901	-0.213138882688883	0.831218637357793	0.999994493201698
5130	6.77960484321535	-0.603169109560382	0.852062549263062	-0.707892994571883	0.479011710423805	0.999994493201698
5131	3.36064490005558	0.117391687280491	1.05338774532849	0.111442047623103	0.911265818517949	0.999994493201698
5132	1.59174725959211	-0.0356002944107405	1.02268566827205	-0.0348105928490143	0.972230773879929	0.999994493201698
5133	0.456746246285511	-0.0496748402155329	0.917017203439013	-0.054170019961721	0.956799706205986	0.999994493201698
5134	1.84124191098508	-0.101763326428961	1.12742847177094	-0.090261448044782	0.92807945506116	0.999994493201698
5135	5.06111368243347	0.243684248871806	0.92163323058923	0.264404798767956	0.791468014185596	0.999994493201698
5136	2.13528250770435	0.301842243719561	1.16539300684377	0.259004680778924	0.79563162896059	0.999994493201698
5137	3.72306817034579	0.22590733006142	1.00946239003264	0.22378974421634	0.822920910525991	0.999994493201698
5138	1.80230788120172	-0.272587378884499	1.1552072132226	-0.235964055421782	0.813460562264839	0.999994493201698
5139	2.82714163033486	0.0875708692256123	1.07082868695984	0.0817785984742644	0.934822775003376	0.999994493201698
5140	3.08399293226885	0.307707534723575	1.04962271623808	0.293160132648825	0.76939975550607	0.999994493201698
5141	5.31842243023836	-0.132891855471423	0.828906669349638	-0.16032185574727	0.872627543157925	0.999994493201698
5142	2.02422137338558	-0.0362256731056233	1.16480852567666	-0.0311001098524576	0.975189702063539	0.999994493201698
5143	4.84147264627636	0.12955537391833	0.993885138913499	0.130352461110303	0.896287576131863	0.999994493201698
5144	2.25998681996419	0.010856319216388	1.16311376062348	0.00933384126636807	0.992552780295103	0.999994493201698
5145	6.00417756837246	-0.0685827376517848	0.940159346777167	-0.0729479932171967	0.941847502582428	0.999994493201698
5146	1.85505714267272	0.204266454635742	1.05801606232954	0.193065551562599	0.846907630928338	0.999994493201698
5147	2.18345642432271	0.218447727112511	1.15272822600793	0.189504969327443	0.849697060704679	0.999994493201698
5148	2.7547344035561	-0.126793569507874	1.16332678453162	-0.10899222058136	0.913208660652624	0.999994493201698
5149	3.23043357049314	0.233665654881096	1.08422244256457	0.215514497494069	0.829366210253889	0.999994493201698
5150	1.16307317083728	0.335579970965695	0.954974725436581	0.35140193978671	0.725286827335927	0.999994493201698
5151	1.76148851549984	-0.0365733265010648	1.15747479594727	-0.0315975143727717	0.974793025644774	0.999994493201698
5152	5.44764751330368	0.0439252293889036	0.848075508949948	0.0517940076388834	0.958692830355903	0.999994493201698
5153	1.59187000917251	-0.0868024625818692	1.09280263184645	-0.0794310519139252	0.936689770805721	0.999994493201698
5154	1.2179899900947	-0.0662413473018694	0.962655230595003	-0.068811081264189	0.945139997423937	0.999994493201698
5155	1.2179899900947	-0.0662413473018694	0.962655230595003	-0.068811081264189	0.945139997423937	0.999994493201698
5156	2.52656900705476	0.660755754246365	1.14764025606827	0.575751635368794	0.564783068422915	0.999994493201698
5157	2.05454711557596	-0.119001494585448	1.16442257377335	-0.102197859493414	0.918599626738012	0.999994493201698
5158	1.93347077460817	-0.583066784124401	1.15263686833285	-0.505854705973213	0.612958651099008	0.999994493201698
5159	2.56404262333248	0.295474086072439	1.16027968785916	0.25465763915735	0.798987536764812	0.999994493201698
5160	2.1595546401964	0.179970093160988	1.09069635247982	0.165004763013836	0.868940233103954	0.999994493201698
5161	1.99422715722928	0.506714468294669	1.16095106027095	0.436464968795849	0.66249941040965	0.999994493201698
5162	1.16585447652566	0.0437466317731287	1.11604119848025	0.0391980437932757	0.968732493266345	0.999994493201698
5163	7.76619380490098	0.345730396168376	0.905256683388877	0.381914215616853	0.702524995585637	0.999994493201698
5164	671.058113316096	0.275556727242227	1.08099155135584	0.254911083159352	0.798791775866349	0.999994493201698
5165	4.9259052648276	-0.443813119380882	1.01472194606256	-0.437374121160006	0.66184004888984	0.999994493201698
5166	4.26926407419057	-0.274692218805702	1.1192517772036	-0.245424867219785	0.806127476423338	0.999994493201698
5167	7.3627791151623	-0.0651606005762044	0.801595289226164	-0.0812886520816615	0.935212398450948	0.999994493201698
5168	4.42186112072898	0.893603073276948	1.01894485549662	0.876988650029952	0.38049280292594	0.999994493201698
5169	1.55386867186611	0.0977900374870551	1.16488220015351	0.083948434849608	0.933097429999085	0.999994493201698
5170	6.08394354531679	0.281950001780561	1.01264980486089	0.278427942638366	0.780683872070162	0.999994493201698
5171	12.4466447142933	0.13424724223721	0.863888727048258	0.15539876610719	0.876506956853415	0.999994493201698
5172	19.4125694994523	-0.241813059460117	1.02030045953067	-0.23700181373176	0.812655383186367	0.999994493201698
5173	3.01364099553065	-0.429811799133941	1.09969810649618	-0.39084526616436	0.69591161341116	0.999994493201698
5174	1.78959739573762	0.789589718632229	1.16116727176008	0.679996532657502	0.496506656381816	0.999994493201698
5175	3.13017871435289	-0.37675648305187	1.05257810430555	-0.357936842416496	0.720390578587001	0.999994493201698
5176	4.84449735150099	0.326893405920875	0.844794993143461	0.386949980260315	0.698793238810009	0.999994493201698
5177	29.5215251143415	-0.53844551986133	1.00538294992522	-0.535562613133017	0.592260873429812	0.999994493201698
5178	0.595265790232995	0.109200319179576	0.921811850313088	0.118462698372218	0.90570104932124	0.999994493201698
5179	1.74399600835395	-0.0419258959824543	1.04355935915264	-0.0401758612145435	0.967952922048932	0.999994493201698
5180	1.55108736617773	0.428406274868031	1.10479840116675	0.387768731757399	0.698187186923492	0.999994493201698
5181	0.664525562206736	0.168677151665322	0.923602448544678	0.182629606418981	0.855088652456034	0.999994493201698
5182	2.70676716376688	0.337096294164583	1.10996203268632	0.303700743122489	0.761355891799213	0.999994493201698
5183	5.83374911914857	-0.267747625390171	1.01561449319964	-0.263631158459198	0.792064146666552	0.999994493201698
5184	3.79894809537819	-0.000740758825604756	1.11368991337847	-0.000665139206799137	0.999469295735242	0.999994493201698
5185	7.31868324620137	0.16147404388276	0.858138833348147	0.188167738840983	0.85074516140065	0.999994493201698
5186	0.58153658541864	0.284316614176459	0.920817880125256	0.308765305619157	0.757500062517143	0.999994493201698
5187	0.401215679126124	-0.398263317575617	0.912303747368267	-0.436546839497801	0.662440023065496	0.999994493201698
5188	0.304497497523674	-0.0431887436667238	0.908039688221683	-0.0475626167302282	0.962064825819556	0.999994493201698
5189	5.39984394505105	0.532815082496628	1.11972158313209	0.475846041125898	0.634184066213394	0.999994493201698
5190	4.0072551323281	0.192155534192869	1.08285388828127	0.17745287362625	0.859152679095209	0.999994493201698
5191	5.47563574358562	0.0753004035268618	0.970958624672626	0.0775526388184157	0.938183917601264	0.999994493201698
5192	0.942215120710773	0.836840665904731	1.09704955342513	0.762810269866122	0.445576555463352	0.999994493201698
5193	6.57330374153494	0.0684091928348264	0.82451357499577	0.0829691528549755	0.933876067475535	0.999994493201698
5194	3.61082884438927	-0.202716681248776	1.09730207359399	-0.184740998971065	0.853432187098069	0.999994493201698
5195	1.98792594874561	0.595748060639653	1.1492238798163	0.518391647704783	0.604185040975866	0.999994493201698
5196	0.0829889767880956	-0.248659012986504	0.893865399747027	-0.278183955947816	0.780871150271919	0.999994493201698
5197	1.98855964761218	0.168567176298272	1.16396433675358	0.144821598888866	0.884851728555382	0.999994493201698
5198	8.24276809839356	-0.493903658046299	0.769133224895264	-0.642156185768149	0.520771777976648	0.999994493201698
5199	6.19484729800693	0.48911827605996	0.828176848607582	0.590596412930785	0.554790868899396	0.999994493201698
5200	2.12155330289	0.423261652727117	1.16536935973051	0.363199572043834	0.716455807289724	0.999994493201698
5201	4.19945663022355	0.271863516529677	1.03883050259217	0.261701515166625	0.793551572301684	0.999994493201698
5202	14.5488951137262	-0.0160509350765766	0.747133872419636	-0.0214833454473088	0.982860088805676	0.999994493201698
5203	1.82698498514205	-0.0870485144694387	1.05418500902259	-0.0825742291195615	0.93419009346009	0.999994493201698
5204	1.80332660055197	0.633794888789515	1.16150567398878	0.545666631668677	0.585295113060236	0.999994493201698
5205	3.85660949761689	-0.173212993039911	1.14589251117448	-0.15115989619513	0.879849584917567	0.999994493201698
5206	5.91997157761497	0.0926452123847974	0.837577884667475	0.110610862680046	0.911924933175777	0.999994493201698
5207	15.3505866674966	0.153093663043203	0.753239842814463	0.203246900046035	0.83894205682339	0.999994493201698
5208	7.43610226267552	0.0396666177304146	0.768872449737082	0.0515906347587025	0.958854881783618	0.999994493201698
5209	4.57404379358213	-0.131205039206411	1.06716871729819	-0.122946856555719	0.902149180896006	0.999994493201698
5210	5.56950444396645	-0.24696547436086	0.915617418693221	-0.269725618275515	0.787371350229223	0.999994493201698
5211	1.71653759872524	0.129663409432925	1.04012911425694	0.124660878784799	0.900792029939872	0.999994493201698
5212	1.47075694549762	0.212265219950539	1.14888357914819	0.184757815154706	0.853418996765102	0.999994493201698
5213	1.23171919490905	-0.162964817648317	0.96546176006121	-0.168794689121592	0.865958135852811	0.999994493201698
5214	0.304497497523674	-0.0431887436667238	0.908039688221683	-0.0475626167302282	0.962064825819556	0.999994493201698
5215	4.56628217159282	-0.464258275821972	0.991406802856407	-0.468282318100266	0.639582711410445	0.999994493201698
5216	5.46528164139701	1.03458242206092	0.894596531474156	1.15647935763409	0.247485138201134	0.999994493201698
5217	5.1813968522472	0.511665869870049	0.866861617539073	0.590250923005005	0.555022436553845	0.999994493201698
5218	3.02357017530637	-0.00103681622177572	1.15502357236417	-0.00089765806221037	0.99928377258747	0.999994493201698
5219	7.61035380755419	0.365902210013089	0.960864587737379	0.380805177631436	0.703347817040751	0.999994493201698
5220	8.21477555737344	0.0794290712238792	1.16097293232423	0.0684159544226967	0.945454521794977	0.999994493201698
5221	3.40913776124893	-0.314464789294449	1.03759005133226	-0.30307228648798	0.761834773679721	0.999994493201698
5222	11.4369082071283	0.549775781430463	0.945567478050938	0.581424165056623	0.560954614877486	0.999994493201698
5223	3.8494070494824	0.501588157467072	1.14356682620733	0.438617268332804	0.660938882451492	0.999994493201698
5224	0.922081908796952	-0.520702750361962	1.03724600327031	-0.502005067959046	0.615663956052126	0.999994493201698
5225	2.49695040914515	-0.646088147178479	1.16345973017625	-0.555316295374146	0.578678334804722	0.999994493201698
5226	1.84451421499503	0.223053885517384	1.16227926982866	0.191910749255871	0.847812117261707	0.999994493201698
5227	14.8194909069896	0.112074176459708	0.711207778526807	0.157582889056498	0.874785487647555	0.999994493201698
5228	0.628655059979646	-0.246204994136105	0.979995207496186	-0.251230814449736	0.801635661889864	0.999994493201698
5229	4.98622312354973	-0.369686984186203	0.864045786884678	-0.427855780095997	0.66875612316098	0.999994493201698
5230	1.62958702498647	0.374037368599635	1.16445704508923	0.321211821575585	0.74804987413174	0.999994493201698
5231	0.817424781577644	0.398985297314411	1.0823861289815	0.368616417590131	0.712413656590517	0.999994493201698
5232	1.90613511455986	-0.350868209442966	1.15326957738445	-0.304237809028758	0.760946721768156	0.999994493201698
5233	1.34269430235453	-0.394830179498294	1.07806049110938	-0.366241210724635	0.714185093467638	0.999994493201698
5234	1.50120543726839	0.0797349256033144	1.14751946263503	0.0694845954248312	0.944603894085622	0.999994493201698
5235	2.70523749513045	0.566224157250586	1.11377164330959	0.508384425705112	0.611183772827839	0.999994493201698
5236	6.52540994715993	0.158516478688836	0.753448849448613	0.210387843587314	0.833364979750191	0.999994493201698
5237	1.15624424132493	0.350476773737312	1.13653396093398	0.308373340158968	0.757798265633309	0.999994493201698
5238	2.37330153894267	-0.137310239651216	1.14558691581701	-0.119860167531059	0.904593918635657	0.999994493201698
5239	6.39164097206809	-0.134699498091056	0.831676768226071	-0.16196135714884	0.871336284557748	0.999994493201698
5240	10.131343422524	0.103967606545308	0.72699916427887	0.143009251803523	0.886282874418079	0.999994493201698
5241	4.12505916928593	0.059877456371328	0.940138916619423	0.0636900093303626	0.949217059995882	0.999994493201698
5242	3.85472416169837	0.0662291382916707	1.08278007520816	0.0611658265681868	0.951227145201919	0.999994493201698
5243	3.88246479319497	0.0398369118042329	1.08755843695262	0.0366296747380836	0.970780282382231	0.999994493201698
5244	3.57502651769542	0.149509414875861	1.11293635108928	0.134337794546409	0.893135468362271	0.999994493201698
5245	0.515463090581562	-0.1322897810004	1.04310559556625	-0.126823000051674	0.899080491316391	0.999994493201698
5246	4.76717588432999	0.602760858281009	0.866463833772309	0.695656107949457	0.486644219267281	0.999994493201698
5247	2.28373123142756	-0.100977249091274	1.10159070262068	-0.0916649431145793	0.92696425142841	0.999994493201698
5248	17.547343967751	-0.0559987916823536	0.958205775033852	-0.0584413005446302	0.953397117893044	0.999994493201698
5249	6.23796545144238	-0.495500766018752	0.81537611165965	-0.607695956422109	0.543389145388457	0.999994493201698
5250	8.29135422818843	-0.12065274687322	0.679551324382231	-0.177547659086535	0.859078233283605	0.999994493201698
5251	0.913492492571023	-0.0585187495674296	0.928506593462614	-0.0630245923717136	0.949746921365118	0.999994493201698
5252	1.12405311418063	-0.404488642901021	1.11475783380432	-0.362848890256843	0.716717768009814	0.999994493201698
5253	1.02520409749887	0.635567401110258	1.10725752412593	0.574001428991847	0.565966834277487	0.999994493201698
5254	1.89534668772138	-0.265355714416527	1.16329134751325	-0.228107700606364	0.819562513683045	0.999994493201698
5255	2.88610607341624	0.13211505928506	1.10570107762077	0.119485331034807	0.904890860916411	0.999994493201698
5256	2.37403803642503	0.575923811242498	1.14508551253276	0.502952665926791	0.614997551820259	0.999994493201698
5257	4.84817882620832	-0.297392917198382	1.07881436662793	-0.2756664412321	0.782804273236777	0.999994493201698
5258	3.3142524411424	-0.352064534907142	1.10592517765792	-0.31834390067213	0.750224087094444	0.999994493201698
5259	2.26276812565257	-0.421088044958634	1.14056769055958	-0.369191630136429	0.711984894085505	0.999994493201698
5260	4.72155772520382	-0.153964594577128	1.00912044504467	-0.152573060364774	0.878734970942155	0.999994493201698
5261	5.84430359929267	-0.200979841656426	0.927220619223727	-0.216755147037916	0.82839916837492	0.999994493201698
5262	1.42601480517671	-0.00605854471312112	1.0804795692894	-0.00560727373781408	0.99552606630096	0.999994493201698
5263	3.28941586491458	0.0365168558771722	1.1589735290211	0.0315079291828307	0.974864468712388	0.999994493201698
5264	3.92067490695505	0.239587949592375	1.14518865427649	0.209212646927368	0.834282240060499	0.999994493201698
5265	1.95455662996356	-0.268875213162808	1.1596813010229	-0.23185267618409	0.816652441907503	0.999994493201698
5266	6.84421894457378	-0.297135636676621	0.721081004022997	-0.412069705093971	0.680288332877231	0.999994493201698
5267	4.08616186220967	-0.28548038016181	1.13989928060241	-0.250443512878558	0.802244383080393	0.999994493201698
5268	9.71754635699269	-0.456157922734292	0.675054108630888	-0.675735347584876	0.499208689319833	0.999994493201698
5269	9.09853513526933	-0.776646123112775	0.821174446395025	-0.945774830819773	0.34426344567375	0.999994493201698
5270	0.429287836656803	0.386075147266136	0.914213157539646	0.422303205857539	0.672803718470928	0.999994493201698
5271	5.17576816496174	-0.000669636210405189	0.983744729025973	-0.000680701192745612	0.999456879069731	0.999994493201698
5272	2.88108903440821	-0.109762370916672	1.07731845939989	-0.101884795492889	0.918848118593727	0.999994493201698
5273	5.5002939761589	-0.169043558462307	0.936823703941831	-0.180443297656784	0.856804565520608	0.999994493201698
5274	3.10180648361427	0.110410795144503	1.15168994631087	0.095868506535265	0.923625007484356	0.999994493201698
5275	1.4734155016056	-0.182253751774104	1.15492996719273	-0.157805024504738	0.874610439287945	0.999994493201698
5276	0.831031236811604	0.166207255352322	1.00608572801348	0.165201881633386	0.868785084286411	0.999994493201698
5277	21.8786747769835	-0.0529084399796664	0.987753234473298	-0.0535644310067776	0.957282195753269	0.999994493201698
5278	2.07922421951629	0.00895713827645068	1.14288712473018	0.00783729038732967	0.99374681101655	0.999994493201698
5279	1.24630764678616	0.315335665050273	1.06177449696867	0.296989300412231	0.766474677845733	0.999994493201698
5280	1.71653759872524	0.129663409432925	1.04012911425694	0.124660878784799	0.900792029939872	0.999994493201698
5281	2.54735487839327	0.161295873878387	1.14770246202809	0.140538056870039	0.888234885813677	0.999994493201698
5282	0	NA	NA	NA	NA	NA
5283	0.222036241764256	0.464586052033336	0.900021147286379	0.516194595464887	0.605718504601076	0.999994493201698
5284	0.816774310968573	0.129877369156715	0.926905324957659	0.140119347315917	0.888565694446357	0.999994493201698
5285	2.03333851064019	-0.262310518932885	1.1599530196681	-0.22613891639158	0.821093377554497	0.999994493201698
5286	8.75864760140073	-0.276884360397766	0.893682700329047	-0.309824012813294	0.75669478993892	0.999994493201698
5287	2.41244434517971	0.507369646145659	1.15325730940808	0.439944877874714	0.659977031094033	0.999994493201698
5288	7.6323157323197	-0.0834463202752914	0.929356684712289	-0.089789336697056	0.928454622044765	0.999994493201698
5289	4.16738405341054	0.325459706176538	1.06219454973255	0.306403103140085	0.759297745947927	0.999994493201698
5290	3.21286761793305	0.396151244881611	1.14771890473897	0.345163997252192	0.72997108341654	0.999994493201698
5291	1.71931890441362	-0.206977555803338	1.15197551025873	-0.179671836736226	0.857410204627982	0.999994493201698
5292	3.54290463671622	-0.0596598750795072	1.01257576392819	-0.0589189245929238	0.953016684590385	0.999994493201698
5293	7.65627413951285	0.192226131721512	0.878916402742667	0.218708094560152	0.826877443088805	0.999994493201698
5294	1.05201203651851	0.0402688155853871	0.93228063795988	0.0431938774074594	0.965546985656579	0.999994493201698
5295	4.75211111521494	0.383714175999562	1.0867189531417	0.353094215289287	0.724017809475196	0.999994493201698
5296	1.84398649396636	0.0748723392936011	1.12810591594069	0.0663699553699863	0.947083289586917	0.999994493201698
5297	9.16746333060412	-0.0153981489980271	0.829759070543499	-0.0185573735131829	0.985194207983171	0.999994493201698
5298	1.59526506276286	0.26000008829143	1.14783110934474	0.226514237307836	0.820801487204283	0.999994493201698
5299	2.50638122109378	0.523488001784608	1.15964807591237	0.451419713151118	0.651687078112861	0.999994493201698
5300	2.47103843989537	0.490162795317702	1.14984933813112	0.426284365319005	0.669900649055295	0.999994493201698
5301	2.33202789762631	-0.346139385944772	1.13667262670934	-0.30451985717897	0.7607318668053	0.999994493201698
5302	5.16763092472574	0.468340781855386	0.891115929371107	0.525566614195654	0.59918935831511	0.999994493201698
5303	4.08955481617547	0.443603739030632	0.954526186543008	0.464737107566661	0.642119731321013	0.999994493201698
5304	3.06355964714709	0.308635085014275	1.13070759638348	0.272957470173042	0.784885908397555	0.999994493201698
5305	4.2479327196744	-0.338653792572163	1.00865176280917	-0.335748972102114	0.737060172877123	0.999994493201698
5306	4.30840688042761	0.131609586813032	1.13482023102508	0.115973951833894	0.907673185895329	0.999994493201698
5307	0.235237725549933	-0.175946878235702	0.904443675158139	-0.194536025922165	0.845756189895344	0.999994493201698
5308	0.803572827182896	0.52120572130981	1.00685768014243	0.517655803386313	0.604698439766725	0.999994493201698
5309	0.570465936712272	-0.00897470218530808	0.964520933293297	-0.00930482882799083	0.99257592786655	0.999994493201698
5310	2.49849684952408	0.252208403459818	1.14881260076389	0.219538333138159	0.826230722573212	0.999994493201698
5311	5.99229277752043	-0.104486557277758	0.818326619255466	-0.127683194972714	0.898399689695887	0.999994493201698
5312	10.1531333025086	-0.428011526867288	0.71823722131845	-0.595919445780877	0.551229041874651	0.999994493201698
5313	3.90976373053618	-0.348561819141999	1.0770869658322	-0.32361529774217	0.746229304799418	0.999994493201698
5314	0.830503515782927	0.00386986032049743	0.927241299523168	0.00417352022875545	0.996670022312356	0.999994493201698
5315	5.61408711199986	-0.301240429086534	0.872026933991398	-0.345448537590131	0.729757192646548	0.999994493201698
5316	3.17912795078527	-0.232625656849546	1.09491581977515	-0.212459855495848	0.831748293505814	0.999994493201698
5317	3.43351689160587	-0.0246275125440591	1.16013591670552	-0.0212281269715317	0.98306367725625	0.999994493201698
5318	1.90229836681412	-0.11413801561655	1.16204450514238	-0.0982217248233238	0.921756231959027	0.999994493201698
5319	0.986024568554721	0.385115610575127	1.02744823290113	0.374827264520864	0.707788935950337	0.999994493201698
5320	0.944223206209688	0.0330073085223361	1.02353608663007	0.0322483095158967	0.974274030771018	0.999994493201698
5321	6.3326440055287	-0.114237379290136	0.824254707428857	-0.13859475506847	0.88977038815883	0.999994493201698
5322	2.81857216507353	-0.502573502415114	1.15238544078372	-0.436115803470514	0.662752711665341	0.999994493201698
5323	0.456746246285511	-0.0496748402155329	0.917017203439013	-0.054170019961721	0.956799706205986	0.999994493201698
5324	2.34783126384827	0.691796918786632	1.14355015966318	0.604955465172067	0.545208588021033	0.999994493201698
5325	1.97187708336286	-0.461330894859774	1.16459243065214	-0.396130768771562	0.692008560794778	0.999994493201698
5326	3.72009066966282	0.802229464656241	1.07637195447599	0.745308776692149	0.456085076557437	0.999994493201698
5327	1.2328606638397	0.669997633544115	1.07165210684788	0.625200687109945	0.531839351005681	0.999994493201698
5328	1.73398080170494	-0.016138984679994	1.16286717046207	-0.0138786140755708	0.988926823583262	0.999994493201698
5329	4.41548865564673	0.0654175559928612	0.893198075692279	0.0732396965165413	0.941615377940682	0.999994493201698
5330	5.50363762595851	-0.293568915009454	0.820050894277375	-0.357988652970308	0.720351805209938	0.999994493201698
5331	5.72873641383825	-0.411015139542777	0.927387219716829	-0.443196898560104	0.657623322003122	0.999994493201698
5332	2.52276898201612	0.19709751844001	1.16262999476135	0.169527295294379	0.865381904530585	0.999994493201698
5333	2.32394733106201	-0.547663691457478	1.13434807251158	-0.482800389694218	0.629237474087892	0.999994493201698
5334	3.05907032916773	0.254379854018245	1.04455487696559	0.243529430217408	0.807595289204143	0.999994493201698
5335	1.45322771564463	-0.119778715301087	1.00212972241873	-0.119524162013666	0.904860098727368	0.999994493201698
5336	2.52869984213407	0.213837843241492	1.15332794357229	0.185409401058259	0.852907935281983	0.999994493201698
5337	1.84741827026381	-0.292909855454653	1.16107007757055	-0.252275776555663	0.800827910241561	0.999994493201698
5338	0.667306867895116	-0.558973456215218	1.059433675117	-0.527615337650551	0.597766345411065	0.999994493201698
5339	29.2246098661599	-0.507248673224381	1.07808725619423	-0.470507994886266	0.637992123627368	0.999994493201698
5340	2.72528366014398	0.0696854434797816	1.13330690798969	0.0614885897090247	0.950970101305391	0.999994493201698
5341	3.27637385341639	-0.297145665129888	1.06395657371486	-0.279283640395573	0.780027160068067	0.999994493201698
5342	2.3346497310272	-0.0493845078688342	1.15871991617543	-0.0426198835278822	0.966004545127321	0.999994493201698
5343	4.78137931572342	0.157534327192948	0.929884775796783	0.169412739398774	0.865472003747973	0.999994493201698
5344	11.7534888496937	-0.289383115113341	0.672384271879611	-0.430383528014995	0.66691667549113	0.999994493201698
5345	4.65086689292604	0.363287194547609	0.98821286867989	0.367620384293222	0.713156313163182	0.999994493201698
5346	3.70198441461496	-0.513938095672999	1.08332089655643	-0.474409842279107	0.635207675844236	0.999994493201698
5347	2.87302733921096	0.357319495338484	1.08920801737008	0.328054411682758	0.742870522387885	0.999994493201698
5348	1.87410345970305	-0.444663443571754	1.14071247680034	-0.389812027671531	0.69667554916959	0.999994493201698
5349	2.8363836167944	0.0121897078562456	1.11707497157147	0.0109121662972159	0.991293523774699	0.999994493201698
5350	1.5517378367868	0.690506421623252	1.15228687404093	0.599248708962319	0.549007045636185	0.999994493201698
5351	10.6371060607481	0.13661717119663	0.718592487425626	0.190117728180076	0.84921687835453	0.999994493201698
5352	9.40303155319545	-0.143701928639388	0.772772052177215	-0.18595642561674	0.852478932561118	0.999994493201698
5353	4.75175861818926	-0.35573637706224	0.867749296052482	-0.409952942261707	0.681840467708605	0.999994493201698
5354	3.82620821038776	-0.0856265796815498	0.987193956675456	-0.0867373418389958	0.930880293760911	0.999994493201698
5355	0.531936878377196	0.0414638276441393	0.919615689441542	0.0450882125220365	0.964036996913102	0.999994493201698
5356	8.01615531336751	0.15102525909969	0.953799778818389	0.158340631287195	0.874188392827733	0.999994493201698
5357	2.11905421906951	0.152784803004964	1.16519185305413	0.131124160029521	0.895677089227294	0.999994493201698
5358	1.56719290523218	-0.298598796031761	1.14787806396679	-0.260131110964763	0.794762640683276	0.999994493201698
5359	6.70374061929358	-0.0142215331905295	0.80602274779525	-0.0176440841520047	0.985922788074233	0.999994493201698
5360	6.17238813561676	-0.328021175015553	0.789009459674533	-0.415737949644941	0.677601768437951	0.999994493201698
5361	2.4507646270611	-0.0254457936521237	1.16173668307934	-0.0219032367857028	0.982525142813894	0.999994493201698
5362	1.61920566922082	-0.212551187735837	1.02715133892343	-0.2069326881846	0.836062427514818	0.999994493201698
5363	4.47123527957424	-0.0819417907394489	0.98385551155138	-0.0832864071780622	0.933623808242182	0.999994493201698
5364	3.00735973801158	-0.344643181469684	1.14159406340221	-0.301896438075867	0.762731011156755	0.999994493201698
5365	5.378230368667	0.445473982063033	1.01979200803043	0.436828273368604	0.662235892842853	0.999994493201698
5366	4.65212062960254	0.156730115276745	1.0606790954316	0.14776393345715	0.882529073748589	0.999994493201698
5367	7.27715597174629	-0.101878527788459	0.773792808260987	-0.131661249239858	0.895252237248913	0.999994493201698
5368	2.11775327785137	-0.0165556845462504	1.08637224827512	-0.0152394214529473	0.987841171536599	0.999994493201698
5369	8.87416970423606	0.375552881517747	0.948183865924533	0.396076009109859	0.692048956098046	0.999994493201698
5370	1.6393934551818	-0.326178878455296	1.16108224745821	-0.280926591694389	0.778766704392719	0.999994493201698
5371	4.88213253969075	-0.157299097361771	1.01273740885775	-0.155320713924438	0.876568486427296	0.999994493201698
5372	16.4060270322036	0.136313842782488	0.798338477784347	0.170746928246279	0.864422761219148	0.999994493201698
5373	4.74345142383122	0.0525470939232191	0.869017491143734	0.0604672454337606	0.951783502454626	0.999994493201698
5374	2.8443907379445	0.35043698419513	1.12679040751865	0.311004585996469	0.755797135282888	0.999994493201698
5375	4.39041386057256	-0.114828578369199	1.0315285705397	-0.111318854027591	0.911363504972835	0.999994493201698
5376	2.74982016316386	0.534864859276607	1.09122826632502	0.490149381007051	0.62402819700731	0.999994493201698
5377	4.07586233406822	0.0812906677195069	0.930012101586529	0.08740818273314	0.93034706539455	0.999994493201698
5378	4.5169961392454	0.449517892172492	1.06715479845209	0.421230259025699	0.673586950675888	0.999994493201698
5379	1.44055395288763	0.217591464013669	1.10122803648373	0.197589833172473	0.843365989933457	0.999994493201698
5380	2.78717102986119	0.229318999548822	1.1151284257619	0.205643578130601	0.837069334542858	0.999994493201698
5381	2.62078810483672	0.217544683470326	1.12578552516199	0.193238124498911	0.846772482344232	0.999994493201698
5382	1.7843715802759	-0.0475490706297518	1.16532921488365	-0.0408031224330878	0.967452850092024	0.999994493201698
5383	7.11708658843252	-0.162374121447489	0.94520555608196	-0.171787100068008	0.863604907412446	0.999994493201698
5384	6.29853402860139	-0.279588596216417	0.991858869256553	-0.281883446206397	0.778032883066136	0.999994493201698
5385	2.16379635939042	0.325672626432183	1.16267768114833	0.280105683382973	0.779396424466833	0.999994493201698
5386	3.95548786750024	0.2397674356223	1.02675067782947	0.233520601251673	0.815357174221391	0.999994493201698
5387	5.70647017802949	0.297895554737702	0.892233735940447	0.333876138883843	0.738473026023882	0.999994493201698
5388	2.8443907379445	0.35043698419513	1.12679040751865	0.311004585996469	0.755797135282888	0.999994493201698
5389	3.50675401224579	-0.308990963086237	1.03373380932122	-0.298907668782867	0.765010495624747	0.999994493201698
5390	0.471003172128543	-0.0493326067219921	0.944890949662427	-0.0522098415056433	0.958361491242791	0.999994493201698
5391	4.77867145544924	0.184860799383241	0.936556373358697	0.197383526119511	0.843527420279975	0.999994493201698
5392	6.95343356530569	-0.12368455357998	0.760236582746634	-0.162692188704106	0.870760797558397	0.999994493201698
5393	2.80586167960943	0.397058704718928	1.12108387526876	0.354173950297645	0.723208524589966	0.999994493201698
5394	2.49163329692918	-0.0246272311760124	1.15023312028314	-0.0214106434093553	0.982918083299785	0.999994493201698
5395	5.78062213980632	0.438009165938454	0.815238053871165	0.537277625668434	0.591075858139537	0.999994493201698
5396	2.19028535383506	0.292256326553932	1.1482403382935	0.254525395779319	0.799089686959194	0.999994493201698
5397	1.50993647444177	0.282846236059478	1.14784302427959	0.246415433187824	0.80536066054865	0.999994493201698
5398	2.57266876226551	-0.524853745374454	1.12249106733411	-0.467579440628397	0.640085370185735	0.999994493201698
5399	0.498547608630545	0.439497809069423	0.916867380815593	0.4793471970597	0.631691651092204	0.999994493201698
5400	7.13279972853209	0.35533298644031	0.794530683922782	0.44722374306043	0.654713519945002	0.999994493201698
5401	4.37171482129182	-0.466169077334619	0.983669034061018	-0.473908460257276	0.635565185910104	0.999994493201698
5402	3.24570921568642	1.10056310926802	1.06229380785801	1.03602515718996	0.300190406160785	0.999994493201698
5403	1.74665456446194	-0.35006509105014	1.12200556429248	-0.311999425128419	0.755040960224537	0.999994493201698
5404	4.29438077266173	0.012289132860855	0.951298539891591	0.0129182715472846	0.989692997256052	0.999994493201698
5405	12.1239150418849	0.0521819117559049	0.731121342982281	0.0713724366779559	0.943101345995256	0.999994493201698
5406	0.996481469359119	-0.11224067260068	0.929549893290862	-0.120747335254181	0.903891165147398	0.999994493201698
5407	1.66524875075987	0.0613238205228644	1.1621668388621	0.0527667960160588	0.957917717568296	0.999994493201698
5408	2.28700353543751	0.138059675645495	1.15218346169567	0.119824385816398	0.904622264030028	0.999994493201698
5409	1.46757066836096	0.289449947925235	1.00540758274881	0.287893141937394	0.773428536722392	0.999994493201698
5410	1.12127180849225	0.0846507271517198	0.945411268503433	0.0895385214582012	0.928653940814795	0.999994493201698
5411	3.08616258967981	-0.331624368262245	1.14801952579434	-0.2888664877305	0.772683549877761	0.999994493201698
5412	0.667184118314722	-0.285717893060435	0.982722431847714	-0.290741193851888	0.771249263694727	0.999994493201698
5413	2.81786502079276	0.855079952297131	1.12334237890008	0.761192641137939	0.446542012980874	0.999994493201698
5414	0.650796357392382	0.333362650415099	0.922551971723876	0.361348369124592	0.71783903952895	0.999994493201698
5415	3.49436457098123	-0.384756582854906	1.10344192769492	-0.348687659221595	0.727323810007178	0.999994493201698
5416	10.6813614526014	-0.697972378674067	0.667638759315262	-1.0454341796901	0.295822346478285	0.999994493201698
5417	5.75616328144974	-0.300118468527594	1.0099321169307	-0.297166971419513	0.76633903646411	0.999994493201698
5418	4.41952258879354	-0.160078394010085	1.08517633155822	-0.147513716761797	0.88272655375726	0.999994493201698
5419	4.25857844596788	0.374267956260187	0.98211808972186	0.381082438229176	0.703142078240931	0.999994493201698
5420	11.0018710928008	-0.538063714334901	0.74991809099965	-0.717496645023799	0.473067705802418	0.999994493201698
5421	4.44606717731234	-0.140843262965842	1.13589371184565	-0.123993346822031	0.901320542878609	0.999994493201698
5422	4.22288209711193	0.154907379948505	0.989601681805365	0.156535081534928	0.875611268994796	0.999994493201698
5423	5.30594379184409	0.193926033379249	1.04566100369434	0.185457842163096	0.852869943701839	0.999994493201698
5424	0.886034082942315	0.175360474598416	0.927955204667104	0.188975150649998	0.850112292773497	0.999994493201698
5425	3.40618123155755	0.114610745231485	1.14583988754196	0.100023350973884	0.92032578701045	0.999994493201698
5426	3.75408320547689	-0.092460953327613	1.14822375651375	-0.0805252049551247	0.935819550667671	0.999994493201698
5427	4.90219547644678	-0.301800113263398	0.854019858309698	-0.353387699743575	0.723797805915118	0.999994493201698
5428	2.20074225463946	-0.0592550107537837	1.0942561644284	-0.0541509499146721	0.956814899601915	0.999994493201698
5429	2.12752088571504	-0.171546551292014	1.14053926335958	-0.150408282119727	0.880442507417057	0.999994493201698
5430	5.4532479269851	-0.548686094308266	0.947897738901017	-0.578845240146271	0.562693602186701	0.999994493201698
5431	3.75735550948685	0.125664942654022	1.13682723815807	0.110540052556824	0.911981087133025	0.999994493201698
5432	6.0377388918657	0.372963317597389	0.953108223481662	0.391312663566128	0.695566139501906	0.999994493201698
5433	1.04146910884082	-0.0466055308527576	1.11567631632584	-0.0417733442673045	0.966679384651619	0.999994493201698
5434	3.89620974972483	-0.389399830865557	0.952826666825568	-0.408678560774206	0.682775569256579	0.999994493201698
5435	4.52834900981966	0.171029544174267	1.10238505212567	0.155145013844735	0.876706995866154	0.999994493201698
5436	8.34213422649217	0.118392641312606	0.720467582151483	0.164327506532713	0.869473328939205	0.999994493201698
5437	5.75705715159505	0.07564358442644	0.812609649689487	0.0930872337725066	0.925834259370597	0.999994493201698
5438	4.54441782616701	0.602238412790159	1.11234213334225	0.541414727302126	0.588221758454032	0.999994493201698
5439	22.1947401535157	0.303695349385568	1.10553148734826	0.274705291401527	0.78354266556189	0.999994493201698
5440	0.691983971835444	-0.127644093173444	0.924312353398394	-0.138096275251692	0.890164329491788	0.999994493201698
5441	4.4135917286756	-0.160455436734954	1.09774494096803	-0.146168231568856	0.883788583707287	0.999994493201698
5442	2.22064781873255	-0.31409369494087	1.16536742354688	-0.269523318220877	0.787527000553941	0.999994493201698
5443	2.52660572976186	0.111107136433671	1.11672689245622	0.0994935621092581	0.920746399231677	0.999994493201698
5444	3.4719704049022	0.833309972906015	1.02365238578046	0.81405561544281	0.4156130910407	0.999994493201698
5445	1.30808801863848	0.101407972546203	1.16400376246912	0.0871199697250921	0.930576152190293	0.999994493201698
5446	3.26195745528587	0.201331320287804	1.15973700478142	0.17360084179236	0.862179170412376	0.999994493201698
5447	2.06945451202806	-0.0474431925331761	1.14737007515629	-0.0413495118623461	0.967017262038681	0.999994493201698
5448	2.02474909441426	0.0884497808618396	1.16536435211516	0.0758988214297967	0.939499594519397	0.999994493201698
5449	3.64416354008877	0.211306571916765	1.1140589485926	0.189672702852672	0.849565612453947	0.999994493201698
5450	1.47288778057693	-0.278297875762087	1.10628113435098	-0.251561621292001	0.801379926504024	0.999994493201698
5451	33.4375103001078	-0.288543115597691	1.08729475120587	-0.265377088666785	0.790718984201778	0.999994493201698
5452	3.95050755119931	0.262700139527308	0.980463167267923	0.267934735640633	0.78874955571702	0.999994493201698
5453	2.07774385504605	0.581138065603356	1.16493269700974	0.498859777131397	0.617878172056574	0.999994493201698
5454	1.2179899900947	-0.0662413473018694	0.962655230595003	-0.068811081264189	0.945139997423937	0.999994493201698
5455	2.11852649804083	0.0152652908252071	1.16346331122179	0.0131205605522503	0.989531607661211	0.999994493201698
5456	0.152248748761837	-0.0100772420010255	0.899746354916655	-0.0112000920547869	0.991063806299399	0.999994493201698
5457	1.30715532616152	-0.380210056246171	1.13921027040282	-0.333748796095151	0.738569124728749	0.999994493201698
5458	2.94441794626401	-0.056458517301433	1.08483939425605	-0.0520432034459355	0.958494268665425	0.999994493201698
5459	3.24585191623142	0.0796268873346859	1.10258472935784	0.0722183839613505	0.942428115088072	0.999994493201698
5460	1.84132793785837	0.292266864207358	1.05683355336303	0.276549569492105	0.782125992514504	0.999994493201698
5461	4.93799463288422	0.222501139733462	1.0017672177634	0.222108625425207	0.824229323437525	0.999994493201698
5462	1.49927079718368	0.228121696069248	1.1570831762163	0.197152374832045	0.843708298455872	0.999994493201698
5463	2.22555785987569	-0.493466754529909	1.14324608921316	-0.431636512196195	0.66600561699559	0.999994493201698
5464	7.14857374155246	0.195406618000241	0.715075435824294	0.273267138277499	0.784647874147417	0.999994493201698
5465	2.58055313383522	-0.0802776786454463	1.16318392338707	-0.0690154643916384	0.944977310045712	0.999994493201698
5466	7.61398177884624	0.121203756913094	0.884479070102293	0.137034058815068	0.891003874002525	0.999994493201698
5467	12.8731176511718	0.444542775872577	0.831549481515747	0.534595698457132	0.592929458754033	0.999994493201698
5468	1.14093187342454	-0.0157446633572152	1.06172116154047	-0.0148293769847922	0.988168302711355	0.999994493201698
5469	8.37533047150064	-0.374085414910517	0.700075449408078	-0.534350140726704	0.593099307798484	0.999994493201698
5470	12.8890857595622	0.242907255182977	0.706991054317789	0.343578965673576	0.731162945698875	0.999994493201698
5471	17.3584892482724	0.0677785464973039	0.687476267921508	0.0985903800028228	0.921463508452306	0.999994493201698
5472	8.50689726572351	-0.146758541484759	0.75910746738936	-0.193330388369746	0.846700228764076	0.999994493201698
5473	4.10527425514869	0.198661643074085	1.01080253765408	0.196538528222485	0.844188679505205	0.999994493201698
5474	2.32565534335298	0.075619258358198	1.14375239231298	0.0661150602756555	0.947286220719976	0.999994493201698
5475	9.7975788040894	-0.257785326160402	0.757530135567162	-0.340297123582283	0.733632783092231	0.999994493201698
5476	6.13586608318305	0.282962771735508	0.770045946000889	0.367462192619843	0.713274288166711	0.999994493201698
5477	1.43500919285092	-0.246675552701261	1.16517661999076	-0.211706576040993	0.832335957449696	0.999994493201698
5478	0	NA	NA	NA	NA	NA
5479	2.49203826837746	0.10364509281224	1.15856453545054	0.0894599218609209	0.928716403551581	0.999994493201698
5480	3.07885314368042	0.105343168027353	1.04155094809286	0.10114067700696	0.919438788002066	0.999994493201698
5481	2.00996444754255	-0.0367504258512939	1.13909909927687	-0.0322627117119346	0.974262545457476	0.999994493201698
5482	3.17921397765856	0.228075715342426	1.14450610184269	0.199278723787682	0.842044721348326	0.999994493201698
5483	2.77398949704011	-0.393991541687763	1.15956281294551	-0.339775937352588	0.734025270180611	0.999994493201698
5484	2.25590247343312	0.0568829341962225	1.14511335378404	0.0496745007891597	0.960381776788641	0.999994493201698
5485	0.867079062666242	-0.622622277032897	1.01753194354148	-0.611894575875314	0.540607510560978	0.999994493201698
5486	2.78004310673845	-0.480836448250705	1.15052213755854	-0.417928897284027	0.675999103880039	0.999994493201698
5487	0.886034082942315	0.175360474598416	0.927955204667104	0.188975150649998	0.850112292773497	0.999994493201698
5488	2.39896063952615	0.667759794717425	1.15021429891128	0.580552506910655	0.56154208901025	0.999994493201698
5489	2.24678533617851	0.252069431487973	1.16106427193195	0.217102048165295	0.828128817828175	0.999994493201698
5490	29.8620881030257	0.34771951072283	1.08235014840377	0.321263420377998	0.748010774607238	0.999994493201698
5491	5.79986157076591	0.0157292389887556	0.839890517302027	0.0187277254174538	0.985058310446297	0.999994493201698
5492	3.67035773120643	-0.421852689915926	1.16151631481521	-0.363191359893244	0.716461941418204	0.999994493201698
5493	2.32039280518417	-0.0505906818107963	1.16126593159767	-0.0435651132391301	0.965251060883549	0.999994493201698
5494	5.26324645972919	0.0223086488400992	1.10029100902575	0.0202752259694028	0.983823818536838	0.999994493201698
5495	0.456746246285511	-0.0496748402155329	0.917017203439013	-0.054170019961721	0.956799706205986	0.999994493201698
5496	2.04970632059793	0.276528189410658	1.16504704958714	0.237353666968774	0.812382431133132	0.999994493201698
5497	5.64498987938511	-0.160510934252678	0.917729191401389	-0.174900107522542	0.861158125785563	0.999994493201698
5498	7.05816934989278	-0.262652622984334	0.869184830298095	-0.302182704792782	0.762512787901426	0.999994493201698
5499	3.44349327592323	0.308115213818542	1.03516458184689	0.297648527801074	0.76597143246337	0.999994493201698
5500	2.73002057690867	0.190366734738435	1.16310820872307	0.163670700035236	0.869990384443753	0.999994493201698
5501	4.02598250478343	-0.0801943789414429	1.11280468174871	-0.0720650984460472	0.942550101386008	0.999994493201698
5502	2.87924252082134	-0.119179450999994	1.16125398616088	-0.102629960732365	0.918256663163291	0.999994493201698
5503	2.81848613820023	-1.24005156073498	1.11195982385203	-1.1151945728032	0.264767051264364	0.999994493201698
5504	5.38488304518366	0.293327427065297	0.803217552469917	0.365190509300135	0.714969202283007	0.999994493201698
5505	19.3405913943355	-0.207900621557335	0.738346652078542	-0.281575897949923	0.778268723357922	0.999994493201698
5506	4.22747636393649	-0.312874057253742	1.02098940255637	-0.306442022287757	0.759268117125701	0.999994493201698
5507	17.3158380411016	0.154716217170438	0.817764713161188	0.189194048948823	0.849940731688228	0.999994493201698
5508	4.8384091187201	0.230037998533869	1.00925074379931	0.227929481298071	0.819701063128412	0.999994493201698
5509	3.08457522734468	-0.401310525708036	1.04503223705639	-0.38401736470679	0.700965577265523	0.999994493201698
5510	6.10254816819174	0.0952167893765965	1.07079358278026	0.0889217034055908	0.929144135052061	0.999994493201698
5511	3.33096962847427	0.265704414433476	1.02092863023003	0.260257579781663	0.79466509177563	0.999994493201698
5512	2.21851698365324	0.191145233142469	1.15697074777023	0.165211811543942	0.868777268751042	0.999994493201698
5513	0.823232892115193	0.332403065327733	1.00041242960865	0.332266028979433	0.739688389048817	0.999994493201698
5514	3.8886579242162	0.284315313905228	0.988740611841095	0.287552984574807	0.773688938231078	0.999994493201698
5515	3.23166843580259	-0.155633306302761	1.11543659775503	-0.139526806468422	0.889033874615273	0.999994493201698
5516	0.570993657740949	0.248368656010105	1.05258275127871	0.235961168571667	0.813462802398316	0.999994493201698
5517	12.6473328297988	-0.206366290812742	0.876145195637085	-0.235538917339704	0.813790476680301	0.999994493201698
5518	0.958602881633114	-0.0257920732708646	1.14321612091253	-0.0225609775781303	0.98200047127989	0.999994493201698
5519	2.70497312460261	0.116589561038133	1.08376095262686	0.107578669221786	0.914329918270898	0.999994493201698
5520	1.50095993810761	0.13817578971608	1.10629022649143	0.124900126935317	0.900602617879011	0.999994493201698
5521	1.7175930407826	0.417471851394414	1.12896169241418	0.369783894528512	0.711543516295713	0.999994493201698
5522	2.67514048035836	0.163843507302528	1.14580870150592	0.142993771200368	0.886295100502812	0.999994493201698
5523	4.16515251933999	0.0553120622924326	1.04426184464953	0.0529676178209846	0.957757708714955	0.999994493201698
5524	3.35985382852607	0.276909386679056	1.0651091813826	0.259982161002128	0.794877534037994	0.999994493201698
5525	3.85859553252666	0.0654189059849576	0.965964540400695	0.0677239207536759	0.946005407016678	0.999994493201698
5526	2.70006308345947	0.19089882003478	1.16407162125547	0.163992332214828	0.869737180097975	0.999994493201698
5527	1.35675503320297	-0.0710206604355165	1.07303888777888	-0.0661864739893303	0.947229365353985	0.999994493201698
5528	2.41603559376466	0.456037418108242	1.1458804214745	0.39797993713988	0.69064497470781	0.999994493201698
5529	0.595265790232995	0.109200319179576	0.921811850313088	0.118462698372218	0.90570104932124	0.999994493201698
5530	13.1797554529048	-0.337146939296597	0.979885728956065	-0.344067608429997	0.730795442113311	0.999994493201698
5531	1.96942730370856	0.482766380950688	1.1631715670674	0.415043141200435	0.678110321808217	0.999994493201698
5532	3.32863211656582	-0.43102503152805	1.07941367716833	-0.399314035614941	0.689661826462102	0.999994493201698
5533	6.45541367770382	-0.223728465564853	0.753982039983152	-0.296729170856447	0.766673284397391	0.999994493201698
5534	0.539735223073607	-0.140838673864714	0.919956491284329	-0.15309275514551	0.878325129086801	0.999994493201698
5535	5.74295969803951	-0.345222983044212	0.814595064953394	-0.423797047019876	0.671713831896913	0.999994493201698
5536	4.72637856921726	0.166087039276916	1.11546322062439	0.148895128235557	0.881636385468484	0.999994493201698
5537	7.37185952970981	0.127718354870597	0.775201979946988	0.164754938937761	0.869136872767863	0.999994493201698
5538	5.72743328380448	0.381363787740304	0.985003799222973	0.387169864767167	0.698630458191836	0.999994493201698
5539	2.26285415252586	0.194872135348002	1.15013696905365	0.169433850568552	0.86545539949618	0.999994493201698
5540	4.82460963874795	-0.336175300478856	0.855721738057307	-0.392855861348169	0.694425943391469	0.999994493201698
5541	2.70284438914785	-0.168549086217718	1.14065587845714	-0.147765061664083	0.882528183343655	0.999994493201698
5542	7.97779626708185	-0.760613482323002	0.715255947217869	-1.06341441169634	0.287594060003798	0.999994493201698
5543	6.17411291965023	0.152328895990882	0.765616101063102	0.19896250324329	0.84229207621913	0.999994493201698
5544	0.819960588105236	-0.129864505982955	1.08959041434334	-0.119186534934065	0.905127574171548	0.999994493201698
5545	2.15812884977331	-0.00409066831689393	1.15588449933513	-0.00353899400783287	0.997176297214612	0.999994493201698
5546	2.51009521925912	0.565448201971586	1.15218819607577	0.490760280219364	0.623596005992091	0.999994493201698
5547	10.1816965861382	-0.489577318110175	0.664384187946114	-0.736888876936792	0.461189928776314	0.999994493201698
5548	2.64481473816797	0.19232322877845	1.16466744104521	0.165131454697362	0.868840515587565	0.999994493201698
5549	13.1915449484337	0.115730492302372	0.815699279015666	0.141878870411689	0.887175684433524	0.999994493201698
5550	5.37099646770636	0.297925273252815	0.922092758634437	0.323096858166443	0.746621889591605	0.999994493201698
5551	0.304497497523674	-0.0431887436667238	0.908039688221683	-0.0475626167302282	0.962064825819556	0.999994493201698
5552	0.761771464837863	0.0994801918986443	0.994075694004097	0.100073055300187	0.920286326682818	0.999994493201698
5553	0.595265790232995	0.109200319179576	0.921811850313088	0.118462698372218	0.90570104932124	0.999994493201698
5554	1.135123762887	-0.0692853095983016	1.0394514905736	-0.0666556450460886	0.946855845862905	0.999994493201698
5555	2.20188372357011	0.583499575552224	1.15018891057015	0.507307599812435	0.61193900697489	0.999994493201698
5556	4.8475262559747	0.118792631815714	0.923587929874968	0.128620814513887	0.897657695512922	0.999994493201698
5557	1.09486884092089	0.784652359438607	1.06543727201634	0.736460399919796	0.461450558569383	0.999994493201698
5558	8.72306872327852	0.186805966329359	0.758907260178968	0.246151244205129	0.805565155971638	0.999994493201698
5559	1.29096376023378	-0.13922140339117	1.14204973075219	-0.121904851988778	0.902974372959158	0.999994493201698
5560	3.44259520652883	0.164639235680515	1.0034137054583	0.164079117900145	0.86966886051265	0.999994493201698
5561	3.72334829258913	0.277878759242958	0.996107543448188	0.278964616893709	0.780271978851517	0.999994493201698
5562	4.41031732504109	-0.716047053304418	0.927092579674604	-0.772357657695567	0.439902624848461	0.999994493201698
5563	1.23923321811303	0.244036422411189	1.14518407725162	0.213097987702434	0.831250534180029	0.999994493201698
5564	1.05519831365517	-0.220199186947347	1.11664167239544	-0.19719771560645	0.843672818199866	0.999994493201698
5565	2.05572530721371	0.119262206512674	1.14782729314014	0.103902570731182	0.9172466670036	0.999994493201698
5566	1.52387445570981	0.933776290836179	1.14893581687021	0.81273146604469	0.416372036309488	0.999994493201698
5567	1.9477770046174	0.755623890254253	1.16484876791145	0.648688405799727	0.516539799960636	0.999994493201698
5568	1.85505714267272	0.204266454635742	1.05801606232954	0.193065551562599	0.846907630928338	0.999994493201698
5569	3.54915127115274	0.707175677121316	1.06292472845331	0.665311153453307	0.50585149823722	0.999994493201698
5570	1.73991166182288	-0.011993997973239	1.16540947328667	-0.0102916599256858	0.991788588396928	0.999994493201698
5571	7.29372811964225	0.156954157228269	0.824105630771868	0.190453931350116	0.8489534398545	0.999994493201698
5572	10.4258246933717	0.156170473664898	0.667822096358296	0.233850413929865	0.815101109805785	0.999994493201698
5573	2.84745426550077	0.192852128707476	1.12371254660359	0.171620517444938	0.863735876191669	0.999994493201698
5574	15.8861334385781	-0.431719612785948	0.796226900441092	-0.54220676612004	0.587676074707354	0.999994493201698
5575	0.761771464837863	0.0994801918986443	0.994075694004097	0.100073055300187	0.920286326682818	0.999994493201698
5576	5.04831926972063	0.054175174497498	1.00477120947678	0.0539179208027957	0.957000558697839	0.999994493201698
5577	1.34596660636449	-0.0649391556356868	1.14132134563571	-0.0568982222964699	0.954626270422635	0.999994493201698
5578	7.02323681002361	-0.259216074393045	0.770782463333345	-0.336302506510115	0.736642759976227	0.999994493201698
5579	3.20000502968696	-0.433602459410634	1.15787390023715	-0.374481590198919	0.70804605076604	0.999994493201698
5580	5.81311753940766	-0.175781550051474	0.934253488301894	-0.188151879819015	0.85075759304441	0.999994493201698
5581	3.57534546227041	-0.137146276049879	1.08523098619597	-0.126375193663253	0.899434937293927	0.999994493201698
5582	1.70877597673593	-0.368552841993695	1.16424100081246	-0.316560610506332	0.7515770279393	0.999994493201698
5583	2.72727599392739	0.0447130157763033	1.1630201145675	0.0384456083056923	0.969332397672156	0.999994493201698
5584	2.66128852596361	0.283012333220331	1.16037783742461	0.243896706824787	0.807310819751724	0.999994493201698
5585	1.76177073736773	0.2778109893755	1.16496960741305	0.238470589797113	0.811516123381999	0.999994493201698
5586	2.97972400475532	0.540642827358725	1.16155203311039	0.465448651414264	0.641610200685129	0.999994493201698
5587	2.65940319004509	0.690171226913768	1.15977683396102	0.595089681655917	0.551783525491055	0.999994493201698
5588	3.48986998312091	0.957173993991199	1.1505596471747	0.831920358359189	0.405453899726322	0.999994493201698
5589	3.39188758300742	0.212927380923626	0.939182228558504	0.226715726138085	0.820644797817488	0.999994493201698
5590	7.14702413091712	0.338618840638562	0.850265918191673	0.398250515978259	0.690445532544103	0.999994493201698
5591	4.96960873483365	-0.267588382417073	0.912252710697936	-0.293327034580527	0.769272191384655	0.999994493201698
5592	3.45704734592566	-0.30197153080973	1.15815961143116	-0.260733950510135	0.794297682650641	0.999994493201698
5593	2.60866201407299	-0.268474328004786	1.13306265246367	-0.236945704124155	0.812698912623391	0.999994493201698
5594	3.04676691477646	0.534007714960773	1.15336550590482	0.462999554110858	0.643364686711529	0.999994493201698
5595	5.99674957204178	-7.85774001286918e-06	1.13851444988724	-6.90174816283398e-06	0.999994493201698	0.999994493201698
5596	12.2869689981934	0.144744665233405	0.785508972011383	0.184268633956873	0.853802719037234	0.999994493201698
5597	4.75768839870965	0.730692937682868	0.869797046582903	0.840072911897641	0.400867506974322	0.999994493201698
5598	8.73431459598788	0.210862752074436	0.74291747774143	0.283830651979661	0.776540163221459	0.999994493201698
5599	7.39679788452643	-0.0557763720289989	0.795531208602008	-0.0701121105317981	0.944104427614201	0.999994493201698
5600	3.78027002708905	0.464504486224482	1.14346676311366	0.406224737971078	0.684577479144352	0.999994493201698
5601	4.961566990601	-0.547152891655843	1.02432040197511	-0.53416186048898	0.593229553852974	0.999994493201698
5602	4.08492489727567	0.631320041045345	0.940638778924227	0.67116097612663	0.502117985707207	0.999994493201698
5603	16.3210551401573	0.221575240624625	1.02028368949038	0.217170227170151	0.828075686259418	0.999994493201698
5604	3.24233411306067	-0.127537300339989	1.12713363429922	-0.113151889411306	0.909910137306303	0.999994493201698
5605	0.996481469359119	-0.11224067260068	0.929549893290862	-0.120747335254181	0.903891165147398	0.999994493201698
5606	2.39862911349207	0.0811654275274923	1.14516497752611	0.0708766239977345	0.943495947924348	0.999994493201698
5607	1.2179899900947	-0.0662413473018694	0.962655230595003	-0.068811081264189	0.945139997423937	0.999994493201698
5608	1.19053158046599	0.127439649444556	0.958009526425992	0.133025451135116	0.894173252280095	0.999994493201698
5609	0.664525562206736	0.168677151665322	0.923602448544678	0.182629606418981	0.855088652456034	0.999994493201698
5610	5.47593371716901	-0.041776746126366	0.79666536616448	-0.0524395158879554	0.958178488290415	0.999994493201698
5611	1.96407873866644	-0.332187992434329	1.16202643153423	-0.28586956666359	0.774978023739583	0.999994493201698
5612	13.9451800429873	0.188723953654241	0.720372974485705	0.261980890925255	0.793336174638197	0.999994493201698
5613	2.89930755720192	-0.0937392966556015	1.12390093895468	-0.0834053014875017	0.933529273224481	0.999994493201698
5614	0.761243743809186	-0.056501305794818	0.925933038795207	-0.0610209415017047	0.951342531224916	0.999994493201698
5615	1.52248748761837	-0.0769098072856444	1.01258695939712	-0.0759537801389776	0.939455870027222	0.999994493201698
5616	9.19131054068328	0.261684480689831	0.795867453847613	0.328804098502483	0.742303765022978	0.999994493201698
5617	8.4239418413861	0.431467061501468	1.0108878780233	0.42681989850859	0.669510511983463	0.999994493201698
5618	2.62446538029496	0.781248492826716	1.10118737626318	0.709460087962357	0.478039010904986	0.999994493201698
5619	7.75221910092583	0.0794238311665599	0.898349989453534	0.088410788778295	0.929550186670828	0.999994493201698
5620	6.52387817889895	0.205664732313727	0.830495152641618	0.247641098999258	0.804412108558095	0.999994493201698
5621	3.7976083318284	0.191101372661058	1.04626522871253	0.182650983151009	0.855071878407688	0.999994493201698
5622	2.27711107836889	0.204267941260946	1.13838560526765	0.179436511069481	0.857594964901354	0.999994493201698
5623	2.65364965355469	-0.177859908396409	1.10432994235159	-0.161056855904558	0.872048620549693	0.999994493201698
5624	2.28291918890644	0.234251835264432	1.15156230393739	0.203420895650617	0.838806068864124	0.999994493201698
5625	1.49502907798966	0.102149468505906	1.00851148272283	0.101287362866824	0.919322347573443	0.999994493201698
5626	5.50224748761066	0.0730834145346938	1.04207338620482	0.0701326945896392	0.944088044241569	0.999994493201698
5627	2.90706917919123	0.201280687016661	1.14080430156654	0.176437524595818	0.859950226686686	0.999994493201698
5628	5.34304496013153	0.476525850581754	0.813149904356605	0.586024603862924	0.557858981040255	0.999994493201698
5629	5.84851069540413	-0.277348039735454	0.853896990361944	-0.324802690331411	0.745330408263816	0.999994493201698
5630	23.9989219267018	-0.123866600109921	0.839329552683143	-0.147578027860389	0.882675796430471	0.999994493201698
5631	1.24924842476204	0.173673274007165	1.13452818186752	0.153079735508452	0.878335396239168	0.999994493201698
5632	0.443017041471157	0.156043573514936	0.916230155050019	0.170310453825237	0.864765990402077	0.999994493201698
5633	0.559923009034581	-0.188176856099232	1.04478867096331	-0.180109969919304	0.857066235741787	0.999994493201698
5634	1.11020115978588	-0.113039544099873	1.04971915854137	-0.107685511100842	0.914245163139735	0.999994493201698
5635	3.59116877945697	-0.116044118347168	1.12045682343033	-0.103568576602438	0.917511725759649	0.999994493201698
5636	1.24618489720577	0.321721887683903	1.05545002489643	0.304819631526821	0.76050352884004	0.999994493201698
5637	28.2572821270859	0.211262106084817	0.890522014360642	0.23723400733276	0.812475255187275	0.999994493201698
5638	5.82578920254011	0.0363978353665433	0.830081303373509	0.0438485184747807	0.965025152100573	0.999994493201698
5639	5.02759956348188	0.359383138150297	0.837670706365036	0.429026746929941	0.667903759998616	0.999994493201698
5640	18.659690593095	0.106998742715446	0.807168058023924	0.132560675130525	0.894540834572565	0.999994493201698
5641	15.6749149262491	0.0780505999891586	0.751405015018301	0.103872876051084	0.917270232419901	0.999994493201698
5642	27.0468954079298	-0.078844464000557	1.0467400992495	-0.0753238211253083	0.939957068800995	0.999994493201698
5643	10.7063658327219	0.156852980259865	0.720039429061851	0.217839432021425	0.8275542199482	0.999994493201698
5644	13.7633955945719	-0.019332047974146	0.840690942110076	-0.0229954279341037	0.981653919966282	0.999994493201698
5645	7.71018799113552	-0.197823193941416	0.717697646485067	-0.275635840399167	0.782827778963933	0.999994493201698
5646	2.70615131624036	0.345562576050198	1.11443927099401	0.310077529610004	0.756501999462519	0.999994493201698
5647	5.73556632479138	-0.141802267805335	0.786973656447703	-0.180186803768518	0.857005917943981	0.999994493201698
5648	2.81182926243447	-0.174158650369932	1.08232050364301	-0.160912271165267	0.872162497262708	0.999994493201698
5649	13.5111164672341	0.204321190537553	0.794223568735055	0.257259037103332	0.796978812110204	0.999994493201698
5650	2.41763870781529	-0.109483334461651	1.15614254687285	-0.0946970896951964	0.924555429677692	0.999994493201698
5651	3.80154997781448	0.291159834394483	1.01227980681314	0.287627820326787	0.77363164684594	0.999994493201698
5652	2.4427700873701	0.412928057253061	1.16444563169762	0.35461342806625	0.722879214994045	0.999994493201698
5653	1.63236833067485	-0.201494367565591	1.16495013823925	-0.172963941504087	0.862679770897123	0.999994493201698
5654	4.57425257003582	0.158214633307588	1.11583107124503	0.141790847543845	0.887245213627809	0.999994493201698
5655	6.22650651383915	0.60108712225485	0.810259464725297	0.741845234055534	0.458181110564548	0.999994493201698
5656	5.01751511066776	0.158693910537605	1.10466166902767	0.14365838427008	0.885770234777637	0.999994493201698
5657	5.41987542898095	-0.239873644379784	0.800159251237432	-0.299782379581094	0.764343156591838	0.999994493201698
5658	3.22124825770529	-0.299416970556041	1.05685480685874	-0.283309465607663	0.776939621907374	0.999994493201698
5659	2.53825867354406	-0.392905563458303	1.12317627316565	-0.349816473910109	0.726476434858935	0.999994493201698
5660	1.77909119076703	0.0407617976141091	1.15914901293776	0.0351652782853189	0.971947949011659	0.999994493201698
5661	3.34718006576907	0.63141657540969	1.03172320238635	0.612001914805479	0.540536490689384	0.999994493201698
5662	3.39405514079383	-0.208659709535657	1.1547963104641	-0.180689622615609	0.856611204665896	0.999994493201698
5663	3.26239914944125	-0.0852826791281729	1.09967106293009	-0.0775528992287347	0.938183710447783	0.999994493201698
5664	4.03156398752724	-0.224963446946183	1.08289450843842	-0.207742716574111	0.835429862215305	0.999994493201698
5665	1.53695318991509	0.387930864796363	1.08881136823072	0.356288404139954	0.721624592470653	0.999994493201698
5666	6.70512130479957	-0.15637777959787	1.14992385850425	-0.135989681787521	0.891829437927406	0.999994493201698
5667	4.05238337273024	-0.721166862664893	0.969495648491962	-0.743857761287179	0.456962531279884	0.999994493201698
5668	2.15228401652867	0.529906017423835	1.16460708469173	0.455008409608035	0.64910318877038	0.999994493201698
5669	2.49898784784566	0.125284150279638	1.12296845336066	0.111565155641465	0.911168201261254	0.999994493201698
5670	2.69071619875958	0.116900324050896	1.09072712177712	0.107176507961433	0.914648951996717	0.999994493201698
5671	8.70573046914403	0.163052612336753	0.840676758173294	0.193953990938265	0.846211907635895	0.999994493201698
5672	5.82485651006315	-0.135291617910858	0.877664154078776	-0.154149645148564	0.877491744869928	0.999994493201698
5673	3.3753067973469	0.252030262982687	1.0498860925383	0.240054863831328	0.810287724619262	0.999994493201698
5674	0.665053283235413	0.39851348796627	0.983355948625113	0.405258633482062	0.685287409910026	0.999994493201698
5675	0.650796357392382	0.333362650415099	0.922551971723876	0.361348369124592	0.71783903952895	0.999994493201698
5676	0.404487983136081	0.236248845066493	0.913675768897873	0.258569673300486	0.795967284838163	0.999994493201698
5677	5.76722973090701	0.100073571808371	0.776541461719061	0.128870867483153	0.897459828793167	0.999994493201698
5678	2.14443636766606	-0.606166572831145	1.14042715666556	-0.531525901753764	0.595054397118453	0.999994493201698
5679	2.48072002088575	-0.181559928173117	1.11350274885927	-0.163052968085725	0.870476730155557	0.999994493201698
5680	7.00033799353204	-0.0310959780712842	0.814306078552268	-0.038187088234155	0.969538515484607	0.999994493201698
5681	4.9615260686448	0.167869179995986	0.849360092025089	0.197641944296846	0.84332521526273	0.999994493201698
5682	0.788702153437894	-0.324150257161441	0.925641753883511	-0.350189753002687	0.726196296413241	0.999994493201698
5683	2.84601062373764	0.168696047035841	1.08709772790083	0.15518020386409	0.876679254256739	0.999994493201698
5684	19.0037894223241	-0.258704987267064	0.865967389851205	-0.298746800744444	0.765133244938988	0.999994493201698
5685	3.1552408387769	0.903209595513013	1.03557977456734	0.872177709235749	0.383111437973693	0.999994493201698
5686	1.19118205107506	0.347847111183862	1.11985266894425	0.31061863835338	0.756090556281546	0.999994493201698
5687	5.65522015239577	-0.0444021595023315	0.973023133680467	-0.0456332002450754	0.963602606757616	0.999994493201698
5688	3.82122789408683	-0.0190352819168278	0.973149314656921	-0.019560494602556	0.984393978538947	0.999994493201698
5689	2.6787317289433	0.127791274393524	1.13324896733196	0.112765401140746	0.910216549224055	0.999994493201698
5690	2.74714483531338	0.370255370663014	1.16100539860708	0.318909258395551	0.749795323435146	0.999994493201698
5691	2.46417488730047	0.15629675463134	1.14936502452154	0.135985306057493	0.891832897121764	0.999994493201698
5692	7.00210057987017	-0.18220040015795	0.820100459508833	-0.222168391744436	0.824182798978847	0.999994493201698
5693	3.96573287219941	-0.578445744359044	1.02015607920779	-0.567016906675929	0.57070269516742	0.999994493201698
5694	4.09633444152163	-0.311788767109142	0.984735683498241	-0.316621782204056	0.751530605716628	0.999994493201698
5695	1.16307317083728	0.335579970965695	0.954974725436581	0.35140193978671	0.725286827335927	0.999994493201698
5696	2.72674827289871	-0.0400944408648362	1.13178839794733	-0.035425739420508	0.971740260500452	0.999994493201698
5697	3.14283462576984	0.261220193857731	1.16538027996127	0.224150175139751	0.822640451484159	0.999994493201698
5698	2.94281483221338	0.550226555972376	1.07472393215711	0.511970134384185	0.608671911718997	0.999994493201698
5699	2.74263766599397	0.619261423401392	1.1564214902422	0.535498024402585	0.592305523337065	0.999994493201698
5700	5.90610177188017	0.316801953108121	0.933656154177566	0.339313302537147	0.734373722488904	0.999994493201698
5701	3.63979697168981	0.120801755631267	1.02936494668388	0.117355614275027	0.906578255632068	0.999994493201698
5702	6.49884750730108	0.322022376678643	0.77582973873478	0.415068359204425	0.678091861347379	0.999994493201698
5703	16.5941295530892	-0.325269193413321	0.866551900430829	-0.375360313965736	0.707392515596126	0.999994493201698
5704	5.69427693175952	0.00381413065998161	0.999132676376562	0.00381744161727737	0.99695412966965	0.999994493201698
5705	13.6369486469385	-0.10972069655502	0.847706049880696	-0.129432480245319	0.897015448312411	0.999994493201698
5706	8.68992812294907	0.0779651497678539	0.719893650021881	0.108300927179291	0.913756987160789	0.999994493201698
5707	10.3743396504117	-0.116704549572162	0.774383772852885	-0.150706346986346	0.880207366254087	0.999994493201698
5708	4.98523585702562	-0.0277710011243913	0.963100086442411	-0.0288350105200119	0.976996178124303	0.999994493201698
5709	12.4400455322262	0.186242340917759	0.796083324256416	0.233948300690407	0.815025114961609	0.999994493201698
5710	1.72831329208783	-0.400609103356238	1.16477080445761	-0.343938139437472	0.730892808502471	0.999994493201698
5711	9.49022972571956	-0.527474660754351	0.688093603418915	-0.766573992453206	0.44333484339105	0.999994493201698
5712	13.1120504945543	0.0332395032632514	0.840235187444947	0.0395597610763347	0.968444108318069	0.999994493201698
5713	5.1664034289218	0.0750486062417852	0.887973452286872	0.0845167229363741	0.932645607430462	0.999994493201698
5714	2.69266971021134	0.522301221116573	1.11616942470978	0.46794080679318	0.639826920605472	0.999994493201698
5715	2.20232541772549	0.246398881056688	1.15793457784484	0.212791711873124	0.831489428669547	0.999994493201698
5716	7.52894589422758	0.603030347319176	0.757200444929904	0.796394602455628	0.425802714491025	0.999994493201698
5717	1.35969581117884	-0.214882757219346	1.14208950495056	-0.188148788941588	0.850760015940075	0.999994493201698
5718	4.05162384321794	0.0400303278935638	0.980830045836136	0.0408127055890084	0.967445210203819	0.999994493201698
5719	7.68557906272843	0.10836778062964	0.760010632218957	0.142587190278174	0.88661621477878	0.999994493201698
5720	2.33137742701724	-0.364539807177456	1.16141539564537	-0.313875473447542	0.753615619060822	0.999994493201698
5721	1.32905112441347	0.209952263062955	0.982635957456386	0.213662304406639	0.830810409206425	0.999994493201698
5722	2.21626339899353	0.678746590132853	1.16539857629011	0.582415839474894	0.560286614978872	0.999994493201698
5723	1.64740057633189	0.0777898515150499	1.09807066619066	0.0708422999631818	0.943523265872844	0.999994493201698
5724	2.50075043418378	-0.233979428158459	1.13305776378536	-0.206502647646817	0.83639829678957	0.999994493201698
5725	6.71689069928852	0.104353447368729	0.79349703657193	0.131510821791543	0.895371226373751	0.999994493201698
5726	12.8949117214398	-0.339594222889029	0.714488051484798	-0.47529727359794	0.634575102102	0.999994493201698
5727	6.71255978296479	-0.0191798135880685	0.822227030556351	-0.0233266638960905	0.981389702784489	0.999994493201698
5728	6.25518193743726	0.258968322762632	0.89808298228537	0.288356786478272	0.773073642839063	0.999994493201698
5729	4.01195112713659	0.644603545710148	0.983305107199604	0.655547846736952	0.512115091296598	0.999994493201698
5730	2.41256709476011	0.503956182875853	1.15138465886363	0.43769575961976	0.661606843783567	0.999994493201698
5731	2.67725136447306	0.705482903658028	1.11329271899513	0.633690395725216	0.526282894043821	0.999994493201698
5732	2.00206012500824	0.56636829609575	1.16227810452179	0.487291547429415	0.62605173687952	0.999994493201698
5733	2.46222137584871	-0.200982778851967	1.130929522459	-0.177714680588554	0.858947055334871	0.999994493201698
5734	3.17659214425767	0.027795349563414	1.10549685385999	0.0251428572287319	0.979941015850488	0.999994493201698
5735	7.56802052493139	0.509944705335824	0.721313660499405	0.706966654399365	0.479587200322237	0.999994493201698
5736	2.8469265444721	0.0795949114321485	1.14066310052945	0.0697795093005147	0.944369156625354	0.999994493201698
5737	12.0786483091526	0.377624314923279	1.04372494107608	0.361804437224569	0.717498176053259	0.999994493201698
5738	3.05220677657283	-0.0350586142682959	1.09281866315619	-0.0320809073364857	0.974407529311135	0.999994493201698
5739	1.65058685346856	-0.156527255492807	1.16537367500726	-0.134315077515229	0.893153431140973	0.999994493201698
5740	2.5774014797811	0.247949797493152	1.11954380604752	0.221473957654701	0.824723411916714	0.999994493201698
5741	1.19371785760265	-0.0562902308252598	1.12990821192924	-0.0498184102309943	0.960267095656038	0.999994493201698
5742	4.2328458999702	0.0954255929362275	0.976548935005579	0.0977171645122753	0.922156885477314	0.999994493201698
5743	2.17319781813746	-0.307817708853543	1.1470720750258	-0.268350799880312	0.788429306966447	0.999994493201698
5744	4.332959135163	0.189099025243928	0.950834439811603	0.198876920446209	0.842359023698063	0.999994493201698
5745	4.97152552357831	0.333491490698755	1.08749829920195	0.306659321622375	0.75910269545176	0.999994493201698
5746	10.2051407966163	-0.0232075791439342	0.741919272477944	-0.0312804640677724	0.975045870199141	0.999994493201698
5747	2.22316367429554	0.449218749410743	1.13348191156067	0.39631752816613	0.691870798047008	0.999994493201698
5748	5.65617279583733	-0.377574237753558	1.02675947410988	-0.367733872707515	0.713071680848283	0.999994493201698
5749	3.35107138756195	-0.244564981182261	1.02202918957274	-0.239293538459994	0.81087797545232	0.999994493201698
5750	2.41297206620839	0.672002167275188	1.14298838220299	0.587934381257642	0.556576338065164	0.999994493201698
5751	0.861234229421593	0.116054008505844	1.00947410860056	0.114964819322341	0.908473007218995	0.999994493201698
5752	0.930494001395334	0.177633863462975	1.02034143050093	0.1740925715187	0.86179271112426	0.999994493201698
5753	1.30715532616152	-0.380210056246171	1.13921027040282	-0.333748796095151	0.738569124728749	0.999994493201698
5754	3.9138459774427	0.17577995516483	1.0160038406726	0.173011112879714	0.862642692535121	0.999994493201698
5755	6.01997781494288	-0.0661641424892288	0.874180553872238	-0.0756870445083119	0.93966808341138	0.999994493201698
5756	4.19333484499197	-0.25738519718638	1.00068044199114	-0.257210180578965	0.797016525370102	0.999994493201698
5757	2.57511327203885	0.381452640029483	1.1238130214212	0.33942714024357	0.734287975893672	0.999994493201698
5758	3.25921287230459	0.0705983817522115	1.13249546032394	0.0623387768212489	0.950293049073069	0.999994493201698
5759	3.63096205630309	0.408020577985133	1.09335618328326	0.373181753781169	0.709013175260684	0.999994493201698
5760	2.28543714409398	0.172676350148978	1.16512215246115	0.148204503522848	0.88218137777209	0.999994493201698
5761	2.84806801340274	-0.00770926492379692	1.09345228477516	-0.00705038988087361	0.994374649370601	0.999994493201698
5762	3.66095627245939	0.00949514842125174	1.09617247922676	0.00866209342160245	0.993088735822283	0.999994493201698
5763	4.4964380049187	0.473824281001113	0.956683470557196	0.495278005300067	0.620403894420427	0.999994493201698
5764	10.1283344690149	0.18710678359868	0.65845793132128	0.284159055117198	0.776288491879849	0.999994493201698
5765	1.43949851083028	-0.02896003685175	0.999953792208905	-0.0289613750929201	0.976895395873309	0.999994493201698
5766	1.59239773020118	0.0397275210857343	1.14552249939182	0.0346806990755978	0.972334351574736	0.999994493201698
5767	5.87033724749097	-0.0900425353433782	1.0569616887688	-0.0851899707436551	0.932110363783482	0.999994493201698
5768	3.66426529917645	-0.19083424802524	1.0294135176196	-0.185381525265495	0.852929797973007	0.999994493201698
5769	3.68930855223341	0.41309375832871	0.962037927498418	0.429394462027994	0.667636183307899	0.999994493201698
5770	10.7631837396133	-0.322425749220991	0.708778765522981	-0.454903229194635	0.649178859645586	0.999994493201698
5771	4.01505347702451	0.0943517981088025	1.1497081704479	0.0820658672644249	0.934594335516777	0.999994493201698
5772	0.888938138211089	-0.559540272581639	1.08992673204226	-0.513374207762751	0.607689583923658	0.999994493201698
5773	8.22484113882052	0.0328620006393656	0.765057927719203	0.0429536110256829	0.965738512735542	0.999994493201698
5774	4.01105515736673	0.52780801903781	1.04197531170264	0.506545609200035	0.612473680097358	0.999994493201698
5775	4.18586802632964	0.168521868047936	0.960402637472161	0.175470017961941	0.860710327464098	0.999994493201698
5776	2.71939162235769	-0.307974245751303	1.1398984211071	-0.270176921073537	0.787024146993501	0.999994493201698
5777	5.38946048966086	0.229362425246268	1.02478852802386	0.22381439582326	0.822901727860123	0.999994493201698
5778	5.90295011782606	0.536963578796351	0.808478785131027	0.664165329594056	0.506584500901715	0.999994493201698
5779	1.97935648348428	-0.150458007629637	1.12468552739298	-0.133777846309091	0.893578245793409	0.999994493201698
5780	1.03881055273283	0.345078498785858	1.04066594324895	0.331593919282613	0.740195911750989	0.999994493201698
5781	2.96121067863463	-0.338234421898499	1.06357770708597	-0.31801571210552	0.750473018602386	0.999994493201698
5782	2.13221898014809	0.390393266063166	1.13487608483916	0.343996380995636	0.730849007746936	0.999994493201698
5783	2.94151389099524	0.303302438989547	1.12873705714742	0.268709560892828	0.78815319378013	0.999994493201698
5784	2.45032293290572	0.23617062405081	1.11490885568273	0.211829534627014	0.832240026045947	0.999994493201698
5785	2.44970918500375	-0.181844936896307	1.11467302737716	-0.1631374694014	0.870410198641816	0.999994493201698
5786	3.281881890746	0.428388355801255	1.16162845094345	0.368782596064452	0.712289778078877	0.999994493201698
5787	7.13241470804841	0.217300802983003	0.744257490101897	0.291969924217023	0.77030961953446	0.999994493201698
5788	7.75016069123373	-0.167534182365502	0.786824140629806	-0.212924557997675	0.831385807064189	0.999994493201698
5789	3.70222991377574	0.125555167126262	1.11687281661295	0.112416709636665	0.910493006933116	0.999994493201698
5790	5.22666671359678	0.68273442694943	0.833984043301583	0.818642074069685	0.412990654607173	0.999994493201698
5791	4.55610539303176	-0.153251454695993	0.887977427651278	-0.172584853988177	0.862977758008872	0.999994493201698
5792	2.06327815274933	0.0454601810212489	1.14892457490091	0.0395675939172679	0.968437863504589	0.999994493201698
5793	1.70280839391089	0.21786405499127	1.03867620273336	0.209751657367274	0.833861505478001	0.999994493201698
5794	1.92443966422686	0.263391358087657	1.12123589327794	0.23491163604978	0.814277317998549	0.999994493201698
5795	2.20126997566814	0.0303663513895941	1.1485654436071	0.0264385034031912	0.978907583599524	0.999994493201698
5796	1.69492402234118	-0.116315274421389	1.16237257732076	-0.100067118487511	0.920291039915604	0.999994493201698
5797	1.0971224255806	0.182641287227852	1.15197703334898	0.158545944876076	0.874026619681805	0.999994493201698
5798	4.29712535564301	0.166508886483745	0.947892815781871	0.175662146301214	0.860559375675699	0.999994493201698
5799	5.17159252167642	0.40129125572406	0.987379467420851	0.406420498870894	0.684433660423068	0.999994493201698
5800	2.13475478667568	0.15112749218159	1.14562252111429	0.131917354448127	0.895049661727051	0.999994493201698
5801	7.55454101852692	0.214226625257832	0.983692300423038	0.217778084839846	0.827602020517509	0.999994493201698
5802	5.45759664404401	-0.306949598799943	0.989300641050312	-0.310269281210678	0.756356189278966	0.999994493201698
5803	8.45004370675683	0.0271252563144594	0.697545096578775	0.0388867421583203	0.968980686799774	0.999994493201698
5804	2.36733395611762	0.282755194305393	1.10890773131404	0.254985321430064	0.798734436400254	0.999994493201698
5805	6.6685803809988	0.0237357709863393	0.943708763639577	0.0251515847906277	0.979934054465076	0.999994493201698
5806	1.20438353486074	-0.00625567829857647	1.04863541018845	-0.00596554172956285	0.9952402145888	0.999994493201698
5807	8.15181279463428	0.0101322684007039	0.832588524153576	0.0121695989156283	0.990290304580902	0.999994493201698
5808	1.71604660040367	-0.495362482882125	1.10604612338219	-0.447867835174314	0.654248583012802	0.999994493201698
5809	11.7237264806072	0.0352278221660129	0.871675793918594	0.0404139043573153	0.967763145231695	0.999994493201698
5810	3.20961316526314	-0.0589145376415662	1.1173324939397	-0.0527278477634122	0.95794875057645	0.999994493201698
5811	8.977715744719	0.684757741091816	0.815100216133306	0.840090246007035	0.400857788619771	0.999994493201698
5812	4.84405775697015	0.117145267645998	0.982632410935921	0.11921575793986	0.905104422651031	0.999994493201698
5813	3.65789274490312	0.123329127763443	1.11379784152642	0.110728467200497	0.911831671222708	0.999994493201698
5814	2.58528585135081	0.653308778963913	1.13074041923823	0.57777078438926	0.563418882396623	0.999994493201698
5815	9.7725649548389	-0.60079719334108	0.799135199460677	-0.751809197926143	0.452165809839467	0.999994493201698
5816	0.277039087894966	0.562812376188821	0.903539770709438	0.622897181102404	0.533352090572527	0.999994493201698
5817	1.25979135243973	0.169076302430183	0.970373499190865	0.174238375812165	0.861678127247016	0.999994493201698
5818	6.20097226246061	0.189576208892113	0.937403033388098	0.202235540253075	0.839732590011391	0.999994493201698
5819	10.1145538693755	-0.274620673150222	0.850959048982026	-0.322719023293473	0.746908043878238	0.999994493201698
5820	2.5888424768532	0.301548757532457	1.1243325702944	0.268202456728172	0.788543484055674	0.999994493201698
5821	1.9961492158549	-0.460744883019912	1.16453099414283	-0.395648450180624	0.692364389418351	0.999994493201698
5822	1.67751754206859	-0.570514080178201	1.15127732661046	-0.495548784807465	0.620212794527123	0.999994493201698
5823	8.42737678793997	-0.113888460629034	0.718452399272827	-0.158519145797697	0.874047735234457	0.999994493201698
5824	4.07102153909018	0.357162498906526	0.99542421435172	0.35880431052115	0.719741487777462	0.999994493201698
5825	0.969145809310805	0.0881697293793038	1.0161344270267	0.0867697491928268	0.930854533554202	0.999994493201698
5826	3.0378271011494	0.00609137668130182	1.11811459762706	0.00544790014747089	0.995653226085311	0.999994493201698
5827	1.09647195497153	0.0192003292917944	1.04698624564417	0.0183386643059299	0.985368682990582	0.999994493201698
5828	5.13317055039731	0.133415169411812	1.04438290719298	0.127745454749347	0.898350417066099	0.999994493201698
5829	1.45980904637164	-0.108216544914763	1.16514961284701	-0.0928778104730601	0.926000634213209	0.999994493201698
5830	1.32905112441347	0.209952263062955	0.982635957456386	0.213662304406639	0.830810409206425	0.999994493201698
5831	4.74950503352956	0.0296740299276231	0.860886199572786	0.034469166705598	0.972503029135648	0.999994493201698
5832	1.73383918075749	-0.630283367357591	1.16059688948595	-0.543068289315126	0.587082784978058	0.999994493201698
5833	1.41216285078196	0.161563820936993	1.07421037223539	0.150402402651154	0.880447145792306	0.999994493201698
5834	1.06586399091325	-0.137844608121266	1.03020981178315	-0.133802460959556	0.893558781132551	0.999994493201698
5835	8.56494788769499	-0.0228582048564743	0.950732843003718	-0.0240427213855963	0.980818531807001	0.999994493201698
5836	2.99410368017875	0.610467037723004	1.1316170492864	0.539464333899853	0.589566500475442	0.999994493201698
5837	3.54906524427945	0.224852961829759	1.06422959451299	0.21128238022046	0.832666931135306	0.999994493201698
5838	10.3955713259636	0.237839831986319	0.822809222601064	0.289058296204386	0.772536766723548	0.999994493201698
5839	1.75098231052925	0.228724292089931	1.16523817729463	0.196289734190625	0.844383396026182	0.999994493201698
5840	1.4285506117043	-0.366015917657055	1.13766242074956	-0.321726296818262	0.747660054209602	0.999994493201698
5841	1.65099182491684	0.058434652549443	1.16094492125163	0.0503336992821706	0.959856469650381	0.999994493201698
5842	5.35253244575187	0.359950762869317	0.862880750319141	0.417150067070319	0.676568645627039	0.999994493201698
5843	23.8541777320139	0.048880682339879	0.969389065224533	0.0504242146867596	0.959784340398111	0.999994493201698
5844	0.235237725549933	-0.175946878235702	0.904443675158139	-0.194536025922165	0.845756189895344	0.999994493201698
5845	1.42948330418126	0.00648786076530375	1.15184770176559	0.00563256822526011	0.995505884538662	0.999994493201698
5846	1.20478850630902	0.174817530409559	1.06275629285253	0.164494467438376	0.869341901770624	0.999994493201698
5847	1.23765005502699	-0.217090057168996	1.07774127809655	-0.201430585968099	0.840361901165957	0.999994493201698
5848	4.83768837295324	-0.456552634292125	0.846033210687742	-0.539639140077011	0.589445918669625	0.999994493201698
5849	1.00028149439775	0.502875781636419	1.11006253600332	0.453015722381713	0.650537420220303	0.999994493201698
5850	3.34228787596598	0.370038543413935	1.16131785871423	0.318636745863557	0.750001985543576	0.999994493201698
5851	12.2633578254675	0.15353736867097	0.946514655012818	0.162213408802308	0.871137800948134	0.999994493201698
5852	3.6054257053	-0.117301137300242	1.09862819878998	-0.106770550245695	0.914971011389558	0.999994493201698
5853	4.31613285034169	-0.11474229560791	0.957130025846705	-0.119881617449422	0.904576926596128	0.999994493201698
5854	3.91449644805178	0.252216590675134	0.992815729979608	0.254041694807066	0.799463346650686	0.999994493201698
5855	2.12167605247039	0.443141328599463	1.16048129007644	0.381859951029692	0.702565247663203	0.999994493201698
5856	1.63779034113116	0.352764715969028	1.16230084886702	0.303505513493252	0.7615046463545	0.999994493201698
5857	2.65761125050537	-0.117898794577725	1.15539172004941	-0.102042270627215	0.918723123069084	0.999994493201698
5858	2.60374987330531	0.515002267568115	1.16242578317552	0.443040988097518	0.657736087829133	0.999994493201698
5859	3.34943365042877	0.186989467133615	1.02915141119521	0.181692863751168	0.855823766658468	0.999994493201698
5860	4.38085082991347	-0.111101806761452	0.932005834057786	-0.1192072009654	0.905111201786865	0.999994493201698
5861	11.6131678881108	0.210615167916491	0.986036842467081	0.213597665772334	0.830860819835551	0.999994493201698
5862	3.39560158117276	0.485946071773375	1.12630466283838	0.431451709121716	0.666139958390382	0.999994493201698
5863	7.09091443893831	-0.0282068351290134	0.740294083133102	-0.0381022025863496	0.96960619517704	0.999994493201698
5864	3.34248197133602	0.0597024124273606	1.00257308995644	0.0595491870123449	0.952514689386516	0.999994493201698
5865	3.9439262204723	0.169142085664979	1.05389806729599	0.160491883336451	0.872493614912119	0.999994493201698
5866	15.7421467213299	-0.142424493320128	0.861316557075975	-0.165356734582737	0.868663205624627	0.999994493201698
5867	11.3525647946725	0.592078806150304	0.749877272569947	0.789567610338632	0.429780330283693	0.999994493201698
5868	2.00783361246324	0.348345558621265	1.13961554600387	0.305669363534712	0.75985640186103	0.999994493201698
5869	2.79364956197241	-0.514622635392355	1.15179746620297	-0.446799589765436	0.655019767525401	0.999994493201698
5870	3.52979337905293	0.0479599607241266	0.939457830920246	0.0510506796001129	0.959285136684917	0.999994493201698
5871	1.4009694524952	-0.00314113809187561	1.08704622587596	-0.0028896085714703	0.997694429142584	0.999994493201698
5872	1.66419330870252	-0.213323393779452	1.15716575654939	-0.184349901967002	0.853738968592915	0.999994493201698
5873	2.35630003011836	-0.354327328872863	1.15520435339979	-0.306722639877586	0.759054495758946	0.999994493201698
5874	2.67853553394871	-0.852503028091667	1.13381051193825	-0.751891977641232	0.452116022932429	0.999994493201698
5875	2.47582783108267	-0.252040762074799	1.15090111787168	-0.218994280360844	0.826654503245159	0.999994493201698
5876	1.69198324436531	0.0134912395989394	1.15254767455043	0.0117055805124953	0.99066051131808	0.999994493201698
5877	1.73450852273361	0.123451720231328	1.16386316494118	0.106070648122597	0.915526299144264	0.999994493201698
5878	5.18115135308641	-0.0636412074411944	0.881308782752316	-0.072212156155353	0.94243307121824	0.999994493201698
5879	12.2110933140493	-0.0402943013547268	0.852731925978252	-0.0472531872293878	0.962311437553112	0.999994493201698
5880	5.63703625268461	0.0148377411565871	0.79190841722723	0.0187366882758231	0.985051160374558	0.999994493201698
5881	7.28696951589256	-0.58891757047712	0.868772449332757	-0.677873211713177	0.497852086311043	0.999994493201698
5882	0.789843622368542	0.744521337424191	1.00433355686791	0.741308833437804	0.458506206945941	0.999994493201698
5883	2.92790743576128	0.413039120516657	1.10311345068559	0.374430318350257	0.708084189936839	0.999994493201698
5884	0.720056129366123	0.375234317219397	0.924044283082292	0.406078284438648	0.68468508093776	0.999994493201698
5885	1.49768763409765	-0.181249271634153	1.09817972815353	-0.165045180663556	0.868908420626346	0.999994493201698
5886	2.76999117738234	0.122638656525984	1.11532426745779	0.10995784822787	0.912442804380222	0.999994493201698
5887	4.98245455133724	-0.464336166807332	0.970971260666024	-0.478218239424334	0.632494881976844	0.999994493201698
5888	9.7089883935929	0.22356089379462	0.704365218101582	0.317393431772746	0.750945090463593	0.999994493201698
5889	2.46209862626831	-0.138012414249534	1.15196958421181	-0.119805606103709	0.904637140905201	0.999994493201698
5890	2.9114882220128	-0.436045479079631	1.08695067496038	-0.401163998629032	0.688299384651684	0.999994493201698
5891	1.71344261834283	-1.20116545847024	1.1430347068547	-1.05085650616462	0.293324498879864	0.999994493201698
5892	1.24924842476204	0.173673274007165	1.13452818186752	0.153079735508452	0.878335396239168	0.999994493201698
5893	1.92484463567514	0.41573796554889	1.13486987629779	0.366330954968269	0.714118133845213	0.999994493201698
5894	2.08733632809781	-0.248454875597412	1.16406098316934	-0.213438023599893	0.830985325174711	0.999994493201698
5895	1.90997396193014	-0.131142120467971	1.06424265862055	-0.123225769429272	0.901928320021576	0.999994493201698
5896	4.86808229067686	0.0413683440740419	0.874948954583497	0.0472808657663173	0.962289377932092	0.999994493201698
5897	8.01948428208348	0.461667094117074	0.753476489437575	0.612715991260299	0.540064146976148	0.999994493201698
5898	1.0141334487925	0.325461110778404	1.14659669619986	0.283849684773272	0.776525576822774	0.999994493201698
5899	2.37210339634032	0.611556645038704	1.15421541976547	0.529846192111149	0.596218575596722	0.999994493201698
5900	5.49974840379017	0.369028496731778	1.04833772881864	0.352012988359802	0.724828521824482	0.999994493201698
5901	6.69559499684758	0.0310240120397401	0.813066450686741	0.0381567976560049	0.969562666267819	0.999994493201698
5902	7.82692083432049	-0.113705158163411	1.03801149525601	-0.10954132847572	0.912773143591259	0.999994493201698
5903	4.87628560682155	0.0608556479564943	0.883677738975407	0.0688663358511829	0.945096014976924	0.999994493201698
5904	2.09307617391104	-0.147555435910406	1.16242727947082	-0.126937347837861	0.898989986423181	0.999994493201698
5905	3.58160784842243	0.257792802407631	1.04513994471599	0.246658644816876	0.805172414409931	0.999994493201698
5906	1.71972387586191	-0.0182900864758503	1.15903519748601	-0.0157804409352901	0.987409552367644	0.999994493201698
5907	3.81660007481158	0.224381771979836	1.04273069238788	0.215186695488933	0.829621763423088	0.999994493201698
5908	3.66782192467884	-0.131868858738146	0.992079156563293	-0.132921710798722	0.894255296524845	0.999994493201698
5909	1.26096954407748	0.637652707006318	1.13471521846357	0.56194955053984	0.574150392161123	0.999994493201698
5910	7.28216227336521	0.40678234259099	0.773650653939351	0.52579590092724	0.599030022889238	0.999994493201698
5911	5.47306321435093	0.576470399051673	1.01999782844324	0.565168261124149	0.571959322460576	0.999994493201698
5912	7.56592641255918	0.451262310809319	0.711137423368011	0.634564144679801	0.525712719216723	0.999994493201698
5913	4.92196151921697	-0.616930068120762	0.914193454712219	-0.674835358906575	0.499780372900932	0.999994493201698
5914	5.70133038944107	0.181384533464239	0.859421290469044	0.211054270444295	0.832844923312675	0.999994493201698
5915	1.81705580536633	0.489437315618713	1.16178406475392	0.421280796033625	0.673550051602635	0.999994493201698
5916	8.75568794309211	-0.0906655833643439	0.689504022004074	-0.131493915149067	0.895384599789024	0.999994493201698
5917	1.93910156151817	0.435939409220132	1.14408363683634	0.381038059792209	0.703175007410835	0.999994493201698
5918	7.59662460273984	0.417131018299684	0.960434732117029	0.434314799695162	0.664059858170268	0.999994493201698
5919	3.16286293944332	0.145255608473415	1.10630289492959	0.131298226859164	0.895539394410827	0.999994493201698
5920	2.1595546401964	0.179970093160988	1.09069635247982	0.165004763013836	0.868940233103954	0.999994493201698
5921	2.29717611474948	0.241602976387795	1.14500960027398	0.211005197100518	0.83288321595854	0.999994493201698
5922	3.12199426957525	0.136737063746918	1.07429268130766	0.127281015803327	0.898717985286559	0.999994493201698
5923	2.29860190517256	0.40783396436404	1.15329280674189	0.353625689833436	0.723619419122102	0.999994493201698
5924	8.56563298138661	-0.346837575244251	0.802050417612337	-0.432438619353592	0.665422654643502	0.999994493201698
5925	5.30427460188476	-0.302044226034536	1.11828925451606	-0.270094901488833	0.787087244420895	0.999994493201698
5926	3.16367288233989	0.44069805596063	1.07452394529029	0.410133304048028	0.681708163256452	0.999994493201698
5927	3.92248996771579	-0.706433309603351	0.97937985295142	-0.721306761084039	0.470720798074881	0.999994493201698
5928	2.10578455975059	-0.437951872696606	1.15521524306856	-0.379108460803622	0.704607323642638	0.999994493201698
5929	2.34508668086699	0.437892789347428	1.15627122981806	0.378711134598006	0.704902384002241	0.999994493201698
5930	5.42735482910237	-0.0695298287246322	0.831346149005996	-0.083635232818202	0.933346453321814	0.999994493201698
5931	4.53028891978533	-0.631558776169921	0.968213784153182	-0.652292692488667	0.514212373248527	0.999994493201698
5932	14.7640317957953	-0.876155038869995	0.982372097733338	-0.891876958732418	0.372458885985955	0.999994493201698
5933	2.20045793314703	0.449971203720489	1.1530100648816	0.390257828119389	0.696345904128197	0.999994493201698
5934	2.0765656634083	0.22733790067297	1.08274213740933	0.209964951781521	0.833695027700946	0.999994493201698
5935	2.0560075290816	0.327259369976507	1.16064214249557	0.281964059372208	0.77797106905046	0.999994493201698
5936	5.97374165806078	0.426076220090126	1.00561553824408	0.423696933754726	0.671786851656778	0.999994493201698
5937	1.59239773020118	0.0397275210857343	1.14552249939182	0.0346806990755978	0.972334351574736	0.999994493201698
5938	0.844760441625958	0.011336509533808	1.00663332653467	0.0112618062952813	0.991014568565115	0.999994493201698
5939	0.360028064683062	0.321338623915366	0.910789231808641	0.35281337623772	0.724228355060832	0.999994493201698
5940	3.22478391221609	-0.28108331793529	1.05326812690541	-0.266867771610194	0.789570971509716	0.999994493201698
5941	3.91671331000438	0.319903494346954	1.02027231477207	0.31354716747207	0.753864991438649	0.999994493201698
5942	6.92414439380561	-0.244741242670626	0.727337055459628	-0.33648944575767	0.736501809132383	0.999994493201698
5943	1.67853626141884	0.383975486113236	1.1578715805856	0.331621824519641	0.740174837728185	0.999994493201698
5944	1.75004961805229	-0.108856184891337	1.15801293950362	-0.094002563510213	0.925107120368997	0.999994493201698
5945	1.14925793914963	-0.0119590156882576	1.05382288784284	-0.0113482216283398	0.990945623510917	0.999994493201698
5946	0.277039087894966	0.562812376188821	0.903539770709438	0.622897181102404	0.533352090572527	0.999994493201698
5947	1.80017704612241	0.216332418836031	1.15485615624327	0.187324124884745	0.851406508849791	0.999994493201698
5948	6.55307713324232	0.312543116551484	0.776138398758445	0.402689928821258	0.687176343735116	0.999994493201698
5949	2.40904929158936	0.155672431237729	1.15635786442283	0.134623057469696	0.892909910336941	0.999994493201698
5950	2.27646060775982	0.0939363399505778	1.16269969866148	0.0807915750375775	0.935607708313483	0.999994493201698
5951	3.61763782293702	-0.0641755877514103	1.07495230901063	-0.0597008697162359	0.952393879039127	0.999994493201698
5952	2.24606142015524	0.469265315605697	1.16480972202673	0.402868646038765	0.687044858069989	0.999994493201698
5953	1.05201203651851	0.0402688155853871	0.93228063795988	0.0431938774074594	0.965546985656579	0.999994493201698
5954	2.59280197417933	0.347429780885151	1.13368660214851	0.306460162999825	0.75925430687378	0.999994493201698
5955	4.74779594164103	0.751448021776239	0.92213811060793	0.814897479164849	0.415130996245529	0.999994493201698
5956	1.91761073471451	0.188105875922111	1.15248343021327	0.163217857186287	0.870346906738735	0.999994493201698
5957	11.2742655301074	0.312023499206613	0.748573835136524	0.416823945161945	0.676807186536937	0.999994493201698
5958	32.7622372150874	-0.0144083269310552	1.08011279492774	-0.0133396502649698	0.989356814660527	0.999994493201698
5959	1.63992117621047	-0.188384085205045	1.16373894107922	-0.161878303247584	0.87140168895164	0.999994493201698
5960	8.68037037113663	-0.2850234210453	0.719074635254024	-0.396375295513811	0.691828188126361	0.999994493201698
5961	4.82350172226799	0.15778260935556	1.08615184270152	0.145267542853969	0.884499639908785	0.999994493201698
5962	15.9104884782919	-0.511675713167084	0.954533215333637	-0.536048096543439	0.591925310312345	0.999994493201698
5963	3.20662098349653	-0.372254824428798	1.03888220292375	-0.358322457908272	0.72010201341599	0.999994493201698
5964	2.8618339409242	0.176716582931396	1.08035500543782	0.163572697902002	0.870067539094812	0.999994493201698
5965	0.747514538994832	0.0779565186862294	0.925660442402039	0.0842171871187846	0.932883753388265	0.999994493201698
5966	1.01339695131014	-0.698429437762108	1.10359212902101	-0.632869172763745	0.526819080321451	0.999994493201698
5967	5.05759377963818	-0.0190547684987531	0.82472594898222	-0.0231043639675315	0.981567024673839	0.999994493201698
5968	2.26338187355454	0.34649188285613	1.13913534217735	0.304170953201964	0.760997653032026	0.999994493201698
5969	8.7672842221683	-0.0440385426634642	0.787684968909465	-0.055908827007877	0.955414438895296	0.999994493201698
5970	2.18422964451218	0.320401312208481	1.13422952121579	0.282483665091913	0.77757267014617	0.999994493201698
5971	2.78357978127624	0.248208067291519	1.15866262207928	0.214219447975371	0.830375930799961	0.999994493201698
5972	4.87833251465212	-0.410714030136177	1.0573508582831	-0.388436843757885	0.697692783134711	0.999994493201698
5973	2.63268864740425	-0.149762705277827	1.16168463317038	-0.128918555864087	0.89742209373807	0.999994493201698
5974	4.44933948132229	0.0471036942133194	1.12110199793274	0.0420155296308243	0.966486318193753	0.999994493201698
5975	3.567547117574	-0.0402114240075805	1.03393138606497	-0.038891772268004	0.968976676386688	0.999994493201698
5976	3.44946295837282	-0.0503169407623184	1.16389320803304	-0.0432315786491727	0.965516932490735	0.999994493201698
5977	2.28425895245623	-0.0213385232381889	1.1519015937194	-0.0185246060553563	0.985220348138401	0.999994493201698
5978	1.35650953404218	0.0207308969765942	0.986500784479028	0.021014577284439	0.983234027252436	0.999994493201698
5979	2.06825636942572	0.94565369392066	1.148804484373	0.823163303054816	0.410415134199413	0.999994493201698
5980	1.63432184212661	0.378612592522399	1.15099083944835	0.328944922536363	0.742197318731869	0.999994493201698
5981	13.5821377459484	0.532376749271857	0.717574551228403	0.741911413051774	0.458141010415186	0.999994493201698
5982	1.24030861113498	-0.628600458033904	1.08728667498727	-0.578136817542867	0.563171751718355	0.999994493201698
5983	4.84159539585676	0.109092560442701	0.964195449484477	0.113143616785402	0.909916695789922	0.999994493201698
5984	3.93746763932568	0.070624246307109	1.10948067420676	0.0636552289273563	0.949244754545864	0.999994493201698
5985	4.48329109518018	0.0781999762021086	0.906779883536101	0.0862392049293794	0.931276265754117	0.999994493201698
5986	2.29819693372428	0.266630927292385	1.14282579064025	0.233308461776147	0.815521888352996	0.999994493201698
5987	0.930494001395334	0.177633863462975	1.02034143050093	0.1740925715187	0.86179271112426	0.999994493201698
5988	2.90617110979682	0.173638567720714	1.09928010950053	0.157956617444492	0.87449098373382	0.999994493201698
5989	2.57340525974788	0.134552284274854	1.12648528731929	0.119444333440918	0.904923339668821	0.999994493201698
5990	5.63978503491499	-0.144543026019946	1.04748857427337	-0.137990074135381	0.890248262193532	0.999994493201698
5991	0.0692597719737415	0.240195307785242	0.894972942750804	0.268382759200489	0.788404709040391	0.999994493201698
5992	6.04402122001664	0.174497136707722	0.864707246728871	0.201799091389407	0.840073791902933	0.999994493201698
5993	6.48570059756255	-0.044717144249688	0.807152216877596	-0.0554011291980003	0.955818896251104	0.999994493201698
5994	4.79456294816905	0.65422747130037	1.03997531612022	0.629079807144905	0.529296809547226	0.999994493201698
5995	1.72352390090054	0.525438666556921	1.16490377982266	0.451057568580394	0.65194805816772	0.999994493201698
5996	3.95034807891182	0.0708566398855561	1.00114483883623	0.0707756132148897	0.943576340975933	0.999994493201698
5997	3.92333346306304	0.0370535204593504	1.13272066487566	0.032711966514196	0.973904281100764	0.999994493201698
5998	10.78935480951	0.130196193818514	0.72127226496317	0.180509081165297	0.856752925756595	0.999994493201698
5999	19.5608629411714	0.033417840382667	0.871439289086472	0.0383478697841347	0.969410324264333	0.999994493201698
6000	7.48556873830203	-0.574059105156058	0.826140481210663	-0.694868630955848	0.487137632936886	0.999994493201698
6001	15.0929597678961	-0.186383250183431	0.702780982076151	-0.265208158639722	0.790849110193253	0.999994493201698
6002	1.4839584292833	-0.0655890250367596	1.09627027650951	-0.059829246894838	0.952291631640398	0.999994493201698
6003	0.526006018259253	0.0377459139913865	0.919720569801492	0.0410406325907589	0.967263503011336	0.999994493201698
6004	1.52575979162833	0.215983585437705	1.10011194700529	0.196328733658109	0.844352872797759	0.999994493201698
6005	8.78918211107911	-0.125681042069431	0.722858237185195	-0.173866791030606	0.861970151992403	0.999994493201698
6006	3.01872938032834	0.340044331794693	1.07517762946887	0.316268049552586	0.751799060194244	0.999994493201698
6007	5.5740955405346	-0.100811924539396	0.844330602523639	-0.119398638682616	0.904959539754836	0.999994493201698
6008	4.86533980732013	0.00619559790493395	1.03138507103892	0.00600706572055873	0.995207083831123	0.999994493201698
6009	0.761771464837863	0.0994801918986443	0.994075694004097	0.100073055300187	0.920286326682818	0.999994493201698
6010	1.99121820372016	-0.180268853968859	1.16482697094218	-0.154760199124722	0.877010369590129	0.999994493201698
6011	10.6123975039817	-0.0813253898468332	0.661479819251202	-0.122944627303814	0.902150946189356	0.999994493201698
6012	15.003559414503	0.028618781517098	0.775808471561542	0.0368889778420367	0.970573528174908	0.999994493201698
6013	3.77606293097759	0.630161827002408	1.01683330948948	0.619729724745929	0.535435742402707	0.999994493201698
6014	34.6074428332566	-0.267448535403045	1.08849402906631	-0.245705101049069	0.805910523166771	0.999994493201698
6015	36.8042539237445	-0.391150654081221	1.11413894032935	-0.351078882464689	0.725529170197148	0.999994493201698
6016	3.33345086095471	0.753235126888661	1.03322369763375	0.729014567332992	0.465992751678946	0.999994493201698
6017	1.12179952952092	0.254963501056951	1.05184744827489	0.242395892555626	0.808473416761717	0.999994493201698
6018	3.17112082963517	-0.585281642620044	1.05234982696082	-0.556166426434768	0.578097088311917	0.999994493201698
6019	3.64469126111744	0.313568030672466	1.09333631458261	0.286799246023555	0.774266040286824	0.999994493201698
6020	2.89510046109046	-0.0132706419971846	1.09420170609135	-0.0121281496120028	0.990323373899793	0.999994493201698
6021	4.10669794594723	0.923768837176535	1.01411099208865	0.910914923892059	0.362340201679418	0.999994493201698
6022	2.03803660507323	0.311710922817357	1.14058288177045	0.273290900467935	0.784629609568308	0.999994493201698
6023	1.05306747857586	0.359806489419059	1.051453862872	0.342199027579073	0.732201116982695	0.999994493201698
6024	3.11423474721048	-0.087080757754676	1.14861593386988	-0.0758136424777656	0.939567362235951	0.999994493201698
6025	1.61140732452441	-0.158510741464504	1.11898301389815	-0.141656074753367	0.887351672230658	0.999994493201698
6026	8.51980077592579	0.109319388277766	1.16541783315151	0.0938027419592039	0.925265853522888	0.999994493201698
6027	3.41223484125589	0.105970639398615	1.07403068457589	0.0986663052745648	0.921403222780391	0.999994493201698
6028	2.91405548136653	0.51770364512617	1.12979687475119	0.458227188175027	0.646789228732022	0.999994493201698
6029	2.02103509624892	0.108819549375809	1.07658628863672	0.101078334848205	0.919488276238007	0.999994493201698
6030	1.2179899900947	-0.0662413473018694	0.962655230595003	-0.068811081264189	0.945139997423937	0.999994493201698
6031	1.23499149891901	0.132854861926491	1.06602456717813	0.124626454227195	0.900819284226577	0.999994493201698
6032	1.32929662357426	0.217601037209671	1.07060402303253	0.203250718779579	0.838939072203369	0.999994493201698
6033	3.53535389080515	0.13239110296267	1.02045793450579	0.129736952877716	0.896774545460023	0.999994493201698
6034	3.8990980532781	-0.380295241195526	1.03312850039661	-0.368100619670771	0.712798208851207	0.999994493201698
6035	2.58120360444429	-0.00841851975144609	1.13465839003567	-0.00741943110400077	0.994080204784333	0.999994493201698
6036	6.94535509836593	-0.0748568376301486	0.919279821432443	-0.0814298713894371	0.935100094051354	0.999994493201698
6037	4.05053475951882	-0.0878165138851008	0.937965388598441	-0.0936244715983827	0.925407469471303	0.999994493201698
6038	13.0558505854188	-0.220797805828551	0.871146250982272	-0.253456644713316	0.799915360033479	0.999994493201698
6039	2.10463782093898	0.530468048857951	1.08761238250345	0.487736308809694	0.625736630075962	0.999994493201698
6040	3.679313296549	-0.374386963743746	0.965670193611771	-0.387696509864797	0.698240638897899	0.999994493201698
6041	2.82779420056848	0.277860741732827	1.14770878766031	0.242100387067061	0.808702378286138	0.999994493201698
6042	16.8395020646122	-0.323420618139473	0.837216670105099	-0.386304560919544	0.699271123063512	0.999994493201698
6043	3.68055966371999	0.548826179930322	0.992550590455422	0.552945295895193	0.580300869580847	0.999994493201698
6044	5.38836622527186	0.403764533469632	0.898658034838501	0.449297194056906	0.65321728166108	0.999994493201698
6045	10.1480217875242	0.225822463144078	0.980253169470917	0.230371571525714	0.817803049741563	0.999994493201698
6046	2.59215150357026	0.230657463456228	1.14833245676643	0.200862966205563	0.840805726185269	0.999994493201698
6047	6.07844919866435	0.284285096968634	0.948261418428527	0.299796123140553	0.764332672677013	0.999994493201698
6048	4.75878374269621	-0.424277363684949	0.886704536525667	-0.478487868515228	0.632303006788484	0.999994493201698
6049	5.91351299646835	0.0126672590376436	0.890877366579446	0.0142188582995211	0.988655374760219	0.999994493201698
6050	3.28740777941566	0.386580748257006	1.1078917291968	0.34893368915866	0.727139092545067	0.999994493201698
6051	7.18787500005001	-0.182441081723652	0.853940258562361	-0.213646188822153	0.830822977425891	0.999994493201698
6052	12.8901884061612	0.100411088907589	0.77151641447966	0.13014770265816	0.896449569776837	0.999994493201698
6053	1.61524407227014	-0.440006291709573	1.16378920345684	-0.378080747271594	0.705370610113713	0.999994493201698
6054	3.00327539148051	-0.34420191634163	1.074314831377	-0.320392036197109	0.748671161829383	0.999994493201698
6055	3.4051257895002	-0.058700785356177	1.16525896983362	-0.0503757421104071	0.959822966828619	0.999994493201698
6056	2.40338178197226	-0.102552520545465	1.16303824998026	-0.0881763953569077	0.929736478004323	0.999994493201698
6057	4.04565934145823	0.100816356752936	0.935312650407081	0.107788937430769	0.914163118411626	0.999994493201698
6058	3.00431508182236	0.192325878295615	1.16529648040784	0.165044588676955	0.868908886573741	0.999994493201698
6059	2.18187326123668	-0.146153431267858	1.15761867110224	-0.126253519329208	0.899531247959944	0.999994493201698
6060	3.23890023713867	-0.0419233663174082	1.02692209512249	-0.0408242908751589	0.967435974180372	0.999994493201698
6061	3.23506348939294	0.0808148592825975	1.07163181123805	0.0754128968878151	0.939886198197806	0.999994493201698
6062	1.32905112441347	0.209952263062955	0.982635957456386	0.213662304406639	0.830810409206425	0.999994493201698
6063	1.34278032922783	0.114052454812824	0.98442186457693	0.115857295451112	0.907765640997545	0.999994493201698
6064	2.51909170655788	-0.204167707359792	1.15131856786715	-0.177333809301815	0.859246195636843	0.999994493201698
6065	1.79438678692491	-0.0801699685760601	1.13703715960967	-0.0705077823521451	0.943789506546801	0.999994493201698
6066	2.64506023732876	0.153189999116964	1.1615076827492	0.131888924535027	0.89507214904036	0.999994493201698
6067	3.74520946775853	0.543264907151301	1.04340043494035	0.520667702407424	0.60259827733062	0.999994493201698
6068	5.00758910114845	-0.260316386287268	0.843072488740317	-0.308771060334588	0.757495684660098	0.999994493201698
6069	4.4654796434593	-0.332609215209923	0.907441853634108	-0.366535016957721	0.713965888109644	0.999994493201698
6070	2.94825679363429	-0.0126177675797581	1.14237043033039	-0.0110452505113502	0.991187344334238	0.999994493201698
6071	7.70097955712666	0.521600337603769	0.855400014986468	0.60977358950832	0.542011798879359	0.999994493201698
6072	6.53817183641477	-0.142867215408759	0.973128685435418	-0.146812253658759	0.883280212470654	0.999994493201698
6073	1.54038496621254	0.194639864125077	1.16514792125451	0.167051634023867	0.867329421607968	0.999994493201698
6074	2.33146345389053	0.11673183443533	1.15918914641448	0.100701283130882	0.919787592762554	0.999994493201698
6075	4.4453370901927	0.140004858262443	0.909819427952018	0.1538820275333	0.877702755256654	0.999994493201698
6076	2.56416537291287	0.304411155337172	1.1652951579752	0.261230945013205	0.793914415723339	0.999994493201698
6077	3.17307434108693	-0.174854496164538	1.12944618423814	-0.154814367080699	0.876967664479019	0.999994493201698
6078	2.92648164533819	0.159004776294308	1.05734499140939	0.15038116942547	0.880463896943882	0.999994493201698
6079	4.29196669568754	-0.378942466983004	0.979276478515543	-0.38696167558056	0.698784580409353	0.999994493201698
6080	8.90177291403431	0.281580285902152	0.665802499615503	0.422918637380849	0.672354624423962	0.999994493201698
6081	7.26850544333319	0.540838606858515	0.890706488104601	0.607201826955819	0.543716979959079	0.999994493201698
6082	5.04106649739295	-0.555536402308353	0.913701251911273	-0.608006611730351	0.543183088761957	0.999994493201698
6083	11.9196692302451	0.699290199739488	0.730142063138531	0.95774539646925	0.338191159298223	0.999994493201698
6084	1.04094138781214	-0.180032263719653	1.0399378759604	-0.173118287045166	0.86255845099271	0.999994493201698
6085	3.90799904457351	0.585161988702331	0.961613790134605	0.608520795672472	0.54284211779278	0.999994493201698
6086	0.221508520735579	0.136799148800564	0.902815744704698	0.151524992339726	0.879561597409923	0.999994493201698
6087	0.0692597719737415	0.240195307785242	0.894972942750804	0.268382759200489	0.788404709040391	0.999994493201698
6088	9.81098798473121	0.389187375833613	0.790147005843651	0.492550592428142	0.622330165863506	0.999994493201698
6089	2.84928292774759	0.561979546861346	1.06769098769574	0.526350370414002	0.59864479158545	0.999994493201698
6090	4.88565034286149	-0.0149795237871969	0.956426345380471	-0.0156619731979862	0.987504064265807	0.999994493201698
6091	4.36781091803984	0.362019168878208	1.05068448540916	0.344555548221718	0.730428528869308	0.999994493201698
6092	3.49627926010134	0.266958305745786	1.03960614858753	0.256787925031505	0.797342492020684	0.999994493201698
6093	2.5809581052835	0.0693007558994619	1.15566552447841	0.0599661012910632	0.952182633334458	0.999994493201698
6094	5.1479194560027	0.779526688827048	0.823625063965124	0.946458191879475	0.343914936770714	0.999994493201698
6095	3.83062935283387	-0.629882154593254	0.983504429779196	-0.640446687906294	0.521882238137314	0.999994493201698
6096	2.7697278268815	0.374976966693844	1.15990212487364	0.32328328283276	0.746480713221751	0.999994493201698
6097	0.570465936712272	-0.00897470218530808	0.964520933293297	-0.00930482882799083	0.99257592786655	0.999994493201698
6098	3.65458371818606	0.109328213229807	0.93960235010248	0.116355832036694	0.907370538488378	0.999994493201698
6099	3.20179696922668	0.251327340555701	1.10707719229944	0.227018804383174	0.820409120098911	0.999994493201698
6100	3.11497124469285	0.306263499701232	1.16364904618944	0.263192326504407	0.792402344934725	0.999994493201698
6101	1.80558018521168	0.0882546837049791	1.15922407562818	0.0761325489700117	0.939313644944956	0.999994493201698
6102	1.32905112441347	0.209952263062955	0.982635957456386	0.213662304406639	0.830810409206425	0.999994493201698
6103	1.97143538920747	-0.00881296317551115	1.14476057007432	-0.00769852090113391	0.993857529706554	0.999994493201698
6104	2.57768580127354	-0.214483355409977	1.16185109651395	-0.184604856899063	0.853538976168981	0.999994493201698
6105	3.37807235131977	0.201206797302964	1.16439311536987	0.172799713985814	0.86280886186795	0.999994493201698
6106	3.39139658468584	0.0158240415800658	1.16522254952382	0.0135802740742809	0.989164842029264	0.999994493201698
6107	2.54728661366896	0.0773863324413258	1.15372385778091	0.0670752640845721	0.946521785937598	0.999994493201698
6108	3.45285801196318	0.148997913329644	1.14455021964736	0.130180319545569	0.896423764797126	0.999994493201698
6109	23.494612374117	0.143382452472111	1.01118896215987	0.141795903473719	0.88724121992927	0.999994493201698
6110	3.85021699237896	0.691120730500219	1.14384597808938	0.604207859920644	0.545705455942482	0.999994493201698
6111	1.36668211335414	0.10270712913425	1.15416997432578	0.0889878713005398	0.929091549177205	0.999994493201698
6112	6.46611080778804	0.554658094627493	0.866557426780623	0.640070787562369	0.522126579697623	0.999994493201698
6113	0.723242406502787	0.195311057964004	1.07695010170248	0.181355717089631	0.856088375096752	0.999994493201698
6114	5.08619785744663	-0.014815839735663	1.08052869597258	-0.0137116578124076	0.989060022732927	0.999994493201698
6115	4.38571576613951	-0.647848123496774	1.03203670016926	-0.627737485876736	0.530175924417772	0.999994493201698
6116	2.53649818683048	0.0929191016676063	1.16246433121999	0.0799328626024071	0.936290652865092	0.999994493201698
6117	2.04954894793498	0.149483327425707	1.14863243142396	0.130140263618007	0.896455455218271	0.999994493201698
6118	2.75432943210782	-0.248267908889174	1.1578875836279	-0.214414518645496	0.83022382069019	0.999994493201698
6119	5.15190100391798	0.119738037383868	0.943389490140304	0.126923225916011	0.899001163682873	0.999994493201698
6120	2.13266067430347	0.0626807740824065	1.16492057178935	0.0538069080419168	0.957089005673252	0.999994493201698
6121	3.70745362961292	0.72359527049753	1.00119116000536	0.722734378211703	0.469843090267989	0.999994493201698
6122	5.81830980241869	-0.111420834237031	0.783043541296961	-0.142292003395474	0.886849362623927	0.999994493201698
6123	0.850163580715225	-0.146708213632576	1.01631611145461	-0.144352935055412	0.885221779852886	0.999994493201698
6124	8.1020347349726	0.00292071282154279	0.901803607909411	0.00323874599294815	0.997415859093579	0.999994493201698
6125	1.01021067417347	-0.218242102549512	0.929490464843495	-0.234797570071103	0.814365853830056	0.999994493201698
6126	8.51672256728589	-0.133338562331455	0.854619364608246	-0.156020993501098	0.876016473441715	0.999994493201698
6127	1.2328606638397	0.669997633544115	1.07165210684788	0.625200687109945	0.531839351005681	0.999994493201698
6128	2.98282425501869	-0.0426969997623991	1.10076705542234	-0.0387884062773092	0.969059088329917	0.999994493201698
6129	4.80755355587649	0.107733508767955	0.88112921383211	0.122267548364913	0.902687131789095	0.999994493201698
6130	0.444072483528511	0.682907931035255	0.910176930284105	0.750302395405793	0.453072600255637	0.999994493201698
6131	10.595881812789	-0.139300619399998	0.683105144084713	-0.203922661988801	0.838413935463308	0.999994493201698
6132	1.52427942715809	1.14718850663629	1.15357375754473	0.994464809149238	0.319996629686821	0.999994493201698
6133	4.40751816801266	0.496980623623036	1.02703726387477	0.483897362933107	0.628458711989235	0.999994493201698
6134	4.20787609232744	-0.497431904154384	1.14675233619537	-0.433774485086062	0.66445221152192	0.999994493201698
6135	3.82533111198495	0.31669630653786	1.08905400013132	0.290799452092982	0.77120470441117	0.999994493201698
6136	5.01640826481967	-0.259369443440204	0.892137011078972	-0.290728262833212	0.771259154190566	0.999994493201698
6137	2.99651673712595	0.328433592050666	1.14230384296953	0.287518591548174	0.773715268628369	0.999994493201698
6138	1.86878634748708	0.118882107821861	1.05936565720971	0.112220088515034	0.910648901444722	0.999994493201698
6139	3.47696857254318	0.586311173506983	1.04831818907179	0.559287418284825	0.575965580633135	0.999994493201698
6140	5.57701319728946	0.65962425185831	0.912734373172535	0.722690271393582	0.469870193865581	0.999994493201698
6141	2.23752657797646	-0.0357005599319875	1.16528459378227	-0.0306367733019717	0.975559215051181	0.999994493201698
6142	3.76147447910047	0.208067695183274	1.05447758290515	0.197318272627508	0.843578480949308	0.999994493201698
6143	2.27061577451517	0.416962087949396	1.10179233011947	0.378439817151555	0.705103893894589	0.999994493201698
6144	2.0385643261019	0.502899596160054	1.1649931443091	0.431676013388303	0.665976903250414	0.999994493201698
6145	8.35101844604508	0.427924875829035	0.744938121174216	0.574443519086544	0.565667710753281	0.999994493201698
6146	3.19213434879442	-0.132068153157494	1.15740174375199	-0.114107442701239	0.909152622341125	0.999994493201698
6147	3.46077910623998	0.0232752406467366	1.1654211743518	0.0199715271688643	0.984066086061874	0.999994493201698
6148	5.74040502014487	0.0878443206207688	0.853245124421185	0.102953205481672	0.918000110139843	0.999994493201698
6149	2.84444531199166	-0.383619047411725	1.12663375419598	-0.340500225546229	0.733479852961469	0.999994493201698
6150	3.85660949761689	-0.173212993039911	1.14589251117448	-0.15115989619513	0.879849584917567	0.999994493201698
6151	0.872304878127961	0.302929781909468	0.927343778841544	0.326663950113402	0.743922069284692	0.999994493201698
6152	2.97041384276253	0.00595786328170052	1.06226812136187	0.00560862475479572	0.995524988362319	0.999994493201698
6153	0.304497497523674	-0.0431887436667238	0.908039688221683	-0.0475626167302282	0.962064825819556	0.999994493201698
6154	5.51307263715624	0.217228118032238	1.07117767579991	0.202793731553471	0.839296257635955	0.999994493201698
6155	3.65776999532273	0.141839215272854	1.13494658997161	0.124974352560857	0.900543854818292	0.999994493201698
6156	15.759611965933	-0.123184473974588	0.818584537262971	-0.150484731102385	0.880382196375556	0.999994493201698
6157	0.470475451099866	-0.250418363905278	0.916882703445311	-0.27311930191757	0.784761509807324	0.999994493201698
6158	0	NA	NA	NA	NA	NA
6159	9.58900841663866	0.0821988031045874	0.829981781993285	0.0990368763362235	0.92110899093425	0.999994493201698
6160	5.48415278502921	-0.274141041935935	0.957470707106224	-0.286317941532097	0.774634617724632	0.999994493201698
6161	5.50812694393786	-0.187771538637876	0.811571195958293	-0.231367918887459	0.817028986063097	0.999994493201698
6162	1.51787542005862	-0.220421763776872	1.15873734201785	-0.190225822353343	0.849132177235209	0.999994493201698
6163	2.29293439555546	0.147886247950495	1.16012219077527	0.12747471699655	0.898564682829129	0.999994493201698
6164	0.196708667214857	-0.0717982216538653	0.901198406733164	-0.0796697165878635	0.93649994553106	0.999994493201698
6165	5.45938858358372	0.186836539923627	0.913572227126452	0.204512061965043	0.837953367100547	0.999994493201698
6166	2.1595546401964	0.179970093160988	1.09069635247982	0.165004763013836	0.868940233103954	0.999994493201698
6167	0.77497294862354	-0.188968214503603	0.925927986182131	-0.204085217558628	0.838286905911085	0.999994493201698
6168	0.874963434235947	-0.0333687781076612	1.01290153343952	-0.0329437531744578	0.973719441728167	0.999994493201698
6169	3.40313555534134	0.0526402484681417	1.15388068896745	0.0456201832403028	0.963612982019545	0.999994493201698
6170	3.12359528400133	0.253995218472399	1.06389702381197	0.238740416400759	0.811306875017062	0.999994493201698
6171	5.0871630733816	0.134349582343464	0.864124875617827	0.155474730718066	0.876447073656836	0.999994493201698
6172	5.67230768809337	0.37475667186868	0.961713287552428	0.389676088205498	0.696776080368406	0.999994493201698
6173	7.00880675980213	-0.074097781139015	0.936206147941993	-0.0791468645040409	0.936915807915657	0.999994493201698
6174	13.5296646334057	0.00448460302754836	0.752948879804262	0.0059560524596493	0.995247785796249	0.999994493201698
6175	8.98006061716727	0.517377857063679	0.814474516885948	0.635229029683845	0.525279052676791	0.999994493201698
6176	3.48288895082658	-0.735681482661424	1.08255610678163	-0.679578155859803	0.496771604938948	0.999994493201698
6177	4.9959749796979	-0.175875470289621	0.95960375508524	-0.183279264339684	0.854578903472114	0.999994493201698
6178	2.68661610051301	0.420943431491729	1.16510863386306	0.361291144239519	0.717881813147411	0.999994493201698
6179	0.775586696525511	0.585166990156172	0.923719086577073	0.633490201360419	0.526413577630388	0.999994493201698
6180	7.92236742790639	0.204144490382328	1.03672080332522	0.196913662509276	0.843895101868846	0.999994493201698
6181	5.24450021590681	-0.0405677744450452	1.01946812431365	-0.0397930778584735	0.968258094930718	0.999994493201698
6182	0.945278648267042	0.448365391225518	1.11104839847575	0.403551629110516	0.686542461645793	0.999994493201698
6183	3.340756107705	0.609885822923458	1.03293110851594	0.590441916111627	0.554894415909452	0.999994493201698
6184	0.91954610226936	-0.173864127519389	1.09573561095713	-0.158673429777023	0.873926172898904	0.999994493201698
6185	2.62087413171001	0.835407942811006	1.13100467226931	0.738642344540272	0.460124204269603	0.999994493201698
6186	2.24266636656489	0.128966662551794	1.13994592227688	0.113134018054296	0.909924305608751	0.999994493201698
6187	2.67501773077796	0.181218768328774	1.16014565545658	0.156203462450113	0.875872647598098	0.999994493201698
6188	1.95622581992288	0.851403306161828	1.15895448184721	0.734630496276964	0.462564559906162	0.999994493201698
6189	1.63379412109793	0.166807770572523	1.10129417142905	0.151465226004121	0.879608739951703	0.999994493201698
6190	5.46563628865211	-0.181592082734375	0.844179964838518	-0.215110628418091	0.8296810675938	0.999994493201698
6191	1.73611163678425	-0.538377154900288	1.16336089809103	-0.462777419959461	0.643523917914849	0.999994493201698
6192	0.221508520735579	0.136799148800564	0.902815744704698	0.151524992339726	0.879561597409923	0.999994493201698
6193	0.680913323129076	-0.481138127938695	0.986767024918141	-0.487590399546042	0.625839997081921	0.999994493201698
6194	12.1420328656874	-0.157390009480344	0.708092614934785	-0.222273197263666	0.824101215723154	0.999994493201698
6195	9.43931015548806	0.0154841364012119	1.01514804845002	0.015253081976421	0.98783027328254	0.999994493201698
6196	4.86168038320194	-0.247252881997426	1.10618747450989	-0.223518063343625	0.823132326202319	0.999994493201698
6197	1.76099751717826	0.134467735369095	1.12170964401819	0.119877488872615	0.904580197138527	0.999994493201698
6198	5.23288189520716	0.331651449655747	0.911353159092375	0.36391101116722	0.715924461902285	0.999994493201698
6199	5.77517287577296	-0.217194026336052	1.09206353932983	-0.1988840562055	0.842353441678799	0.999994493201698
6200	1.4839584292833	-0.0655890250367596	1.09627027650951	-0.059829246894838	0.952291631640398	0.999994493201698
6201	1.09381339886354	0.293746451679995	0.941932004198271	0.311855261707577	0.755150524003485	0.999994493201698
6202	1.82601347033344	0.0032919831174519	1.16503734764081	0.00282564599677266	0.997745463685021	0.999994493201698
6203	10.8455158963138	0.608318217409358	0.710865597475952	0.855742941519881	0.392139982253873	0.999994493201698
6204	5.41448804160719	-0.431680901303036	0.982662746222267	-0.439297106726171	0.66044627035654	0.999994493201698
6205	10.8300126539047	-0.369578833333984	1.1646349679246	-0.317334481200218	0.750989816153098	0.999994493201698
6206	0.539735223073607	-0.140838673864714	0.919956491284329	-0.15309275514551	0.878325129086801	0.999994493201698
6207	16.0848439013839	-0.707336457286067	0.930531039743308	-0.760142786296725	0.447169239738268	0.999994493201698
6208	3.13389481214278	-0.183113831070294	1.16365287982346	-0.157361215054162	0.87496017848466	0.999994493201698
6209	4.50265318652908	0.111420305888007	1.06930485212785	0.104198821941458	0.917011568839195	0.999994493201698
6210	4.84462430033047	-0.0329340627567781	0.972687410136422	-0.033858835236861	0.972989719073954	0.999994493201698
6211	1.34871118934577	0.155274658080353	1.08840335160609	0.142662789352149	0.886556505840007	0.999994493201698
6212	12.0138359427955	0.592607149194667	0.722866262119458	0.819801919454827	0.412329036656552	0.999994493201698
6213	5.75222055586611	-0.0270902264000586	0.989426915432282	-0.0273797144362329	0.978156877717828	0.999994493201698
6214	2.62511585090403	0.97497773595591	1.09744384430001	0.888407858880273	0.374321399525794	0.999994493201698
6215	4.97333741408263	0.296372083026323	1.07926547643514	0.274605358456618	0.783619449101053	0.999994493201698
6216	7.19167712471319	-0.334026655231189	0.797739265417451	-0.418716577848773	0.675423278587785	0.999994493201698
6217	6.452348050523	0.260713518204077	0.742398569305764	0.351177290721178	0.725455345901381	0.999994493201698
6218	7.59759093685857	0.14725969852019	1.02297184924709	0.143952835680251	0.885537713295828	0.999994493201698
6219	2.59215150357026	0.230657463456228	1.14833245676643	0.200862966205563	0.840805726185269	0.999994493201698
6220	4.04997031578304	0.268842573549959	1.00246040255662	0.268182736060515	0.788558663045425	0.999994493201698
6221	2.75751570924448	-0.508050448104696	1.14326050202876	-0.444387300359926	0.656762593556054	0.999994493201698
6222	9.81232672825401	0.309957053757025	0.772771234052349	0.401098074176022	0.688347918673272	0.999994493201698
6223	1.77198213901134	-0.152634891995945	1.12204392983246	-0.136032902043983	0.89179527064961	0.999994493201698
6224	0.221508520735579	0.136799148800564	0.902815744704698	0.151524992339726	0.879561597409923	0.999994493201698
6225	8.76353769157927	-0.376835066627499	0.711910887675492	-0.529328983656829	0.596577252906532	0.999994493201698
6226	4.09645719110202	-0.370666732881629	0.981759995891511	-0.377553306747885	0.705762457284057	0.999994493201698
6227	1.70333611493956	0.398192644644209	1.11837006075825	0.356047303675348	0.721805140094567	0.999994493201698
6228	2.73014332648907	0.183103717269821	1.16440251760051	0.15725122069226	0.875046862121496	0.999994493201698
6229	0.825363727194502	-0.2675091100555	1.01186401357811	-0.26437259005738	0.791492830341459	0.999994493201698
6230	4.47123317994969	0.314301576083291	0.948079655682017	0.331513891474861	0.74025634979789	0.999994493201698
6231	1.9132462659401	0.120673178447918	1.13289650942753	0.106517389226397	0.915171859289073	0.999994493201698
6232	3.49404562640624	-0.107669905806653	1.14306208443162	-0.0941942762979412	0.924954831412718	0.999994493201698
6233	1.16307317083728	0.335579970965695	0.954974725436581	0.35140193978671	0.725286827335927	0.999994493201698
6234	2.17328384501075	0.0993173053899107	1.0917883427353	0.090967545175549	0.927518379301549	0.999994493201698
6235	4.78897098359069	-0.0581580331730143	0.940701722554025	-0.0618240955433928	0.950702914719815	0.999994493201698
6236	3.92257701461607	0.269795701113803	1.07822407602364	0.250222293411196	0.80241544586285	0.999994493201698
6237	1.67534998428218	0.405430495368954	1.03645710813756	0.391169583560947	0.695671889498831	0.999994493201698
6238	1.15518879926758	-0.0105086170020022	1.13331359231725	-0.0092724706323477	0.992601744857511	0.999994493201698
6239	1.63965680568264	-0.639129741071107	1.12868744338888	-0.566259281800922	0.57121753592357	0.999994493201698
6240	6.99767733779951	0.549063897778252	0.739317344679785	0.742663352522947	0.457685522498983	0.999994493201698
6241	0.526006018259253	0.0377459139913865	0.919720569801492	0.0410406325907589	0.967263503011336	0.999994493201698
6242	1.57854577580644	0.186951985311669	1.10612934993277	0.16901457801751	0.865785174762447	0.999994493201698
6243	2.60547573693633	-0.0456985536505823	1.16480299556238	-0.0392328606851827	0.968704734758282	0.999994493201698
6244	1.60110989600751	-0.57597490898623	1.16477563604925	-0.494494296721257	0.620957133210819	0.999994493201698
6245	5.05159157373059	0.254290731568558	0.987334341114103	0.2575528075744	0.796752055216367	0.999994493201698
6246	3.57295025666326	-0.133488023461234	1.02904964179124	-0.129719712286061	0.896788186194668	0.999994493201698
6247	11.6212295922737	-0.263319875586106	0.790530260421606	-0.333092721138432	0.739064293658208	0.999994493201698
6248	5.34316770971192	0.46559797199877	0.812561382567892	0.573000368941196	0.566644444172969	0.999994493201698
6249	5.71289730634997	-0.495595804599701	0.789744667494809	-0.627539285794493	0.530305792698487	0.999994493201698
6250	2.09307617391104	-0.147555435910406	1.16242727947082	-0.126937347837861	0.898989986423181	0.999994493201698
6251	4.76984702189707	0.491926380826759	0.951971321748381	0.516744958160391	0.605334207624503	0.999994493201698
6252	5.35077195903829	0.586136579451508	1.01937575107324	0.574995607688723	0.565294267561822	0.999994493201698
6253	1.70873925402883	0.28614796578163	1.12523676848933	0.254300227112017	0.799263624358415	0.999994493201698
6254	22.7943013224422	-0.139547812772423	0.836119689824124	-0.166899326102195	0.867449263404782	0.999994493201698
6255	7.09083384098697	0.129503832781949	0.750703106450502	0.172510053134418	0.86303655858389	0.999994493201698
6256	2.14679485056611	0.0966036375102768	1.15529284701089	0.0836183118074533	0.933359907208243	0.999994493201698
6257	1.10859804573525	0.585789322063638	1.06360429028825	0.550758705481418	0.581799095421838	0.999994493201698
6258	3.22411559026696	-0.15237445093568	1.05542411730968	-0.144372720346857	0.885206157119222	0.999994493201698
6259	10.8292414827349	-0.0605013930902758	0.73751652060344	-0.0820339496134584	0.934619716538848	0.999994493201698
6260	4.14646186959175	-0.0794672317254035	1.01300240284966	-0.0784472292482777	0.937472305748161	0.999994493201698
6261	0.889220360078978	-0.035581880990619	1.09863561300754	-0.0323873362280808	0.974163161417324	0.999994493201698
6262	1.34543888533581	-0.180145328061043	1.08127073968037	-0.166605200205727	0.867680701719791	0.999994493201698
6263	1.55652722797409	-0.381801072511658	1.16538660606096	-0.327617522396414	0.743200871576813	0.999994493201698
6264	4.42782768352703	-1.00816514032627	1.00346108743981	-1.00468782790419	0.315047191098084	0.999994493201698
6265	0.891351195158287	-0.677054942155531	1.03232004490835	-0.655857595224396	0.511915754417494	0.999994493201698
6266	1.44648481300557	0.280178995891568	1.15789853556124	0.241971975338723	0.808801878482682	0.999994493201698
6267	1.04094138781214	-0.180032263719653	1.0399378759604	-0.173118287045166	0.86255845099271	0.999994493201698
6268	3.18470733390453	0.208406241662006	1.05967984505798	0.196669062485191	0.844086521788399	0.999994493201698
6269	4.5286858057347	-0.239204896417432	0.936083612026974	-0.255537959797697	0.798307628843847	0.999994493201698
6270	2.71681909312299	0.428213270390989	1.1590699366517	0.369445584645225	0.711795625767568	0.999994493201698
6271	7.25407436411903	0.37665645845095	0.749780253723788	0.502355799022826	0.615417265240094	0.999994493201698
6272	9.94692559720701	-0.0325645048500167	0.905173462842297	-0.0359759827113825	0.971301509573942	0.999994493201698
6273	0.844232720597281	-0.118599827351838	0.927350521283839	-0.127891045111666	0.898235197816135	0.999994493201698
6274	0.747514538994832	0.0779565186862294	0.925660442402039	0.0842171871187846	0.932883753388265	0.999994493201698
6275	9.85637430575324	0.682328274224819	0.758115630117576	0.900031930642292	0.368103258391815	0.999994493201698
6276	2.81798777037315	0.909609578079576	1.09619674216368	0.829786791998837	0.406659339772791	0.999994493201698
6277	7.86778530493947	0.125404182196999	0.764650694892827	0.164001920137633	0.869729632228129	0.999994493201698
6278	2.12114833144172	0.257301066639821	1.16274328155518	0.221287940959485	0.8248682389726	0.999994493201698
6279	2.24278911614528	0.101426488536499	1.14225742042714	0.0887947731594258	0.929245011698316	0.999994493201698
6280	2.4151396239948	-0.509728507239101	1.1311463241599	-0.450630034640014	0.652256216048782	0.999994493201698
6281	1.76536198595267	0.213339168059828	1.15902267028082	0.184068158052627	0.853959985834368	0.999994493201698
6282	12.2180816652443	0.213075266177681	0.71381882398676	0.298500486422636	0.765321204916776	0.999994493201698
6283	4.73218458013026	0.156407668528217	0.899510296781436	0.173880909521396	0.86195905606732	0.999994493201698
6284	2.370115261806	0.0619675212975322	1.16519258327376	0.0531822139851134	0.957586726742345	0.999994493201698
6285	4.51625964176304	0.0593961841344861	1.09398978574843	0.0542931797976994	0.956701583273587	0.999994493201698
6286	7.44300463760207	-0.0185890426243257	0.796379368921565	-0.0233419439902097	0.981377514351994	0.999994493201698
6287	13.402752711355	0.135684365231292	0.654325627189961	0.207365201045229	0.83572465745798	0.999994493201698
6288	4.31539318260291	0.358941577611698	1.01573953106219	0.353379549220008	0.723803915451066	0.999994493201698
6289	1.7647975422169	0.705255476103918	1.16264165737619	0.606597459870406	0.544118086395585	0.999994493201698
6290	6.1654700089747	0.405986169853091	0.938698807394213	0.432498866148654	0.665378876117752	0.999994493201698
6291	5.10614014424682	-0.528070841950436	0.973021818704814	-0.542712230906958	0.587327951708535	0.999994493201698
6292	3.11750705122044	0.119394817595922	1.1654165513955	0.102448191123556	0.918400933880386	0.999994493201698
6293	3.04562544584581	-0.0918888587642309	1.16093767067471	-0.0791505531135252	0.93691287403518	0.999994493201698
6294	3.78534164014424	0.055860658744535	1.08922131392115	0.0512849482750562	0.959098461857446	0.999994493201698
6295	1.84741827026381	-0.292909855454653	1.16107007757055	-0.252275776555663	0.800827910241561	0.999994493201698
6296	8.29152627296933	0.348795023347749	1.00391404008116	0.347435148251888	0.728264431491839	0.999994493201698
6297	5.05467187302935	0.400058513897423	0.876390341002493	0.456484394202475	0.648041690393833	0.999994493201698
6298	0.778245252633497	0.209792069699196	0.994470375992989	0.210958591390635	0.832919583440795	0.999994493201698
6299	1.34278032922783	0.114052454812824	0.98442186457693	0.115857295451112	0.907765640997545	0.999994493201698
6300	1.93028449747151	-0.276288988018929	1.15998095354965	-0.238184072913836	0.811738329664197	0.999994493201698
6301	10.9744619277677	0.487604099838873	0.738018595004157	0.660693515230638	0.508808883346713	0.999994493201698
6302	2.19137751859952	0.0358163437479772	1.14974989245065	0.0311514216988845	0.97514878096075	0.999994493201698
6303	4.47994744538057	0.0616809113476746	1.08059758885325	0.0570803710686892	0.954481172544118	0.999994493201698
6304	4.43920152509289	0.108846616342786	1.04952458910192	0.10371040133126	0.917399172101885	0.999994493201698
6305	7.38881383399247	-0.211407445797005	0.856800940443526	-0.24674044555503	0.805109103062224	0.999994493201698
6306	4.08269126358057	0.2055679650144	1.0122343884187	0.203083364254731	0.839069874197999	0.999994493201698
6307	9.65874993477228	0.364984371832861	0.725745447897242	0.5029096260822	0.615027812981513	0.999994493201698
6308	2.21276344716284	-0.980421570764808	1.14025222073363	-0.85982868784418	0.389883482972074	0.999994493201698
6309	1.34278032922783	0.114052454812824	0.98442186457693	0.115857295451112	0.907765640997545	0.999994493201698
6310	3.39393239121344	-0.161497977595599	1.16427225791091	-0.138711522582683	0.889678112425112	0.999994493201698
6311	4.8658308056417	0.403095697091954	1.05651959691405	0.381531680310844	0.702808768235792	0.999994493201698
6312	2.67779903646634	-0.143901821882233	1.13330710434686	-0.126975134392337	0.898960079109913	0.999994493201698
6313	3.31208488335599	0.431534110530283	1.14390480287628	0.377246523876128	0.705990408931807	0.999994493201698
6314	12.4640658919377	-0.37113529810916	1.0187743887976	-0.364295865885663	0.71563708664068	0.999994493201698
6315	7.25903370942836	0.0104325528761511	0.818887279395033	0.0127399132196293	0.989835294901235	0.999994493201698
6316	0.972209336867074	-0.131838574234731	1.10800867618165	-0.118986951157337	0.905285693801984	0.999994493201698
6317	7.4665349937651	0.192150364463459	0.828624649603103	0.231890717414086	0.816622894471357	0.999994493201698
6318	6.24080226201383	0.272637244918992	0.913231378799621	0.298541258270554	0.765290091375571	0.999994493201698
6319	5.39936869844498	0.0132681918820104	0.857960129159313	0.0154648117448202	0.987661357294171	0.999994493201698
6320	8.692360060229	0.145044999977513	0.954772308053661	0.151915801028198	0.879253345525845	0.999994493201698
6321	10.2508093468287	-0.237780403392789	0.909182545848165	-0.261532081185046	0.793682212939832	0.999994493201698
6322	1.76789779248026	-0.156088319924827	1.16534952705514	-0.133941205021351	0.89344906693653	0.999994493201698
6323	1.66206247362321	0.24746142472658	1.12311600720724	0.220334696628464	0.825610500054595	0.999994493201698
6324	7.57050385703637	0.391948830110243	0.902133061917032	0.434468978752816	0.663947916814062	0.999994493201698
6325	2.31511241567529	0.0210396617184574	1.15619908391827	0.0181972655151702	0.985481484079074	0.999994493201698
6326	1.86878634748708	0.118882107821861	1.05936565720971	0.112220088515034	0.910648901444722	0.999994493201698
6327	1.08061191507786	0.751692456073681	1.05268623987364	0.714070753089646	0.475183429892962	0.999994493201698
6328	3.08253251876321	-0.112693912131673	1.09765927947347	-0.102667480008669	0.918226884411767	0.999994493201698
6329	1.90483417334172	-0.362587177036283	1.1460136608843	-0.316389925715633	0.751706562649134	0.999994493201698
6330	3.07941968704075	-0.153232282766772	1.12268855737049	-0.136486901697533	0.891436378582907	0.999994493201698
6331	3.94506768940295	0.141018675076741	0.990075934695514	0.142432181345878	0.886738644466093	0.999994493201698
6332	1.27404827828276	0.228503889905044	1.07225664232433	0.21310559513972	0.831244600593627	0.999994493201698
6333	1.30097896688279	-0.116182775244004	0.977380023460969	-0.11887164915914	0.905377043165487	0.999994493201698
6334	4.49430716983939	0.203024189750876	0.979750741481033	0.207220246084199	0.835837856374062	0.999994493201698
6335	4.20348328305592	0.212998568031158	1.0004056409147	0.212912202130734	0.831395444668239	0.999994493201698
6336	3.00272981911178	-0.280851821357579	1.06902997686731	-0.262716506959503	0.792769092875033	0.999994493201698
6337	4.92498934409314	-0.48685902964778	0.954147749607747	-0.510255387436516	0.609872553158636	0.999994493201698
6338	0.816774310968573	0.129877369156715	0.926905324957659	0.140119347315917	0.888565694446357	0.999994493201698
6339	11.973499154619	0.248560659281023	0.675041929423211	0.368215141085244	0.712712821296059	0.999994493201698
6340	20.5113820770181	0.232173517406816	0.98704999929689	0.235219611541666	0.814038285163441	0.999994493201698
6341	2.37648781607933	-0.384185611744602	1.12550284477531	-0.341345749171607	0.732843310905368	0.999994493201698
6342	4.55198852304269	-0.0582815044975078	1.09826790468842	-0.0530667465093979	0.957678726545402	0.999994493201698
6343	7.32764721004213	0.150590204566475	0.939232329644994	0.160333284761817	0.872618540575789	0.999994493201698
6344	5.71206951211335	0.0193176008638492	0.843499191427169	0.0229017420054245	0.981728650841679	0.999994493201698
6345	1.73676210739332	-0.557399230407867	1.16280341515956	-0.479358095393433	0.63168389926118	0.999994493201698
6346	5.35188407476734	-0.120856364603063	1.08741559640242	-0.111140915214846	0.911504604053734	0.999994493201698
6347	9.71424673251262	0.523793200772655	0.797285261204099	0.656970881390178	0.511199639808785	0.999994493201698
6348	3.49763687499118	-0.137752582304735	1.08715634203699	-0.126709082197534	0.899170657228685	0.999994493201698
6349	4.22708709359884	0.310882375117994	1.06085190657453	0.293049739734009	0.769484132885502	0.999994493201698
6350	8.18080404315583	-0.35993678111288	0.71441068084288	-0.503823348061114	0.614385519037393	0.999994493201698
6351	1.88251555230143	0.0350972785306015	1.06086090315191	0.0330837703852829	0.973607785021871	0.999994493201698
6352	4.49195078656389	-0.119066854920803	1.03084038957067	-0.115504646621765	0.90804513765759	0.999994493201698
6353	2.46510757977743	0.404441162815921	1.16268007377883	0.347852493507905	0.727950964407887	0.999994493201698
6354	2.36737067882472	-0.122806640464575	1.1651584490382	-0.105399090197516	0.916059137961614	0.999994493201698
6355	2.63427181049028	0.1510805375085	1.14936413033418	0.131447061484835	0.895421661916306	0.999994493201698
6356	6.23288326736157	0.347357298607907	1.08816823335688	0.319212864297967	0.749565102565663	0.999994493201698
6357	1.29318062218638	-0.0257182002744532	1.08315657068375	-0.0237437513380161	0.981057007310252	0.999994493201698
6358	6.13817107163349	0.242686759462944	0.877847617459679	0.276456590683964	0.782197396470085	0.999994493201698
6359	3.03594176523088	0.374789319148539	1.11091079881499	0.337371208875029	0.735837085714345	0.999994493201698
6360	3.06234473280224	-0.107685136168198	1.15828320098366	-0.0929696088804077	0.925927705226169	0.999994493201698
6361	0.637067152578028	0.524080420289925	0.920761790777276	0.569181329567895	0.569233089701161	0.999994493201698
6362	0.595265790232995	0.109200319179576	0.921811850313088	0.118462698372218	0.90570104932124	0.999994493201698
6363	4.23203595707363	0.437006207391311	1.05646750921431	0.41364850653695	0.679131543696814	0.999994493201698
6364	1.21811273967509	-0.138693588896971	1.05066077339831	-0.132006059813553	0.89497949865889	0.999994493201698
6365	0.23576544657861	0.0918098386871039	0.901917614634592	0.101794041049193	0.918920155635208	0.999994493201698
6366	2.97685667219365	0.362039534600275	1.16525258992812	0.310696185298854	0.756031597526385	0.999994493201698
6367	1.77324635752238	0.683095686113684	1.16009259787986	0.588828587788669	0.555976266449553	0.999994493201698
6368	0.736443890288464	-0.188619618879446	0.992069224695101	-0.19012747718025	0.84920923909958	0.999994493201698
6369	15.5736916749518	-0.0304006628636875	0.799700892736571	-0.0380150417985113	0.96967568907619	0.999994493201698
6370	1.47087969507801	0.198252449716181	1.16393611024045	0.170329323037521	0.864751151743678	0.999994493201698
6371	2.00853865711946	-0.365207798468793	1.16032843894114	-0.314745193009371	0.752955127766707	0.999994493201698
6372	2.28422013012459	0.507232721947356	1.134548249643	0.447079022075052	0.654818005007347	0.999994493201698
6373	2.00853865711946	-0.365207798468793	1.16032843894114	-0.314745193009371	0.752955127766707	0.999994493201698
6374	14.0805814853313	0.259969397931148	0.806246177961404	0.322444192651531	0.747116209549289	0.999994493201698
6375	2.90347583098174	0.271409463930013	1.08845191982871	0.249353654475363	0.803087231399015	0.999994493201698
6376	49.9267077544742	0.104978485302439	1.04304240469559	0.100646421305448	0.919831144900521	0.999994493201698
6377	0.567807380604286	0.484822945068936	0.919000580785611	0.527554557859455	0.597808540045173	0.999994493201698
6378	5.77229817370578	0.458184318814962	0.939901618185891	0.487481146909084	0.625917400121625	0.999994493201698
6379	1.96686004435482	-0.946961932559418	1.15269201491584	-0.821522072076261	0.411348956999845	0.999994493201698
6380	5.53305164666352	-0.0304196381210992	0.970798218166048	-0.0313346662075312	0.975002644338071	0.999994493201698
6381	4.36724437467951	0.690610316053256	0.924779793042639	0.746783527547745	0.455194240404218	0.999994493201698
6382	3.53637470977995	0.210071649025731	1.09796174511364	0.191328750715253	0.848268037331983	0.999994493201698
6383	8.58303316278556	0.384901389607858	0.891455400376688	0.431767410287959	0.665910467960752	0.999994493201698
6384	2.68686159967379	0.434669853773138	1.16009656929845	0.374684198950779	0.70789534501576	0.999994493201698
6385	1.15518879926758	-0.0105086170020022	1.13331359231725	-0.0092724706323477	0.992601744857511	0.999994493201698
6386	31.789801268358	-0.267815521608514	1.01556063594116	-0.263711995257002	0.792001851765517	0.999994493201698
6387	2.49203826837746	0.10364509281224	1.15856453545054	0.0894599218609209	0.928716403551581	0.999994493201698
6388	10.0364392310504	0.206440743284875	0.800964930861759	0.257740052442452	0.796607532743124	0.999994493201698
6389	2.41763870781529	-0.109483334461651	1.15614254687285	-0.0946970896951964	0.924555429677692	0.999994493201698
6390	4.31236637775374	0.591665871493555	1.07132429186866	0.552275231677553	0.580759797490229	0.999994493201698
6391	3.09642119586506	0.0194689528389032	1.10911322103335	0.0175536207392462	0.98599495625775	0.999994493201698
6392	4.15992670387827	-0.520117607221922	0.970457699565646	-0.535950827588585	0.591992535016911	0.999994493201698
6393	1.48129987317531	0.194021235724969	1.00683239415316	0.19270460192946	0.847190319190657	0.999994493201698
6394	2.75879777909558	-0.0358817431215949	1.13703638205296	-0.0315572515426543	0.974825134722825	0.999994493201698
6395	3.46139285414195	0.457252334302595	1.1654149883625	0.392351513296625	0.694798506491277	0.999994493201698
6396	4.35212820177372	0.200896836987632	0.963534648949657	0.20849985748476	0.834838693903099	0.999994493201698
6397	7.82428329980897	-1.13997674609495	0.728014756457345	-1.56587038378492	0.117378964530435	0.999994493201698
6398	4.53171471020842	-0.370685397400258	1.11806083774561	-0.331543136908083	0.740234263078357	0.999994493201698
6399	0.639725708686014	0.0725190805483049	0.973483698755186	0.074494396404415	0.940616999801381	0.999994493201698
6400	2.94628333121793	0.485424531737714	1.0863210273046	0.446851823297722	0.654982050684202	0.999994493201698
6401	7.98678328525055	0.0235895071841505	0.743317520262199	0.0317354381420062	0.974683033560794	0.999994493201698
6402	3.15232001176563	0.0701361544457514	1.06918124905641	0.0655980026844362	0.947697879317155	0.999994493201698
6403	5.62554386078746	-0.404648123635246	0.857785732442993	-0.471735665832071	0.63711547625958	0.999994493201698
6404	3.64048416500598	0.400202762432581	1.02987328688056	0.388594177099958	0.697576374903459	0.999994493201698
6405	6.34298965861424	0.555382563942309	0.84591784225721	0.656544331137821	0.511473953840518	0.999994493201698
6406	4.36668520082469	-0.470864063370792	0.895164585049744	-0.526008369002473	0.598882392192785	0.999994493201698
6407	4.09110335617895	0.600688477974198	1.04585937250875	0.574349184760182	0.565731532130368	0.999994493201698
6408	4.71386217912321	0.549432255715255	0.871456103780582	0.630476111569692	0.528383127365875	0.999994493201698
6409	7.42117491525882	0.0176431279489781	0.760871869682	0.0231880407884601	0.981500278112362	0.999994493201698
