baseMean	log2FoldChange	lfcSE	stat	pvalue	padj
1	4.97697608417758	-0.0128568081103751	1.0859303135017	-0.0118394412150785	0.9905537133312	0.998502185822338
2	0.927749418414054	0.396745740431047	1.00102810050336	0.396338264861441	0.691855502288049	0.960357823831468
3	2.0765656634083	0.561913087199809	1.06263676874765	0.528791308305698	0.59695022785724	0.960224561962078
4	2.07681116256909	0.102635277687612	1.11763450828718	0.0918325954742614	0.926831046031354	0.989848125171808
5	2.64620389507503	0.608447141338351	1.16352861177043	0.52293268526722	0.601021098087821	0.960224561962078
6	9.44285739208578	0.364832096156329	0.88935147751315	0.410222623317039	0.681642646698154	0.960357823831468
7	1.68066709649815	0.77633826734671	1.10464674250889	0.702793243732815	0.482184608305036	0.960224561962078
8	1.45436918457528	0.248211197598439	1.07490035376706	0.230915541825405	0.817380416374036	0.967651531145028
9	3.49937642929937	0.694119897666623	1.1520267120487	0.602520662417833	0.546827613503773	0.960224561962078
10	11.5110528083653	-1.4455705575343	1.02908302965043	-1.4047171276601	0.160105410571959	0.960224561962078
11	1.94040250273632	-0.323878369308008	1.15874697691737	-0.279507412541111	0.779855450233814	0.967651531145028
12	7.01919132441039	1.39295228829131	1.03825167594263	1.34163259310575	0.179715152795056	0.960224561962078
13	3.17173260568987	-0.0654242338349499	1.16461836779084	-0.0561765430155913	0.955201167609178	0.994400445557826
14	1.16573172694527	0.431806037219151	1.03657705620158	0.416569163513474	0.676993568388333	0.960357823831468
15	8.23400354735571	0.0153176423965258	1.16482460597632	0.0131501706934557	0.989507984224757	0.998094752784613
16	3.49810484128282	-0.667600490415794	1.13360606023945	-0.588917538315541	0.555916592042119	0.960224561962078
17	1.62684244200519	0.419625797364173	1.16238202179219	0.361005065027747	0.718095660703053	0.962630647698599
18	9.70222566776652	0.699562360960192	0.870970894957316	0.803198321563289	0.421860115483909	0.960224561962078
19	2.31991549753975	0.154439951907709	1.15457317209394	0.133763676171009	0.893589451219545	0.983764860221564
20	3.34137195523152	0.46309803595294	1.12668014213665	0.411028843620793	0.681051384888753	0.960357823831468
21	4.95199680740477	-1.10439597133253	0.958137068669271	-1.15264924763468	0.249054380686782	0.960224561962078
22	4.49913020266845	0.95455507818184	1.12836843933237	0.845960454855176	0.397574805248725	0.960224561962078
23	2.21533070651657	0.103714360671976	1.12572984607515	0.0921307727902707	0.926594139268443	0.989848125171808
24	0.734313055209155	0.0387582659056984	0.975644716392487	0.0397257990070502	0.968311733274674	0.994400445557826
25	2.29497920376147	1.3900340083359	1.15170780977624	1.20693286659744	0.227457999033796	0.960224561962078
26	2.24671189076431	-0.419420486769318	1.16326926931848	-0.360553225148844	0.718433461279568	0.962881576092301
27	1.11072888081456	0.560961824961809	1.1013498287901	0.50934027526754	0.610513731956539	0.960224561962078
28	10.7319757183302	1.44923259392118	0.807729846360035	1.79420458517415	0.0727805205737451	0.960224561962078
29	0.858575673313606	0.0267535666497098	0.910724731156755	0.0293761284111927	0.976564611354817	0.994400445557826
30	11.588228560819	1.14423717440623	0.906069085535489	1.26285864143569	0.20663998564644	0.960224561962078
31	5.46586295503206	0.210221582148452	1.07681754943766	0.1952248849011	0.845216898521314	0.973247772378739
32	2.62941634339429	1.04403513885803	1.10811031858607	0.942176172666815	0.346102450840812	0.960224561962078
33	5.41089683160845	0.20160262320372	1.02852112927941	0.196012135739947	0.84460066730316	0.973247772378739
34	5.7178618709354	0.705396135614368	1.03293557945858	0.682904287200664	0.494667324723006	0.960224561962078
35	7.40522589520381	-0.041658456217529	1.05894349263486	-0.0393396404126103	0.968619602584659	0.994400445557826
36	0.972737057895751	0.478192073839987	1.09064406478819	0.438449251482292	0.661060650404788	0.960357823831468
37	2.23592346392583	0.414912776554398	1.15971497002778	0.357771338024946	0.720514441647052	0.963432919274349
38	9.10545567797472	-0.900368140427739	0.854428806357638	-1.05376613443774	0.291990001856099	0.960224561962078
39	7.14617339384164	0.168773222624406	0.92854417851149	0.181761112212194	0.855770204052068	0.977390919310389
40	4.08862015185125	-0.053782349321502	1.10625297805602	-0.0486166820685192	0.961224775317145	0.994400445557826
41	5.0401663669602	0.49114818185839	1.03490208219531	0.47458420492935	0.635083366613098	0.960357823831468
42	2.66672838775997	1.11766477451115	1.15176924453702	0.970389494086924	0.331852383408432	0.960224561962078
43	5.66218351173221	0.537108627391179	0.943716595498922	0.56914186944781	0.569259866257144	0.960224561962078
44	4.62863956864001	2.09347558586773	1.09647058598065	1.90928567773242	0.0562252488803881	0.960224561962078
45	1.31296343669907	0.344948616580547	1.11681847691452	0.308867218541682	0.757422534168916	0.963432919274349
46	4.47900858180724	0.0341690791518615	1.00920080768908	0.0338575622329353	0.972990734202105	0.994400445557826
47	1.41321829283932	-0.0315311194765759	1.12704278561309	-0.0279768611086257	0.977680606082309	0.994400445557826
48	9.403486938028	1.43703784317052	0.932781163581299	1.54059483539868	0.123415425675925	0.960224561962078
49	1.41216285078196	0.142501594308768	1.05585830117174	0.134962801495833	0.892641285285765	0.983764860221564
50	2.2066731147574	0.999152739711008	1.13934932104372	0.87695030949395	0.380513628434968	0.960224561962078
51	3.91262699162604	-0.190822346165602	1.06472232235481	-0.179222640644527	0.857762886876504	0.978180188334194
52	3.05257502531401	1.26523473461447	1.15455742602439	1.09586124180171	0.273139502756273	0.960224561962078
53	4.80971803259756	0.70652691177192	1.02195754597507	0.691346636222357	0.489347730802613	0.960224561962078
54	4.45762882434028	0.446893908070345	0.930509482235429	0.480267978566688	0.631036855094609	0.960357823831468
55	4.66581101208524	0.885922363638063	1.04068431734456	0.851288281059724	0.394609233131104	0.960224561962078
56	22.9032129583172	0.458363581154226	0.744787393996382	0.615428758393369	0.538271604101989	0.960224561962078
57	2.27584685985785	1.45544633004691	1.16147780898523	1.25309869787225	0.210169789877032	0.960224561962078
58	10.5201808243889	-1.68749959230165	0.936972629747564	-1.80101268567075	0.0717008805152863	0.960224561962078
59	5.22020612201669	1.29336516729279	1.09084117717213	1.18565854897931	0.235757170334323	0.960224561962078
60	5.77467043647407	0.288253253954295	0.975618500524637	0.29545693711147	0.767644843910868	0.967651531145028
61	7.72540400936905	0.0884866719983236	1.07580547526376	0.0822515538663059	0.934446678233412	0.994400445557826
62	1.80545743563128	0.724764202954865	1.11366128830924	0.65079410639765	0.515179405192877	0.960224561962078
63	290675.351080033	-1.31350308378548	0.915572267539669	-1.43462523970405	0.151393918288073	0.960224561962078
64	10.1705707489875	-2.77576760743846	0.843543422612493	-3.29060429259443	0.000999724353491159	0.960224561962078
65	2.28175468794586	-0.93278613400857	1.14558375038058	-0.814245255921872	0.415504464230829	0.960224561962078
66	898515.183006696	-1.07626337169476	0.850979646053509	-1.26473456408272	0.20596649527184	0.960224561962078
67	7.64307055610263	0.798952087700459	0.882130517782566	0.905707343295191	0.365090774705379	0.960224561962078
68	1.65099182491684	0.855776092353558	1.14595228100925	0.746781612581522	0.4551953965207	0.960224561962078
69	1.37629234855487	0.350297091203929	1.12395282407882	0.311665297421207	0.755294903828114	0.963432919274349
70	1.91266187123972	-1.36499791332359	1.16027301838847	-1.17644545007128	0.239416918716146	0.960224561962078
71	2.03513254980445	0.00631972712326593	1.11924576205261	0.00564641595039504	0.995494835828272	1
72	6.7102201714318	0.323269843404686	0.887817663559811	0.364117382062999	0.715770357471744	0.962423898398307
73	3.79123577755508	0.127259163070784	1.13384155931568	0.112237165788481	0.91063536129187	0.98397565474519
74	2.09135031028001	0.700042156569715	1.13368184059595	0.617494372320297	0.536908692098458	0.960224561962078
75	1.95860215416298	-0.238763308371672	1.16372860742828	-0.205170953818274	0.837438562186103	0.972107189004552
76	2.95283003886239	0.387916041924646	1.14789579845374	0.33793663366238	0.735410940215323	0.963432919274349
77	3.69928913579987	0.681857766146075	1.16026506612683	0.587674132448231	0.556751041496109	0.960224561962078
78	3.40839809351016	0.962373455727984	1.16272525136716	0.827687757358331	0.40784735424003	0.960224561962078
79	43.682182261804	1.33179820427711	1.1039300006385	1.20641544618483	0.227657343260708	0.960224561962078
80	0.733785334180478	0.120912840358349	0.909974780198034	0.132874935646057	0.894292289565372	0.983764860221564
81	2.40255188811109	0.0831340935749526	1.15075855190313	0.0722428640112779	0.94240863372024	0.994400445557826
82	5.09923776932027	1.71206245805683	1.05951398420433	1.61589415862458	0.106117198790698	0.960224561962078
83	2.60301337582294	1.14150725600215	1.15267342779323	0.990312805412317	0.322021249446536	0.960224561962078
84	2.58822872895123	0.920125481863951	1.1046248739699	0.832975522773734	0.404858534095037	0.960224561962078
85	4.28646177800947	1.67273364963377	1.10501651817635	1.51376347965762	0.130085838251006	0.960224561962078
86	4.95186443861902	1.68373906701328	1.09009527176127	1.54457973594626	0.122447950828182	0.960224561962078
87	3.93174555566142	0.381320059927624	0.976047880003216	0.390677617092275	0.696035545572792	0.960357823831468
88	1.38528673622908	0.922747209773922	1.1330211037573	0.814413082610663	0.415408346434767	0.960224561962078
89	3.41420620404771	1.37032608378905	1.1624961469554	1.17877903284063	0.238486175453305	0.960224561962078
90	48.4170201102299	1.65032335199361	1.11956204566385	1.47407940308931	0.140460213443206	0.960224561962078
91	4.38146667743999	0.445602274131509	1.11164745986747	0.400848551558454	0.688531630507019	0.960357823831468
92	2.63199935446353	0.89067276047539	1.144379898847	0.778301647357463	0.436391204570263	0.960224561962078
93	7.61221499325902	0.313834897138729	0.85995860643199	0.364941864400712	0.715154803013576	0.962423898398307
94	1.74779603339258	0.672818575253749	1.14417412317866	0.588038622464711	0.556506369078492	0.960224561962078
95	2.67727131543766	0.955364317652233	1.16307768133675	0.821410584161681	0.411412436776587	0.960224561962078
96	5.61494845868717	0.791914675209173	1.05072404769939	0.753684734772279	0.451038550275585	0.960224561962078
97	1.01666925532009	0.625220641196187	1.09922851238401	0.568781317216933	0.569504554966131	0.960224561962078
98	1.15624424132493	0.435701517028247	1.11506200441229	0.39074196349995	0.695987977457748	0.960357823831468
99	2.7190726777827	0.845445013491061	1.16314153737723	0.726863400818316	0.467309639490671	0.960224561962078
100	0.0692597719737415	0	0.892865066800151	0	1	1
101	6.4302424051855	1.66876043652405	1.09740504158901	1.52064221803441	0.128349646212296	0.960224561962078
102	1.86890909706747	0.350693761790693	1.09847742900958	0.319254408446871	0.749533601849504	0.963432919274349
103	6.17388317220495	2.02384130538172	1.01279261442651	1.9982781040793	0.0456865179804582	0.960224561962078
104	5.09078685439024	0.90685808092765	0.98830729955355	0.917587152636945	0.358835046437153	0.960224561962078
105	4.68686331498993	0.694806270346226	1.01864922722392	0.682085895494911	0.495184638669838	0.960224561962078
106	1.36244039416012	0.559289169285975	1.07055158300772	0.522430846082774	0.601370383799121	0.960224561962078
107	2.29031256215457	0.811630318197426	1.16112852457433	0.699001274208612	0.484551234527732	0.960224561962078
108	4.04207019249783	0.476927212810754	0.929345687528115	0.513186018089018	0.607821205474564	0.960224561962078
109	4.55336290967503	2.26149239993657	1.09854317301272	2.05862860513209	0.039529830324921	0.960224561962078
110	7.29505008245686	1.61207280059243	0.937179999932163	1.72013145896105	0.085408548468389	0.960224561962078
111	7.02878049942845	0.494208287499273	1.0333947081868	0.478237679740409	0.632481046906267	0.960357823831468
112	2.66128852596361	1.15706161529318	1.16216409424411	0.995609502155332	0.319439916078596	0.960224561962078
113	5.96260283382117	1.96821356616583	1.05513155736477	1.86537266602234	0.0621291859994883	0.960224561962078
114	1.76430654389532	0.583923881859495	1.16248016738842	0.50230868296989	0.615450402342615	0.960357823831468
115	2.0686812918386	1.13329598006714	1.15891496837725	0.977893987903197	0.328126758947119	0.960224561962078
116	2.3092361296045	1.64537966613079	1.16155789564618	1.41652833001102	0.156620875620646	0.960224561962078
117	1.7302668035396	0.526525773110672	1.02294713869191	0.514714547013605	0.606752506587738	0.960224561962078
118	1.86931406851576	0.645631031519221	1.11015581077407	0.581567943214247	0.560857740858995	0.960224561962078
119	6.71178866239987	0.771263282917444	1.15572670250318	0.667340541018021	0.504554636185888	0.960224561962078
120	0.678782488049767	0.152657679004615	0.96431062490327	0.158307577519358	0.874214437440682	0.983764860221564
121	4.85889697788901	1.45293876600558	1.00755842649846	1.44203921856416	0.149291310143121	0.960224561962078
122	2.28777675562698	0.23709698649721	1.162981271057	0.203869995500201	0.838455092756846	0.972547696773971
123	5.09225146714497	1.67744212333742	1.10407708596449	1.51931612806913	0.12868294202286	0.960224561962078
124	2.02274100891534	0.283151591961394	1.15672800451861	0.244786666230349	0.806621618696048	0.967651531145028
125	2.15983476243974	0.51256875679358	1.15872731098144	0.442354945754611	0.658232376242752	0.960357823831468
126	3.90807248998771	1.35250295603709	1.07181298722929	1.26188334359841	0.206990766369632	0.960224561962078
127	1.13552873433528	0.396559454992503	1.03256733654716	0.384051907276647	0.700939975538302	0.960357823831468
128	19.3435919493465	0.746874407763361	1.02738602336564	0.726965707900769	0.46724696307914	0.960224561962078
129	0.348957415976694	0.106459177063523	0.932239140364286	0.114197283136945	0.909081405563869	0.983764860221564
130	8.91210179537736	0.0788074442153639	0.812801018325831	0.0969578561524046	0.922759862622542	0.988690134431294
131	1.16625944797394	0.466685253192472	1.10601362722522	0.4219525344939	0.673059663367285	0.960357823831468
132	3.02700195160382	0.457492908725656	1.13191506340503	0.404176005352755	0.686083297032083	0.960357823831468
133	2.29136800421193	0.700217566764931	1.15552208860174	0.605975059821005	0.54453131467501	0.960224561962078
134	2.21467813628296	-0.474927177902618	1.16189052557571	-0.408753808941935	0.682720340943411	0.960357823831468
135	1.96717371904885	0.385434173366299	1.12877478626781	0.341462422845837	0.732755488978963	0.963432919274349
136	3.67513765326367	-0.431914566538545	1.06436490287977	-0.405795573839337	0.684892811113696	0.960357823831468
137	3.85896378126784	1.68868741037521	1.10192799426194	1.53248435394027	0.125402955646304	0.960224561962078
138	41.3872186073386	0.737619951010999	1.02920594332621	0.716688390495632	0.473566390892055	0.960224561962078
139	0.789315901339865	0.0289564594366976	0.909673713886092	0.0318316985471601	0.974606267653805	0.994400445557826
140	4.72943999714898	0.862952836199654	0.992753938108135	0.869251486268753	0.384709591804621	0.960224561962078
141	2.50629519422049	1.03180939362613	1.15014774554439	0.897110303979035	0.369660060972387	0.960224561962078
142	2.79359288830071	1.0465889121137	1.1513686327137	0.908995505329136	0.363352498352398	0.960224561962078
143	3.07897589326082	0.27671485849825	1.10261290694467	0.25096283269985	0.801842844943154	0.967651531145028
144	2.11738292948564	1.25045470484866	1.16180723388735	1.07630135910301	0.281792501026708	0.960224561962078
145	2.57523602161924	0.43984462564439	1.13856837251421	0.386313757050106	0.699264313186442	0.960357823831468
146	5.5210241552665	0.66430321361541	1.00691134276419	0.659743500149428	0.509418446309912	0.960224561962078
147	0.874963434235947	0.360398161602243	0.994634285293763	0.362342387479434	0.717096186479755	0.962423898398307
148	2.64233350568753	1.60111984992829	1.15524028941477	1.38596261279928	0.16575832005059	0.960224561962078
149	16.6247699900006	0.912272901458177	0.911286001097757	1.00108297544265	0.3167866949498	0.960224561962078
150	5.64486503018017	-0.0378088629594176	0.934998277409114	-0.0404373610871094	0.967744444755846	0.994400445557826
151	6.36613102097854	-0.370180357788958	0.94332152718247	-0.392422251715828	0.694746247406276	0.960357823831468
152	7.41278589327658	2.42686549203432	1.10654214055577	2.19319753228324	0.0282931502700062	0.960224561962078
153	4.41647793260432	1.17477266583308	1.15704125777931	1.01532478460431	0.309951033766182	0.960224561962078
154	0.488004680952854	-0.0373911800598257	0.93768346642926	-0.0398761217388348	0.968191888049956	0.994400445557826
155	0.501206164738531	0.214362586225879	0.943738456195845	0.227141942577992	0.820313370814116	0.968174360513242
156	2.10759645025491	0.859456815478775	1.16036471236611	0.740678173266963	0.458888596595911	0.960224561962078
157	6.6722555568325	1.20204194292986	0.918169222324366	1.30917255087996	0.190475908001451	0.960224561962078
158	3.61278025621648	0.539343255468821	1.06712771296261	0.505415845654943	0.613266791740242	0.960224561962078
159	4.4088023374883	0.873394779014722	1.11935210294826	0.780268136106847	0.4352330640669	0.960224561962078
160	2.04412693747867	0.408778955799541	1.16155769355419	0.351923075425327	0.724895953151784	0.963432919274349
161	1.40174267268467	-0.136138329610546	1.15476312346124	-0.117892862046452	0.906152549067996	0.983764860221564
162	8.20857617808344	2.06512663888275	1.0423765486639	1.98117143131223	0.0475720518646577	0.960224561962078
163	70.3463143157008	1.25703288140442	1.13797478035533	1.10462279402353	0.269323069990894	0.960224561962078
164	2.35429194461944	0.336505136780747	1.16201399448912	0.289587852105596	0.772131561586915	0.967651531145028
165	290675.351080033	-1.31350308378548	0.915572267539669	-1.43462523970405	0.151393918288073	0.960224561962078
166	10.1705707489875	-2.77576760743846	0.843543422612493	-3.29060429259443	0.000999724353491159	0.960224561962078
167	2.28175468794586	-0.93278613400857	1.14558375038058	-0.814245255921872	0.415504464230829	0.960224561962078
168	898515.183006696	-1.07626337169476	0.850979646053509	-1.26473456408272	0.20596649527184	0.960224561962078
169	7.64254283507395	0.840554517181761	0.88857537727193	0.945957471568027	0.34417027822873	0.960224561962078
170	1.96869080622619	1.11036000622948	1.15255148839427	0.963392974119035	0.335350350830424	0.960224561962078
171	3.08584154548027	0.19831362130505	1.10193443322168	0.179968621840092	0.857177202099054	0.978035668930796
172	8.46500670624877	0.808611376969008	1.0558522254251	0.765837640436332	0.443772914501417	0.960224561962078
173	4.5022114923737	0.145283479644732	1.14385342326294	0.12701232228715	0.898930645764074	0.983764860221564
174	3.35944885707778	0.715732864536497	1.13187216012993	0.632344260905171	0.52716194758017	0.960224561962078
175	3.74605613336219	1.75489235655697	1.12529070986757	1.5595013281177	0.118877770474922	0.960224561962078
176	2.16984996908875	0.569785257728189	1.15679315256625	0.492555870048303	0.622326435970406	0.960357823831468
177	0.0829889767880956	-0.0973527583078988	0.89331597051287	-0.108979086371877	0.91321907818246	0.98411628791531
178	1.49608452004702	0.431700260213181	1.08715635765937	0.397091234551235	0.691300183520104	0.960357823831468
179	1.19158702252334	0.248366945285887	1.05161047076614	0.236177702856974	0.813294780695772	0.967651531145028
180	1.48129987317531	0.358211646844003	0.988903512675553	0.362231140098627	0.717179310954057	0.962423898398307
181	6.30311035489483	1.10410053719608	0.958109737034555	1.15237377778184	0.249167511574911	0.960224561962078
182	1.2904360392051	0.811717518511219	1.11762989715041	0.726284721427759	0.467664243713479	0.960224561962078
183	28.886983279134	0.3966919712013	1.07210695553209	0.370011563822397	0.71137387425214	0.962109640556799
184	4.9096748765682	0.95885050691319	0.978839787140364	0.979578598571711	0.327294173350478	0.960224561962078
185	1.47100244465841	-0.138755875211861	1.15675545691448	-0.11995264373507	0.904520661824295	0.983764860221564
186	1.34714479800224	0.150004221921282	1.15215054704278	0.130194983898846	0.89641216307163	0.983764860221564
187	5.85403868369834	1.6236636223142	0.970742430754987	1.67259982758909	0.0944061008743233	0.960224561962078
188	1.05479334220689	0.316658564631172	1.09365706822336	0.28954100314606	0.772167406930352	0.967651531145028
189	2.73320685404533	1.36221308237658	1.1615978114106	1.17270630935707	0.240913600403864	0.960224561962078
190	15.3600077487508	2.05904550522191	1.04343963401196	1.97332498987508	0.0484585475476281	0.960224561962078
191	3.79842037434952	1.59141130687958	1.16208871317165	1.36944046426214	0.170861632932857	0.960224561962078
192	4.26636001892179	1.27103920374728	1.15792887584181	1.09768331221833	0.272342799178859	0.960224561962078
193	2.10773807120235	1.10348915079916	1.15932103051951	0.951840880782328	0.341177685716443	0.960224561962078
194	6.65268361839804	0.645367664600488	1.02529092654921	0.629448333042977	0.529055583850099	0.960224561962078
195	5.66078066414798	1.51772077441497	0.9673515673327	1.56894434833016	0.116660907004443	0.960224561962078
196	5.21718132760099	0.807194244348238	1.00953522032398	0.799570166644801	0.423959878166191	0.960224561962078
197	2.8041725386855	0.796009325962973	1.13830708899897	0.699292250444461	0.484369409080085	0.960224561962078
198	4.35253527284655	1.52736530457442	1.12827599631999	1.35371603185401	0.175826991374694	0.960224561962078
199	11.8771544916387	2.42831466103886	0.877439718578624	2.76750027337778	0.00564879980806805	0.960224561962078
200	1.2777622764481	0.585975625846325	1.12286575331591	0.521857242609717	0.601769730426467	0.960224561962078
201	8.35325627898928	1.67355611697785	1.01416264555381	1.65018512988511	0.0989050772625933	0.960224561962078
202	1.12773038963887	0.418076706887391	1.10507921682397	0.378322839234055	0.705190780823857	0.960640243300004
203	3.27633713070929	1.05525422193916	1.14069710410814	0.925095906826401	0.354916022017715	0.960224561962078
204	2.81300955369677	1.08897687652975	1.15270824351909	0.944711623823583	0.344806121073479	0.960224561962078
205	8.27358791997086	0.196602580883355	0.821126606586648	0.239430289198172	0.810771945521231	0.967651531145028
206	2.69201923960227	1.17948542130046	1.16196692992711	1.01507658343981	0.310069322909884	0.960224561962078
207	3.44838756535087	1.26470639542899	1.16240607993488	1.0880073816371	0.276591848834917	0.960224561962078
208	1.73038955311999	0.345669300079348	1.08714165247323	0.3179616007656	0.750514064628642	0.963432919274349
209	2.03120767556088	1.04342321710608	1.16194257475523	0.897998954316554	0.369186106948096	0.960224561962078
210	2.32144824724152	1.19930059519107	1.16159755040514	1.03245792380742	0.30185764894526	0.960224561962078
211	0.927749418414054	0.396745740431047	1.00102810050336	0.396338264861441	0.691855502288049	0.960357823831468
212	3.76684089548264	0.32269827806768	1.09195003078109	0.295524766675311	0.767593035662569	0.967651531145028
213	2.18762679772708	0.47372480363747	1.07424906339995	0.440982282207583	0.659225823853018	0.960357823831468
214	2.22934213319882	0.742388829264726	1.13260424807286	0.655470638157955	0.512164784742018	0.960224561962078
215	3.42714223770799	0.354488542161297	1.09830496679119	0.322759664100374	0.746877262775223	0.963432919274349
216	1.55068239472945	0.144806520000776	1.07059258380112	0.135258287972295	0.892407663318378	0.983764860221564
217	2.35217896088019	1.17082064954848	1.16121823498876	1.00826925918866	0.313325216515248	0.960224561962078
218	3.1081423151805	1.00256994955044	1.13295048685048	0.884919474581375	0.37620006371644	0.960224561962078
219	1.37289729496452	0.771370540068213	1.06677967360961	0.723083274972954	0.469628723991451	0.960224561962078
220	4.34811413040044	0.287408034931564	1.13999657216624	0.252113069415135	0.80095366825521	0.967651531145028
221	2.79600804487246	0.943497659805828	1.11682621474579	0.844802572995283	0.398221077793977	0.960224561962078
222	3.47426281189355	0.509776928000884	0.927249878704034	0.54977297890119	0.582475094278514	0.960224561962078
223	2.19294390994305	0.942248477522396	1.13833820514432	0.827740361576409	0.407817555989841	0.960224561962078
224	7.2717756477186	-0.450037427741674	0.852634600760662	-0.527819803864612	0.597624410514401	0.960224561962078
225	1.135123762887	0.140309156767424	1.02275069879325	0.137188033147252	0.890882169640558	0.983764860221564
226	9.04494544749774	2.42055169311509	1.0234815286421	2.36501746770804	0.0180292205497791	0.960224561962078
227	4.99396689419899	1.23539205004413	1.05538404085017	1.17056161759747	0.241775032959542	0.960224561962078
228	2.76846360837045	1.24484732022348	1.15170060401648	1.08087754393994	0.279751588890793	0.960224561962078
229	4.71096022347898	1.40666970508283	1.11626927371066	1.26015266944223	0.207614293209851	0.960224561962078
230	4.13866352489534	1.05786903618577	1.06209736756812	0.99601888535697	0.319240969302176	0.960224561962078
231	4.23703412471462	1.23966383699993	1.14333411788169	1.08425334083156	0.27825248702452	0.960224561962078
232	7.84342294632503	0.84151839186862	0.936683136247555	0.898402415185807	0.368971049344552	0.960224561962078
233	10.9970827216405	0.80241095849872	0.802368318482214	1.00005314269709	0.317284790592438	0.960224561962078
234	3.72241769973672	1.81216790863486	1.13178936695098	1.60115297205594	0.109343041988301	0.960224561962078
235	3.48031432196734	0.229929125548689	1.06237993034337	0.216428340729642	0.828653877018396	0.968665626893128
236	1.73292535964758	0.838296175659961	1.10055008872075	0.761706517723674	0.446235184455345	0.960224561962078
237	4.5549974765518	1.17547529006073	1.15607235976061	1.01678349122033	0.309256437276007	0.960224561962078
238	3.17053853455934	0.612320884959699	1.16344961080432	0.526297726410674	0.598681362472222	0.960224561962078
239	1.24606214762538	0.23419105981776	0.952155713255822	0.245958782326645	0.80571413941947	0.967651531145028
240	2.71011291319104	0.842395810893414	1.13608561270108	0.74148972707311	0.458396558268993	0.960224561962078
241	5.22920042049983	0.726920314296509	1.00544565083247	0.72298320023031	0.469690205561079	0.960224561962078
242	2.05099049007357	0.642261159688494	1.16051294929803	0.553428688647535	0.579969898768437	0.960224561962078
243	6.08315037416273	0.669989584612204	1.04397744508916	0.64176634060804	0.521024907459274	0.960224561962078
244	0.934735720589351	0.304335705567152	1.07798523992156	0.282318991296483	0.777698924671397	0.967651531145028
245	3.66160674306846	1.29449009981995	1.11873098269572	1.15710579204727	0.247229140566822	0.960224561962078
246	1.30437402047314	0.12616139928822	1.10916148256607	0.113744843533822	0.909440063179954	0.983764860221564
247	2.14582543538204	0.569512687997951	1.06948071169845	0.532513285904429	0.594370542486786	0.960224561962078
248	4.45374067280381	0.951402462663517	1.05135774433489	0.904927431019581	0.365503833648926	0.960224561962078
249	1.55068239472945	0.144806520000776	1.07059258380112	0.135258287972295	0.892407663318378	0.983764860221564
250	6.65621927290884	0.641845009011628	0.966361788043159	0.664187074606226	0.506570585057823	0.960224561962078
251	1.25517928487998	0.568033721743528	1.11779898391837	0.508171621119499	0.611332991029829	0.960224561962078
252	1.92709822033485	0.525937617296071	1.14562096218131	0.459085190179015	0.646172991313884	0.960357823831468
253	3.26815268593165	1.11568339012679	1.16217304940916	0.959997644665736	0.337056400348094	0.960224561962078
254	6.02149802177176	2.04067963523849	1.04046468727995	1.96131561232834	0.0498422171740155	0.960224561962078
255	3.42800885427626	1.21914966563125	1.11168853776263	1.09666477994358	0.272787958007217	0.960224561962078
256	2.39532008677501	0.871673640099262	1.13987045771875	0.764712897151279	0.44444252460265	0.960224561962078
257	0.165977953576191	0.0683826570387578	0.896554649527345	0.0762727147472923	0.939202133071736	0.994400445557826
258	1.96575002825032	0.224697126238837	1.11064010818214	0.202313174703022	0.839671901011511	0.972547696773971
259	5.61020636123259	-0.428531764329306	0.919745228586743	-0.465924422340062	0.641269599191085	0.960357823831468
260	1.79164220394363	1.11715163543795	1.15247327577923	0.969351445206051	0.332369869389351	0.960224561962078
261	2.46815223596665	0.964701100830123	1.15458013285183	0.835542785971293	0.403412167198841	0.960224561962078
262	2.7444002523321	0.822004186250305	1.15979497686705	0.708749565781687	0.47847990027159	0.960224561962078
263	2.88029796287869	0.522976054362772	1.16329952524283	0.449562681849806	0.653025801563852	0.960357823831468
264	2.2989019783805	1.00791947762996	1.15650567709503	0.871521426649371	0.383469511833201	0.960224561962078
265	4.7487685360472	1.94703852067221	1.02566118996588	1.89832523616984	0.0576532515655282	0.960224561962078
266	4.80980924016074	1.64355920894498	1.10905783681054	1.48194183783199	0.138355771496726	0.960224561962078
267	1.4734155016056	0.884616728607196	1.13783318121447	0.777457313789177	0.436889009370146	0.960224561962078
268	1.11391515795122	0.720854633610422	1.11043638992334	0.649163374103927	0.516232782595362	0.960224561962078
269	2.39924286139404	0.359668000148363	1.16047196193017	0.309932520515309	0.756612271849615	0.963432919274349
270	1.16625944797394	0.466685253192472	1.10601362722522	0.4219525344939	0.673059663367285	0.960357823831468
271	16.6962570551567	-0.428678636107739	0.904128937055209	-0.474134405546145	0.635404065274867	0.960357823831468
272	3.83311058531431	1.03887899556178	1.0932054718688	0.950305338104325	0.341957127297778	0.960224561962078
273	3.89640277446301	1.17348582587999	1.13560123289693	1.03336082410409	0.301435072698546	0.960224561962078
274	4.80692303623202	1.46509885319039	1.07558273035568	1.36214427011662	0.173152359473733	0.960224561962078
275	2.3126993587281	-0.102500934500501	1.1609726213141	-0.0882888473153486	0.929647102893279	0.991437074641558
276	3.62159732026315	0.576364055057879	1.09604208788754	0.525859418563691	0.598985886751794	0.960224561962078
277	2.24396730778303	-0.198975994012629	1.16276358937215	-0.171123344273334	0.864126780528508	0.982183571569429
278	6.6319146079931	1.5436846116085	0.942334547663763	1.6381492278253	0.101390567934763	0.960224561962078
279	5.69732368757329	0.88230689682531	1.05142155960638	0.839156177428603	0.401381675051652	0.960224561962078
280	0.571521378769626	-0.0333623011117132	0.94811213012583	-0.0351881386722533	0.971929720343444	0.994400445557826
281	2.26963167824747	1.34647862677867	1.16014572069017	1.16061163935307	0.245799869894503	0.960224561962078
282	4.16844159509245	0.314318014198629	1.02931962724901	0.30536483117366	0.760088304042926	0.963432919274349
283	2.11338670945241	0.406381019026687	1.16074463129463	0.350103724859302	0.726260855557511	0.963432919274349
284	5.90499702565662	2.39169009233812	1.09346895988981	2.18725010043188	0.0287242712921244	0.960224561962078
285	8.9944592235283	1.66599020000489	0.986099153721603	1.68947533695504	0.091128374323895	0.960224561962078
286	3.02585838304863	1.32784029514875	1.11336710221815	1.19263474958377	0.233012450370811	0.960224561962078
287	5.34688590712636	1.63583847581271	1.11833330724584	1.46274680832081	0.143536672800236	0.960224561962078
288	1.1350010133066	0.341220055904935	0.932556982011614	0.365897272216965	0.714441731891425	0.962423898398307
289	4.50988498786516	0.658574285531831	1.04788882937081	0.628477245937683	0.529691348024355	0.960224561962078
290	1.52567376475503	0.961354530777898	1.13384237018872	0.847873175367304	0.396508605021068	0.960224561962078
291	8.46611882197783	0.996522393340619	1.14195013268832	0.872649658522877	0.382854064724052	0.960224561962078
292	7.11462002807003	0.734703319639027	0.867375722443862	0.847041599883583	0.396971934631326	0.960224561962078
293	6.2911804591257	2.16063705497165	1.00886637664134	2.14164839367995	0.0322217863777628	0.960224561962078
294	8.8815001807976	1.92204709005408	0.879868670215629	2.18447042736849	0.0289276980267535	0.960224561962078
295	5.30261696439185	2.54925464990112	1.06642006055458	2.3904788968199	0.0168264161158879	0.960224561962078
296	4.80197417275723	0.435225903696528	1.06423334993949	0.408957211988585	0.682571061994829	0.960357823831468
297	19.4619540299567	-0.14190984934732	0.919956705798387	-0.154257095418597	0.877407025230659	0.983764860221564
298	7.39657125673269	2.18482813802682	0.958988890846461	2.27826219769695	0.0227109604933962	0.960224561962078
299	2.7938383874615	-0.00988366539914277	1.13527427224661	-0.00870597144739646	0.993053727543001	1
300	15.7572430710483	-0.158203278485286	0.809730822238313	-0.195377617030768	0.845097337968924	0.973247772378739
301	9.84139765417034	0.182238260194013	0.806008653368552	0.226099632345614	0.821123930532654	0.968174360513242
302	4.36719717013786	2.04958256543981	1.12623492859046	1.81985349007508	0.0687813193572473	0.960224561962078
303	3.8068324669479	0.461895482003079	0.92846617203047	0.497482294904677	0.618848985222537	0.960357823831468
304	2.34596587889435	0.360085317661938	1.1595391467538	0.310541751582962	0.756149014509313	0.963432919274349
305	7.31548546720317	2.00110336206183	0.925085993472473	2.16315388642989	0.0305293456654923	0.960224561962078
306	3.87151689406899	1.46465191482919	1.11313166969771	1.31579394846159	0.188243210961178	0.960224561962078
307	2.370115261806	0.66366257425735	1.15747850764305	0.573369241739749	0.56639471173459	0.960224561962078
308	28.5050408017002	-0.682707368349139	1.01676284687499	-0.6714519225869	0.501932677256858	0.960224561962078
309	2.00734261414166	0.684644025930528	1.14821940088321	0.596265857730588	0.550997635793939	0.960224561962078
310	7.15315328565421	1.13853163023547	1.01478558532222	1.12194304560796	0.261886656770822	0.960224561962078
311	1.15200252213091	0.356873889102614	1.03395150409191	0.345155345961846	0.729977586975313	0.963432919274349
312	1.82420157982912	0.0554021477418223	1.16371380915531	0.0476080521739588	0.9620286146014	0.994400445557826
313	2.71616652288938	0.389478393901824	1.13289834763522	0.343789356489759	0.731004705191373	0.963432919274349
314	0.971804365418791	0.23117896559603	1.08457029661907	0.213152588003455	0.831207947699305	0.970046076969999
315	0.742374750406407	0.370678410746036	0.971852234687137	0.381414373004314	0.70289579753677	0.960357823831468
316	5.66901651271637	0.828587659009781	1.03920875682106	0.797325516717577	0.425262004627966	0.960224561962078
317	7.31951523968709	1.45992800638793	0.906864191893411	1.60986399004221	0.107427551817538	0.960224561962078
318	7.87112685511453	0.525739022970445	0.962854573909273	0.546021213604354	0.585051355213948	0.960224561962078
319	1.01731972592916	0.0919900302633434	1.1288957081049	0.0814867393000979	0.935054870312663	0.994400445557826
320	1.5839489148957	0.641119987307389	1.0943042544964	0.585869957713393	0.557962907251456	0.960224561962078
321	1.12498580665759	0.5766266114123	1.10816810843727	0.520342181860344	0.602825100682972	0.960224561962078
322	3.90256655228265	2.18316258566578	1.11198281917249	1.96330604036709	0.0496106240125832	0.960224561962078
323	12.9896124761906	-0.222104048754167	0.718216103520212	-0.309244039037223	0.75713589622897	0.963432919274349
324	1.7577252131683	0.621304887862201	1.02690393901697	0.605027271058054	0.545160876742379	0.960224561962078
325	0.705713176649798	0.357187878936971	0.910692423213762	0.392215713925107	0.694898834410869	0.960357823831468
326	3.72086706010869	0.9504446392737	1.11955754494219	0.848946660729958	0.395910973175535	0.960224561962078
327	2.4980918780758	0.812000145156683	1.15887146012595	0.70068180388913	0.483501614177928	0.960224561962078
328	75.93915923678	-0.547665256254615	1.03810144495032	-0.527564294336209	0.597801780683247	0.960224561962078
329	0.830503515782927	0.256463412063288	0.912777714361444	0.280970282280285	0.778733193340938	0.967651531145028
330	5.9688526385141	2.73213507256837	1.04880429950546	2.60499987829631	0.00918742925855082	0.960224561962078
331	1.10611681325481	0.6026147442163	1.09977442822034	0.547943949916578	0.583730389723875	0.960224561962078
332	2.42842713465377	0.464757909414705	1.1629048417674	0.39965257063369	0.689412430279118	0.960357823831468
333	2.71947764923098	1.30360771306915	1.16173132505237	1.12212495691324	0.261809313952021	0.960224561962078
334	0.570465936712272	0.209561987481722	0.948741510683109	0.220884176693011	0.825182618306658	0.968174360513242
335	0.850691301743902	0.425903027106427	1.07574913890597	0.395912961212842	0.69216923904212	0.960357823831468
336	2.32002245681844	1.35549341035103	1.16063109175492	1.16789341590141	0.242849760293641	0.960224561962078
337	16.8693871743133	0.963987202446391	1.15751599305124	0.832806810647423	0.404953693046538	0.960224561962078
338	2.96578602348728	1.29197589597494	1.16209741873448	1.11176212522863	0.266240440476544	0.960224561962078
339	12.3230903200671	1.74225760475075	0.905347315158223	1.92440798749843	0.0543034640362889	0.960224561962078
340	0.944223206209688	0.357051377980344	1.00463984563773	0.355402365863455	0.722288176705426	0.963432919274349
341	6.34579091526722	0.571609199221857	0.980874569111781	0.58275463267385	0.560058489515808	0.960224561962078
342	9.3104176184838	1.69149153346086	1.06272802294452	1.59165044766037	0.111463268128596	0.960224561962078
343	4.19803083980046	0.669998210946168	1.02386618034016	0.654380644474037	0.512866601261703	0.960224561962078
344	2.13148248266572	0.746207256422437	1.06818751955567	0.698573277408101	0.484818748697264	0.960224561962078
345	3.34624737329211	0.603138799627781	1.11867123619884	0.539156438559377	0.589778915222974	0.960224561962078
346	2.71475960383334	1.24913811084796	1.15235396342161	1.08398821065273	0.278370026080057	0.960224561962078
347	1.4839584292833	0.644352995826411	1.07578930310142	0.598958359196163	0.549200653038509	0.960224561962078
348	4.37361902857738	0.549752627227973	1.03708176731086	0.530095740332484	0.596045552308165	0.960224561962078
349	2.95353508351862	0.791898734265059	1.11344111593947	0.711217434787191	0.476949506202685	0.960224561962078
350	4.74023052361201	1.02012345782501	1.14251159007257	0.892877995014657	0.371922512412938	0.960224561962078
351	6.25317385193834	1.46479942418304	1.0556984299297	1.38751691075318	0.165284198178435	0.960224561962078
352	0.456868995865906	-0.242300581652259	0.934326475215279	-0.259331816104676	0.795379233163636	0.967651531145028
353	2.88291979627958	0.823570369052717	1.15830021959665	0.711016328167066	0.477074117622351	0.960224561962078
354	6.25113329358629	0.63819592474487	0.903417235507578	0.706424340450295	0.479924288467148	0.960224561962078
355	3.84418123402068	0.951184013852138	1.10232669332834	0.862887580976704	0.388199279461518	0.960224561962078
356	0.708985480659755	0.195694210602993	0.966091353396793	0.20256284244231	0.839476735287908	0.972547696773971
357	0.362686620791048	0.239090153783062	0.935969515628408	0.255446518065855	0.79837824595367	0.967651531145028
358	2.28038338237885	0.461484221029177	1.15803983261057	0.398504617918759	0.690258254977596	0.960357823831468
359	1.9731413018739	0.42306696427104	1.1617553686465	0.36416183276513	0.715737166079311	0.962423898398307
360	0.947004511898069	0.28840777290244	1.09163760855764	0.26419735875856	0.791627846191749	0.967651531145028
361	1.35161524461454	0.0706154744539387	1.12997378755274	0.0624930199548036	0.950170220346148	0.994400445557826
362	2.62328718865721	1.16612265706685	1.16031399295759	1.00500611398683	0.31489390585199	0.960224561962078
363	5.05928502018666	1.15440807098948	1.05157336198676	1.09779128372787	0.272295638406566	0.960224561962078
364	2.66394708207159	1.35775899696386	1.1618885183259	1.1685794080487	0.242573128687876	0.960224561962078
365	3.23413079691598	0.772386407325705	1.15748637353739	0.667296328478768	0.504582871123767	0.960224561962078
366	6.46699317607182	1.10899681992381	0.892721248515176	1.24226551319167	0.214138615071584	0.960224561962078
367	2.86162414444352	1.9636864935491	1.15444057797415	1.70098533524786	0.0889457409469791	0.960224561962078
368	0.736443890288464	0.376025856061807	0.975275800632368	0.385558480809216	0.699823687491953	0.960357823831468
369	1.32149827887785	-0.304026667604638	1.04802725992615	-0.290094236314101	0.77174414506099	0.967651531145028
370	9.73938548157293	0.809991420006411	0.820768557144543	0.986869456627791	0.323706639302744	0.960224561962078
371	4.0993045726991	-0.0126689056480694	1.0246829135974	-0.0123637327020436	0.990135419883507	0.998255123689522
372	1.19319013657398	0.572413325281555	1.04221216410884	0.549229173285465	0.582848186182772	0.960224561962078
373	44.0800625452337	1.35765351421317	1.11351598410617	1.21924923718358	0.222749609157841	0.960224561962078
374	4.02202090783276	1.06612866897613	1.0755931299126	0.991200705291557	0.321587586261852	0.960224561962078
375	4.40831133916673	0.793611797264113	1.10935323527078	0.715382415656276	0.47437277509516	0.960224561962078
376	7.55286972894304	1.69782357278386	1.00226488823393	1.69398688182677	0.0902677758297161	0.960224561962078
377	2.48649350834075	0.884591822758162	1.16289105956995	0.760683312059595	0.446846244706892	0.960224561962078
378	0.803167855734613	-0.219237162347068	0.978040087620756	-0.224159689487165	0.822633048472903	0.968174360513242
379	1.64078042327323	-0.372178570594971	1.16152095379128	-0.320423466645311	0.748647338741377	0.963432919274349
380	1.05201203651851	0.285338211097562	0.917653415021417	0.310943332664329	0.755843701461453	0.963432919274349
381	5.55591374044799	1.67467097157344	0.97087757468153	1.72490437027838	0.0845447078622458	0.960224561962078
382	3.18423101666659	-0.157180949984029	1.16292111556813	-0.135160457471993	0.892485010508703	0.983764860221564
383	4.2258228750878	0.830800842338576	1.13455153964547	0.732272455950472	0.464002287648163	0.960224561962078
384	4.83689730142372	1.90212609352396	1.03745888601792	1.83344720370067	0.0667360932570779	0.960224561962078
385	1.46757066836096	0.303219299187909	0.987312182338066	0.307115930110223	0.758755132795271	0.963432919274349
386	2.2701247761936	0.586894022630775	1.12466931447428	0.521836965833032	0.601783849444324	0.960224561962078
387	2.29349883929123	0.960574608451454	1.15435784950076	0.83212897011692	0.405336151221868	0.960224561962078
388	4.2559398408245	1.06267927021513	1.1206727123651	0.948251223117965	0.343001575901863	0.960224561962078
389	3.0482472792467	1.2037246034057	1.15720260627849	1.04020211920955	0.298246007157384	0.960224561962078
390	9.07037270101139	1.15053647669589	0.827440410354604	1.39047653740143	0.164384219165764	0.960224561962078
391	0.277039087894966	0	0.895746859427921	0	1	1
392	3.94466271795466	1.06423099784275	1.10987347423381	0.95887596428721	0.33762123460086	0.960224561962078
393	0.443017041471157	0.0347942256023289	0.904019491135855	0.0384883577660607	0.969298313764208	0.994400445557826
394	0.279697644002952	0.115462503078568	0.926346004506369	0.124642954702542	0.900806220610962	0.983764860221564
395	0.470475451099866	0.248374778215313	0.906158907425509	0.274096271834894	0.784010638811298	0.967651531145028
396	2.4783090635631	0.932796576568091	1.14299820011656	0.816096277730764	0.414445072689543	0.960224561962078
397	2.9125090409876	1.0622182905441	1.16289366631513	0.91342684315235	0.361018093128337	0.960224561962078
398	1.96550452908953	0.641179436931021	1.05093316994816	0.610104862293624	0.541792345925661	0.960224561962078
399	0.77497294862354	0.336365900922834	0.912096208409656	0.36878335620902	0.712289211443036	0.962109640556799
400	2.41445243067863	1.02032613738895	1.14734516993939	0.889293095157102	0.373845581423055	0.960224561962078
401	4.34292191799428	1.05217802328811	1.07341629830605	0.980214316615599	0.326980339015615	0.960224561962078
402	2.19032207654217	0.818934985627652	1.16307468611092	0.70411212229715	0.481362951452026	0.960224561962078
403	8.99007592197305	1.0523103243941	0.805476837205555	1.30644392959193	0.191401635033164	0.960224561962078
404	2.932205828627	1.11559620538892	1.13205925694662	0.985457429497023	0.324399432202898	0.960224561962078
405	3.37932086872018	1.44146850928492	1.13815849075362	1.26649189984997	0.205337027616383	0.960224561962078
406	1.67534998428218	0.317474695471142	1.01702712859591	0.312159515262333	0.754919297964897	0.963432919274349
407	0.872304878127961	0.10906128428224	0.912070915310961	0.119575443588239	0.904819473302978	0.983764860221564
408	3.07586306153835	1.75507912156676	1.13216966305043	1.55019091117317	0.121095700665164	0.960224561962078
409	2.2610233906545	0.516740106435164	1.15399966097347	0.447781852898695	0.654310641437751	0.960357823831468
410	5.32821100909363	1.55957228487864	0.983408859914593	1.58588390693784	0.112765647086724	0.960224561962078
411	0.608994995047349	0.225248503654954	0.90815747470176	0.248028023695919	0.804112724343113	0.967651531145028
412	4.81202400248879	0.653233455391498	0.983249781863437	0.664361658086007	0.506458866654281	0.960224561962078
413	0.38748647431177	0.156924045196599	0.904110692701294	0.173567292659423	0.862205538486169	0.981495727838689
414	3.15946788585297	0.75089040026434	1.1511878880625	0.65227440980822	0.514224165302587	0.960224561962078
415	3.49240578964851	-0.132789455167616	1.13315809003541	-0.117185286267926	0.906713226437432	0.983764860221564
416	0.470475451099866	0.248374778215313	0.906158907425509	0.274096271834894	0.784010638811298	0.967651531145028
417	3.21079135690089	1.15921219873309	1.11604657272631	1.03867726227709	0.298954859391044	0.960224561962078
418	5.42538244628356	0.76594242774624	0.985867969973169	0.776921911528464	0.437204842861673	0.960224561962078
419	5.09401195385855	1.99095264821039	1.0285933762861	1.93560710588963	0.0529158394115362	0.960224561962078
420	0.401215679126124	0.266892052553256	0.904879135427255	0.294947736226937	0.768033804891408	0.967651531145028
421	6.32560419993811	2.11496080347578	0.996701508116823	2.1219600715482	0.0338410911864103	0.960224561962078
422	9.97334225545553	1.91433688093884	1.06669340600835	1.79464583745993	0.0727101451199736	0.960224561962078
423	2.95226559512662	0.479996556398226	1.16315128969902	0.412669066052819	0.67984909180629	0.960357823831468
424	31.141380216213	1.11434281682264	1.06856847296265	1.04283707129509	0.297023758729531	0.960224561962078
425	0.667184118314722	0.391410506700212	0.966824147310101	0.4048414675918	0.685594045436048	0.960357823831468
426	3.06993220142041	1.70917349620329	1.14008692970833	1.49916067947604	0.133831952981874	0.960224561962078
427	4.55511812650765	0.0549048281074329	1.00088463488101	0.0548563003107351	0.95625294672406	0.994400445557826
428	3.10087169151276	0.88621614216725	1.11789713371914	0.792752853045516	0.42792183026216	0.960224561962078
429	4.14065273902721	1.01097077245076	1.06473511702738	0.949504488283687	0.342364090354802	0.960224561962078
430	3.57703460319433	1.21082871951265	1.15846014373285	1.04520533232249	0.29592807949597	0.960224561962078
431	1.70558969959927	0.453653328157253	1.13610318409154	0.399306449017663	0.689667415837174	0.960357823831468
432	0.697914831953387	0.340988383616076	0.972329456311577	0.350692228238747	0.725819256688931	0.963432919274349
433	1.97866719054356	0.0925349981661842	1.1629804513126	0.0795671140144656	0.936581551476097	0.994400445557826
434	8.46747954023102	-0.467022269019552	0.968813691867305	-0.482055810048892	0.629766300385769	0.960357823831468
435	4.58780342222994	1.35182282366648	1.12571296296968	1.20085924932437	0.229805803995508	0.960224561962078
436	1.13091666677553	0.582785565474126	1.11266818048329	0.523773013101708	0.600436425729863	0.960224561962078
437	1.45694171380997	0.91199925257729	1.13402067167301	0.804217485058564	0.421271382406155	0.960224561962078
438	2.6534901812672	1.16574856608079	1.16151608661593	1.00364392668653	0.315550273631025	0.960224561962078
439	0.318226702338028	0.170836411304892	0.90251430190834	0.189289422830932	0.849865984828712	0.975789015985983
440	2.25627282179885	0.717117079335769	1.07931362009149	0.664419558862771	0.506421818000826	0.960224561962078
441	2.20126997566814	0.903625367206957	1.13075052023371	0.799137697518095	0.424210572958077	0.960224561962078
442	3.17295159150654	1.55304133599293	1.16100059073868	1.3376748886965	0.181002440249216	0.960224561962078
443	2.68874693559232	1.27371444395623	1.16222720421298	1.09592551210221	0.273111373360696	0.960224561962078
444	2.98069341993938	0.872092703771541	1.14666328829707	0.760548203358547	0.446926967431476	0.960224561962078
445	1.4839584292833	0.644352995826411	1.07578930310142	0.598958359196163	0.549200653038509	0.960224561962078
446	9.97122078402701	-0.245029061680348	0.890808003431753	-0.275063830518358	0.783267199165476	0.967651531145028
447	0.747637288575226	-0.110354094117348	0.969451821673596	-0.113831437158827	0.909371417309608	0.983764860221564
448	0.608994995047349	0.225248503654954	0.90815747470176	0.248028023695919	0.804112724343113	0.967651531145028
449	4.38509254910749	1.2885200886678	1.04865166727267	1.22873984649162	0.219169361366254	0.960224561962078
450	5.68130207576759	0.407499822530422	0.949164615178513	0.42932470934326	0.667686937272295	0.960357823831468
451	4.47135592953009	0.631576660389328	1.03610299270929	0.60956938145486	0.542147099392826	0.960224561962078
452	10.1890227267076	2.23192501388609	1.02193964530448	2.18400863900442	0.0289616132579532	0.960224561962078
453	0.664525562206736	0.128840362194046	0.908671335249894	0.141789838851484	0.887246010398144	0.983764860221564
454	1.26943621072301	0.5891562676128	1.12579073031312	0.523326628785563	0.600746973180625	0.960224561962078
455	0.720056129366123	0.0318352647518383	0.908475143432937	0.0350425270101937	0.972045830031649	0.994400445557826
456	5.36543492696147	1.80900969666743	1.06973818173747	1.69107705749946	0.0908220863639147	0.960224561962078
457	8.79454642783673	1.05619672386095	0.937477971890623	1.1266363109641	0.259896280249561	0.960224561962078
458	3.97189240016508	1.62934167181338	1.10363722946655	1.47633808312259	0.139853155439138	0.960224561962078
459	14.1033900757005	0.703684183874786	0.916453754226231	0.767833816632582	0.442585921154867	0.960224561962078
460	8.06352562760213	1.14964941612035	0.930937472918192	1.23493730735381	0.216853837381041	0.960224561962078
461	11.6846676522238	1.90196580052392	0.879371751536952	2.16286888588324	0.0305512654718899	0.960224561962078
462	2.16552222302144	0.881668996272698	1.16197730786746	0.758766105244172	0.447992484808749	0.960224561962078
463	2.60313612540333	0.842240128848014	1.16265396238195	0.724411696084106	0.468813021428378	0.960224561962078
464	1.92722096991524	0.222913541422764	1.14920032023105	0.193972745654949	0.846197222394092	0.973500902720151
465	2.94151389099524	1.38384858142698	1.15601622192851	1.19708405053208	0.231273795935982	0.960224561962078
466	0.708985480659755	0.195694210602993	0.966091353396793	0.20256284244231	0.839476735287908	0.972547696773971
467	5.26994634078751	0.725191162370944	0.98955998909719	0.73284204127186	0.463654776352642	0.960224561962078
468	5.74218227860095	1.04611799140153	1.02226738281606	1.0233310863541	0.306151330477018	0.960224561962078
469	4.85750264029207	-0.259878963886943	0.964030121918018	-0.269575564060065	0.787486801620998	0.967651531145028
470	34.1719416869406	-0.959854086027399	1.08689179449697	-0.883118348015159	0.377172331747223	0.960224561962078
471	1.34649432739317	0.675382418071617	1.128038490407	0.598722848391403	0.549357718143991	0.960224561962078
472	4.83330605283877	1.3927987874173	1.03372052912488	1.34736492908428	0.177862729971397	0.960224561962078
473	8.9894411138884	0.564886696274521	0.83290749493851	0.678210605268025	0.497638169266514	0.960224561962078
474	22.3354483853783	1.58922375389374	1.04540031565538	1.52020592503593	0.128459228747514	0.960224561962078
475	8.78233323956785	1.26580568492091	0.886210428638833	1.42833535243443	0.153195356956983	0.960224561962078
476	9.25024353093853	2.56554434117673	0.998088229337612	2.57045846826525	0.0101564004016625	0.960224561962078
477	6.16195220580396	1.25337325842138	1.01277690222956	1.23756106173252	0.215878859957136	0.960224561962078
478	1.30796526905809	0.648982472231683	1.13157758083499	0.573520086667675	0.566292602660371	0.960224561962078
479	15.8374718409169	0.190279715064715	0.803973827930341	0.236674016559158	0.812909694099268	0.967651531145028
480	4.72412288493301	0.594449986296392	1.01022402233887	0.588433825717312	0.556241138935943	0.960224561962078
481	2.63587492454091	1.52321695959871	1.16176697374993	1.31112089947099	0.189816920903359	0.960224561962078
482	2.90036299925927	1.00037892611525	1.13889928716426	0.878373476381822	0.379741073361362	0.960224561962078
483	0.58153658541864	0.0375363021331125	0.90585391574474	0.0414374784727319	0.966947134942788	0.994400445557826
484	0.885420335040344	0.501397390693659	0.913486818121123	0.548883006024041	0.583085741241266	0.960224561962078
485	1.09913051107951	0.631589963257223	1.0410320519748	0.606695982183374	0.54405268905622	0.960224561962078
486	3.89990379692557	1.14324862956027	1.13406110429527	1.00810143759468	0.313405767575611	0.960224561962078
487	0.429287836656803	-0.103979954533996	0.90187979311172	-0.115292476146115	0.908213301761812	0.983764860221564
488	1.7854291219578	0.335970230520901	1.10064291705327	0.305249073351044	0.760176459582723	0.963432919274349
489	3.09262117082643	1.69444801574511	1.15807839911491	1.46315484084681	0.143425014536578	0.960224561962078
490	1.38396794367089	0.502913249316733	0.97485891236886	0.515883111838901	0.605936049958125	0.960224561962078
491	1.05201203651851	0.285338211097562	0.917653415021417	0.310943332664329	0.755843701461453	0.963432919274349
492	6.97611306558164	-0.644584400960793	0.929258493644327	-0.693654570143221	0.487898862592492	0.960224561962078
493	7.15431260592491	1.67433772810627	0.994303548082828	1.68393015526763	0.0921951677174344	0.960224561962078
494	2.42830438507338	0.780126256426106	1.16157434669726	0.671611127298277	0.501831292554107	0.960224561962078
495	2.74464575149289	0.132958953244338	1.15554296498088	0.115061886293893	0.908396069536191	0.983764860221564
496	4.38754232876179	2.25001215284876	1.07547120833651	2.09211751593888	0.036428004641786	0.960224561962078
497	0.875491155264624	0.367249819809827	1.07502541110821	0.341619664070305	0.732637136818336	0.963432919274349
498	4.08693298277459	0.930383008757327	1.04927063603366	0.88669498297814	0.375243140191132	0.960224561962078
499	1.42682474807328	0.426313914710514	1.0792916217193	0.394994185196585	0.692847179335054	0.960357823831468
500	6.1760863820666	1.60352526178433	1.01805339071266	1.57508955464685	0.115235774732813	0.960224561962078
501	6.0896268066494	1.4100660001592	0.975100534896341	1.44607243017163	0.14815688759361	0.960224561962078
502	2.96643649409635	0.85426035528919	1.15137029336103	0.741951012819233	0.458117016484003	0.960224561962078
503	1.17671634877834	0.602343418510088	1.03725136191127	0.58071113775179	0.561435153949749	0.960224561962078
504	0.982752264544764	0.293840494012596	0.91503268777212	0.321125679923004	0.748115150301057	0.963432919274349
505	1.14624898564052	0.900641582836684	1.06254107241556	0.847629899886305	0.396644117235515	0.960224561962078
506	2.47660105127213	0.596215252622441	1.14360301641298	0.52134809375768	0.602124303473662	0.960224561962078
507	2.83934224611033	1.61722686069469	1.12843241727409	1.4331623550849	0.151811445016491	0.960224561962078
508	5.98884314988293	0.439555645653764	0.918044353045774	0.47879565316802	0.632084009349439	0.960357823831468
509	4.08015545705298	0.427189404501012	1.08693209636157	0.393023083899166	0.694302431986746	0.960357823831468
510	3.68043691413959	0.226071072292874	1.06505009903821	0.212263322163932	0.831901608098021	0.970349224287502
511	3.54401358218886	0.236502025065221	1.16397355660927	0.203185049799729	0.838990397644541	0.972547696773971
512	3.62205896538313	1.16017929455079	1.10597593814123	1.04900952592211	0.29417373416151	0.960224561962078
513	2.25243397442857	0.325589990273188	1.15431045425555	0.28206449059943	0.777894060550233	0.967651531145028
514	2.37067970554178	0.610890278187406	1.1595431237369	0.526837049594732	0.598306751896321	0.960224561962078
515	15.4294889708814	2.29294779171435	1.01885373791819	2.25051713153597	0.0244161372522849	0.960224561962078
516	1.41216285078196	0.142501594308768	1.05585830117174	0.134962801495833	0.892641285285765	0.983764860221564
517	2.23571468747214	1.22740186084338	1.16196179488541	1.05631860380093	0.290822679261175	0.960224561962078
518	0.905694147874612	0.321023724684064	1.00170285904289	0.320477995830814	0.748606008255527	0.963432919274349
519	2.35114029056533	0.57224174300674	1.15273424787083	0.496421221164985	0.619597255857139	0.960357823831468
520	3.01751656560803	1.00713019831984	1.12763478240182	0.89313509483513	0.371784830958169	0.960224561962078
521	1.19445435508502	-0.40456773019328	1.10025257228967	-0.367704416588055	0.71309364697655	0.962423898398307
522	3.75770599607906	0.424890271980111	1.04670884521603	0.405929761577985	0.684794209635996	0.960357823831468
523	2.36421902477061	1.24961016141108	1.15931532443364	1.07788634815256	0.28108447853804	0.960224561962078
524	3.19706215208654	1.0936386247026	1.11729110853192	0.978830509212234	0.327663732313418	0.960224561962078
525	7.87648171903029	1.11660787462675	1.00242921306159	1.11390196941332	0.265321244449311	0.960224561962078
526	1.07325526453683	0.309037470598573	1.09962738640282	0.281038353918702	0.778680982633847	0.967651531145028
527	0.138519543947483	0	0.892992221742464	0	1	1
528	4.59790885500134	2.09998853678238	1.1008095809748	1.90767647109573	0.0564330446023242	0.960224561962078
529	4.82628302795637	1.60530709983818	1.11418994090851	1.44078405386537	0.149645699803267	0.960224561962078
530	1.4079557546705	0.596616442511217	1.13593738068587	0.52521948186174	0.599430623284903	0.960224561962078
531	11.822815768208	2.23616149127243	0.965219718779043	2.31673830089284	0.0205179918283652	0.960224561962078
532	37.1677220857213	0.572902425588623	1.06930621557361	0.53577021927372	0.59211736667274	0.960224561962078
533	8.12971972179018	0.0463268388679811	0.904189494013127	0.0512357632716628	0.959137654286947	0.994400445557826
534	7.27450764924079	1.22894972756238	0.893554759209507	1.37534909293033	0.16902324330346	0.960224561962078
535	0.664525562206736	0.128840362194046	0.908671335249894	0.141789838851484	0.887246010398144	0.983764860221564
536	3.1473396954647	1.69311056766998	1.13521076286816	1.49145041876829	0.135843279306364	0.960224561962078
537	2.38060678569295	1.46185524921909	1.15996051750768	1.26026293753521	0.207574525256207	0.960224561962078
538	0.789315901339865	0.0289564594366976	0.909673713886092	0.0318316985471601	0.974606267653805	0.994400445557826
539	2.49416910345677	1.1564812894363	1.14420929829918	1.01072530275305	0.312147923179948	0.960224561962078
540	7.92892152735437	-1.32555008227617	0.837924924748602	-1.58194373162234	0.113662416377014	0.960224561962078
541	3.56272109287068	0.643536876318245	1.07013802665845	0.601358759605728	0.547601060543327	0.960224561962078
542	1.85611258473008	0.538760933001961	1.11939214619977	0.481297760423818	0.630304888557062	0.960357823831468
543	1.06112917377311	0.670353884958096	1.1045394241305	0.606908065310393	0.543911925355295	0.960224561962078
544	4.9062084771882	1.09277172340917	1.14046532488653	0.958180577316447	0.337971709435639	0.960224561962078
545	1.62300569425946	0.745076060136276	1.13853550772988	0.654416182084542	0.512843711686121	0.960224561962078
546	2.2321234388872	0.681524079736708	1.16312292587995	0.585943295048635	0.557913621491852	0.960224561962078
547	1.98861422165933	1.19214550316222	1.13650161234889	1.04896067916554	0.294196216088808	0.960224561962078
548	0.393417334429713	0.151313329130659	0.903975525882652	0.167386532929545	0.867065920850121	0.983351504700163
549	2.5958287790285	1.01449834910446	1.16080698789719	0.873959546834082	0.382140284347044	0.960224561962078
550	12.6923592916122	1.50022726091908	0.877007769400191	1.71062026274309	0.0871512359496337	0.960224561962078
551	2.24916167041861	0.52463463937226	1.15665176824492	0.453580458505959	0.650130821138599	0.960357823831468
552	1.24658986865405	0.240781103869002	1.04962901962572	0.229396386120175	0.818560844741484	0.967651531145028
553	1.78579737069898	0.484051396140659	1.02998571147191	0.469959331230839	0.638384073671377	0.960357823831468
554	1.37289729496452	0.771370540068213	1.06677967360961	0.723083274972954	0.469628723991451	0.960224561962078
555	5.73576671903507	2.41159402691465	1.13021321481326	2.13375139779543	0.0328631362941318	0.960224561962078
556	3.71051715716919	0.645012565666456	1.07290770897315	0.601181779450329	0.547718918870729	0.960224561962078
557	1.13524651246739	-0.122914072175967	1.03175017340153	-0.119131622503864	0.905171077999904	0.983764860221564
558	24.4897373677544	1.46824029770248	1.08273073490161	1.35605303366206	0.175082294767194	0.960224561962078
559	1.21019164539829	0.481029255995559	1.05055118695333	0.457882740002965	0.6470366877795	0.960357823831468
560	7.91493630295848	0.748252124546386	0.937180141558596	0.798408002224621	0.42463376100993	0.960224561962078
561	2.67705735829409	0.31805762136189	1.15305694983267	0.275838605723721	0.782672030481919	0.967651531145028
562	3.67227242032655	0.814594545683713	1.13183531317042	0.719711194910439	0.471702832066724	0.960224561962078
563	2.19424485116119	0.194625611918401	1.15825722876746	0.168033151086403	0.866557199062822	0.983123367100021
564	1.99422715722928	0.268362163539575	1.14835604334861	0.233692472899807	0.815223731730448	0.967651531145028
565	0.736443890288464	0.376025856061807	0.975275800632368	0.385558480809216	0.699823687491953	0.960357823831468
566	2.43295107571568	1.32701710712575	1.1579732483118	1.14598252512344	0.251802382680472	0.960224561962078
567	7.63240804910095	2.25424236514502	0.986240602691586	2.28569211102533	0.0222722771097773	0.960224561962078
568	3.03627856114592	1.81163723666749	1.13647960979646	1.59407808204491	0.110918547366857	0.960224561962078
569	2.68821921456364	1.12487690898958	1.14975142673926	0.978365308212549	0.327893679873454	0.960224561962078
570	1.57801805477776	0.46597527381724	1.00260182024873	0.464766036133507	0.642099012526939	0.960357823831468
571	8.49246511587748	1.97988207705299	1.09500255816054	1.80810726175739	0.0705898082088581	0.960224561962078
572	3.50434095529859	0.932332720808578	1.08643934304426	0.858154416790661	0.390807202542963	0.960224561962078
573	2.34637085034264	0.688426444123195	1.15693475873353	0.59504344469415	0.551814431049618	0.960224561962078
574	2.7868520852862	0.227712379816683	1.15169206642398	0.197719847566315	0.843264260152166	0.97257593634364
575	1.55321820125704	0.648331730898836	1.08268974251713	0.598815806078979	0.549295720851734	0.960224561962078
576	3.05134752951007	1.8155275905563	1.15350833354894	1.57391805308468	0.115506395703348	0.960224561962078
577	0.99709521726109	0.0238285538727245	0.912490108250609	0.0261137667765054	0.979166596507886	0.994400445557826
578	2.15547029366533	1.03202251303063	1.1621061791536	0.888062150897681	0.374507320622435	0.960224561962078
579	2.81325505285756	0.478219963348955	1.16355417494389	0.410999310257312	0.681073040464279	0.960357823831468
580	0.902544593445049	0.239063008340515	1.07893030116204	0.221574098051594	0.824645448057978	0.968174360513242
581	2.39503786490712	0.290271154162535	1.1341815554294	0.255930060555991	0.798004842463166	0.967651531145028
582	3.05576130245067	1.43306718217959	1.14553168811519	1.2510061459212	0.2109322351606	0.960224561962078
583	2.06561776428233	0.528941892779495	1.15014328196471	0.45989217263082	0.645593618811843	0.960357823831468
584	6.23546944868722	1.05755303887425	0.913639987734216	1.15751614757683	0.247061545921477	0.960224561962078
585	4.74369692299201	0.865070923494568	0.98604759576355	0.877311528582651	0.380317452086912	0.960224561962078
586	3.42830155797869	-0.356678448538864	1.09418582736607	-0.325976118149383	0.744442424048558	0.963432919274349
587	7.60553086391621	1.1319820658057	0.878772979626101	1.28813936255451	0.197697455327401	0.960224561962078
588	3.13086590766907	1.74845142097517	1.13171278235635	1.54496038945032	0.122355844752849	0.960224561962078
589	0.820488309133913	0.374781015592203	1.06911341202143	0.35055309509548	0.725923650653289	0.963432919274349
590	5.46264518648305	1.68402770136416	1.02609340562693	1.64120312257074	0.100755257759605	0.960224561962078
591	1.97935648348428	0.522673512034818	1.10714078717189	0.472093087067948	0.63686034655213	0.960357823831468
592	2.00669214353259	0.777417450835733	1.05639145857881	0.735917963480706	0.461780624459548	0.960224561962078
593	5.71747055157807	0.580848294774538	0.931606309175493	0.623491156139346	0.532961812127652	0.960224561962078
594	1.61177557326559	-0.0906215155761131	1.14814437791486	-0.0789286759742623	0.937089354257794	0.994400445557826
595	3.60841578744207	0.879544041315727	1.12465697628001	0.782055382099672	0.434182026713473	0.960224561962078
596	0.900291008785346	0.236650721462865	0.998560037033592	0.236991981139041	0.812663011200478	0.967651531145028
597	1.06586399091325	0.140929133188975	1.01411400311082	0.138967742045443	0.889475639783036	0.983764860221564
598	11.5849865914515	0.0340934748102172	0.805914572227206	0.0423040803394302	0.966256292559447	0.994400445557826
599	6.29493858076735	-0.120721447750109	0.842095801932912	-0.143358329863431	0.886007190934792	0.983764860221564
600	3.29284764121203	0.869541466885887	1.12666620860064	0.771782680840216	0.440243151112746	0.960224561962078
601	1.27364330683448	0.140802534612504	1.03985663789717	0.135405717943234	0.892291103505013	0.983764860221564
602	7.52819159601003	1.79002397059604	1.0313790978438	1.73556355208115	0.082641035263217	0.960224561962078
603	6.4952405576055	1.62107037591132	1.03213721044777	1.57059580790431	0.116276564331954	0.960224561962078
604	215.686944846822	1.04388399298115	1.13773227675327	0.917512858086489	0.358873958225422	0.960224561962078
605	0.872832599156638	0.0340080491115679	0.998014620129544	0.0340757023250357	0.972816783965806	0.994400445557826
606	2.78280656108678	1.0631893385288	1.152030558598	0.922882931007207	0.35606821668346	0.960224561962078
607	0.927749418414054	0.396745740431047	1.00102810050336	0.396338264861441	0.691855502288049	0.960357823831468
608	1.81665083391804	0.303730390696205	1.14039366534839	0.266338195243672	0.789978759513009	0.967651531145028
609	6.29573903223585	1.06462442751027	1.09868775599094	0.968996351970861	0.332547009324365	0.960224561962078
610	3.74733820321329	0.17928368560154	1.05383332857515	0.170125275734012	0.864911616097904	0.982600495775104
611	5.56643671716108	1.34102834024652	0.989455594437482	1.35531937742887	0.175315823867038	0.960224561962078
612	1.03893330231322	-0.145631781969784	1.08745600202255	-0.133919700382291	0.893466071957411	0.983764860221564
613	5.70361859718332	0.793676920590437	0.937582614912607	0.846514118293903	0.397266001220774	0.960224561962078
614	2.20519275028717	0.458094475027065	1.16227129940337	0.394137302764181	0.693479671784243	0.960357823831468
615	9.23971108509538	1.89849582715067	0.933063882802252	2.03469008086451	0.0418820668909731	0.960224561962078
616	4.20971733603335	1.3235597237765	1.16040082406241	1.14060563930219	0.254034069455834	0.960224561962078
617	3.03569626607009	0.855007198551981	1.15012103210586	0.743406280455951	0.457235743066214	0.960224561962078
618	5.58286013015866	1.13648565985806	1.10423619405836	1.02920522436525	0.303383247849518	0.960224561962078
619	3.40104144296913	1.26815126535747	1.12425190479302	1.12799565644583	0.259321753530775	0.960224561962078
620	79.259659351178	0.782905495193078	1.10330044920194	0.709603169072743	0.477950253864382	0.960224561962078
621	1.95561207202091	0.626009468309153	1.16313654899287	0.538208062373414	0.590433414565922	0.960224561962078
622	2.42948257671113	0.365364140571543	1.15253555014932	0.317008998572068	0.751236774275564	0.963432919274349
623	7.40346836177828	0.0896043717564568	0.870283343787772	0.10295999848333	0.91799471875904	0.985959178155533
624	2.36842612088208	0.668747459425217	1.16169870157936	0.575663430213044	0.564842698165246	0.960224561962078
625	5.1698373048438	1.67149844921163	1.10529604282866	1.51226312629687	0.130466937590209	0.960224561962078
626	7.09322152701331	0.872579428553874	1.13939836888878	0.765824712742807	0.443780607662376	0.960224561962078
627	1.23224691593773	0.537228190198169	1.0450467775785	0.514070950434385	0.607202386544635	0.960224561962078
628	0.747514538994832	0.198709555926464	0.910993435535162	0.218124026118511	0.827332477942099	0.968174360513242
629	3.72074850977739	1.83087900777261	1.15939629930568	1.57916582006433	0.114298027615103	0.960224561962078
630	2.56661515256717	1.52087852234845	1.16195430589702	1.30889701482223	0.190569237956627	0.960224561962078
631	6.15139142678622	2.16779243111319	1.11150616529654	1.95031975421823	0.0511380196057562	0.960224561962078
632	1.45436918457528	0.248211197598439	1.07490035376706	0.230915541825405	0.817380416374036	0.967651531145028
633	1.95762015751982	1.25826321601505	1.15713568906224	1.08739470047352	0.27686241226122	0.960224561962078
634	7.14447472290344	1.91498266543904	0.937573990731169	2.04248697635654	0.0411032499965714	0.960224561962078
635	1.4839584292833	0.644352995826411	1.07578930310142	0.598958359196163	0.549200653038509	0.960224561962078
636	16.4434849473707	1.54832622535688	0.83444400520339	1.85551842388692	0.0635222307631327	0.960224561962078
637	1.48182759420399	0.41355277192043	1.07595844903242	0.384357567239075	0.700713446021339	0.960357823831468
638	15.1664455073483	2.08838236426216	0.834082785266791	2.50380705746632	0.012286501591177	0.960224561962078
639	3.09597950170968	1.19403226208012	1.1618252824105	1.02772101808871	0.304081078094551	0.960224561962078
640	0.277039087894966	0	0.895746859427921	0	1	1
641	0.858575673313606	0.0267535666497098	0.910724731156755	0.0293761284111927	0.976564611354817	0.994400445557826
642	3.10430556743476	1.30090559719069	1.16155862287096	1.1199655114912	0.262728459243598	0.960224561962078
643	0.556736731897918	0.0975900842923818	0.940930916146324	0.103716524367242	0.917394312830746	0.985920314378452
644	2.668311550846	0.987600541691749	1.1380792594113	0.867778349815995	0.385515684378494	0.960224561962078
645	0.77497294862354	0.336365900922834	0.912096208409656	0.36878335620902	0.712289211443036	0.962109640556799
646	0.48420465591422	0.343144532889026	0.906629296238237	0.378483834917747	0.70507120009974	0.960640243300004
647	1.80675837684942	-0.114252653293924	1.16386623903874	-0.0981664812171946	0.921800097988912	0.988690134431294
648	2.33381983716603	-0.0301569419454348	1.15188457172759	-0.0261805242344774	0.97911334996759	0.994400445557826
649	5.24564168483746	1.52054526131985	1.08659074841832	1.39937254530578	0.161701295408367	0.960224561962078
650	3.11742102434715	1.59784878677412	1.16122290356558	1.37600522851199	0.168820014534533	0.960224561962078
651	3.56504593412896	1.1849769691627	1.08965382761946	1.08748020621511	0.276824641621768	0.960224561962078
652	5.27327531846916	0.849358879388775	0.952103624396052	0.892086593964547	0.372346519926147	0.960224561962078
653	7.03165310187109	1.80309329597442	1.0005170014254	1.8021615758709	0.0715199881137159	0.960224561962078
654	1.92697547075445	0.795589655080927	1.11430599767199	0.713977719534017	0.475240956845826	0.960224561962078
655	1.89636750669618	0.465706831722121	1.10091247438942	0.423018943427275	0.672281439947759	0.960357823831468
656	2.51807088758308	1.62320390001881	1.15543573732602	1.40484134909599	0.160068460335751	0.960224561962078
657	7.23807480290247	1.05998213149067	0.938548487545773	1.12938451828146	0.258735660882385	0.960224561962078
658	1.1350010133066	0.341220055904935	0.932556982011614	0.365897272216965	0.714441731891425	0.962423898398307
659	3.86581266174479	1.65362787152543	1.15759016916751	1.42850891064033	0.153145431712337	0.960224561962078
660	2.76237117634047	0.941060773632219	1.14032230194929	0.825258588754735	0.409224796957698	0.960224561962078
661	1.62247797323078	0.653096868922896	1.0892625171079	0.599577107139365	0.548788107861878	0.960224561962078
662	1.82698498514205	0.627443367789862	1.03524829724003	0.606080077081631	0.544461579931638	0.960224561962078
663	0.664525562206736	0.128840362194046	0.908671335249894	0.141789838851484	0.887246010398144	0.983764860221564
664	2.68265450356233	0.672254425215398	1.13823679722781	0.590610342990741	0.554781533145217	0.960224561962078
665	0.138519543947483	0	0.892992221742464	0	1	1
666	2.39572295859874	0.176658942450331	1.15449951880542	0.15301777053413	0.878384261463368	0.983764860221564
667	3.3960244039611	0.951879539708682	1.09872519609485	0.866349058974802	0.386298770420433	0.960224561962078
668	2.82935849228746	0.501623810112063	1.13085358449967	0.44357980289199	0.657346410713881	0.960357823831468
669	2.03346126022058	0.85430079371969	1.1592040962106	0.736971855527746	0.461139464882878	0.960224561962078
670	3.377683131587	0.918418693724717	1.09768588785992	0.836686254129854	0.402768947686908	0.960224561962078
671	9.26883240209796	1.60238447007188	1.15660894750968	1.38541593813709	0.165925320271083	0.960224561962078
672	3.10372117273439	-0.605115552449759	1.15094245015079	-0.525756567907008	0.599057354739504	0.960224561962078
673	3.27477073936576	0.650586763669155	1.11440468042974	0.583797587262713	0.559356501717663	0.960224561962078
674	5.54450839545113	1.45894626022323	1.03990016550838	1.40296761998301	0.160626494837027	0.960224561962078
675	4.6828880659483	1.53037500445723	1.11689055112142	1.37021036029058	0.170621245165536	0.960224561962078
676	4.00628361751949	0.450245078304497	1.05806581173598	0.42553598586252	0.670445994279769	0.960357823831468
677	4.34134187455979	2.06769473066622	1.13726462343706	1.81812982489265	0.0690442924796575	0.960224561962078
678	0.761243743809186	0.269560377882962	0.911676797149106	0.295675373910909	0.767478005508296	0.967651531145028
679	2.86126949718842	1.18034372776253	1.15993383792811	1.01759573621102	0.308870114471724	0.960224561962078
680	1.5517378367868	-0.0353817917559864	1.13627954900251	-0.031138280880833	0.975159260732658	0.994400445557826
681	3.1853210818065	1.32760399600791	1.1305375497419	1.17431216354645	0.240270013013183	0.960224561962078
682	2.2538943879342	0.474359401093142	1.15461294568074	0.410838457049751	0.681190991982416	0.960357823831468
683	1.55545183495214	0.0135300700029567	1.15988079420692	0.0116650521937541	0.990692846030203	0.998502185822338
684	3.642210028637	1.39914469134487	1.10661760415701	1.26434342458405	0.20610678973016	0.960224561962078
685	2.79216919750217	0.621182116328028	1.13594416365812	0.546842121471548	0.58448720208101	0.960224561962078
686	1.1419873154819	0.433573749033108	1.11375505418314	0.389290039497153	0.697061603675694	0.960357823831468
687	0.930494001395334	0.275364958440386	1.00111448558424	0.275058409807832	0.783271363707193	0.967651531145028
688	1.20777858845109	-0.456972481241865	1.09987534586686	-0.415476611016955	0.677793033634934	0.960357823831468
689	1.34649432739317	0.675382418071617	1.128038490407	0.598722848391403	0.549357718143991	0.960224561962078
690	10.2151979958534	2.35986971102851	0.888604229691755	2.65570389176193	0.00791430738990311	0.960224561962078
691	5.02043593767904	0.873698039408395	1.05319250590966	0.829571075093972	0.406781336229727	0.960224561962078
692	0.767174603927129	0.330902389614589	0.981611090267135	0.337101315271955	0.736040525957247	0.963432919274349
693	1.71204828074589	0.450929763070072	1.16219938538833	0.387996903749353	0.698018324925636	0.960357823831468
694	0.913492492571023	0.305638542630704	0.914205635826056	0.334321437818019	0.738137015171346	0.963432919274349
695	1.30437402047314	0.12616139928822	1.10916148256607	0.113744843533822	0.909440063179954	0.983764860221564
696	2.10463782093898	0.410743394008083	1.0668332700882	0.385011796617598	0.700228675560854	0.960357823831468
697	2.47128393905616	0.184830560002734	1.15234922228206	0.160394571739897	0.872570265386784	0.983764860221564
698	3.82474779688212	0.023493817391589	1.1210427032082	0.0209571119140729	0.983279867888876	0.995740249550703
699	5.04933807826196	1.29381521435499	0.982289238892394	1.31714281611581	0.187790757483108	0.960224561962078
700	3.6330928913824	1.22626565739602	1.13923406907966	1.07639482585582	0.281750715424834	0.960224561962078
701	6.27741145053891	0.653826585499383	0.994165005368399	0.65766405171051	0.510754026635347	0.960224561962078
702	3.0078328849931	0.378101773315322	1.15439807062547	0.327531536076164	0.743265894789715	0.963432919274349
703	5.15304457247318	1.11364371882413	1.12278665752383	0.99185692256099	0.321267325389383	0.960224561962078
704	2.95916587042862	0.752143523769927	1.13248855172019	0.664151105657942	0.506593603699049	0.960224561962078
705	13.1333315248773	1.39973265386858	0.865583345946029	1.61709748740459	0.1058572391605	0.960224561962078
706	1.4412044234967	0.0823567972334946	1.12887310332369	0.0729548759652573	0.941842025537597	0.994400445557826
707	0.872304878127961	0.10906128428224	0.912070915310961	0.119575443588239	0.904819473302978	0.983764860221564
708	5.73489800284226	0.817364552700477	0.956291911387963	0.85472285498489	0.392704594791334	0.960224561962078
709	5.36187933045176	1.08058169431126	1.0954364755268	0.986439395120192	0.323917541268553	0.960224561962078
710	2.32606031480127	0.864289595945995	1.13688608724196	0.76022532569004	0.44711990914598	0.960224561962078
711	4.46832912468092	1.84960405414418	1.10871784901105	1.66823692411372	0.0952687036840725	0.960224561962078
712	2.54783218603769	1.1571131163338	1.15599579127468	1.00096654768777	0.316842981426839	0.960224561962078
713	2.7294068290067	1.26800352497607	1.15129157311905	1.10137479903621	0.270733568858994	0.960224561962078
714	2.99283946166771	0.952514245658213	1.16313159709605	0.818922164986595	0.41283082299768	0.960224561962078
715	1.80295835181079	0.248350189199723	1.16268247124672	0.213601043570755	0.830858185527765	0.969890875577183
716	2.4717434845516	1.52401998937807	1.15648720503961	1.31780099488941	0.187570274804537	0.960224561962078
717	4.78386791770937	1.8652371451043	1.11159633516349	1.67798065367854	0.0933508758448762	0.960224561962078
718	1.80190081012889	0.777991369889835	1.15096435027259	0.675947408541001	0.499074036249083	0.960224561962078
719	0.983279985573442	0.318871832907765	1.0106169927888	0.31552193875925	0.752365396402019	0.963432919274349
720	8.59518340376298	1.36235984478188	0.853757117751322	1.59572297138809	0.110550657591918	0.960224561962078
721	3.19493131700723	0.846588261631874	1.11822536162641	0.757081971741858	0.449000754175216	0.960224561962078
722	11.0053720646584	0.868885096632635	0.799989070792072	1.08612120884645	0.277425370220821	0.960224561962078
723	2.68624575214728	1.26892112110703	1.1498072732472	1.10359462027356	0.269769025899548	0.960224561962078
724	14.5609389622701	2.76227308406784	0.878327079165537	3.14492533543673	0.00166129223223817	0.960224561962078
725	4.5401268028068	0.486597673871352	0.967009014012983	0.503198694965649	0.614824582256248	0.960316040646028
726	5.84780775037245	1.81719087581291	1.02977293177446	1.76465201185819	0.0776222683393608	0.960224561962078
727	3.28253236135507	0.767904234053032	1.15905585732177	0.662525648960033	0.507634402509676	0.960224561962078
728	0.432474113793466	0.126067300789189	1.01576545227516	0.12411064041095	0.901227673470079	0.983764860221564
729	5.51340733344673	1.55350753911913	0.970713913560266	1.60037629770996	0.109515130014107	0.960224561962078
730	5.37300455320528	1.79272988902853	1.06198487565042	1.68809361614549	0.091393259717463	0.960224561962078
731	7.4160015742197	1.01648787795061	1.00696184633647	1.00946017135486	0.312753993638679	0.960224561962078
732	12.4520384005407	1.43490136937861	0.858953649322406	1.67052246708603	0.0948160380890846	0.960224561962078
733	1.89216041058472	1.0839725455758	1.15995654516453	0.934494098157828	0.350049078942906	0.960224561962078
734	3.9221877948833	1.05254177188871	1.06636300013527	0.987038908659803	0.32362356468127	0.960224561962078
735	2.4955560715482	0.232825634758949	1.1613739535308	0.200474303777104	0.841109652675734	0.972547696773971
736	1.34543888533581	0.639943964688106	1.06122658457262	0.603022930249928	0.546493435021297	0.960224561962078
737	4.11743604859252	0.915883934911049	1.03028680617659	0.888960170527571	0.374024485841559	0.960224561962078
738	5.72894617173272	0.728768832466506	0.934798991418956	0.779599506585141	0.435626646441715	0.960224561962078
739	1.65611274213822	0.23014445065837	1.14800227690348	0.200473862542451	0.841109997726151	0.972547696773971
740	1.30159271478476	0.174627340231273	0.962815504071401	0.181371549889711	0.856075948413868	0.977390919310389
741	5.66095481751912	0.696052118863517	1.03668831651291	0.671418890110399	0.501953714347668	0.960224561962078
742	7.2614331142846	1.24219403401002	1.04414642482862	1.18967417257968	0.234174480408863	0.960224561962078
743	6.20227320367876	0.740479843386724	0.983499454908277	0.752903155859687	0.451508111584194	0.960224561962078
744	3.2842582249861	0.691920883854402	1.14946445555379	0.60195065668303	0.547206983194053	0.960224561962078
745	0.886034082942315	0.180754999033456	0.913028379971433	0.19797303457217	0.843066161449078	0.97257593634364
746	1.88696604794914	0.137036333475059	1.16330150890502	0.11779949774504	0.906226527518859	0.983764860221564
747	4.43133392526568	1.57534567957727	1.06401134732188	1.48057225474373	0.138720593356659	0.960224561962078
748	1.22509904185039	0.0851171486703404	1.14933469106349	0.0740577564848242	0.9409644283556	0.994400445557826
749	4.29765517629623	1.17920728814398	1.10383031215275	1.06828674222963	0.285391186982281	0.960224561962078
750	0.874963434235947	0.360398161602243	0.994634285293763	0.362342387479434	0.717096186479755	0.962423898398307
751	0.99709521726109	0.0238285538727245	0.912490108250609	0.0261137667765054	0.979166596507886	0.994400445557826
752	1.2179899900947	0.395771032714033	0.947036233907296	0.417904847295182	0.676016688346484	0.960357823831468
753	2.0765656634083	0.561913087199809	1.06263676874765	0.528791308305698	0.59695022785724	0.960224561962078
754	1.45650001965459	0.513701529239916	1.07191072373865	0.47923909880126	0.631768542051104	0.960357823831468
755	9.00324059386055	0.594682093889353	0.894784589764597	0.664609226278476	0.506300466530048	0.960224561962078
756	1.96089246152978	1.11345137840355	1.15846615045892	0.961142781739853	0.336480381317086	0.960224561962078
757	5.08542253763262	1.8644506665021	1.04569231502344	1.78298208728855	0.0745892192608587	0.960224561962078
758	1.10766535325829	-0.0166874499129589	1.01911521531215	-0.0163744487985567	0.986935663921818	0.996499774016602
759	1.80350392417952	1.1335466548219	1.15463048146629	0.981739762648904	0.326228070901833	0.960224561962078
760	2.73412067515525	1.06007251430049	1.14848786650754	0.923015858690856	0.355998940851313	0.960224561962078
761	6.96849941401829	1.15601359069859	0.882364537041498	1.31013151840238	0.190151347599592	0.960224561962078
762	1.90217561723373	0.855509113533298	1.12171784240203	0.762677637097512	0.445655670555012	0.960224561962078
763	2.47769531566113	1.17520521737893	1.14305349097879	1.0281279280925	0.303889654962917	0.960224561962078
764	3.58483294789074	1.07467459030246	1.16003165992146	0.926418327561175	0.354228623132304	0.960224561962078
765	3.19011047299379	1.74411823823729	1.12615516524155	1.54873705868338	0.121444941463921	0.960224561962078
766	11.6441661514994	1.67777187026134	0.912305890944584	1.83904531025685	0.065908521937075	0.960224561962078
767	3.1208160779375	1.12272370450626	1.14809620935859	0.977900367020198	0.32812360360512	0.960224561962078
768	4.85847415510068	2.13330013787538	1.09413161621699	1.94976555494426	0.0512040687997717	0.960224561962078
769	2.51206658205094	0.176626056369223	1.15330599862952	0.153147609202681	0.878281871964184	0.983764860221564
770	1.2455711493038	0.342488073281853	1.04011310785701	0.329279643429834	0.74194432917099	0.963432919274349
771	7.36559504393324	1.21467671366163	0.867425049166736	1.400324690679	0.16141611033976	0.960224561962078
772	4.23142010954711	0.774252664078791	1.01482514558005	0.76294193876744	0.445498023232871	0.960224561962078
773	2.20507000070677	0.905672135185752	1.16076738834759	0.780235682254153	0.435252162977364	0.960224561962078
774	2.7719814115412	0.587053186396903	1.15760055983135	0.507129321432284	0.612064082733804	0.960224561962078
775	1.19371785760265	0.648948595563796	1.10924951433384	0.585033923547419	0.558524906842076	0.960224561962078
776	2.48423992368105	1.16428341447208	1.16224180366012	1.00175661450615	0.316461155940763	0.960224561962078
777	2.39769642101511	0.482129318345505	1.16019723350266	0.415558065838465	0.677733417286019	0.960357823831468
778	1.57866852538683	0.262962978261039	1.12877052337614	0.232964072692579	0.815789304074855	0.967651531145028
779	20.3173183644252	1.75754010946147	1.0614229221612	1.65583394965965	0.0977554505231404	0.960224561962078
780	0.304497497523674	0.038426170544167	0.901003266920888	0.0426482033472371	0.965981969707258	0.994400445557826
781	1.64780554778018	0.56292660303582	1.09172742273349	0.515629259935922	0.606113370215541	0.960224561962078
782	2.35168796255861	1.07219332211972	1.15032183257327	0.932081172206584	0.351294577391141	0.960224561962078
783	3.21026363587221	1.196776235389	1.12436817873981	1.06439888465213	0.287148038840441	0.960224561962078
784	2.16221319630439	0.92640242840993	1.12907675551959	0.820495527767384	0.411933677706554	0.960224561962078
785	3.08151169978841	0.819042117649815	1.105677992891	0.740760079259853	0.458838924248076	0.960224561962078
786	3.74146401676705	2.14996245797636	1.12064246838707	1.91850881849121	0.0550465250261437	0.960224561962078
787	2.88214447646557	0.549366759594763	1.11905411082045	0.490920639388911	0.623482578638318	0.960357823831468
788	2.61381965400147	1.29434932989231	1.15768012766333	1.11805437353825	0.263543771511392	0.960224561962078
789	2.17958295386988	-0.0254491717521313	1.16165289247979	-0.0219077246885727	0.982521562844511	0.995523370577472
790	1.77336910710277	-0.300746080483235	1.15057840636491	-0.261386863180755	0.793794186660844	0.967651531145028
791	3.28880211701261	1.63438074689673	1.16237120512867	1.40607470288789	0.159701943309859	0.960224561962078
792	2.64666125175485	1.36317634560312	1.15135462547499	1.18397608820197	0.236422528442921	0.960224561962078
793	3.38453093246639	1.52387450063206	1.14870811492419	1.32659853346003	0.184641521244167	0.960224561962078
794	1.6093992390255	0.251514685604998	1.15747989810851	0.217295078744789	0.827978392070616	0.968364114928945
795	5.0982642826644	-0.204678008916602	0.938324186391938	-0.218131443146141	0.827326699135556	0.968174360513242
796	1.38396794367089	0.502913249316733	0.97485891236886	0.515883111838901	0.605936049958125	0.960224561962078
797	1.49768763409765	0.707219077342039	1.07794917055744	0.656078316732054	0.511773735051706	0.960224561962078
798	4.81929252653198	1.18660522142294	1.00076182154804	1.18570192814453	0.235740032833464	0.960224561962078
799	2.70300386143535	1.33301517377999	1.16178800315139	1.14738245718165	0.251223588297626	0.960224561962078
800	2.23147296827813	0.932908738933391	1.13255970503257	0.823717049783759	0.410100349410537	0.960224561962078
801	2.53213161843152	0.519145306221042	1.14280960005265	0.454271040597774	0.649633756939098	0.960357823831468
802	3.61029902373604	0.763424230478171	1.05722169243328	0.722104205714022	0.470230412663862	0.960224561962078
803	1.54994589724708	0.607589066576247	1.00011433689854	0.607519604668846	0.543506136228047	0.960224561962078
804	1.55108736617773	0.41802647714216	1.08317554634024	0.385926804343541	0.699550878559049	0.960357823831468
805	1.06839979744085	0.653564192883644	1.02883207761118	0.635248654378211	0.525266255390448	0.960224561962078
806	5.88995951011862	0.0415161021360246	1.02797480574065	0.0403863031507981	0.967785149843289	0.994400445557826
807	4.29774120316953	0.971531718256669	1.1205931528573	0.866979880949162	0.385953033312823	0.960224561962078
808	2.5244560233155	0.0791528980185243	1.15098021368459	0.0687699902026424	0.945172705865476	0.994400445557826
809	8.97071164180852	0.216729185470999	0.924794130601016	0.234353980307108	0.814710182254043	0.967651531145028
810	4.06485986089509	0.0208586367030382	1.0576061909936	0.0197224986773593	0.984264742920221	0.995791185549766
811	0.608994995047349	0.225248503654954	0.90815747470176	0.248028023695919	0.804112724343113	0.967651531145028
812	5.58540958877721	0.545658327615016	0.985278983462272	0.553810988333043	0.579708207354966	0.960224561962078
813	4.07941895957061	1.04530503208044	1.09665464201041	0.953176134069121	0.340500836386356	0.960224561962078
814	2.13221898014809	0.298460074446326	1.11709197168887	0.267175919271087	0.789333716062442	0.967651531145028
815	1.19371785760265	0.648948595563796	1.10924951433384	0.585033923547419	0.558524906842076	0.960224561962078
816	1.23224691593773	0.537228190198169	1.0450467775785	0.514070950434385	0.607202386544635	0.960224561962078
817	1.89951706112574	0.676284872337195	1.11184400308476	0.608255178299178	0.543018243414659	0.960224561962078
818	1.54860613369729	0.895872286799186	1.14366133897485	0.78333703891943	0.433429218233928	0.960224561962078
819	4.72972011939232	0.496222171005729	1.03700172525841	0.478516244398797	0.632282815199058	0.960357823831468
820	1.68899316222324	0.746549178153774	1.09505393186249	0.681746493420674	0.495399263013452	0.960224561962078
821	3.36381542547674	0.462853516664577	0.926625104522489	0.499504615626722	0.617423935963191	0.960357823831468
822	7.99481137739225	1.60823136539843	0.980150097071085	1.64080110812027	0.100838708182845	0.960224561962078
823	3.87584464013631	1.29477808991937	1.08767586051842	1.19040804059239	0.233886054299737	0.960224561962078
824	6.07413818575333	1.20759600178912	0.990302337431139	1.21942154041729	0.222684238391284	0.960224561962078
825	24.5597891300749	0.555197343705958	0.952970085634807	0.582596822371525	0.560164745044208	0.960224561962078
826	1.63346259506385	0.799806504400811	1.09000341161855	0.733765138600045	0.46309189085413	0.960224561962078
827	0.747514538994832	0.198709555926464	0.910993435535162	0.218124026118511	0.827332477942099	0.968174360513242
828	3.20061877758893	0.957556425518235	1.16318763901329	0.823217504555423	0.4103843162892	0.960224561962078
829	6.84233052758993	0.0709034096851885	0.820853137083303	0.0863777044662656	0.931166169936737	0.991906388037266
830	2.60653117899369	0.397933314982323	1.15524348354228	0.344458393967438	0.730501580472623	0.963432919274349
831	1.88783266451741	1.09229448108256	1.12425687966643	0.97157019969195	0.331264413822705	0.960224561962078
832	3.88122992788552	0.375208608271748	1.10248006550832	0.340331421864531	0.733606956697568	0.963432919274349
833	10.4181490982557	0.658480607622685	0.836790755327756	0.786911905312302	0.431333437755139	0.960224561962078
834	39.0319026645222	0.676721927168063	1.03613167216612	0.653123483575521	0.513676673908817	0.960224561962078
835	13.4108080570737	0.0373281690078097	0.871385666650101	0.042837712893892	0.965830901027385	0.994400445557826
836	11.8023782928028	0.578455337932063	0.918304694377276	0.629916564157746	0.52874917489698	0.960224561962078
837	0.723242406502787	0.25941789203159	1.05502308961327	0.245888355037503	0.805768658473961	0.967651531145028
838	5.66060334052043	1.20996499507921	1.01649970480564	1.19032498421685	0.233918684623445	0.960224561962078
839	0.872427627708355	-0.218443617915131	0.988174083241055	-0.221057829404583	0.825047405220735	0.968174360513242
840	1.28724976206844	0.398463388882481	0.958605022720222	0.4156700407763	0.677651466720726	0.960357823831468
841	0.622846949442097	-0.0104156822857337	0.951333265305158	-0.010948510543666	0.991264526993792	0.998606070134149
842	3.69915068510884	1.88024862790181	1.10050262696169	1.70853624683557	0.0875368866840241	0.960224561962078
843	4.66600510745529	0.671588742796257	1.02257729996148	0.65676085594855	0.511334697352261	0.960224561962078
844	3.77713832399954	0.846063473679977	1.14655160238281	0.737920100518504	0.460563003562861	0.960224561962078
845	0.0692597719737415	0	0.892865066800151	0	1	1
846	3.34114430741078	0.604716750984873	1.07807638856963	0.560921987900318	0.574850719927614	0.960224561962078
847	46.6374316312334	1.07073127440347	1.15816527868128	0.924506453537127	0.355222693018047	0.960224561962078
848	13.1322404307447	1.43133406566692	1.02694220797626	1.39378248800152	0.163383297900423	0.960224561962078
849	5.06771598415208	1.43725094238336	1.13964339675016	1.26114093801787	0.207258073398491	0.960224561962078
850	5.30858029736292	-0.191978795833536	0.957126802404769	-0.200578225738942	0.841028385393254	0.972547696773971
851	0.304497497523674	0.038426170544167	0.901003266920888	0.0426482033472371	0.965981969707258	0.994400445557826
852	1.63726262010249	0.778132560729836	1.14548667093913	0.679303025055615	0.496945880115397	0.960224561962078
853	3.8128346728555	2.07488185819846	1.09800701780164	1.88967996065514	0.0588007757879214	0.960224561962078
854	2.45025265774793	1.11470724184821	1.15664861288612	0.963738882690347	0.3351768550128	0.960224561962078
855	48.8382052374893	0.815700071485615	1.09039088898179	0.748080417516437	0.454411652945014	0.960224561962078
856	8.86924396198228	1.21243078173797	1.05183418060672	1.15268243235698	0.24904075469708	0.960224561962078
857	6.0391836042607	2.17831294702923	1.00567355406752	2.16602389335871	0.0303093611622491	0.960224561962078
858	2.68647447956556	0.836821272734789	1.16305352395109	0.719503664708366	0.471830645046658	0.960224561962078
859	2.73586541015332	1.53826342557872	1.15995008435349	1.32614622502147	0.184791267336629	0.960224561962078
860	5.12162456589379	0.769345178486994	1.03659833013801	0.742182536976078	0.45797674758123	0.960224561962078
861	4.15893943735416	0.431413124283404	1.14213059145151	0.37772661682683	0.70563369280011	0.960834120994911
862	0.503864720846517	0.437624150358677	0.906741979961029	0.482633604741104	0.629355914036991	0.960357823831468
863	3.59755391518939	0.390937199859413	1.14702219897939	0.34082792835855	0.733233124157349	0.963432919274349
864	1.21390564356363	0.687433776318591	1.12371329251849	0.611751930759756	0.540701897682237	0.960224561962078
865	2.87003725706889	1.40014984015487	1.1579108869705	1.20920345072336	0.226584692335378	0.960224561962078
866	6.19406988753406	0.487762503001101	0.961948764686783	0.507056634310373	0.612115081489371	0.960224561962078
867	6.04567465826046	0.99412979658573	0.9606934796165	1.03480435506086	0.300760288659959	0.960224561962078
868	1.81943213960642	0.189004641902432	1.15089072383049	0.164224663548743	0.869554285986077	0.983764860221564
869	1.60600418543514	0.681827125995356	1.08728715125866	0.627090208144244	0.530600105325507	0.960224561962078
870	2.51169833330976	1.28956161294585	1.16220823403288	1.10957879593664	0.267180572622986	0.960224561962078
871	1.67526395740889	0.68751328744445	1.09384911434065	0.628526620747751	0.529659013300858	0.960224561962078
872	11.0506461252571	1.56471821609362	0.905852362777839	1.7273435279181	0.0841059861832934	0.960224561962078
873	6.48339663810479	0.727399822738308	1.0696133644285	0.680058651966228	0.496467324054676	0.960224561962078
874	1.69884679696021	0.248214692534997	1.16250215774067	0.213517618769331	0.83092324816772	0.969890875577183
875	4.85406038216007	2.3785210044818	1.10922129778276	2.14431602533801	0.032007573628695	0.960224561962078
876	2.01008719712294	0.593072253806333	1.14870624133258	0.516295840021141	0.605647801246221	0.960224561962078
877	3.2036823051452	1.59922269844146	1.1572759383829	1.38188537875946	0.167006898040108	0.960224561962078
878	4.57089423915257	1.24038186445701	1.12867491203165	1.09897176878353	0.271780380086202	0.960224561962078
879	2.47954182924801	1.602172262803	1.15522503401012	1.38689191770836	0.16547472274419	0.960224561962078
880	29.1588185156888	1.5905490814516	1.1103148735974	1.43252073738168	0.151994847640186	0.960224561962078
881	0.77497294862354	0.336365900922834	0.912096208409656	0.36878335620902	0.712289211443036	0.962109640556799
882	9.05690894632243	0.923066332507539	0.820684776823048	1.12475137662577	0.260694403981052	0.960224561962078
883	5.43388368540678	1.02151012300059	1.08858263563323	0.938385465248922	0.348046352706603	0.960224561962078
884	2.37657384295262	0.709470293240473	1.15908169968158	0.612096881035542	0.540473660997041	0.960224561962078
885	8.95397768273414	1.40517013583658	0.881638728945977	1.59381625341765	0.11097719604638	0.960224561962078
886	1.90016753173482	0.349613350149132	1.16203855309351	0.300862092069505	0.763519657908513	0.965200642461724
887	2.33848647877293	0.943550271711626	1.14916285241864	0.821076203190641	0.411602863842435	0.960224561962078
888	3.4858769333441	1.35635856312253	1.0928016357282	1.2411754510403	0.214540941507818	0.960224561962078
889	2.53698918515206	-0.139204335533481	1.1570402925293	-0.120310706923766	0.904237022822846	0.983764860221564
890	6.31057615353016	2.34607265760187	0.980759002689441	2.39209902857731	0.0167523216779086	0.960224561962078
891	2.73332960362573	0.945250198036318	1.15515192345225	0.818290805603628	0.413191154914743	0.960224561962078
892	0.138519543947483	0	0.892992221742464	0	1	1
893	3.04048565725739	1.22835724308935	1.14377176443282	1.07395310960353	0.28284369806879	0.960224561962078
894	1.47619680729398	0.726234086877791	1.15930344501217	0.626440031729715	0.531026359197286	0.960224561962078
895	7.34649630308517	1.52578211285544	0.991795202667123	1.53840440924934	0.123949764836923	0.960224561962078
896	1.29076756523918	-0.327090547229833	1.11153619619935	-0.294268912113024	0.768552426041093	0.967651531145028
897	1.46822113897003	-0.0306287075010164	1.12336429820569	-0.0272651601532457	0.978248244701744	0.994400445557826
898	3.1783347796312	1.42154759964664	1.14142732252515	1.24541227601052	0.212980243127174	0.960224561962078
899	3.39826013728075	1.57815767805826	1.14838466525487	1.37424133725088	0.169366771463566	0.960224561962078
900	6.00172358946907	-0.392156091975665	0.96492623175232	-0.406410437473032	0.684441051903089	0.960357823831468
901	2.08188277562428	1.04325858849196	1.13396898052868	0.920006284480179	0.357569475141075	0.960224561962078
902	4.33040766611098	0.935508984691994	1.13082712968066	0.827278511576014	0.408079220418095	0.960224561962078
903	3.45384317886274	1.00963988892465	1.11159216009376	0.908282664425671	0.363728899105721	0.960224561962078
904	24.6099900541641	1.41797526901288	0.966677266659701	1.46685488313242	0.142415535970322	0.960224561962078
905	3.35380021882773	1.48276938322179	1.15580801382271	1.28288553590979	0.199532180985285	0.960224561962078
906	2.37423423141963	1.24338222496131	1.16115297825764	1.07081689341835	0.284251769445045	0.960224561962078
907	2.43840351897114	-0.338976631593455	1.16225518822753	-0.291654221058288	0.770551014366873	0.967651531145028
908	8.80501382676386	0.716483335775583	0.979386414526787	0.731563482143836	0.464435044169158	0.960224561962078
909	16.2239886355244	0.39361207113943	0.983893594535852	0.400055527676359	0.689115618863241	0.960357823831468
910	8.18588715807256	0.771928799389186	0.828319387196399	0.931921685428519	0.351376999716431	0.960224561962078
911	1.79556497856266	0.464528248179557	1.16315413245915	0.399369468943422	0.689620986840018	0.960357823831468
912	22.2825375013904	1.02077452213625	0.991738882490202	1.02927750455154	0.30334929102681	0.960224561962078
913	4.45426629420793	1.52700836906681	1.04268905028103	1.46449065390612	0.143059934855861	0.960224561962078
914	1.02721218299778	0.431865003953364	1.01783363490117	0.424298224331423	0.671348334048	0.960357823831468
915	2.78555114406806	0.987310338881935	1.15198856300392	0.857048733459147	0.39141795224693	0.960224561962078
916	7.86055350360338	1.81536459670919	0.982345051831179	1.84799077811323	0.0646036769181354	0.960224561962078
917	3.20102374903721	1.40983677903858	1.16098574474874	1.21434460794667	0.224616158127339	0.960224561962078
918	0.138519543947483	0	0.892992221742464	0	1	1
919	3.51900285258991	1.34419970326572	1.0890354773239	1.23430295087249	0.217090036764694	0.960224561962078
920	4.71914466825663	1.19890787651521	1.07450810237367	1.11577369576529	0.264519015970842	0.960224561962078
921	9.17615344582129	0.848818121284322	0.817057123078513	1.03887243291649	0.298864068741179	0.960224561962078
922	6.01235781390101	0.849183800123852	0.945667597682459	0.897972820687671	0.36920003969927	0.960224561962078
923	1.4734155016056	0.884616728607196	1.13783318121447	0.777457313789177	0.436889009370146	0.960224561962078
924	4.0189238278258	2.24491266402182	1.10856084262842	2.02506942126793	0.0428602363106834	0.960224561962078
925	2.13148248266572	0.746207256422437	1.06818751955567	0.698573277408101	0.484818748697264	0.960224561962078
926	1.66480705660449	0.580613646047015	1.14022789244693	0.509208422187443	0.610606140250752	0.960224561962078
927	2.45588554428248	0.585735722567946	1.16321740075079	0.503547937118108	0.614579085968949	0.960316040646028
928	0.792502178476528	0.253652888704048	1.06344831336854	0.238519244908655	0.811478390738117	0.967651531145028
929	6.01800645215107	0.428257351157501	0.978908671124466	0.437484480207499	0.661760028972632	0.960357823831468
930	9.88653326407799	3.20141413458535	0.979752030351884	3.26757591248424	0.00108472771684173	0.960224561962078
931	3.03875979362636	1.48916860687619	1.15045516139546	1.29441690284555	0.195521455247817	0.960224561962078
932	2.18701304982511	0.709253294933077	1.07315447134717	0.660905129568836	0.508673156249363	0.960224561962078
933	4.42892194791604	2.22585908602793	1.10248622040373	2.01894503970563	0.0434929322227263	0.960224561962078
934	0.443017041471157	0.0347942256023289	0.904019491135855	0.0384883577660607	0.969298313764208	0.994400445557826
935	2.54202407550014	0.826213147202	1.16302498030958	0.710400172988611	0.477456015934914	0.960224561962078
936	3.6409772629521	0.384093253401781	0.980228060866326	0.391840703950384	0.695175917718065	0.960357823831468
937	1.63354862193715	0.421086261950308	1.01033752375143	0.416777811425626	0.676840933541204	0.960357823831468
938	2.36749132878057	1.05412668429431	1.15941603093554	0.909187604939125	0.36325110586914	0.960224561962078
939	1.34278032922783	0.349676469783851	0.967526549412654	0.361412790166973	0.717790888090588	0.962423898398307
940	10.7756256046956	0.559640715157562	0.812733536128226	0.688590651523535	0.49108090568366	0.960224561962078
941	9.13431853102557	1.76209915760934	0.930057558543329	1.89461301768159	0.0581436889016582	0.960224561962078
942	7.1879452752078	0.457591843815386	0.854162944078417	0.53571961531192	0.592152344949638	0.960224561962078
943	4.27375129254537	1.90840179677775	1.11894890470263	1.70553077871319	0.0880954769774984	0.960224561962078
944	0.650182609490411	0.461766717359089	0.908941866815718	0.508026678292188	0.611434633925142	0.960224561962078
945	2.9517231930143	1.18855655889158	1.12633447028362	1.05524299419895	0.291314205319705	0.960224561962078
946	8.31240336083671	0.686293792124485	0.823626023043601	0.833258994887482	0.404698677006897	0.960224561962078
947	8.71860145588831	1.84322928860961	1.00097592913997	1.84143218128461	0.0655582504654965	0.960224561962078
948	2.23571468747214	1.22740186084338	1.16196179488541	1.05631860380093	0.290822679261175	0.960224561962078
949	2.43916625732606	1.3678359381365	1.16093301865897	1.17822123770459	0.238708417952237	0.960224561962078
950	2.64502351462166	0.441245701154143	1.16154750433877	0.379877447548156	0.704036388905605	0.960369878679914
951	1.17717062439282	-0.610709396665675	1.04602019892996	-0.583840921322943	0.559327343839982	0.960224561962078
952	4.02742296732447	-0.143487632670339	1.0517313836829	-0.136429923929703	0.891481418959796	0.983764860221564
953	0.736443890288464	0.376025856061807	0.975275800632368	0.385558480809216	0.699823687491953	0.960357823831468
954	1.45980904637164	0.409296067795706	1.15747482654229	0.353611204675951	0.723630276123344	0.963432919274349
955	10.4258446949411	1.82421899453398	1.02543629210601	1.7789686288433	0.0752449053132947	0.960224561962078
956	0.476406311217809	0.269813643749324	0.941502970918749	0.28657758082912	0.774435782625528	0.967651531145028
957	5.13065777589965	2.12493922353944	1.12912947000375	1.88192698887965	0.0598459294310941	0.960224561962078
958	1.94135514617788	0.606037949263345	1.16239055258029	0.521372053410152	0.60210761577647	0.960224561962078
959	18.9270680926033	1.94810091065559	0.974883570810717	1.99829084106479	0.0456851378911197	0.960224561962078
960	5.73781780982654	1.4588800805826	0.98569740462865	1.48004861708266	0.138860272663032	0.960224561962078
961	2.37069755688183	1.60110252968293	1.16095577007793	1.3791244860047	0.167856375467527	0.960224561962078
962	5.6095453195979	1.98951648811989	1.14211502936275	1.74195806636915	0.081515782151023	0.960224561962078
963	0.443017041471157	0.0347942256023289	0.904019491135855	0.0384883577660607	0.969298313764208	0.994400445557826
964	0.444072483528511	0	0.898089708255059	0	1	1
965	4.82892163309976	1.52788164213811	1.06376980155334	1.436289731018	0.150919914879749	0.960224561962078
966	1.68846544119456	0.615837609776345	1.01825194947574	0.604798851692271	0.545312656727075	0.960224561962078
967	4.94318372563884	0.287668965513674	0.96824589178535	0.297103213093154	0.766387711378903	0.967651531145028
968	3.00391011037407	0.766121038733829	1.1511253368608	0.665540939984082	0.505704567178983	0.960224561962078
969	8.07288719338566	0.717608786118556	0.899399707859966	0.797875271525311	0.424942874857788	0.960224561962078
970	1.91921384876514	0.865550705110138	1.16267540967621	0.744447416627811	0.456605841906359	0.960224561962078
971	0.695783996874078	-0.0281897159548664	0.964696218014289	-0.0292213397631967	0.976688061829824	0.994400445557826
972	1.68119481752683	0.89438146529876	1.14765451735651	0.779312460128564	0.43579567655823	0.960224561962078
973	2.94216436160431	0.862873009153353	1.13778581163715	0.758379125779198	0.44822405060906	0.960224561962078
974	1.00241232947706	0.482038131427294	1.0229136530547	0.4712402948067	0.637469146590135	0.960357823831468
975	2.08673824272026	0.966002710396083	1.1621062619765	0.83125161786248	0.405831500355822	0.960224561962078
976	2.72069256357583	0.660820485677449	1.14066459895215	0.579329354382083	0.562366962236285	0.960224561962078
977	1.59526506276286	-0.110049762689436	1.13345469658388	-0.0970923346306782	0.922653068180385	0.988690134431294
978	0.748042260023509	0.148259417130081	0.975408982369132	0.151997182525406	0.879189157851779	0.983764860221564
979	1.30690982700074	0.626887120419788	1.06585075170193	0.588156568280113	0.556427206429525	0.960224561962078
980	0.747514538994832	0.198709555926464	0.910993435535162	0.218124026118511	0.827332477942099	0.968174360513242
981	1.42842786212391	0.705670386883794	1.07113550165225	0.658805898782447	0.510020418915586	0.960224561962078
982	2.81087871861746	0.914699599904646	1.15298085273539	0.793334596784123	0.427582905037643	0.960224561962078
983	3.51496990984958	0.618162428230872	1.12564832049916	0.549161240658854	0.582894800950196	0.960224561962078
984	7.94468184969758	0.795873309491183	0.852646413191477	0.933415419543266	0.350605522066308	0.960224561962078
985	3.43242262721686	0.779276153734356	1.09653917599667	0.710668775719802	0.477289513076234	0.960224561962078
986	40.0338430188594	1.49297187643776	1.10131142663512	1.35563096897968	0.175216613216155	0.960224561962078
987	7.19271154517408	-0.800086036694703	0.877140149898099	-0.912153020002165	0.36168817099087	0.960224561962078
988	1.89636750669618	0.465706831722121	1.10091247438942	0.423018943427275	0.672281439947759	0.960357823831468
989	3.90355064855035	0.48821186186568	0.928900099314294	0.525580589587701	0.599179646017145	0.960224561962078
990	4.05902239715595	1.55332004633052	1.13251023420921	1.37157263520461	0.170196517456818	0.960224561962078
991	3.81885365947128	1.01080726679913	1.11246364160971	0.908620496878905	0.363550483341373	0.960224561962078
992	2.07595191550633	0.783712541255127	1.06325759689791	0.737086237184323	0.461069908098457	0.960224561962078
993	1.16307317083728	0.170078490807083	0.938708735687048	0.181183453760661	0.856223581645957	0.977390919310389
994	15.7472351061275	0.713741398751171	0.92058128181513	0.775316001802548	0.438152956123474	0.960224561962078
995	0.816774310968573	0.188946786626422	0.912084761802435	0.207159240609426	0.835885498075715	0.971150936719616
996	15.675268869916	-0.812535544167354	0.791169590992674	-1.0270055287993	0.304417860698564	0.960224561962078
997	24.6210218805388	1.17694519497814	1.00206512677382	1.17451966297575	0.24018694075009	0.960224561962078
998	5.22598161990516	1.43445428531001	1.10518160270966	1.29793536355749	0.194309546844188	0.960224561962078
999	2.86004200138448	1.76093811566637	1.15779854552278	1.5209365415736	0.128275762816425	0.960224561962078
1000	1.54320299460802	0.841498707940845	1.14681431893641	0.733770667182877	0.463088520787575	0.960224561962078
1001	0.23576544657861	-0.120735377010289	0.896369134984292	-0.134693813405795	0.892853964801531	0.983764860221564
1002	6.22418685327076	0.67143345469644	0.947716363142224	0.70847511007434	0.478650263503071	0.960224561962078
1003	17.1268597020909	-0.45089010846715	0.906171955489584	-0.497576763147062	0.618782385224402	0.960357823831468
1004	36.6693832698326	1.09620371638472	0.988907046777647	1.10850025789249	0.267645827818518	0.960224561962078
1005	1.02560906894715	0.0315565826643783	1.03172208548261	0.0305863207819351	0.975599451481439	0.994400445557826
1006	3.85514488486216	1.01504072782922	1.07639641214154	0.942998988457932	0.345681420322876	0.960224561962078
1007	5.28877861148318	-0.263027787076712	0.955708498039021	-0.275217587388213	0.783149075743209	0.967651531145028
1008	4.53084809364015	0.898371827186427	1.11700778608023	0.804266396690898	0.421243140092267	0.960224561962078
1009	1.49502907798966	0.410457166651875	0.990721193176489	0.414301389209058	0.678653396589104	0.960357823831468
1010	3.09642119586506	1.63126919379473	1.14892189829444	1.41982600924949	0.155658340935235	0.960224561962078
1011	1.25836556201665	0.720297761711934	1.12399904181699	0.64083485386922	0.521629985444928	0.960224561962078
1012	0.653454913500368	0.298802734142608	0.961721019826591	0.310695854600833	0.756031848952274	0.963432919274349
1013	1.06574124133286	0.340440408857911	0.920465310314912	0.369856859398035	0.711489146804272	0.962109640556799
1014	3.42740558820883	0.501132632417321	1.0794447672546	0.464250369837704	0.642468377242906	0.960357823831468
1015	12.2957304754884	1.55103776755152	1.1545099508987	1.34345985181345	0.179123117810849	0.960224561962078
1016	1.0245536268898	0.167793507377958	0.914590668681628	0.183462955750281	0.854434782447205	0.977390919310389
1017	5.65400523805092	2.07988869315908	1.13238231470738	1.83673717449089	0.0662487045314595	0.960224561962078
1018	0.443017041471157	0.0347942256023289	0.904019491135855	0.0384883577660607	0.969298313764208	0.994400445557826
1019	3.82992430817765	0.925375515887322	1.11977684188608	0.82639279655818	0.408581308359365	0.960224561962078
1020	1.33223740155014	0.651220550628961	1.12040138905689	0.581238614115904	0.561079646290712	0.960224561962078
1021	1.41256782223024	0.409229962682266	1.06821637860033	0.383096506363698	0.701648209919197	0.960357823831468
1022	18.1492519616318	2.61225844834033	0.896672269010809	2.91328118268018	0.00357652395900427	0.960224561962078
1023	2.89652625151354	1.28733173023578	1.16226011412791	1.10761069281098	0.268029983487132	0.960224561962078
1024	3.07623340990409	1.45255604601627	1.16158643825903	1.25049328932708	0.211119405196749	0.960224561962078
1025	2.53728925836	1.40397483849578	1.16090534561317	1.20937925197874	0.226517175972068	0.960224561962078
1026	6.50212401056013	2.05383397993872	1.12168646492427	1.83102323524728	0.0670970750808843	0.960224561962078
1027	3.89316719316015	1.09597612262149	1.12724582534754	0.972260085579466	0.330921175395915	0.960224561962078
1028	10.7140278769567	2.85562389868936	1.0249841603089	2.78601758863158	0.00533599763103814	0.960224561962078
1029	6.34026712622211	0.425611726820926	0.949485150069764	0.448255274755644	0.653968974912403	0.960357823831468
1030	2.73982490747945	0.800627143139767	1.12895269393419	0.709176874674644	0.478214722251556	0.960224561962078
1031	1.92549510628421	0.183215683220021	1.15209091150098	0.15902884172684	0.873646150571901	0.983764860221564
1032	6.2175173960459	1.60271293153179	0.950510219685301	1.68616065176282	0.0917648604598862	0.960224561962078
1033	3.76397146329642	1.23627216179283	1.08238883414079	1.14217009894987	0.253383322207999	0.960224561962078
1034	3.07962846349444	0.947020381117721	1.14953724656959	0.82382748705515	0.410037587024089	0.960224561962078
1035	3.05287509852195	1.23180874157522	1.12455533998786	1.09537405388028	0.273352796343078	0.960224561962078
1036	3.52620003084344	0.149680344396819	1.09261533712104	0.136992717666965	0.891036551302258	0.983764860221564
1037	2.3853416028331	0.921146462052033	1.15971958338469	0.794283786571606	0.427030240672567	0.960224561962078
1038	7.57610217109324	1.53188619110119	0.943216959582923	1.62410798018153	0.104352765120186	0.960224561962078
1039	4.83605063582005	1.32041111094855	1.03890189553902	1.27096804483494	0.20374001708046	0.960224561962078
1040	4.13139290122761	0.957102512266836	1.04325628000605	0.917418404863358	0.358923431953038	0.960224561962078
1041	1.38461841427996	0.341561967584702	1.11539986171201	0.306223785128004	0.759434263817198	0.963432919274349
1042	4.07971903277855	1.03656979144477	1.04007916702036	0.996625857255045	0.318946150184744	0.960224561962078
1043	2.79257416895046	0.981522209991983	1.13588459568762	0.864103812762608	0.387530864700764	0.960224561962078
1044	6.13954233861429	1.01988567982762	0.986376970377631	1.03397150425882	0.301149485009857	0.960224561962078
1045	3.8816548502984	0.954787337756982	1.15220838499012	0.828658557076171	0.407297642831334	0.960224561962078
1046	2.59546053028732	0.516854853443073	1.14795544563772	0.450239471755757	0.652537777831527	0.960357823831468
1047	3.87021175360176	1.92168262942403	1.11212025630035	1.7279449938416	0.0839980865781847	0.960224561962078
1048	1.75098231052925	0.859944888612916	1.1549739709388	0.744557808444745	0.456539082007339	0.960224561962078
1049	2.82878356671714	1.5536586277254	1.15892088024275	1.34060802097203	0.180047751681002	0.960224561962078
1050	4.16041770219985	1.49941071531906	1.0890645746954	1.37678770401511	0.168577893517875	0.960224561962078
1051	2.75534815145807	0.961575023570999	1.15151130661367	0.835054782396163	0.403686864384207	0.960224561962078
1052	2.07647963653501	0.942956680406224	1.12379285738686	0.839084066256543	0.401422136771671	0.960224561962078
1053	1.52248748761837	0.510109973956976	0.995018217768061	0.51266395413464	0.608186408238379	0.960224561962078
1054	4.26832928208906	1.08317749202796	1.07230324820556	1.01014101546424	0.312427734035191	0.960224561962078
1055	1.04094138781214	0.505380015430114	1.02108537957874	0.494943934696838	0.620639696678691	0.960357823831468
1056	2.21260397487535	1.03076322543749	1.14457178075108	0.900566694699653	0.36781874940128	0.960224561962078
1057	2.98835014368835	0.762459888242739	1.13633574538768	0.670981170254932	0.502232525034326	0.960224561962078
1058	0.706240897678475	0.333798967883979	0.964481869840961	0.346091490490144	0.729273958335496	0.963432919274349
1059	0.709513201688432	0.121002255010818	1.04782304473632	0.115479665787717	0.908064936991991	0.983764860221564
1060	3.30166470525869	0.98234765698793	1.13532402874659	0.865257523063661	0.38689745928699	0.960224561962078
1061	6.30919858767572	1.05379560187123	0.928028686697516	1.13552050381251	0.256157295948229	0.960224561962078
1062	2.79495050319055	0.443004674011449	1.12248425969928	0.394664486547127	0.693090515186808	0.960357823831468
1063	5.41279992967594	0.245124873385856	0.961967940487136	0.25481605266567	0.798865176220026	0.967651531145028
1064	1.57814080435815	0.280006122885401	1.07311748877384	0.260927741663535	0.794148230940571	0.967651531145028
1065	13.0025641500773	1.6221414592185	0.961500024950508	1.68709455759192	0.0915851713871216	0.960224561962078
1066	5.72518076977664	1.111861057832	1.01635647308991	1.09396760612124	0.273969185822418	0.960224561962078
1067	1.3100961041374	0.936727273764697	1.1304985552524	0.828596612894882	0.407332705271884	0.960224561962078
1068	9.83970333255653	-0.829279447345349	0.842651081730315	-0.984131469507511	0.325050875649395	0.960224561962078
1069	2.49073522753477	1.01852143626312	1.14328582073436	0.890872096715855	0.372997791296059	0.960224561962078
1070	6.56863709992804	1.03015484507688	0.962691890769852	1.07007740997286	0.28458446638794	0.960224561962078
1071	3.12514382400481	0.911540787787387	1.12580820471978	0.8096768028212	0.418125953689853	0.960224561962078
1072	8.55039717122946	-0.956945054197206	0.902007059044495	-1.06090639158734	0.288732444287647	0.960224561962078
1073	3.12919671770974	2.06129105794984	1.13884080149729	1.80999052302988	0.0702972568292542	0.960224561962078
1074	8.12529654661259	1.51792000663659	1.04381992643911	1.45419719262769	0.145891643123748	0.960224561962078
1075	0.947004511898069	0.28840777290244	1.09163760855764	0.26419735875856	0.791627846191749	0.967651531145028
1076	1.19331288615437	0.306218467715376	1.10342663079694	0.277515930075217	0.781383975570708	0.967651531145028
1077	6.59227553355352	0.954059166686832	0.957418268991595	0.996491499678296	0.319011395143098	0.960224561962078
1078	2.55971277764062	0.316949367091373	1.13504715612651	0.279238942083254	0.780061460260281	0.967651531145028
1079	1.89951706112574	0.676284872337195	1.11184400308476	0.608255178299178	0.543018243414659	0.960224561962078
1080	1.58459938550477	0.305648215944435	1.15960393582048	0.263579836617383	0.792103697277676	0.967651531145028
1081	3.43032641522011	0.895248476775425	1.11623616005886	0.802024256881465	0.42253892685179	0.960224561962078
1082	3.59496670487106	0.428548854777889	1.0676417105409	0.401397632320652	0.688127392307134	0.960357823831468
1083	1.19077707962678	-0.206629142816822	1.03757652042932	-0.199145931647841	0.842148592470231	0.97257593634364
1084	5.74728744410682	0.762745623270004	0.91826453455149	0.830638225228369	0.406178033737806	0.960224561962078
1085	3.20429605304717	1.33459942193747	1.15783108314423	1.15267195825596	0.249045055414843	0.960224561962078
1086	3.93567150053686	2.1713542967396	1.09363657117002	1.98544411734201	0.0470950816861193	0.960224561962078
1087	3.21908069991888	1.37961067773716	1.14682468169065	1.20298307122526	0.228982871626436	0.960224561962078
1088	0.431946392764789	0.224373473733139	0.941076014101013	0.238422263846006	0.811553601191245	0.967651531145028
1089	0.553464427887961	0.32284979455581	0.907626351799964	0.3557078239471	0.722059385117069	0.963432919274349
1090	4.15925838192915	0.864439913373389	1.09516662699353	0.789322731415277	0.429923404101499	0.960224561962078
1091	4.27482668556733	0.566443602441472	1.11334491122852	0.508776387917765	0.610908971864384	0.960224561962078
1092	9.48735922290147	0.844530134587886	0.881769528639188	0.95776742919573	0.338180046594989	0.960224561962078
1093	6.83330566853036	1.80983791089514	0.98783279832938	1.83212980370356	0.0669320839831826	0.960224561962078
1094	2.11600854285329	0.587794747262411	1.15810034242367	0.507550793079187	0.61176840675662	0.960224561962078
1095	2.33570517308455	1.23113035700742	1.16035801227584	1.06099181802759	0.288693619542553	0.960224561962078
1096	1.32063903181509	0.696206340411222	1.06899011442632	0.65127481631095	0.514869102048672	0.960224561962078
1097	1.34543888533581	0.639943964688106	1.06122658457262	0.603022930249928	0.546493435021297	0.960224561962078
1098	3.82198536256079	0.387112277555726	1.15028719232313	0.336535327993968	0.736467215612171	0.963432919274349
1099	0.886034082942315	0.180754999033456	0.913028379971433	0.19797303457217	0.843066161449078	0.97257593634364
1100	1.41256782223024	0.409229962682266	1.06821637860033	0.383096506363698	0.701648209919197	0.960357823831468
1101	0.747514538994832	0.198709555926464	0.910993435535162	0.218124026118511	0.827332477942099	0.968174360513242
1102	7.76527699191681	0.474773042302409	0.985821486473756	0.481601434759404	0.630089106770516	0.960357823831468
1103	3.04773530993353	1.29301348483901	1.13110713409327	1.14313971317627	0.252980587992371	0.960224561962078
1104	2.3678616771463	0.756818997656627	1.13908602356269	0.664408992825267	0.506428578727164	0.960224561962078
1105	1.22126229410465	0.358681045024993	1.04298894789757	0.343897263483005	0.730923549922579	0.963432919274349
1106	3.74628486078048	1.21399336055916	1.15379779432408	1.0521716773348	0.292720791375725	0.960224561962078
1107	5.10242404645693	1.81135552745225	1.0407417493956	1.74044668478436	0.0817806140954089	0.960224561962078
1108	11.7500885262224	1.37054462458967	0.853839026053527	1.60515575274695	0.108459532251832	0.960224561962078
1109	5.17004608129749	1.08363414667557	1.10866724201269	0.977420551100914	0.328360992852807	0.960224561962078
1110	6.07035176220079	0.0304181556766175	0.920918448664639	0.0330302381505385	0.973650474234451	0.994400445557826
1111	0.546193804220227	0.151595597116573	0.938491310689566	0.161531167513087	0.871675065543209	0.983764860221564
1112	0.664525562206736	0.128840362194046	0.908671335249894	0.141789838851484	0.887246010398144	0.983764860221564
1113	3.71616789504379	0.976070519181738	1.15790090101527	0.842965506224151	0.399247735545006	0.960224561962078
1114	3.43983385180505	1.41816241232813	1.12211819487458	1.26382623399725	0.20629240291793	0.960224561962078
1115	10.2954213680637	1.04371242545745	0.936347684260754	1.11466332752396	0.264994721717481	0.960224561962078
1116	2.56735165004954	0.812291704076166	1.15798635034541	0.701469152752854	0.483010278943038	0.960224561962078
1117	3.01299052492158	1.13256208908601	1.16119269276011	0.975343796208325	0.329389752748466	0.960224561962078
1118	3.84025845940165	1.45685265413338	1.13491395149601	1.28366793994646	0.199258166670479	0.960224561962078
1119	1.7188258064675	1.02955599061741	1.1515378864983	0.894070445001321	0.371284201284584	0.960224561962078
1120	2.59162378254158	0.729070167670839	1.16067120731437	0.628145303404057	0.529908757590904	0.960224561962078
1121	1.26616390671306	0.816926863683272	1.12702771577603	0.724850731040598	0.468543609246055	0.960224561962078
1122	4.2752977329243	0.180317177531047	1.03351459975184	0.174469889031411	0.861496192891521	0.981495727838689
1123	3.59348844002537	0.950762604225323	1.11375345139997	0.853656258510562	0.393295477022881	0.960224561962078
1124	1.31074657474647	0.454477189651777	1.15013327785959	0.395151760583402	0.692730891167952	0.960357823831468
1125	6.83844545711879	1.79234824240853	0.96513402673306	1.85709776338065	0.0632972463715653	0.960224561962078
1126	1.66366558767384	0.834934916513577	1.09485620338663	0.762597785837937	0.445703305477434	0.960224561962078
1127	6.72701080417787	0.881759721604884	0.892046111819015	0.98846876851113	0.322923122701933	0.960224561962078
1128	3.50555796926799	1.34765064830842	1.14142748489762	1.18067127884983	0.237733335431116	0.960224561962078
1129	3.56082416589954	1.4149010630403	1.14785823993147	1.23264442752511	0.217708453755204	0.960224561962078
1130	3.63646799400815	0.129768373552789	1.09209301566167	0.118825385467891	0.905413696470772	0.983764860221564
1131	4.83432267256448	0.436242341687877	0.987524768521055	0.441753316568663	0.658667723494763	0.960357823831468
1132	2.13544197999185	0.479225813287776	1.16249128259798	0.412240350066783	0.680163264828525	0.960357823831468
1133	3.83340855889771	1.55238233355798	1.09520076796572	1.41744087382394	0.156354069541349	0.960224561962078
1134	1.14946671560332	-0.223275074220275	1.0282617610141	-0.217138361733956	0.828100518741834	0.968364114928945
1135	0.76136649338958	-0.0149646718789329	0.972428040409292	-0.0153889761062775	0.987721858179606	0.996764931230027
1136	5.22170214901136	0.633701868802779	1.14372446607719	0.554068648173876	0.579531865538077	0.960224561962078
1137	1.38458169157286	0.240791326301475	0.97527610797362	0.246895545100329	0.804989064118218	0.967651531145028
1138	9.84622484766229	0.965579559069199	0.830890263660215	1.1621023874027	0.245193877798504	0.960224561962078
1139	1.67311425096253	0.105535213051287	1.14221533922545	0.0923951985471067	0.926384054116366	0.989848125171808
1140	0.429287836656803	-0.103979954533996	0.90187979311172	-0.115292476146115	0.908213301761812	0.983764860221564
1141	0.927221697385377	0.362916484329158	0.914526299092557	0.396835481592234	0.691488783953072	0.960357823831468
1142	2.16838955558312	0.37050987998049	1.16129306893726	0.319049419901866	0.749689037803159	0.963432919274349
1143	6.52382468444935	0.520154183658808	0.890142101235956	0.584349603211193	0.558985125878016	0.960224561962078
1144	2.16765305810075	1.00946848593774	1.16120212794172	0.869330551199616	0.384666357051847	0.960224561962078
1145	3.53445582141074	1.89610605345594	1.11983057046559	1.69320797579905	0.0904158869753292	0.960224561962078
1146	11.1466393618436	1.42926409370656	0.876276238274739	1.63106567458747	0.102876462563801	0.960224561962078
1147	4.08653011095085	0.669295163061092	1.02108531010989	0.655474284503285	0.512162437802937	0.960224561962078
1148	4.44393634223303	1.2528016075551	1.1568616774697	1.08293120254034	0.278838960931034	0.960224561962078
1149	2.4508506539344	0.82290325179141	1.14223840981299	0.720430380139415	0.471260050481758	0.960224561962078
1150	1.32957884544215	0.328399549220805	1.05910716188049	0.310072069230197	0.756506151726844	0.963432919274349
1151	4.97284641576106	0.901710564174871	1.11723546189977	0.807090890797168	0.419614119837573	0.960224561962078
1152	2.67792178604674	0.636863338674478	1.15298367897654	0.552361104746771	0.580700973413792	0.960224561962078
1153	2.88230604837761	1.11250947975755	1.15777634749134	0.960901889357244	0.336601500733451	0.960224561962078
1154	9.76393983593287	1.19786485408184	0.821194347656543	1.45868618981634	0.144651498850399	0.960224561962078
1155	5.78887900997117	1.34407179101817	0.974455684431708	1.3793051982677	0.167800674477706	0.960224561962078
1156	3.24613203847476	-0.034665330073617	1.10361489918236	-0.0314107122867766	0.97494199819824	0.994400445557826
1157	4.56488783399587	0.652244110810673	1.05911683988695	0.615837730311502	0.538001622722674	0.960224561962078
1158	1.38474116386035	0.0326608764936417	1.11978520090917	0.0291670906769655	0.976731327896349	0.994400445557826
1159	1.16944572511061	0.640658073321167	1.11931163083745	0.572367922990167	0.567072742438377	0.960224561962078
1160	1.92549510628421	0.183215683220021	1.15209091150098	0.15902884172684	0.873646150571901	0.983764860221564
1161	2.19560246605104	1.10450233521644	1.14326075868974	0.966098352297406	0.333994968958967	0.960224561962078
1162	2.55071838996641	-0.0615347710484061	1.15658976520078	-0.0532036275089499	0.95756966537682	0.994400445557826
1163	5.12020087509526	0.553507238789489	1.0581870422978	0.523071268749973	0.600924658573195	0.960224561962078
1164	4.9388728405051	0.375465580073455	0.947963860793457	0.396075837489401	0.692049082701017	0.960357823831468
1165	0.679310209078444	0.0426553152153515	0.970954034951338	0.0439313434826905	0.96495913092532	0.994400445557826
1166	3.98310574941645	1.34222501932143	1.10139158626223	1.21866285893513	0.222972180299275	0.960224561962078
1167	0.650796357392382	0.0355951527504303	0.907090025025355	0.0392410364665132	0.968698216448111	0.994400445557826
1168	38.8787455548361	-0.467147682762182	0.993497748305501	-0.470205074504642	0.638208509013634	0.960357823831468
1169	0.86454325613865	0.101178452313611	1.11838020552977	0.0904687438255252	0.927914730889832	0.990509079074753
1170	2.91655456518702	0.263257196483782	1.13769984798468	0.231394244228929	0.817008536284126	0.967651531145028
1171	1.29689462035172	0.784649592782	1.13206508586624	0.693113499019005	0.488238326852687	0.960224561962078
1172	2.45669548717905	1.34707656534131	1.16142158836816	1.15985149478235	0.246109274137259	0.960224561962078
1173	3.2221421278506	0.520779396258229	1.12412306347688	0.463276142246806	0.643166444447689	0.960357823831468
1174	2.04780421293691	0.503845465623992	1.16169581049556	0.433715488230141	0.664495058085422	0.960357823831468
1175	5.48976782022371	2.2703006734508	1.04574362610198	2.17099164344263	0.0299318040678016	0.960224561962078
1176	21.0258523705088	-1.21475748288491	0.83200036709038	-1.46004440735175	0.144277869718232	0.960224561962078
1177	3.57375809993528	0.844804368793057	1.10428806377182	0.765021733466475	0.444258603099559	0.960224561962078
1178	5.3276444657333	0.742277509348846	0.980291483387089	0.75720081417431	0.44892956251916	0.960224561962078
1179	4.67804308068686	0.832865985293576	1.10045324074246	0.756839050000576	0.449146294526697	0.960224561962078
1180	3.51949595053603	0.795132845700914	1.14510834187207	0.694373463737938	0.487448030817958	0.960224561962078
1181	3.2714617126487	0.941248767118901	1.1402085140757	0.825505822399436	0.409084478494929	0.960224561962078
1182	7.52134794377486	1.54292098512134	1.07805912742965	1.43120256195969	0.152372169527179	0.960224561962078
1183	1.77365132897066	0.380357467015446	1.11910133086186	0.339877593320811	0.733948711173097	0.963432919274349
1184	1.7314261238103	-0.0500951944980397	1.14299899952771	-0.043827855071386	0.965041623276466	0.994400445557826
1185	1.37682006958355	0.310460581600271	1.15466400814025	0.268875256708065	0.788025678317111	0.967651531145028
1186	11.4985092538853	-0.395547200552627	0.929985034840951	-0.425326414655989	0.670598740272321	0.960357823831468
1187	3.71419653225197	0.374736869400555	1.12344115689024	0.333561635250975	0.738710372292348	0.963432919274349
1188	2.66088355451532	0.73111930547238	1.16135672157772	0.6295389623949	0.528996269239856	0.960224561962078
1189	0.792502178476528	0.253652888704048	1.06344831336854	0.238519244908655	0.811478390738117	0.967651531145028
1190	1.64841929568215	0.150688352935418	1.09623786729721	0.137459539969133	0.890667571535755	0.983764860221564
1191	2.33264164552828	0.604375928217307	1.15743952011784	0.522166314275991	0.60155453777597	0.960224561962078
1192	1.18104409484565	0.380963263374727	1.11551567272177	0.341513142926272	0.732717312347358	0.963432919274349
1193	11.0978097047352	0.0585830360573083	0.849110756358946	0.0689933976440446	0.94499487489461	0.994400445557826
1194	0.916678769707686	0.661487276066063	1.07903106829227	0.613038211321357	0.539851074109197	0.960224561962078
1195	8.18583683387937	0.976501809498232	0.890296239266669	1.09682796178334	0.272716604427995	0.960224561962078
1196	1.44567487010901	0.0272686214421611	1.13303313295917	0.0240669232425206	0.98079922710501	0.994811769559818
1197	1.32957884544215	0.328399549220805	1.05910716188049	0.310072069230197	0.756506151726844	0.963432919274349
1198	7.73057090145922	1.39575540869187	1.15411894251473	1.20936877238202	0.226521200252392	0.960224561962078
1199	6.55772802313372	1.50281959695399	1.05405010975504	1.42575726053788	0.153938421703755	0.960224561962078
1200	38.079304189631	1.16193671222443	1.09447658980252	1.06163688017674	0.288400564267531	0.960224561962078
1201	8.22994210507729	0.624120485377543	0.82457052400901	0.756903705874797	0.449107554998899	0.960224561962078
1202	3.10050554239613	1.05389078339927	1.13114519892495	0.931702476747369	0.351490306147511	0.960224561962078
1203	1.45335046522502	0.33951729837328	1.06142574072203	0.319869101857588	0.749067561414906	0.963432919274349
1204	1.23604694097636	0.378878904918501	1.11927714251734	0.338503209371695	0.734984008965266	0.963432919274349
1205	2.80348534536933	-0.143891617609601	1.13157366593487	-0.127160627665121	0.898813266921683	0.983764860221564
1206	0.864948227586933	0.429073136513133	1.07803106721716	0.398015557771214	0.690618717709765	0.960357823831468
1207	1.32076178139548	0.435046284045434	1.12259280456578	0.387537032373649	0.698358674708344	0.960357823831468
1208	1.63632992762553	0.453339754385216	1.13277750971285	0.400201937713375	0.689007787527178	0.960357823831468
1209	2.02696595636686	0.808659577750669	1.12890366621464	0.716322926350491	0.473791973549048	0.960224561962078
1210	6.65611539469549	1.3622082742551	1.03176733595138	1.32026691172485	0.18674591877729	0.960224561962078
1211	3.53350737721827	1.63583848956339	1.15358739924549	1.41804469313146	0.156177716772737	0.960224561962078
1212	3.46522960188769	0.178677986904732	1.12923911129472	0.158228656019424	0.874276623940747	0.983764860221564
1213	5.41904553511978	0.600843087597366	0.951286694196369	0.631610944695225	0.527641133080856	0.960224561962078
1214	2.94969833577288	1.13160468240062	1.1415062035263	0.991325915623504	0.321526462410806	0.960224561962078
1215	9.386608089593	1.79704978923065	0.897961947026462	2.00125383395305	0.0453650421343641	0.960224561962078
1216	4.64669861914622	1.09155836419696	1.10511882602712	0.987729408357915	0.323285187753768	0.960224561962078
1217	0.67825476702109	0.2105483614314	0.909708055700274	0.231446077796161	0.816968271833659	0.967651531145028
1218	2.44002550438882	0.315713886214996	1.16178915149182	0.271748006778681	0.785815785703489	0.967651531145028
1219	1.45968629679125	0.804130472521502	1.13649368004623	0.707553844460261	0.479222364058347	0.960224561962078
1220	2.63097853548873	1.38873872335654	1.15984298248134	1.19735062791474	0.231169918828885	0.960224561962078
1221	8.80540728006241	1.45976002477251	1.00160442967199	1.45742169416179	0.145000012258462	0.960224561962078
1222	7.29112413758142	0.339038217691744	0.851311996917386	0.398253776429096	0.690443129414856	0.960357823831468
1223	0.470475451099866	0.248374778215313	0.906158907425509	0.274096271834894	0.784010638811298	0.967651531145028
1224	6.9310981725229	0.826702376055917	1.00413296219008	0.823299709485513	0.410337578802428	0.960224561962078
1225	1.35650953404218	0.401883625615619	0.969729377965648	0.414428638285366	0.678560219127794	0.960357823831468
1226	2.0111426391803	0.545289521746114	1.16315267081494	0.468803051764536	0.639210418393282	0.960357823831468
1227	7.38349462215196	1.1344223256417	0.886131705288683	1.28019606890392	0.200476188135707	0.960224561962078
1228	0.889220360078978	0.472495388512374	1.07727047825263	0.43860422990406	0.660948331556293	0.960357823831468
1229	3.15566576118979	1.70608866793006	1.13391845814469	1.50459555153689	0.132428090664516	0.960224561962078
1230	4.65285721627598	0.721087537490629	0.982857952803881	0.733664041109422	0.463153519414314	0.960224561962078
1231	5.55342825811359	0.941532178087791	1.00021206919687	0.941332550449832	0.346534466912021	0.960224561962078
1232	5.73215132023643	1.3460809121926	0.969822602307234	1.38796611771085	0.165147362728065	0.960224561962078
1233	1.07947044614721	0.394607919201761	0.923635266573388	0.427233490840735	0.669209270104614	0.960357823831468
1234	3.07304713276742	0.974921367020251	1.12996004417751	0.862792779305649	0.388251409904443	0.960224561962078
1235	0.451606457697087	0.302288945399336	0.905719186814573	0.333755704637869	0.738563911120981	0.963432919274349
1236	2.66947297074125	0.925788411737009	1.16298068972009	0.796047965301843	0.426004156802624	0.960224561962078
1237	4.13707826218476	2.01442419272495	1.09059081736806	1.84709440116725	0.0647334598034166	0.960224561962078
1238	1.83937442640661	0.99593777861872	1.15547876868953	0.861926506662039	0.388727961621458	0.960224561962078
1239	1.90887969754114	0.193367364755305	1.16363522122803	0.166175242230324	0.868019042380316	0.983764860221564
1240	2.91569531812426	1.28597111091338	1.14561491491897	1.12251603411111	0.261643093990738	0.960224561962078
1241	4.73737894276584	1.38802721742281	1.01275688244544	1.37054335693205	0.170517350797776	0.960224561962078
1242	1.58500435695306	0.668159154348224	1.14799020034967	0.582025137622871	0.56054974888117	0.960224561962078
1243	6.94334701286702	1.6057876643136	1.01648290558125	1.57974881377407	0.114164401948577	0.960224561962078
1244	3.47883605712165	0.585911164801659	1.13594988821801	0.515789623185572	0.606001350813949	0.960224561962078
1245	6.50999160142165	1.14613512180791	0.910999923863842	1.25810671525282	0.208353165073467	0.960224561962078
1246	4.53039171840113	1.19588636865983	1.02744744926088	1.16393920635077	0.24444864956004	0.960224561962078
1247	6.6572044398084	0.576165705732422	0.916816380778405	0.628441766325379	0.529714583638687	0.960224561962078
1248	2.26882173535091	0.602255594363133	1.1509520438288	0.52326732255468	0.600788237705099	0.960224561962078
1249	4.32760847049634	1.47724146750051	1.06776219146385	1.38349295312215	0.166513766578147	0.960224561962078
1250	3.07741160154183	1.00079080688986	1.14475270941885	0.874241920246626	0.381986521270562	0.960224561962078
1251	1.43962126041067	0.277027682324817	1.0590968459062	0.261569735945898	0.793653179054578	0.967651531145028
1252	9.85947982589757	1.5483641651082	0.829233472720485	1.86722342506079	0.0618703936684726	0.960224561962078
1253	6.51583433504175	1.91273477209933	1.00587065543186	1.90157130220497	0.0572272226708824	0.960224561962078
1254	6.6506756220902	1.07935604950871	0.912865639858231	1.18238216269848	0.237054097563828	0.960224561962078
1255	7.47731084811018	1.23432809827039	0.985487614599217	1.2525049325682	0.210385932091612	0.960224561962078
1256	5.2540758190593	1.46117391496313	1.01107036045344	1.44517530343568	0.148408651468168	0.960224561962078
1257	5.1513858643484	0.599938935819727	1.11725956954608	0.536973638152387	0.591285823655454	0.960224561962078
1258	1.74460975625592	0.322671276480149	1.0261913262042	0.314435786232654	0.753190079921397	0.963432919274349
1259	4.30244246785898	2.3757336533221	1.07784069855319	2.2041602775912	0.0275130742339402	0.960224561962078
1260	1.52468439860637	0.0218290328917601	1.10179708736308	0.0198122078394701	0.984193179347871	0.995791185549766
1261	1.56453434912419	-0.0412266437519541	1.07793621589026	-0.0382459028133732	0.969491622496029	0.994400445557826
1262	0.942620092159056	-0.113734867703643	1.01748799674445	-0.111780058406142	0.910997799503741	0.98397565474519
1263	19.549140801829	1.52432266694116	1.00839393825565	1.51163410361032	0.130626970852849	0.960224561962078
1264	1.26257265812811	0.303631237892702	1.10837185044403	0.273943476434433	0.784128059718335	0.967651531145028
1265	0.429287836656803	-0.103979954533996	0.90187979311172	-0.115292476146115	0.908213301761812	0.983764860221564
1266	1.91336901552049	0.456779251746501	1.14482334639761	0.398995402377003	0.689896591955615	0.960357823831468
1267	3.61948643614844	0.786390787029107	1.13295669239491	0.694104895895703	0.487616428473492	0.960224561962078
1268	1.10754260367789	0.229602269787754	0.927984019603939	0.247420499639366	0.804582810857865	0.967651531145028
1269	1.84664505007434	0.910014752019043	1.11878328877405	0.813396804501995	0.415990590854031	0.960224561962078
1270	6.79514378830461	0.0486845549884109	0.903517830394263	0.0538833361674409	0.957028113188617	0.994400445557826
1271	3.75288506287454	1.3811444843179	1.1612594353295	1.18935049507349	0.234301772773164	0.960224561962078
1272	8.30147643270233	1.54984026604085	0.94829859178952	1.6343378335258	0.102187933759609	0.960224561962078
1273	1.46757066836096	0.303219299187909	0.987312182338066	0.307115930110223	0.758755132795271	0.963432919274349
1274	2.05708292210355	1.09308047445865	1.13708203330071	0.961303091990358	0.33639979370968	0.960224561962078
1275	3.45155497112049	0.889793387992404	1.09906112482688	0.809594087073693	0.418173507593039	0.960224561962078
1276	2.636206450575	0.463363962244134	1.16364191445955	0.39820150553733	0.690481656275365	0.960357823831468
1277	3.90224760770766	1.45897425961017	1.10542822797866	1.31982721508569	0.186892712970736	0.960224561962078
1278	2.10534286559521	1.12624401060655	1.16077309124569	0.970253376047778	0.331920211012235	0.960224561962078
1279	6.14928054267151	2.09560630753416	1.1394824798745	1.83908602768949	0.0659025337799794	0.960224561962078
1280	3.27285605024565	1.86897912893173	1.14974648219174	1.62555759715736	0.104043801776409	0.960224561962078
1281	4.91563928913684	1.00701348572914	1.15314925725996	0.873272457480429	0.382514589181339	0.960224561962078
1282	3.26419108898097	0.846580608979693	1.11592016099781	0.758639048355141	0.448068507265358	0.960224561962078
1283	2.17381156603943	0.793520578494121	1.12948131867994	0.702553079338695	0.482334311932774	0.960224561962078
1284	4.21033635381628	2.19062334673709	1.09858104097235	1.99404801742999	0.0461468072535405	0.960224561962078
1285	1.80876646234834	0.63011218601848	1.16304116378338	0.541779780148727	0.587970222238045	0.960224561962078
1286	5.39510912791091	1.93794937503126	1.11467423087418	1.73857914837722	0.0821088169118916	0.960224561962078
1287	4.25940833982905	2.08424939591135	1.11866890527342	1.8631512738811	0.0624409860688267	0.960224561962078
1288	1.80110973859937	0.544409033652661	1.11907522124107	0.486481179566201	0.626626045982141	0.960357823831468
1289	9.1370452626668	1.15586103661937	0.892579659798214	1.2949668121282	0.195331678479668	0.960224561962078
1290	4.99937003328826	1.28626355294199	1.04457280662836	1.23137759740631	0.218181671771377	0.960224561962078
1291	1.65491459953587	0.0688010966617674	1.16253418633528	0.059181998663328	0.952807147493941	0.994400445557826
1292	0.221508520735579	-0.122998561103365	0.896740275265759	-0.137161856666819	0.890902859867881	0.983764860221564
1293	12.1052212724851	1.27393669132443	0.957031667898246	1.33113326764009	0.183145164256194	0.960224561962078
1294	2.7363731802174	1.0960275450683	1.1524638989164	0.951029829306447	0.341589233671923	0.960224561962078
1295	1.46757066836096	0.303219299187909	0.987312182338066	0.307115930110223	0.758755132795271	0.963432919274349
1296	2.19294390994305	0.942248477522396	1.13833820514432	0.827740361576409	0.407817555989841	0.960224561962078
1297	1.811952739485	0.772462047047815	1.16259687452636	0.66442811259278	0.506416344893201	0.960224561962078
1298	8.57439235173458	0.886780633124466	0.838156160795893	1.05801361918333	0.290049233409916	0.960224561962078
1299	9.47056966078726	2.64481394853481	0.936234161834397	2.82494920218756	0.00472881123094627	0.960224561962078
1300	4.89668426886076	1.39741158317212	1.09872403662251	1.27184946956087	0.203426608358894	0.960224561962078
1301	3.21274486835265	0.808264433879913	1.16171341837771	0.695751999670127	0.486584154332274	0.960224561962078
1302	0.443017041471157	0.0347942256023289	0.904019491135855	0.0384883577660607	0.969298313764208	0.994400445557826
1303	2.44414447400244	0.708787541979213	1.15011774350824	0.616273895416289	0.5377137647775	0.960224561962078
1304	1.58790841222183	0.0635329479918397	1.16278555470659	0.0546385769368036	0.956426404696188	0.994400445557826
1305	4.52356176886178	1.4336033211977	1.07194253629852	1.3373882205925	0.181095947448849	0.960224561962078
1306	1.61140732452441	0.771710263066213	1.09880994469214	0.702314596617915	0.482482992306036	0.960224561962078
1307	3.63256517035372	1.1665265076653	1.15815620369476	1.00722726687802	0.31382557269789	0.960224561962078
1308	0.955821575944733	0.142697619206059	1.00874344454875	0.141460764852745	0.887505953410963	0.983764860221564
1309	3.5480455049022	1.02956017339156	1.07916600565997	0.954033177464592	0.340066848649054	0.960224561962078
1310	4.77381598835325	2.27716944194561	1.11262689513631	2.04666043208188	0.0406914368074223	0.960224561962078
1311	4.54948733959765	1.56085604934238	1.04708304146342	1.49067073721383	0.136047962508318	0.960224561962078
1312	2.59407356219588	1.63270685897532	1.16171542765232	1.40542754284913	0.159894181307165	0.960224561962078
1313	1.26244990854772	0.572550424712973	1.05062823461829	0.544960058988887	0.585780988055925	0.960224561962078
1314	1.43435872224185	0.741623161957763	1.08528714457513	0.683342805325586	0.494390251753802	0.960224561962078
1315	1.60887151799682	0.301474342202974	1.13023268781696	0.26673652731215	0.789672027771616	0.967651531145028
1316	2.36672020821565	0.855624071292984	1.08886642177165	0.785793421658496	0.431988521143635	0.960224561962078
1317	0.373757269497416	0.0352940451962592	0.902733472703719	0.0390968611040335	0.968813163533667	0.994400445557826
1318	5.71354469589371	0.872193761834029	0.980460396164708	0.889575718964082	0.373693748826753	0.960224561962078
1319	31.2356213556184	1.54619637454104	1.07443170474782	1.43908297540787	0.150127014941761	0.960224561962078
1320	2.97710217135444	0.387350566854815	1.16384537108713	0.332819613737001	0.73927045186528	0.963432919274349
1321	1.13552873433528	0.396559454992503	1.03256733654716	0.384051907276647	0.700939975538302	0.960357823831468
1322	1.24658986865405	0.240781103869002	1.04962901962572	0.229396386120175	0.818560844741484	0.967651531145028
1323	12.1186871267986	1.26101692651538	0.915915907571397	1.3767824273945	0.168579525386812	0.960224561962078
1324	1.27290680935211	0.608954917531803	0.961074410125291	0.63361890725237	0.526329558639577	0.960224561962078
1325	0.360028064683062	-0.112685141446388	0.90035932963082	-0.125155743643589	0.90040025313318	0.983764860221564
1326	22.198229782649	1.90513244989681	1.0387301673628	1.83409754501853	0.0666395157896107	0.960224561962078
1327	1.51558511269182	-0.450446807892891	1.16060302435872	-0.388114452951542	0.697931336764535	0.960357823831468
1328	2.54704111450817	0.793246375629489	1.10163114491505	0.720065313413645	0.47148478287062	0.960224561962078
1329	5.03184548192499	1.67005981810395	1.09632776959614	1.52332164195674	0.127678255239187	0.960224561962078
1330	13.990065954485	1.68771190969099	0.84127869581547	2.00612700414939	0.0448426994001537	0.960224561962078
1331	3.11305445594819	0.959287785333654	1.11608668019519	0.859510110062318	0.390059144598391	0.960224561962078
1332	3.56606675310376	0.648168653998259	1.09881390730095	0.589880278809334	0.555270916588297	0.960224561962078
1333	5.89360743237526	1.83103990677072	1.06678188801016	1.71641450548632	0.0860862035327904	0.960224561962078
1334	6.81388793250244	0.337294066456785	0.875397004800291	0.38530411299926	0.70001211461048	0.960357823831468
1335	2.83919954556534	1.59481524957381	1.15599773573671	1.37960066899045	0.167709631360702	0.960224561962078
1336	8.98653807864662	0.0554526665638062	0.847771952697488	0.0654098857450566	0.94784765325106	0.994400445557826
1337	4.87470244373552	0.986740709193393	1.02676211370834	0.961021736212683	0.336541238863322	0.960224561962078
1338	2.25998681996419	1.17973134322702	1.16115575516289	1.01599749902761	0.309630577511511	0.960224561962078
1339	3.74758580199862	0.498751787770968	1.09390589542837	0.455936648531963	0.648435534708931	0.960357823831468
1340	1.48207309336477	-0.271369263516351	1.12883236698936	-0.240398195030591	0.810021577342712	0.967651531145028
1341	3.35788246573425	0.357064257183263	1.10156275091023	0.324143365312795	0.7458294969815	0.963432919274349
1342	3.25049860687372	0.622901337360895	1.10203769570151	0.565226888145946	0.571919450225809	0.960224561962078
1343	1.37023873885653	0.452708516299369	0.972174231767111	0.465666031361977	0.641454570348168	0.960357823831468
1344	1.97143538920747	0.862662114972757	1.12620605114499	0.76598959319718	0.443682494409231	0.960224561962078
1345	2.9399107769446	1.08913494957183	1.15609484792345	0.942080964661431	0.346151189354636	0.960224561962078
1346	1.66100703156585	0.520476241278745	1.01396279883619	0.513309010819864	0.607735181812718	0.960224561962078
1347	0.941564650101702	0.104564091561741	0.912933202869312	0.114536409929117	0.908812585348854	0.983764860221564
1348	3.11386439884475	1.81354334963247	1.13533161535162	1.59736884370193	0.110183513199923	0.960224561962078
1349	3.76953407467318	0.689632422859237	1.07090219579422	0.643973301733482	0.519592746824014	0.960224561962078
1350	4.03400639767603	0.372548225505306	1.09258252260334	0.34097948465954	0.733119026108363	0.963432919274349
1351	5.94154843129193	1.17148982081244	1.03745258577608	1.12919842012451	0.258814140056885	0.960224561962078
1352	1.35650953404218	0.401883625615619	0.969729377965648	0.414428638285366	0.678560219127794	0.960357823831468
1353	1.37289729496452	0.771370540068213	1.06677967360961	0.723083274972954	0.469628723991451	0.960224561962078
1354	3.05165910457955	0.220054988798797	1.13160581401299	0.194462582353143	0.845813691393389	0.973500902720151
1355	2.25954512580881	0.771136549946257	1.13347919526464	0.680327043643899	0.496297404538944	0.960224561962078
1356	3.14663465080847	1.18782432206304	1.15813569109068	1.02563484676342	0.305063735590279	0.960224561962078
1357	3.0932349187284	1.44047675736021	1.1587035335561	1.24317973980742	0.21380160683118	0.960224561962078
1358	1.46769341794135	0.0675159663578977	1.06230840189411	0.0635558998098062	0.949323847561201	0.994400445557826
1359	5.6969480693266	0.376695166404136	1.0587264556188	0.355800277215105	0.721990141464522	0.963432919274349
1360	3.79817277556418	1.53286319118892	1.07714246035322	1.42308306246349	0.154712077745901	0.960224561962078
1361	3.24743507931745	0.134205087091438	1.10504941662868	0.12144713627457	0.903336883805589	0.983764860221564
1362	3.15337545382298	0.170601485460357	1.099848093794	0.155113680173647	0.87673169749936	0.983764860221564
1363	2.25243397442857	0.325589990273188	1.15431045425555	0.28206449059943	0.777894060550233	0.967651531145028
1364	3.39310249735227	0.586253878392833	1.15589609846566	0.507185619166834	0.612024584395891	0.960224561962078
1365	5.95962644235627	0.69156356307177	0.956272784505389	0.723186494771433	0.469565314897006	0.960224561962078
1366	0	NA	NA	NA	NA	NA
1367	6.54256882864718	1.07089338471493	0.951178821420268	1.12585915560641	0.260225140191477	0.960224561962078
1368	8.11445144610241	2.34351069566936	1.02874582776361	2.27802692601332	0.0227249733926632	0.960224561962078
1369	9.24455607035682	2.53807299714695	0.961505752744035	2.63968571160761	0.00829829436597169	0.960224561962078
1370	2.52595525915279	1.3526376568949	1.16093378572714	1.16512903106501	0.24396676716632	0.960224561962078
1371	4.72409143210687	1.49002220282649	1.00158882534032	1.48765857318767	0.136840957945314	0.960224561962078
1372	11.7551013659813	0.500649839791849	0.818863112419969	0.611396254390174	0.540937281736089	0.960224561962078
1373	8.0236641246179	2.3404204607028	1.01194541788946	2.31279317967964	0.0207340129559922	0.960224561962078
1374	2.84880978076607	1.2788587219127	1.12695723337748	1.13478904437214	0.256463717644284	0.960224561962078
1375	5.02299169517123	1.67948525482472	1.10469435284397	1.52031668352516	0.128431402951919	0.960224561962078
1376	25.199227483755	0.451978857517734	0.888758184913732	0.508550993048358	0.611066987361299	0.960224561962078
1377	2.37129345344375	0.238801216030698	1.15928819644527	0.205989517328767	0.836799099678549	0.971869962405711
1378	2.20352356032784	0.835128063389488	1.15501154819393	0.723047370994134	0.469650781322856	0.960224561962078
1379	6.21491024372865	0.954609667946707	1.04553414445586	0.913035382927189	0.361223932687772	0.960224561962078
1380	6.79446288489639	1.64476242361863	1.01923025215091	1.61372998902618	0.10658600615817	0.960224561962078
1381	6.58074748958113	1.35953706806097	0.962518046085056	1.41247956190614	0.157808804421953	0.960224561962078
1382	0.152248748761837	-0.114865815914843	0.895500273327854	-0.128269995371391	0.897935309151685	0.983764860221564
1383	0.733785334180478	0.120912840358349	0.909974780198034	0.132874935646057	0.894292289565372	0.983764860221564
1384	0.77497294862354	0.336365900922834	0.912096208409656	0.36878335620902	0.712289211443036	0.962109640556799
1385	2.30506048631918	0.909209481862553	1.16226141742527	0.782276231690372	0.434052252144993	0.960224561962078
1386	2.4774109941687	1.3804165694991	1.15568464208548	1.19445782978312	0.232298927065241	0.960224561962078
1387	2.34589770336111	1.63516839952098	1.16094897326726	1.40847568426641	0.158990262159847	0.960224561962078
1388	0.836434375900871	0.324556957010261	0.991450207339478	0.327355781064586	0.743398807156819	0.963432919274349
1389	4.55147239306663	-0.07408639724427	0.977977860260345	-0.075754677334462	0.939614274705043	0.994400445557826
1390	1.95795168355391	0.187760023202135	1.15478887878399	0.162592510762529	0.870839284070093	0.983764860221564
1391	0.235237725549933	0.0452731220417752	0.898889601839941	0.0503656088012426	0.959831041789136	0.994400445557826
1392	4.93357876031907	2.38017633530072	1.07203159890059	2.22024830027556	0.0264019172575929	0.960224561962078
1393	3.25352751134743	0.662205498299855	1.16311338329373	0.569338731555653	0.569126287010457	0.960224561962078
1394	1.77791299912928	1.04651422129876	1.15178543699913	0.908601713202206	0.363560401921803	0.960224561962078
1395	4.78104778968934	1.33814324062967	1.02656463070178	1.30351582414728	0.192398717564209	0.960224561962078
1396	6.54116508881325	1.05194195805812	0.878099619469214	1.19797564505721	0.230926498611989	0.960224561962078
1397	14.2554489283414	0.533935260486069	0.822375826071071	0.649259430492946	0.516170703684642	0.960224561962078
1398	12.3112443009419	1.54631035172091	0.822221247758095	1.88064995393533	0.0600195516674476	0.960224561962078
1399	3.81313157580703	0.437355659634892	1.15074078013612	0.380064448209752	0.703897575331382	0.960369878679914
1400	2.95761733042514	1.44284981768257	1.14423745520432	1.26097062381595	0.207319431228069	0.960224561962078
1401	4.38681841273851	1.0623395408563	1.02465781147549	1.03677493984705	0.299840757266155	0.960224561962078
1402	2.36603091527493	0.775788446819143	1.15266789454089	0.673037264673832	0.50092358375504	0.960224561962078
1403	1.64993638285949	0.775033738628558	1.09289616733584	0.70915587572959	0.478227751834385	0.960224561962078
1404	4.21862359720972	0.985461719836812	1.03538026154748	0.951787238404508	0.341204895402964	0.960224561962078
1405	24.9955974841085	0.235067186703386	1.07675465999999	0.218310814371946	0.827186949016907	0.968174360513242
1406	4.41728577587634	0.90060084274042	1.03593769366557	0.869358117044403	0.384651284032304	0.960224561962078
1407	3.44946295837282	1.40500418023467	1.16136099551138	1.20979108620399	0.226359067486888	0.960224561962078
1408	2.37432025829292	-0.470867129502609	1.1498127600431	-0.409516354197494	0.682160767532074	0.960357823831468
1409	3.67955879570978	0.760630272123606	1.05148343915001	0.723387781303034	0.469441675909543	0.960224561962078
1410	2.13058441327131	1.38605729380193	1.16164440500238	1.1931855289219	0.232796720806492	0.960224561962078
1411	7.22556261205751	1.33569975833271	1.01178171559168	1.32014617159948	0.186786219786181	0.960224561962078
1412	13.8322147013829	0.420989431301619	0.816285631395883	0.515737892607162	0.606037485440345	0.960224561962078
1413	1.23830052563607	0.315468150066466	1.14966612627584	0.274399795607073	0.783777400066203	0.967651531145028
1414	3.54654728909191	1.21028952225943	1.09388665871964	1.10641217955436	0.268548156203391	0.960224561962078
1415	4.05143282891323	0.969051574007897	1.11540097167145	0.868792119264298	0.384960844368272	0.960224561962078
1416	3.36838867070484	0.376796528713533	1.13840483182957	0.330986410263184	0.740654750605503	0.963432919274349
1417	7.44805210044356	0.837020619242466	1.01830723472109	0.821972574388834	0.411092506022887	0.960224561962078
1418	12.903449733875	1.97118406901748	0.839940835554978	2.34681299631664	0.0189347553530692	0.960224561962078
1419	3.65439069344788	2.17887701679446	1.10436137098553	1.9729746748114	0.0484984477526866	0.960224561962078
1420	1.23298341342009	-0.308463126494424	1.10783025081985	-0.278438981302547	0.780675399362906	0.967651531145028
1421	3.20581314022451	1.5851121580283	1.16236293422063	1.36369812849472	0.172662593325414	0.960224561962078
1422	3.18917778051683	1.30468005707923	1.10473174288217	1.18099263960263	0.23760564728615	0.960224561962078
1423	8.89950357765911	1.22229128367098	0.897837813789866	1.36137202610298	0.173396151770872	0.960224561962078
1424	1.58185480252349	0.456132905415486	1.15953308394569	0.39337636133964	0.694041526210755	0.960357823831468
1425	3.89378094106212	0.861627509536574	1.12755372710794	0.764156499882771	0.444773985878762	0.960224561962078
1426	6.0355220299131	1.32383527544369	1.03108009001851	1.28393059691408	0.199166240363623	0.960224561962078
1427	3.38696184075364	1.61247084158221	1.11602092212443	1.44483925849055	0.148503041035146	0.960224561962078
1428	4.19618222658904	1.26521307753465	1.06231042986036	1.19100127605917	0.233653083934142	0.960224561962078
1429	2.93452758881994	0.959305078489438	1.12382042011815	0.853610649278456	0.39332075601665	0.960224561962078
1430	4.23179045791284	0.755152166413364	1.0805491265373	0.698859633372991	0.484639756543264	0.960224561962078
1431	6.01527975909605	0.410602975788638	0.937835920821776	0.437819629929347	0.661517039931089	0.960357823831468
1432	0.265968439188598	-0.0451551399898838	0.898608300529543	-0.0502500811123982	0.959923102976742	0.994400445557826
1433	0.597924346340981	0.407922264903079	0.959507498536871	0.425137130793776	0.670736711534811	0.960357823831468
1434	0.62599650387166	0.0973597168828676	0.948622774073214	0.102632700314397	0.918254488774917	0.985959178155533
1435	1.08052588820457	0.405066473094254	1.03063152520101	0.393027443067251	0.694299212392145	0.960357823831468
1436	1.40702306219354	0.306311962174829	1.12518475482526	0.272232591902118	0.785443183122134	0.967651531145028
1437	2.71543002540701	1.19379554302314	1.13207878723536	1.0545163079493	0.291646598294025	0.960224561962078
1438	3.84454948276186	1.60313299403156	1.1353489818183	1.41201781981086	0.157944714295788	0.960224561962078
1439	1.52575979162833	0.517876927785608	1.07899856937921	0.47996071772696	0.631255325547497	0.960357823831468
1440	3.93174555566142	0.381320059927624	0.976047880003216	0.390677617092275	0.696035545572792	0.960357823831468
1441	3.72002249412957	1.75550664134169	1.13953003980833	1.5405531929961	0.123425567252246	0.960224561962078
1442	2.74419147587841	1.49649401275138	1.16150999639122	1.28840390302361	0.197605400809151	0.960224561962078
1443	2.91449717552191	1.50292038592421	1.15067086370646	1.30612535115655	0.191509933129822	0.960224561962078
1444	4.70108771737496	1.21121491689795	1.13502152140561	1.06712947204558	0.285913374929536	0.960224561962078
1445	0.470475451099866	0.248374778215313	0.906158907425509	0.274096271834894	0.784010638811298	0.967651531145028
1446	1.05201203651851	0.285338211097562	0.917653415021417	0.310943332664329	0.755843701461453	0.963432919274349
1447	1.09913051107951	0.631589963257223	1.0410320519748	0.606695982183374	0.54405268905622	0.960224561962078
1448	1.12445808562891	0.649582372435752	1.10291965039783	0.58896617917855	0.555883961576796	0.960224561962078
1449	2.3518967390123	0.355436132055641	1.15729522311289	0.307126587025557	0.758747021513351	0.963432919274349
1450	2.40852157056069	0.777214121912548	1.09172008659008	0.711917030252811	0.476516155673892	0.960224561962078
1451	2.99716720773502	0.845096007736857	1.14262918296262	0.739606532318459	0.459538776840586	0.960224561962078
1452	0.804100548211573	-0.106183052123881	0.99386172428966	-0.106838858493894	0.914916819267506	0.984552517669952
1453	2.90970778433462	0.907890217695658	1.16213123617141	0.781228650807685	0.434668025554199	0.960224561962078
1454	3.12611323918887	1.07289801547067	1.11761380923429	0.959989941611175	0.337060277231373	0.960224561962078
1455	6.23861900311679	1.25918895461902	0.938013564503341	1.34239951560374	0.179466491708161	0.960224561962078
1456	3.99324370564585	0.882485005594969	1.1257242738594	0.783926425046769	0.433083283257087	0.960224561962078
1457	4.74251873135426	1.32073925120924	1.02159358032563	1.2928225829182	0.19607242793895	0.960224561962078
1458	6.52866649945438	1.28930848068257	1.0485567673178	1.22960293697842	0.218845829683967	0.960224561962078
1459	0.221508520735579	-0.122998561103365	0.896740275265759	-0.137161856666819	0.890902859867881	0.983764860221564
1460	1.27364330683448	0.140802534612504	1.03985663789717	0.135405717943234	0.892291103505013	0.983764860221564
1461	2.03027498308392	0.709930050969224	1.16247904858165	0.610703523504719	0.54139587296412	0.960224561962078
1462	0.748569981052186	0.0394607586089712	0.983940427007395	0.0401048249729804	0.968009555125996	0.994400445557826
1463	1.36244039416012	0.559289169285975	1.07055158300772	0.522430846082774	0.601370383799121	0.960224561962078
1464	3.12702706029878	0.7026794862343	1.12018641167503	0.627287993239959	0.530470472423083	0.960224561962078
1465	1.95034953385209	1.20832304006304	1.16119922206597	1.04058202684051	0.298069576316752	0.960224561962078
1466	1.88267292496438	0.96520934710524	1.15921744587116	0.832638734469593	0.405048506598773	0.960224561962078
1467	0.38748647431177	0.156924045196599	0.904110692701294	0.173567292659423	0.862205538486169	0.981495727838689
1468	0.872832599156638	0.0340080491115679	0.998014620129544	0.0340757023250357	0.972816783965806	0.994400445557826
1469	1.49502907798966	0.410457166651875	0.990721193176489	0.414301389209058	0.678653396589104	0.960357823831468
1470	1.25889328304532	0.606553519119359	1.11448567958781	0.544245233679171	0.586272728390516	0.960224561962078
1471	3.87160082131774	0.169156348061863	1.04113291207462	0.162473346198223	0.870933116037465	0.983764860221564
1472	3.07471632272675	0.869143981227309	1.16128807539496	0.748430987661449	0.454200237282165	0.960224561962078
1473	1.94131842347078	0.551060606134219	1.11452505757812	0.49443536723318	0.620998741629714	0.960357823831468
1474	2.43597998018939	0.863108226688093	1.09405229223482	0.788909481579738	0.43016491361571	0.960224561962078
1475	0.360555785711739	0	0.896725806169269	0	1	1
1476	2.48501314387051	0.277735959209248	1.1515513828823	0.241184165411779	0.80941238287751	0.967651531145028
1477	1.06125192335351	0.262978562042572	1.13724146401563	0.231242502462044	0.817126412461064	0.967651531145028
1478	1.05225753567929	-0.20998775672835	1.02085815977636	-0.205697289792297	0.837027375724362	0.971869962405711
1479	1.17946093175962	0.503115437944964	1.03932701630976	0.484078090966336	0.628330449365639	0.960357823831468
1480	1.86151572381935	0.745960060806572	1.15304474470805	0.646948060107979	0.517665559675175	0.960224561962078
1481	1.24658986865405	0.240781103869002	1.04962901962572	0.229396386120175	0.818560844741484	0.967651531145028
1482	7.78993821636435	1.97187337913876	1.07310066626823	1.83754743718132	0.0661291202639091	0.960224561962078
1483	13.2377556837901	0.565464146536255	0.871511115228197	0.648831824007424	0.516447085106827	0.960224561962078
1484	1.57087018069042	0.195269176452304	1.15866920442759	0.168528839556733	0.866167257442631	0.982876974843964
1485	1.51014525089545	-0.801679144474345	1.13186855613396	-0.70827936700758	0.478771787579847	0.960224561962078
1486	1.9455968653719	0.605106391866282	1.16251206321694	0.520516226035379	0.602703821581304	0.960224561962078
1487	6.97467889294856	1.23304218713108	0.920589249745723	1.33940537266936	0.180438741313599	0.960224561962078
1488	2.13679959488169	1.27665426735558	1.13953508843016	1.12032905376728	0.262573565512739	0.960224561962078
1489	1.49360328756658	0.924748305998371	1.14584822450138	0.807042578785489	0.419641952507526	0.960224561962078
1490	1.26269540770851	-0.0125070050524143	1.11570900255703	-0.0112099167648108	0.991055967807042	0.998553317918112
1491	0.900291008785346	0.236650721462865	0.998560037033592	0.236991981139041	0.812663011200478	0.967651531145028
1492	0.58153658541864	0.0375363021331125	0.90585391574474	0.0414374784727319	0.966947134942788	0.994400445557826
1493	1.47075694549762	0.656699382012645	1.12980655537999	0.581249399629991	0.561072378224249	0.960224561962078
1494	0.58153658541864	0.0375363021331125	0.90585391574474	0.0414374784727319	0.966947134942788	0.994400445557826
1495	0.265968439188598	-0.0451551399898838	0.898608300529543	-0.0502500811123982	0.959923102976742	0.994400445557826
1496	0.764516047819143	0.0891013077213321	0.968411072855639	0.0920077333054353	0.926691895367546	0.989848125171808
1497	0.248966930364287	0.194115145085366	0.900265747811008	0.215619827320273	0.829284099361901	0.969095604907115
1498	0.531936878377196	0.139469138779287	0.906196584209849	0.153906052185019	0.877683812011386	0.983764860221564
1499	0.512804534473576	-0.110511324875789	0.944395925671177	-0.117018002589591	0.906845787487244	0.983764860221564
1500	0.514935369552885	0.321321317767404	0.949194328101571	0.338520056699096	0.734971315267676	0.963432919274349
1501	0.360028064683062	-0.112685141446388	0.90035932963082	-0.125155743643589	0.90040025313318	0.983764860221564
1502	1.23499149891901	0.433607099255482	1.04550378876967	0.414735081702327	0.678335847728166	0.960357823831468
1503	0.304497497523674	0.038426170544167	0.901003266920888	0.0426482033472371	0.965981969707258	0.994400445557826
1504	1.14093187342454	0.479770077094987	1.04162599681343	0.460597257137121	0.645087579835351	0.960357823831468
1505	1.05253975754718	0.319300289442781	1.02122032199757	0.312665428375153	0.754534863703678	0.963432919274349
1506	0.570465936712272	0.209561987481722	0.948741510683109	0.220884176693011	0.825182618306658	0.968174360513242
1507	1.01626428387181	0.279851983473638	1.09694780778061	0.255118777291553	0.798631361730944	0.967651531145028
1508	0.498547608630545	-0.0955794574090085	0.903089266411024	-0.105836112734295	0.915712383867595	0.984552517669952
1509	1.39582966390677	0.705041943097561	1.07990355081483	0.65287491884398	0.513836919561678	0.960224561962078
1510	6.50967265684666	0.699521894442414	0.899157161468854	0.777975113160064	0.436583684840994	0.960224561962078
1511	1.66811608332155	0.313816451594508	1.16272842839949	0.269896601759777	0.787239801598681	0.967651531145028
1512	0.235237725549933	0.0452731220417752	0.898889601839941	0.0503656088012426	0.959831041789136	0.994400445557826
1513	1.41469865730955	0.641746762978268	1.06874735163238	0.600466295423404	0.548195516764864	0.960224561962078
1514	3.85725996822596	1.41717639931273	1.12770021342971	1.25669604601974	0.208863720438193	0.960224561962078
1515	0.595265790232995	0.138710854777539	0.907124103659453	0.152912764877443	0.878467069381154	0.983764860221564
1516	0.692511692864121	0.247784221426616	0.964682088975624	0.256855832878304	0.79729006712954	0.967651531145028
1517	9.21022253937861	-0.533806749581163	1.01220719909798	-0.527369050582588	0.597937331540129	0.960224561962078
1518	45.9945337458911	-0.998127846359754	0.822626472045744	-1.21334272635011	0.22499881379723	0.960224561962078
1519	1.92475860880185	0.855405239343385	1.12199239427608	0.762398429532401	0.44582224327755	0.960224561962078
1520	1.40114677612275	1.12340191535122	1.09802827270878	1.02310836913138	0.306256610348737	0.960224561962078
1521	4.41899276814032	0.377652999669347	1.00531657953549	0.375655795753256	0.707172804672942	0.961430490514184
1522	5.81809785570859	1.2056668781757	1.10240144539895	1.09367316525911	0.274098347547918	0.960224561962078
1523	5.56746173538498	1.22637882859603	1.1439868303587	1.07202180658976	0.283710237677294	0.960224561962078
1524	0.443017041471157	0.0347942256023289	0.904019491135855	0.0384883577660607	0.969298313764208	0.994400445557826
1525	6.05562378900078	1.52212756987873	0.987976989320832	1.54065083127603	0.123401789484948	0.960224561962078
1526	3.84393573485989	1.8571350475578	1.13410464737581	1.63753411279549	0.101518917214556	0.960224561962078
1527	3.3785979727239	0.272451621019915	1.08022646579208	0.252217131914224	0.800873236690153	0.967651531145028
1528	1.70386383596824	0.449038716122312	1.10767597602399	0.405388151266168	0.685192219107855	0.960357823831468
1529	0.695256275845401	0.0925340552271746	0.958215308678529	0.0965691681077272	0.923068542311108	0.988690134431294
1530	5.86827985782586	1.88323362276669	1.06635349978081	1.76605002295561	0.0773874569547476	0.960224561962078
1531	1.09372737199025	0.535979785793617	1.02563879794805	0.522581426195975	0.601265568727816	0.960224561962078
1532	1.830257289152	0.669927387379178	1.10669268295919	0.6053418421344	0.5449518850463	0.960224561962078
1533	9.90626150454353	0.840099430526845	0.803868073263306	1.04507127284762	0.295990029963532	0.960224561962078
1534	1.51533961353103	0.307001328465991	1.15823547263894	0.265059511401869	0.790963617271403	0.967651531145028
1535	3.06516276119772	1.59308497011235	1.15870664702356	1.37488204991713	0.169168015087138	0.960224561962078
1536	2.90960288609427	0.697462672031584	1.11542923257181	0.625286348667292	0.531783138004301	0.960224561962078
1537	3.01367771823775	0.681298904349889	1.12810494449559	0.603932203004853	0.545888717677615	0.960224561962078
1538	3.39785516583246	1.12247061210686	1.14347015272619	0.98163525250811	0.326279573773872	0.960224561962078
1539	6.97449737007192	0.557041155301658	0.885123425587022	0.629337264384595	0.529128280082086	0.960224561962078
1540	9.8561267069679	-0.428935218263873	0.861432054633257	-0.497932734168438	0.618531454205721	0.960357823831468
1541	5.15728629166719	1.19105412560932	1.06863386145612	1.11455772511868	0.265039994747124	0.960224561962078
1542	10.4259358904857	1.99371869010081	1.03525857328605	1.92581712583406	0.0541272122845816	0.960224561962078
1543	1.35703725507086	0.476243185300194	1.06113265444012	0.448806455354511	0.653571281578727	0.960357823831468
1544	1.37363379244689	0.125682553654542	1.11424566097491	0.11279608981791	0.910192218433152	0.98397565474519
1545	3.19261165643883	1.71560020275951	1.15392151416708	1.48675640561036	0.137079159198305	0.960224561962078
1546	2.9066988308255	1.49762855607507	1.14287633924428	1.31040297593821	0.190059547421151	0.960224561962078
1547	1.77608223725791	0.892071579206949	1.16243753843478	0.767414634947288	0.442835029920467	0.960224561962078
1548	1.93081221850019	0.68545374488837	1.16250827061529	0.589633435059844	0.555436430891264	0.960224561962078
1549	4.04933871654102	0.687373574343252	1.08623661908468	0.632802800298214	0.526862427874232	0.960224561962078
1550	1.05201203651851	0.285338211097562	0.917653415021417	0.310943332664329	0.755843701461453	0.963432919274349
1551	1.41256782223024	0.409229962682266	1.06821637860033	0.383096506363698	0.701648209919197	0.960357823831468
1552	0.498547608630545	-0.0955794574090085	0.903089266411024	-0.105836112734295	0.915712383867595	0.984552517669952
1553	4.1072456179405	1.81040074014007	1.13045189988057	1.60148409705121	0.109269739536054	0.960224561962078
1554	3.607765316833	1.213297199278	1.15525552326912	1.05024141831812	0.293607131300228	0.960224561962078
1555	27.0988557064615	1.17434485561816	0.955140399378122	1.22949972211704	0.21888450197153	0.960224561962078
1556	2.26486223802478	1.11041947080276	1.14587714916325	0.969056300331687	0.332517099524669	0.960224561962078
1557	2.23150969098523	1.00863857260592	1.16284920555189	0.867385528398947	0.385730808363052	0.960224561962078
1558	5.10717461531258	1.06845901521689	0.97692714943148	1.09369364526175	0.27408936228411	0.960224561962078
1559	2.37326481623557	0.845668010645545	1.14515519376844	0.738474588638633	0.460226103490957	0.960224561962078
1560	25.8735604606508	1.04551037427092	1.02496913342533	1.02004083847573	0.307709092933929	0.960224561962078
1561	1.2179899900947	0.395771032714033	0.947036233907296	0.417904847295182	0.676016688346484	0.960357823831468
1562	0.830503515782927	0.256463412063288	0.912777714361444	0.280970282280285	0.778733193340938	0.967651531145028
1563	1.85848891897018	0.159810765661001	1.16310189132316	0.137400486451963	0.890714246561751	0.983764860221564
1564	2.86604103703566	0.507428163078683	1.16369064060754	0.43605073837645	0.66279991726647	0.960357823831468
1565	1.3284373765115	0.552313871861849	0.967481422703041	0.570878012643118	0.568082336291944	0.960224561962078
1566	9.80477388271839	0.833406207821536	0.836015262091599	0.996879178660524	0.318823159340424	0.960224561962078
1567	2.33137742701724	1.39742379427457	1.16176726965718	1.20284314317697	0.229037025907286	0.960224561962078
1568	5.28510343564949	2.02885312734754	1.09728961358346	1.84896776769975	0.0644624670901902	0.960224561962078
1569	5.33482589227133	1.37697556343668	1.10127702339269	1.25034440398534	0.211173764267405	0.960224561962078
1570	4.60333086545766	0.869730966663714	1.06512236328429	0.81655497682155	0.41418279356461	0.960224561962078
1571	14.5997827080037	-0.26513204786677	1.15420656276771	-0.229709357422992	0.818317623160182	0.967651531145028
1572	6.86276689377703	0.591848664555548	0.905242455738071	0.653801267057229	0.513239850075309	0.960224561962078
1573	1.3179804757071	0.506671911278337	1.05636019932415	0.479639342340332	0.631483866285349	0.960357823831468
1574	0.531936878377196	0.139469138779287	0.906196584209849	0.153906052185019	0.877683812011386	0.983764860221564
1575	2.83118925415883	0.690568561721334	1.14701888468802	0.602055093372909	0.54713746517641	0.960224561962078
1576	1.55597955598082	-0.140955847901321	1.15858212156469	-0.121662370994433	0.903166415392461	0.983764860221564
1577	3.3407918103851	1.34442302535948	1.15292195272214	1.16610063862969	0.2435737584963	0.960224561962078
1578	2.79993081949148	0.756660705242844	1.15929108981796	0.652692591091735	0.513954479843078	0.960224561962078
1579	8.52825485378973	-0.443600160554752	1.06955574606501	-0.414751790345472	0.678323614832028	0.960357823831468
1580	1.46809838938963	0.33551318064833	1.07527700747359	0.312024881324891	0.755021614101392	0.963432919274349
1581	1.07947044614721	0.394607919201761	0.923635266573388	0.427233490840735	0.669209270104614	0.960357823831468
1582	2.2977059354027	0.445250115604702	1.13065432353351	0.393798622918815	0.693729721189069	0.960357823831468
1583	4.91270168141737	1.69290576329099	1.02712346502244	1.64820084531319	0.099311463440781	0.960224561962078
1584	5.38590386415846	0.827966283503248	0.99562694071026	0.831602932432296	0.405633106342173	0.960224561962078
1585	0.476406311217809	0.269813643749324	0.941502970918749	0.28657758082912	0.774435782625528	0.967651531145028
1586	5.33808249517065	1.95260884126269	1.02501143133933	1.90496299022861	0.0567848821441591	0.960224561962078
1587	13.6340666422589	1.50566364073734	0.825254897023958	1.82448313383789	0.068079063895096	0.960224561962078
1588	2.56219401012106	0.0383487880025291	1.16428342847026	0.032937673993106	0.973724289582215	0.994400445557826
1589	29.0477793323926	-0.207609586542243	1.07066974927003	-0.193906278461485	0.846249267505761	0.973500902720151
1590	4.40209615755635	0.63347235075486	1.03788477802095	0.610349399249086	0.541630379913004	0.960224561962078
1591	4.50552051909075	0.966947550123746	1.11756981097537	0.865223398688475	0.386916185046007	0.960224561962078
1592	1.86098800279067	0.665588788608045	1.11698403583726	0.595880305584793	0.551255190857374	0.960224561962078
1593	1.78898364783565	0.902045644133262	1.14620174900808	0.786986797842431	0.431289594619681	0.960224561962078
1594	4.32168180962749	1.89985650137834	1.15157937906545	1.64978336354039	0.0989872526093554	0.960224561962078
1595	0.77497294862354	0.336365900922834	0.912096208409656	0.36878335620902	0.712289211443036	0.962109640556799
1596	0.733785334180478	0.120912840358349	0.909974780198034	0.132874935646057	0.894292289565372	0.983764860221564
1597	3.21774303599364	0.573429929865189	1.16087175164834	0.493964926832759	0.621330949545698	0.960357823831468
1598	2.62700118682255	1.28140068058173	1.15367464106312	1.11071235768943	0.266692181284728	0.960224561962078
1599	2.30150596044133	0.318203541556044	1.16281365986801	0.273649641845593	0.784353880876883	0.967651531145028
1600	1.58713519203237	0.940740741335898	1.14616962799143	0.820769211084814	0.411777739227314	0.960224561962078
1601	2.93570578045769	0.798929605563631	1.16307893012298	0.686909189799486	0.492139955490582	0.960224561962078
1602	4.3249520140129	0.800044896717296	1.01410182811229	0.788919686898251	0.43015894852332	0.960224561962078
1603	4.38593613364582	0.00820839513239198	0.974579154511168	0.00842250226099815	0.993279894935128	1
1604	7.23490739713285	1.45535424574275	1.04091297238341	1.3981517037014	0.162067516309313	0.960224561962078
1605	0.443017041471157	0.0347942256023289	0.904019491135855	0.0384883577660607	0.969298313764208	0.994400445557826
1606	1.18011140236869	0.151271940123038	1.14213904927493	0.132446167757832	0.894631399704318	0.983764860221564
1607	1.61811140483182	0.108477115675527	1.16149971906369	0.0933940093958633	0.925590549527865	0.989846166465647
1608	5.69728486524164	1.47830441667244	1.01974995588728	1.44967343037164	0.147149608359045	0.960224561962078
1609	1.2179899900947	0.395771032714033	0.947036233907296	0.417904847295182	0.676016688346484	0.960357823831468
1610	1.05201203651851	0.285338211097562	0.917653415021417	0.310943332664329	0.755843701461453	0.963432919274349
1611	1.83050278831279	0.068671488366653	1.14504722590369	0.0599726254194068	0.952177437185105	0.994400445557826
1612	1.52894606876499	0.807299268985662	1.14025538560769	0.707998645895822	0.478946098379568	0.960224561962078
1613	0.0692597719737415	0	0.892865066800151	0	1	1
1614	2.32366510919412	0.920601392667446	1.14708902937702	0.802554439185437	0.422232311063041	0.960224561962078
1615	2.79016111200326	-0.015742856075828	1.13064460007759	-0.0139237883192894	0.988890783234104	0.997629600318072
1616	6.14336543426907	2.06377014145351	1.02388635917496	2.01562421743414	0.0438392854439079	0.960224561962078
1617	4.77916455339537	1.4156721445177	1.13528920821464	1.2469704937511	0.212408316795353	0.960224561962078
1618	3.21422523282289	1.30528322384679	1.15940131683788	1.12582520382743	0.260239513739772	0.960224561962078
1619	3.42200454874412	1.32040104843661	1.16115344004306	1.13714605055783	0.25547723561618	0.960224561962078
1620	2.05115206198561	1.02376264827633	1.12389138466948	0.910908885183238	0.362343383707058	0.960224561962078
1621	7.4065864633817	2.19099374788131	0.966066179781715	2.26795409438345	0.0233320047640668	0.960224561962078
1622	0.850286330295619	0.0867536324719598	1.07341125991015	0.0808204978949277	0.935584706431594	0.994400445557826
1623	3.96385065593243	1.67589357788845	1.13920189419964	1.4711120007976	0.141260830078763	0.960224561962078
1624	3.46813365715646	-0.204505610027431	1.10129458236772	-0.185695647015493	0.852683442129386	0.977390919310389
1625	6.67696623272463	-1.17607613394477	0.907720741856669	-1.29563650990194	0.195100744471646	0.960224561962078
1626	0.978140196985017	0.57092381426909	1.09178964586512	0.522924737774645	0.601026628917896	0.960224561962078
1627	1.35969581117884	0.811598737194172	1.12284543746912	0.72280539254228	0.46979945384508	0.960224561962078
1628	3.47385364119617	0.621883127001777	1.10538638998126	0.562593435777982	0.573711762908979	0.960224561962078
1629	2.06593670885732	1.22346134394026	1.15842498645608	1.05614205342993	0.290903319971892	0.960224561962078
1630	55.3397700162672	0.287346210410666	1.11331465470733	0.258099728765543	0.796329940903557	0.967651531145028
1631	1.19158702252334	0.248366945285887	1.05161047076614	0.236177702856974	0.813294780695772	0.967651531145028
1632	15.5967268425098	0.433067624052534	0.828255402120664	0.52286724957508	0.60106663687008	0.960224561962078
1633	5.36404268898907	0.60506903187643	0.9692881555102	0.624240612491486	0.532469579024034	0.960224561962078
1634	0.235237725549933	0.0452731220417752	0.898889601839941	0.0503656088012426	0.959831041789136	0.994400445557826
1635	1.28990831817642	0.706891044678768	1.05639578607126	0.669153601329385	0.503397500523674	0.960224561962078
1636	0.443017041471157	0.0347942256023289	0.904019491135855	0.0384883577660607	0.969298313764208	0.994400445557826
1637	3.04849277840749	0.586479998097455	1.16373313078009	0.503964339061413	0.614286436798159	0.960224561962078
1638	0.304497497523674	0.038426170544167	0.901003266920888	0.0426482033472371	0.965981969707258	0.994400445557826
1639	1.67948680523586	0.326215574062577	1.13867092479983	0.28648801594712	0.77450437088847	0.967651531145028
1640	21.638270059873	1.02866417756806	0.985085321070075	1.04423866193706	0.296374983671656	0.960224561962078
1641	14.0992197112618	0.67739910435594	0.828752029134855	0.817372483616222	0.413715595642433	0.960224561962078
1642	21.8175176638024	1.20219664544961	1.04524361560957	1.15015928104809	0.250078273793169	0.960224561962078
1643	1.75825293419698	0.751950365907211	1.10094898640251	0.683002005718996	0.494605575139484	0.960224561962078
1644	14.4150008748338	1.41445384151111	1.0034894273193	1.40953537028253	0.158676922324486	0.960224561962078
1645	27.5275811900414	0.892153413864748	1.02087011964915	0.873914709318124	0.382164703573565	0.960224561962078
1646	5.74913605731824	0.468225252996744	0.90243442025832	0.518846846358892	0.603867546758402	0.960224561962078
1647	1.0141334487925	-0.107860359162044	1.1305078742607	-0.0954087641650264	0.923990155039381	0.988690134431294
1648	0.67825476702109	0.2105483614314	0.909708055700274	0.231446077796161	0.816968271833659	0.967651531145028
1649	0.817424781577644	-0.290627975426607	1.0640896483123	-0.273123581164009	0.784758220464107	0.967651531145028
1650	3.99884303972971	2.05026130361997	1.1251354343852	1.82223512029046	0.06841931780106	0.960224561962078
1651	4.43233587287344	0.572488871784146	1.01193200173829	0.565738479266127	0.571571573208161	0.960224561962078
1652	1.39901594104344	1.01486296669324	1.13647795444934	0.892989576014235	0.371862754951815	0.960224561962078
1653	1.16245942293531	0.447391604426647	0.938631536374754	0.476642417273335	0.633616773190614	0.960357823831468
1654	17.1351268444445	0.627364287565929	0.870957261742594	0.720315812409338	0.471330571170587	0.960224561962078
1655	3.89031034243302	-0.513349676112561	1.03421879855933	-0.496364673343455	0.619637144528075	0.960357823831468
1656	0.691983971835444	0.285542714746565	0.910358685248223	0.313659571082917	0.75377960979158	0.963432919274349
1657	1.19077707962678	-0.206629142816822	1.03757652042932	-0.199145931647841	0.842148592470231	0.97257593634364
1658	16.4717836731246	0.625992728876013	0.840365071637519	0.744905696349582	0.456328731279756	0.960224561962078
1659	14.7649476063543	1.61950509349719	0.814108763164319	1.98929819549222	0.0466682987478433	0.960224561962078
1660	20.9611934249191	1.26991249984428	0.947170449932206	1.34074336877293	0.180003788576108	0.960224561962078
1661	0.221508520735579	-0.122998561103365	0.896740275265759	-0.137161856666819	0.890902859867881	0.983764860221564
1662	1.16331866999807	-0.422023455679704	1.03678734414875	-0.407049196791851	0.683971855340025	0.960357823831468
1663	0.304497497523674	0.038426170544167	0.901003266920888	0.0426482033472371	0.965981969707258	0.994400445557826
1664	2.5509638891272	0.529774319283655	1.16178658966847	0.455999685307808	0.648390204509601	0.960357823831468
1665	23.6478378675724	0.207464937742387	0.989792661445877	0.209604441236537	0.833976413039079	0.971150936719616
1666	4.5816238926948	-0.439622504942312	0.999755588598636	-0.439729979962936	0.660132686285576	0.960357823831468
1667	2.99401765330546	0.596792130421393	1.14690478372854	0.520350197233677	0.602819515093721	0.960224561962078
1668	1.34395852086557	-0.0297346098999175	1.12167164253936	-0.0265091928620047	0.978851201333368	0.994400445557826
1669	3.88965987182395	1.08826215768987	1.09897867640752	0.990248656368214	0.322052595547067	0.960224561962078
1670	1.55599950694542	0.580226862273241	1.13785151882748	0.509931966229781	0.61009912597626	0.960224561962078
1671	10.6705750970806	-0.925795607716441	0.836802827179266	-1.10634856581108	0.268575678581388	0.960224561962078
1672	1.09817786763795	-0.285021611350557	1.13518729933948	-0.251078929015854	0.801753086413347	0.967651531145028
1673	1.23233294281102	0.172146557591298	0.950852784577664	0.181044384980962	0.85633273743831	0.977390919310389
1674	0.895151220196921	0.460700115925007	1.07320892706536	0.42927346605732	0.667724224259501	0.960357823831468
1675	1.79561955260981	1.3588835949178	1.15512195647179	1.17639837707559	0.239435719976067	0.960224561962078
1676	2.76026029222576	1.00895608400502	1.16314171021144	0.867440377339413	0.385700766588398	0.960224561962078
1677	3.90608435545339	1.09661505742532	1.06112367591983	1.03344697918904	0.301394770911116	0.960224561962078
1678	13.8273382543296	1.00904356254902	0.970270694096482	1.0399608776071	0.29835807706111	0.960224561962078
1679	1.59187000917251	0.341691383581125	1.07474409905657	0.317928131804649	0.750539452781666	0.963432919274349
1680	4.84147054665182	0.8640582753431	0.982179044000223	0.879736012106265	0.379002335783093	0.960224561962078
1681	3.45280660817243	1.99250223648093	1.11439428504197	1.78796882147137	0.0737810382010281	0.960224561962078
1682	2.92290926812029	1.01971437602763	1.1616634198532	0.877805359625158	0.380049355403868	0.960224561962078
1683	0.761894214418257	-0.139378067554468	1.0534673062906	-0.132304122512579	0.894743746748851	0.983764860221564
1684	3.58088710265557	0.790052612479168	1.10254929007257	0.71656897300906	0.473640094809907	0.960224561962078
1685	0.456868995865906	-0.242300581652259	0.934326475215279	-0.259331816104676	0.795379233163636	0.967651531145028
1686	3.27698760131836	0.605143044370347	1.12068210467957	0.539977431462039	0.589212596602545	0.960224561962078
1687	2.29031256215457	0.811630318197426	1.16112852457433	0.699001274208612	0.484551234527732	0.960224561962078
1688	6.16693042248034	0.784246087579121	0.944526958807479	0.830305668108487	0.406365984204538	0.960224561962078
1689	4.63745873231122	0.43133269019967	0.966004965666168	0.446511876781314	0.655227535380023	0.960357823831468
1690	5.0409626191796	1.83115545367869	1.054036708868	1.73727863391522	0.0823380010047536	0.960224561962078
1691	9.94008407891307	-0.0633455558875298	0.988505986080333	-0.0640821166280544	0.948904841438378	0.994400445557826
1692	3.74422537149083	1.43532212537159	1.07706037705574	1.33262921554611	0.182653512705928	0.960224561962078
1693	11.6375806304889	0.714460409104399	0.852387817006587	0.838187025729015	0.401925672611057	0.960224561962078
1694	1.47153016568708	-0.277549376880948	1.15922248971125	-0.239427184465756	0.810774352742593	0.967651531145028
1695	2.86817187211497	0.693796486878208	1.16366953364991	0.596214360534194	0.551032033328107	0.960224561962078
1696	1.36022353220752	0.757279315552134	1.12849595233214	0.671051866856188	0.502187488476228	0.960224561962078
1697	1.08008419404919	0.100991385075468	0.925286628942299	0.109146054764578	0.913086646639726	0.98411628791531
1698	1.66279897110557	-0.362698437748639	1.14459115340027	-0.316880343405732	0.751334397691351	0.963432919274349
1699	5.50865676459109	2.38626548570417	1.0859927901057	2.19731245680913	0.0279981386138242	0.960224561962078
1700	3.15643898137925	0.659930151294022	1.10183088730056	0.598939600350851	0.549213162735444	0.960224561962078
1701	6.21829271585991	1.95494285867672	1.03588021056156	1.88722869569728	0.0591295722472552	0.960224561962078
1702	2.81353727472544	1.22662735486717	1.16236697045335	1.05528407641242	0.291295421546901	0.960224561962078
1703	1.05806564621684	0.0784781099704609	1.09122294296015	0.0719175769504752	0.942667501886199	0.994400445557826
1704	3.46924577288552	1.21243738352301	1.15669877623746	1.04818765994277	0.294552154840887	0.960224561962078
1705	13.1419996370572	-0.570976969510719	0.805000886095386	-0.709287380142167	0.478146158188082	0.960224561962078
1706	2.29860190517256	0.749635988451666	1.13598585129109	0.659899053847966	0.50931861143321	0.960224561962078
1707	3.86641172856312	2.16365047702765	1.09744389483254	1.97153630104964	0.048662565060541	0.960224561962078
1708	4.89296817107087	0.302593197960387	1.00101874222755	0.302285247214284	0.76243462363906	0.964051532619563
1709	1.93028449747151	0.741021713221279	1.16306253746974	0.637129723766518	0.524040348785258	0.960224561962078
1710	2.2585610295411	1.43839859571366	1.16041602545031	1.23955423241891	0.215140317809214	0.960224561962078
1711	5.26722380839538	2.42591946663864	1.09173334109693	2.22208058993707	0.0262778597664483	0.960224561962078
1712	6.23505082514798	1.84146495073994	1.11167825905522	1.65647293696734	0.0976260812167458	0.960224561962078
1713	3.15677260703788	0.57779709107786	1.15454630589478	0.500453804345306	0.616755576161845	0.960357823831468
1714	0.304497497523674	0.038426170544167	0.901003266920888	0.0426482033472371	0.965981969707258	0.994400445557826
1715	0.957952411024042	0.434465652642519	1.0081237820916	0.430964590222357	0.666494117631248	0.960357823831468
1716	2.43597998018939	0.863108226688093	1.09405229223482	0.788909481579738	0.43016491361571	0.960224561962078
1717	2.45032293290572	0.695875425025582	1.09494076113425	0.635537053442712	0.525078208421296	0.960224561962078
1718	6.89201934257	0.0591952527019292	0.869573328386975	0.0680739056379916	0.945726802443253	0.994400445557826
1719	9.97629449670674	1.32377668935739	0.839584844663309	1.57670388856084	0.114863675235919	0.960224561962078
1720	26.8907752973053	0.954012904349996	0.982656888403621	0.970850472436866	0.331622744491358	0.960224561962078
1721	2.29770383577815	1.12874187572739	1.16018290433779	0.972899938024559	0.330603035788972	0.960224561962078
1722	3.00500227513853	0.695457232878707	1.1615947447328	0.598709004179149	0.549366951711855	0.960224561962078
1723	4.11231513137114	1.67401692222682	1.05394888533484	1.58832837675518	0.112212103992079	0.960224561962078
1724	3.17553460257577	0.937352662505504	1.12250173828384	0.835056758075581	0.403685752048632	0.960224561962078
1725	5.13047625302301	-0.0998666566137723	0.953305773803756	-0.104758262624695	0.91656762935502	0.98530634848943
1726	3.75698516112112	1.36433665633494	1.08170041376493	1.26128883651461	0.207204801798411	0.960224561962078
1727	1.62566425036744	0.966628516379914	1.14574807094868	0.843665846698344	0.398856157601564	0.960224561962078
1728	1.84504193602371	0.795891229455479	1.153499171686	0.689979888145195	0.49020683504404	0.960224561962078
1729	1.35675503320297	-0.0426345360961875	1.05699483433572	-0.0403356144337087	0.967825560659897	0.994400445557826
1730	2.6316132543823	0.965782062067335	1.15639759737148	0.835164362380706	0.403625172068316	0.960224561962078
1731	0.830503515782927	0.256463412063288	0.912777714361444	0.280970282280285	0.778733193340938	0.967651531145028
1732	0.304497497523674	0.038426170544167	0.901003266920888	0.0426482033472371	0.965981969707258	0.994400445557826
1733	3.81996367557579	1.75151311048153	1.07322365352673	1.63201128182915	0.102677109566069	0.960224561962078
1734	9.23317904956887	1.14517570761814	0.911894959489843	1.25581975829629	0.209181326303222	0.960224561962078
1735	1.511416838912	0.769624720537534	1.08024097428288	0.712456515592226	0.476182129534505	0.960224561962078
1736	2.20862452658462	-0.169779572251367	1.15476325647922	-0.14702543685795	0.883111942786006	0.983764860221564
1737	5.75258568495575	0.620417313864324	0.936311216131315	0.662618692562273	0.507574795335971	0.960224561962078
1738	3.07753435112223	0.603624486409242	1.13967830914654	0.529644621262708	0.596358350664656	0.960224561962078
1739	1.81399227781006	0.0699602570691822	1.09565821681496	0.0638522634116267	0.949087862943491	0.994400445557826
1740	6.76489359115297	1.6467942114503	1.05333597950081	1.56340829849061	0.117956589507598	0.960224561962078
1741	2.44030772625671	1.06829549927447	1.16221045710535	0.919192812922384	0.35799472969558	0.960224561962078
1742	6.55112782103966	1.2499786438185	1.09328572486877	1.14332293506214	0.252904535968782	0.960224561962078
1743	3.28454044685399	1.47915219304081	1.15661946592111	1.27885811766348	0.200947023600604	0.960224561962078
1744	1.74744563599145	1.0637538953368	1.12139854323421	0.948595752825611	0.34282625195083	0.960224561962078
1745	0.803167855734613	-0.219237162347068	0.978040087620756	-0.224159689487165	0.822633048472903	0.968174360513242
1746	3.19028462636493	0.454267852968865	1.16138027334615	0.391144798473316	0.695690208683264	0.960357823831468
1747	3.15036650031387	0.515035840261353	1.09428320172305	0.470660464722826	0.637883221379494	0.960357823831468
1748	1.71972387586191	0.897779743774586	1.14334703188918	0.78522068867504	0.432324187468545	0.960224561962078
1749	1.76418379431492	0.974049236043733	1.15104858604329	0.846227733437397	0.397425713402747	0.960224561962078
1750	0.304497497523674	0.038426170544167	0.901003266920888	0.0426482033472371	0.965981969707258	0.994400445557826
1751	4.91045019638222	1.22281467731818	1.06744141839088	1.1455567080782	0.251978618754384	0.960224561962078
1752	2.6372965157149	0.673841392272829	1.15188476606412	0.584990280386536	0.55855425223773	0.960224561962078
1753	5.22929064662222	1.12738777107818	1.0633790546761	1.06019369680135	0.289056488093695	0.960224561962078
1754	1.73632041323793	0.429513470362144	1.1434856490895	0.375617718249585	0.70720111653338	0.961430490514184
1755	0.567807380604286	-0.0875247260035575	0.904082360071407	-0.0968105671220535	0.922876832005969	0.988690134431294
1756	2.11958194009819	0.110940570477946	1.16012200360169	0.095628365062918	0.923815736371621	0.988690134431294
1757	2.13229032593774	0.647938162908589	1.16314778709171	0.55705575000806	0.577489339403802	0.960224561962078
1758	11.9431870645196	1.04578104461982	0.885449437641748	1.18107370128902	0.237573446225297	0.960224561962078
1759	2.76013754264537	1.30597707438315	1.15689406990433	1.12886487048131	0.25895484205004	0.960224561962078
1760	3.72467128439642	1.45176599037055	1.11979257180742	1.29645974345704	0.194817140658892	0.960224561962078
1761	22.604915744352	0.711191069906665	0.843699804785648	0.842943267110689	0.39926017378011	0.960224561962078
1762	2.23052032483657	0.28642441114537	1.16103526095849	0.246697426664641	0.805142398249529	0.967651531145028
1763	4.78409136628101	1.55590012738193	1.03243308830899	1.50702272621882	0.131804832043495	0.960224561962078
1764	1.47288778057693	0.765699324498442	1.08616913076424	0.70495404703657	0.480838833988664	0.960224561962078
1765	3.02388911988136	1.71479605619753	1.15416188821164	1.48575002667485	0.13734525285571	0.960224561962078
1766	3.39021629342355	0.601165211458598	1.09488401423793	0.549067484446769	0.582959138489791	0.960224561962078
1767	1.47035197404934	0.300981364008912	1.12220243147294	0.268205945351464	0.788540798872124	0.967651531145028
1768	3.03427257527156	0.521522973462229	1.1633271534776	0.448302931727511	0.653934585095387	0.960357823831468
1769	2.10455179406569	0.786159510509559	1.125565026854	0.69845765615773	0.484891030071954	0.960224561962078
1770	3.78564171335218	1.24998515494006	1.09452156172193	1.14203794484738	0.253438247642767	0.960224561962078
1771	4.80716643576826	1.34776218218578	1.00437925257867	1.34188572566139	0.179633050734404	0.960224561962078
1772	5.13752132849456	0.861578754714901	1.00586334549178	0.856556468208573	0.391690052613962	0.960224561962078
1773	1.11338743692254	0.804175071711093	1.11013554556698	0.724393588622891	0.468824134845503	0.960224561962078
1774	3.31310360270624	-0.193493223101049	1.12807468566917	-0.171525188499615	0.863810826363567	0.982183571569429
1775	3.94857501073915	1.43124824124114	1.13434795072579	1.26173652478094	0.207043609397745	0.960224561962078
1776	4.91231456130914	0.65157075709001	0.966695973871968	0.674018279480603	0.50029969233395	0.960224561962078
1777	11.36512107773	2.27009043617536	0.897041873305829	2.53064043466499	0.0113854496983256	0.960224561962078
1778	14.6675736752961	0.938070603228592	0.916726039120188	1.02328347095812	0.306173836566317	0.960224561962078
1779	1.30097896688279	0.44972775572238	0.96127297730306	0.467846039929399	0.639894693771088	0.960357823831468
1780	6.8319858053403	0.582719902246902	1.03292674832088	0.564144459608747	0.572655822722413	0.960224561962078
1781	4.66018022517524	0.865035752047225	0.994997011285237	0.869385276775715	0.38463643342911	0.960224561962078
1782	1.19053158046599	0.288783405468211	0.942136031622422	0.306519861012965	0.759208860214143	0.963432919274349
1783	6.26264563644804	0.697629228670306	0.910391505046825	0.766295846130972	0.443500289367868	0.960224561962078
1784	2.46074101137847	0.22683297394072	1.14557008329814	0.198008814343038	0.843038167423411	0.97257593634364
1785	10.3125309453848	2.14832052958181	0.908117578526436	2.36568543587472	0.0179967281728672	0.960224561962078
1786	2.33028316262824	0.51451621604056	1.15200905165997	0.446625150470108	0.655145733204138	0.960357823831468
1787	1.17680237565163	0.231604821637472	0.940194037514769	0.246337258476641	0.805421170280194	0.967651531145028
1788	7.50382928494749	0.681246398451768	0.864660497719667	0.787877323236566	0.430768466653087	0.960224561962078
1789	1.25731011995929	0.705468481004956	1.06503189111095	0.662391884123839	0.507720103650957	0.960224561962078
1790	0.982875014125159	0.0659462374885581	1.00224422443753	0.0657985707281756	0.947538194165774	0.994400445557826
1791	15.9794302751128	0.650722356784189	0.847161799936278	0.76812051349947	0.442415590831974	0.960224561962078
1792	1.60098714642711	0.635380166723259	1.16163566730494	0.546970263230105	0.584399161963175	0.960224561962078
1793	12.2716922734026	0.400874869601899	0.861759116314362	0.465182046830432	0.641801094257348	0.960357823831468
1794	1.75650819919891	0.490566127974949	1.16237159183421	0.42203898600175	0.672996561390925	0.960357823831468
1795	0.0829889767880956	-0.0973527583078988	0.89331597051287	-0.108979086371877	0.91321907818246	0.98411628791531
1796	11.1977120638498	0.26152229820803	0.925543031992697	0.282560928199061	0.777513434955855	0.967651531145028
1797	3.40325620529718	0.165120480351243	1.08744242698644	0.151842963133994	0.879310795314087	0.983764860221564
1798	2.84863245713852	0.844469009816922	1.13073380437275	0.746832726280236	0.455164538376439	0.960224561962078
1799	6.99530520280851	0.558753430487061	1.05955692558019	0.527346305797679	0.597953123350446	0.960224561962078
1800	4.56138578254063	1.27897752397614	1.01744521492131	1.25704805056758	0.208736236666842	0.960224561962078
1801	1.19690413473932	0.807258152363617	1.11847653009719	0.721747958621421	0.470449450521585	0.960224561962078
1802	0.62325192089038	0.256125421494284	0.952752359021716	0.268826856285377	0.788062925516167	0.967651531145028
1803	1.20797478344568	0.666993730772648	1.11573807830661	0.597804936248984	0.549970096587411	0.960224561962078
1804	0.62325192089038	0.256125421494284	0.952752359021716	0.268826856285377	0.788062925516167	0.967651531145028
1805	2.67727131543766	0.955364317652233	1.16307768133675	0.821410584161681	0.411412436776587	0.960224561962078
1806	1.54279802315974	0.500930543845107	1.15955640446855	0.432001877541002	0.665740048569742	0.960357823831468
1807	4.89406243545988	1.05066384898092	1.08237375084158	0.970703371329917	0.331696012559681	0.960224561962078
1808	2.9643602330642	1.64744903664447	1.14165828318631	1.4430316504572	0.149011555529112	0.960224561962078
1809	6.64226349090561	1.80515713227879	1.03622414121833	1.7420527668429	0.0814992114487096	0.960224561962078
1810	74.6490690024546	-0.513934575481119	1.15661297112542	-0.444344468124929	0.656793555817835	0.960357823831468
1811	3.76270724478537	2.17500706714727	1.09761413951548	1.98157712154418	0.0475265898766374	0.960224561962078
1812	6.53081200665164	0.204873263627014	0.916377652864237	0.223568594221673	0.823093003287106	0.968174360513242
1813	6.9908998120779	-0.308594161241518	0.864799832886654	-0.356838830797929	0.721212464648592	0.963432919274349
1814	1.53760366052416	-0.411551950767721	1.13333336902067	-0.363134062772145	0.716504740448668	0.962423898398307
1815	1.73183109525858	0.147926628495938	1.16037729417648	0.127481491785757	0.89855932107295	0.983764860221564
1816	5.82606932478345	1.08113563582284	0.940034761301175	1.15010176254159	0.250101960530542	0.960224561962078
1817	5.93486331154264	0.643772753016643	0.917695149193376	0.701510467373068	0.482984504559614	0.960224561962078
1818	6.36725028924475	1.40106973764501	0.976275951159734	1.43511651186395	0.151253899065919	0.960224561962078
1819	5.46986123610363	1.20554131950869	0.956203253535717	1.26075843713249	0.207395892582007	0.960224561962078
1820	3.92732758347172	0.989992475110527	1.05159277507665	0.941421906439366	0.346488691761535	0.960224561962078
1821	2.33926179858694	0.769262071237489	1.08631428708318	0.70813951393662	0.478858623530984	0.960224561962078
1822	2.39373482406443	0.173272952322126	1.14416880195844	0.151440025305304	0.879628617908584	0.983764860221564
1823	2.1872585489859	0.28584849856726	1.12412104779037	0.254286225784259	0.799274440377565	0.967651531145028
1824	5.01508947226147	0.974544022430381	1.08989592166265	0.894162463644879	0.371234972537941	0.960224561962078
1825	4.45695630314206	0.520549895111002	1.04105725574872	0.500020428498554	0.6170606931934	0.960357823831468
1826	2.59716644295374	-0.0985538606419343	1.13968227000475	-0.0864748564014453	0.931088942870762	0.991906388037266
1827	2.56142078993159	0.700568640435984	1.16031416992938	0.603774959051495	0.545993269987107	0.960224561962078
1828	2.44014825396921	-0.0130549357995274	1.16048042713399	-0.011249595852098	0.991024310472086	0.998553317918112
1829	6.24575112548862	2.02112978181996	1.03579465245704	1.95128424058339	0.0510232427067899	0.960224561962078
1830	14.4940806874547	0.235020707004517	0.857187731675257	0.274176470707532	0.783949009183234	0.967651531145028
1831	5.80573883827748	1.11600756450917	0.974210775163015	1.1455504219017	0.251981221105153	0.960224561962078
1832	10.7744799365159	0.450971334435685	0.85121492510798	0.529797259344903	0.596252505623066	0.960224561962078
1833	2.70300386143535	1.33301517377999	1.16178800315139	1.14738245718165	0.251223588297626	0.960224561962078
1834	0.747514538994832	0.198709555926464	0.910993435535162	0.218124026118511	0.827332477942099	0.968174360513242
1835	2.95189734638543	0.194551851608802	1.16412918283482	0.167122218459501	0.867273884062417	0.983412901882056
1836	4.89937954767585	1.30066236725845	1.05535595018489	1.23243950728717	0.217784950609351	0.960224561962078
1837	5.79748729756415	2.17227646569988	0.999828453417973	2.17264917624	0.0298067316845583	0.960224561962078
1838	0.969145809310805	-0.0164887482964309	0.999939543298361	-0.0164897452120373	0.98684368311252	0.996499774016602
1839	8.68941718262858	0.800346601438777	0.924345306315212	0.865852399499122	0.386571109536464	0.960224561962078
1840	6.87323954629693	1.64658002761814	1.03714874087178	1.58760259038072	0.112376232090969	0.960224561962078
1841	2.97701614448114	0.633481023044496	1.16280758551643	0.54478576759813	0.585900868381549	0.960224561962078
1842	3.11197906292623	0.625947791058871	1.11009165078	0.563870371080668	0.572842355618923	0.960224561962078
1843	7.83281077248224	0.523738328558946	0.841452422729578	0.62242179642195	0.533664551850803	0.960224561962078
1844	3.55640302345343	0.182153867625571	1.10555734306814	0.164762025929889	0.869131294395863	0.983764860221564
1845	1.02773990402646	0.466797542007569	1.09259981145902	0.427235605490564	0.669207730026403	0.960357823831468
1846	0.794633013555837	0.509904067720952	0.99543932429419	0.512240229290215	0.608482891084273	0.960224561962078
1847	4.70425194392248	1.99177923207415	1.06361128896238	1.87265710014912	0.0611157509461754	0.960224561962078
1848	1.29330337176678	0.265723460213315	1.11661970642491	0.237971315286996	0.81190334225304	0.967651531145028
1849	0.803045106154219	0.114431904023439	0.911094392669132	0.125598296887988	0.900049911166811	0.983764860221564
1850	0.850163580715225	0.411005807118123	0.998269453809874	0.41171830466166	0.680545906788626	0.960357823831468
1851	4.27556108342514	0.31259016663923	1.02350248944794	0.305412219180665	0.760052216535473	0.963432919274349
1852	10.3360739425775	0.555069189930263	0.916421059014404	0.605692311923987	0.544719090174037	0.960224561962078
1853	1.81390625093676	0.420804677818483	1.1406675758021	0.368910878809349	0.712194154305828	0.962109640556799
1854	0.858575673313606	0.0267535666497098	0.910724731156755	0.0293761284111927	0.976564611354817	0.994400445557826
1855	3.34468098194857	0.210741901666717	1.09785982358471	0.191957021415181	0.847775871233503	0.974583501578933
1856	3.76830130898828	0.430399418397516	1.05563127007375	0.407717572033883	0.683481035185677	0.960357823831468
1857	6.42951955979409	1.01524734962294	0.905487221062982	1.12121665110978	0.26219565366575	0.960224561962078
1858	1.03881055273283	0.236309667831003	1.02018122046034	0.231634991011081	0.816821527643819	0.967651531145028
1859	3.24143604366626	1.390380997901	1.10440009354554	1.25894683097803	0.208049537004309	0.960224561962078
1860	4.76837402693234	1.21685797203379	1.011974555001	1.20245905988474	0.22918571882882	0.960224561962078
1861	0.360028064683062	-0.112685141446388	0.90035932963082	-0.125155743643589	0.90040025313318	0.983764860221564
1862	4.11512998951021	1.49182643910682	1.15374657849727	1.29302783376388	0.19600143263595	0.960224561962078
1863	1.05847061766513	0.418140335122118	1.09844049555252	0.380667261280998	0.703450164752773	0.960357823831468
1864	4.06167358375843	-0.0723652287877339	1.0881131666573	-0.0665052413712089	0.94697558493953	0.994400445557826
1865	19.3822835996206	1.82051610379754	0.87363707327745	2.08383567900556	0.0371751167019974	0.960224561962078
1866	2.44861492061475	0.510309251318141	1.15325687223384	0.442494004245281	0.658131768061446	0.960357823831468
1867	0.927344446965771	0.145149974112051	0.997062461615324	0.145577613940953	0.884254841178391	0.983764860221564
1868	6.86465222969555	1.17847656216853	0.896860874413289	1.31400153110645	0.188845688977573	0.960224561962078
1869	7.49504885441685	0.812413128714945	0.964524464387278	0.84229395801903	0.399623432185215	0.960224561962078
1870	2.56472981664865	0.542129328909134	1.15603620096511	0.46895532203623	0.639101571543561	0.960357823831468
1871	6.97240433729726	1.3575604441714	0.909140191232751	1.4932355397583	0.135375542153088	0.960224561962078
1872	1.52375170612941	-0.164009319468551	1.12805607263835	-0.145391105501483	0.884402086829257	0.983764860221564
1873	1.81022687585398	0.848923141773429	1.15891072728881	0.732518149831456	0.463852368883102	0.960224561962078
1874	2.09740391997835	0.415803455049512	1.16146309072872	0.357999714643217	0.720343527097535	0.963432919274349
1875	9.40375127893532	0.79629286024793	0.895516730339335	0.889199311716035	0.373895972673013	0.960224561962078
1876	3.56224785669808	0.413301974268398	1.06673888293006	0.387444369828502	0.698427261396968	0.960357823831468
1877	13.2647556185552	0.0135442343554191	0.870989544686583	0.0155503983234298	0.987593077295187	0.996764931230027
1878	0.940950902199731	0.418768726590972	0.914696463527109	0.457822614702349	0.64707988710313	0.960357823831468
1879	0.720056129366123	0.0318352647518383	0.908475143432937	0.0350425270101937	0.972045830031649	0.994400445557826
1880	4.52727151717316	-0.729743464132995	1.02928030731728	-0.708984189190409	0.478334288463225	0.960224561962078
1881	1.47362427805929	0.072568379321838	1.12326033648184	0.0646051293408341	0.94848840062104	0.994400445557826
1882	4.38827882624415	1.37506560887536	1.04919404569314	1.31059227272581	0.189995551283976	0.960224561962078
1883	6.01764030303443	0.834467413291479	0.894494612124869	0.932892609950108	0.350875418355046	0.960224561962078
1884	1.25991410202012	0.0659616641769346	1.0382697443039	0.063530373044972	0.949344173895172	0.994400445557826
1885	2.91090592693697	0.918070234049193	1.15234647177786	0.796696355248767	0.42562740123425	0.960224561962078
1886	2.82726437991525	0.181551970755422	1.12381532641779	0.161549648316443	0.871660511140602	0.983764860221564
1887	3.14093041848427	-0.0460832337165311	1.15574668401949	-0.0398731264850023	0.968194276017573	0.994400445557826
1888	13.5566517787091	0.84495984190046	0.852665832848885	0.990962472458081	0.321703905187408	0.960224561962078
1889	2.0765656634083	0.561913087199809	1.06263676874765	0.528791308305698	0.59695022785724	0.960224561962078
1890	6.09610850901703	3.05598905336304	1.02671115051922	2.97648374795344	0.00291574535934656	0.960224561962078
1891	5.47093974877712	2.1941815684074	1.13346468226182	1.93581820655313	0.0528899702390931	0.960224561962078
1892	1.41571737665981	-0.606130927926243	1.12690792255855	-0.537870855100633	0.590666210723031	0.960224561962078
1893	3.23307325523407	0.084930843998749	1.08567458340282	0.0782286380257253	0.937646181965488	0.994400445557826
1894	3.19178176257767	0.583178269013216	1.1174070245986	0.521903170621918	0.601737750628471	0.960224561962078
1895	3.17671489383807	0.0768699714980352	1.13145741276564	0.0679388995385526	0.945834272919432	0.994400445557826
1896	5.41545848578393	0.720143183259327	1.13845322258523	0.632562822057813	0.527019171753399	0.960224561962078
1897	5.82041751627699	-0.276603429954448	1.02709448455462	-0.269306703632424	0.787693673936755	0.967651531145028
1898	34.0162939619743	1.41983908278205	1.08371648084217	1.31015732240103	0.190142619925454	0.960224561962078
1899	3.1035848216679	1.98471329808438	1.13267313257808	1.75223834749835	0.0797328322874541	0.960224561962078
1900	6.6352740184739	0.199539657589738	0.889792380303942	0.224254176599689	0.822559529925325	0.968174360513242
1901	5.7016807868422	-0.447208917843801	0.963089442960611	-0.464348271193843	0.642398245036812	0.960357823831468
1902	1.94728600629582	0.628652834067768	1.16301752367912	0.540535994745006	0.588827444664381	0.960224561962078
1903	2.13530035904441	0.403462962087892	1.16379411646586	0.346678984177291	0.728832500386804	0.963432919274349
1904	3.86554931124395	1.57661211267801	1.15581454344215	1.36407014570234	0.172545489751204	0.960224561962078
1905	2.49837200031914	0.34414949788661	1.15751244329591	0.297318184249213	0.766223599988481	0.967651531145028
1906	5.16743789998756	0.0774772716526317	1.07039400312066	0.0723820120691561	0.942297899531541	0.994400445557826
1907	0.539735223073607	0.236523367737852	0.907085870084559	0.26075080159258	0.794284686798392	0.967651531145028
1908	5.51907484306384	1.45364946486041	0.979805570851354	1.48361012440186	0.137912381891351	0.960224561962078
1909	3.60128678472178	0.907430664990921	1.15297008315872	0.78703747672697	0.431259927957184	0.960224561962078
1910	3.52459691679281	-0.203003879839975	1.08516743301396	-0.187071481933575	0.851604587538161	0.97721311504439
1911	2.87058492906217	1.45700561103922	1.15902917077146	1.25709140700007	0.208720538380234	0.960224561962078
1912	3.02143934022706	0.825088414121718	1.1566445854621	0.713346540927334	0.475631344682119	0.960224561962078
1913	0.817952502606321	-0.491675385850994	1.06650850055728	-0.461014033731638	0.64478853663256	0.960357823831468
1914	5.93202422296449	1.38982588782036	1.03722448576855	1.33994704800143	0.180262560769775	0.960224561962078
1915	3.73911913535309	0.0785262013314753	1.1489928988501	0.0683435044812405	0.945512193496643	0.994400445557826
1916	6.05799802361633	1.48603692729242	0.948504230975372	1.56671618192392	0.11718104667136	0.960224561962078
1917	0.470475451099866	0.248374778215313	0.906158907425509	0.274096271834894	0.784010638811298	0.967651531145028
1918	0.969145809310805	-0.0164887482964309	0.999939543298361	-0.0164897452120373	0.98684368311252	0.996499774016602
1919	0.470475451099866	0.248374778215313	0.906158907425509	0.274096271834894	0.784010638811298	0.967651531145028
1920	1.2179899900947	0.395771032714033	0.947036233907296	0.417904847295182	0.676016688346484	0.960357823831468
1921	0.982752264544764	0.293840494012596	0.91503268777212	0.321125679923004	0.748115150301057	0.963432919274349
1922	7.24365838527082	1.92803150379879	1.10034108456804	1.75221259193069	0.079737259244374	0.960224561962078
1923	0.747514538994832	0.198709555926464	0.910993435535162	0.218124026118511	0.827332477942099	0.968174360513242
1924	8.6647421783128	1.18051846827063	1.03991295797925	1.13520892225884	0.256287792035827	0.960224561962078
1925	1.42193045864564	-0.150241176524393	1.15483675052026	-0.13009732887069	0.896489423413609	0.983764860221564
1926	1.97261358084522	0.513533998940024	1.16240100922026	0.441787296179744	0.658643132290808	0.960357823831468
1927	1.74411875793434	0.404437205910438	1.08859733190965	0.371521401031695	0.710249219040899	0.962109640556799
1928	0.595388539813389	-0.230160196818598	0.951061041641327	-0.242003600969072	0.808777372985152	0.967651531145028
1929	1.8407141899564	0.673779248499244	1.03727135211917	0.649568935961353	0.515970704154981	0.960224561962078
1930	2.04440915934655	1.17281721763148	1.16168984975323	1.00957860472019	0.312697224409763	0.960224561962078
1931	1.85097279614165	0.831167852835318	1.15820469486127	0.717634677637768	0.472982569936907	0.960224561962078
1932	0.816774310968573	0.188946786626422	0.912084761802435	0.207159240609426	0.835885498075715	0.971150936719616
1933	3.74394524924748	1.83093494511617	1.14236399917862	1.60275966892571	0.108987724221709	0.960224561962078
1934	6.52612868249331	-0.0238469117332891	0.919637804879559	-0.0259307649237106	0.979312561431577	0.994400445557826
1935	8.80174570571481	1.04065922646307	0.829674436423021	1.25429828951904	0.20973360542517	0.960224561962078
1936	3.38938639956238	-0.361416196056037	1.07739357009977	-0.335454198062986	0.73728248970698	0.963432919274349
1937	5.71942616265438	1.34620905983273	1.0364646566161	1.29884704822247	0.193996424817076	0.960224561962078
1938	5.6762671854195	0.617606960751994	0.986589272690563	0.626002104267458	0.531313561115127	0.960224561962078
1939	1.26456079266242	0.382242717646884	1.12153415046004	0.340821291522948	0.733238120785044	0.963432919274349
1940	7.61762443122193	1.4669655857481	1.09716785391576	1.33704754519789	0.181207117711069	0.960224561962078
1941	1.72790832063955	0.73271134415302	1.15077960447353	0.636708663678678	0.52431462924628	0.960224561962078
1942	5.94549114790987	1.27911035925366	1.02167931162793	1.25196854306029	0.210581326636474	0.960224561962078
1943	3.01816703621711	0.878509899422418	1.16317985783463	0.75526574287303	0.450089549021107	0.960224561962078
1944	4.09045288556988	1.11956612398513	1.13315845342173	0.988004917233276	0.32315023999585	0.960224561962078
1945	6.12633977523106	1.1293018923973	1.03086855832992	1.09548582432938	0.273303852553989	0.960224561962078
1946	0.88460829251923	0.386012062323027	0.98067965243149	0.39361687719935	0.693863918919738	0.960357823831468
1947	2.17647012214742	1.12324349779564	1.15734655131252	0.970533412418087	0.331780678663344	0.960224561962078
1948	0.969550780759087	0.235993893076685	1.00950458233788	0.233771987968745	0.815161997422592	0.967651531145028
1949	0.47153089315722	0.0348437814983333	0.904147307037672	0.0385377263495864	0.969258952535813	0.994400445557826
1950	1.76038376927629	0.956489811610341	1.10438997597519	0.866079765678557	0.386446420633137	0.960224561962078
1951	2.96328693966679	0.579106492659089	1.16288012986259	0.497993282185946	0.618488777134744	0.960357823831468
1952	0.443017041471157	0.0347942256023289	0.904019491135855	0.0384883577660607	0.969298313764208	0.994400445557826
1953	3.26551198116371	0.415108917197395	1.12118476393943	0.370241311288298	0.71120269819737	0.962109640556799
1954	2.25627282179885	0.717117079335769	1.07931362009149	0.664419558862771	0.506421818000826	0.960224561962078
1955	6.14647508676943	0.132616589809697	0.91832140788073	0.144411954977446	0.885175177056366	0.983764860221564
1956	9.31601065369402	1.22496662241624	0.842102652729283	1.45465237337287	0.145765523920844	0.960224561962078
1957	0.830503515782927	0.256463412063288	0.912777714361444	0.280970282280285	0.778733193340938	0.967651531145028
1958	2.67591370054782	0.0532689057823717	1.15011860516711	0.0463160108384054	0.963058378200087	0.994400445557826
1959	4.57997465370007	1.61378652022935	1.11012429603835	1.45369894703538	0.146029790253758	0.960224561962078
1960	3.28531366704345	0.599198777329151	1.13373579615398	0.528517119563339	0.59714046810135	0.960224561962078
1961	0.81730203199725	0.145375046483756	0.986595616169649	0.147350184919896	0.882855622903648	0.983764860221564
1962	2.1872585489859	0.28584849856726	1.12412104779037	0.254286225784259	0.799274440377565	0.967651531145028
1963	1.70664514165662	0.362262727219909	1.16182207108241	0.311805685428586	0.755188202969132	0.963432919274349
1964	3.96897157315381	0.893869613359838	1.10014476374396	0.812501811414224	0.416503747598085	0.960224561962078
1965	2.97011376955459	-0.348225889857249	1.11543242024078	-0.31218914166228	0.754896783722699	0.963432919274349
1966	3.17409306043718	1.31048486072948	1.1578833490733	1.131793510787	0.25772125655835	0.960224561962078
1967	1.32905112441347	0.295210207173674	0.965591361401119	0.305729958836117	0.759810260956283	0.963432919274349
1968	4.98956570271748	0.419323795419383	1.12776871441791	0.371817190935122	0.710028963366482	0.962109640556799
1969	1.6265602201373	-0.210501148845814	1.16170613383269	-0.181199997757893	0.85621059636142	0.977390919310389
1970	10.1238578216857	0.447652331237391	0.838247251258149	0.534033759807142	0.59331817716541	0.960224561962078
1971	1.92509013483593	-0.0658912326845536	1.14933597129199	-0.0573298272484102	0.954282460710999	0.994400445557826
1972	1.85889389041846	0.45689528691452	1.16300696104286	0.392856880671482	0.694425190489636	0.960357823831468
1973	8.16552204848403	0.5748112392644	0.874308645788861	0.657446591696193	0.510893801656339	0.960224561962078
1974	16.9286369678798	1.16665656768036	0.861471480890606	1.35426023212544	0.175653368761865	0.960224561962078
1975	4.44928807753155	2.36232191423666	1.07846966581101	2.19043890535408	0.028492421058685	0.960224561962078
1976	0.443544762499834	-0.116965082952634	0.937876432773929	-0.12471267948027	0.90075101900128	0.983764860221564
1977	1.74992686847189	0.782160017423125	1.11027226000666	0.704475871007022	0.481136471393447	0.960224561962078
1978	1.82772148262441	0.149938147555139	1.09603020567996	0.136801108927577	0.89118800708823	0.983764860221564
1979	1.83397128731734	0.94761944445879	1.1573594357217	0.818777136307599	0.412913577860764	0.960224561962078
1980	0.87169113022599	0.440200282361784	0.9135990465757	0.48183093449114	0.629926052145902	0.960357823831468
1981	2.37616887150434	0.369369911215869	1.16308918758065	0.317576601313094	0.750806125415052	0.963432919274349
1982	0.639848458266408	-0.216580134799103	1.03770946299852	-0.208709800306998	0.834674789085824	0.971150936719616
1983	1.85530264183351	0.0325521562451453	1.10248061639382	0.0295262844181536	0.976444856142779	0.994400445557826
1984	2.54769158511724	0.640701909518214	1.16019404652308	0.55223685334216	0.580786088009679	0.960224561962078
1985	0.816774310968573	0.188946786626422	0.912084761802435	0.207159240609426	0.835885498075715	0.971150936719616
1986	1.57814080435815	0.280006122885401	1.07311748877384	0.260927741663535	0.794148230940571	0.967651531145028
1987	1.99357668662021	0.504891012286851	1.05418850687774	0.478938073212561	0.6319826844012	0.960357823831468
1988	2.65021577763269	0.155180650130542	1.14603713321617	0.135406301971256	0.892290641770435	0.983764860221564
1989	12.1739899955324	1.08871056440103	0.826939489933378	1.31655408606589	0.187988137619481	0.960224561962078
1990	3.06626750742126	-0.142834584673229	1.13628641619539	-0.125702976500837	0.89996704565244	0.983764860221564
1991	3.47897665804209	1.15829300918954	1.12897433009499	1.02596930533583	0.304906052585228	0.960224561962078
1992	5.12864969040074	1.55893243082162	1.10599778267711	1.40952581934492	0.158679744363636	0.960224561962078
1993	1.59341644955144	0.15692068480416	1.10155879409568	0.142453299492728	0.886721964699704	0.983764860221564
1994	2.97898750727296	1.19745082681925	1.15608521620758	1.03578076255258	0.300304434323756	0.960224561962078
1995	2.14635315641072	0.673597538110993	1.12843470524449	0.596930894610379	0.550553519557606	0.960224561962078
1996	2.94159991786853	1.06117823311753	1.16070468678015	0.914253423117717	0.360583698495767	0.960224561962078
1997	7.2533325967557	2.18799266059689	1.06363188512953	2.05709577832978	0.0396770137291423	0.960224561962078
1998	2.59150103296119	1.01870893748903	1.14676389021433	0.88833363709999	0.374361311045484	0.960224561962078
1999	4.00998401419874	2.46267730265361	1.10842885966389	2.22177299082629	0.0262986509011333	0.960224561962078
2000	6.8104268030034	2.77208803859983	1.05002325515552	2.64002537561824	0.00828998197777841	0.960224561962078
2001	10.7691282012173	-0.193425006883015	0.824010377098776	-0.23473612985802	0.814413543531276	0.967651531145028
2002	8.26094138849289	2.05957100237002	1.06431972253936	1.93510555029092	0.0529773445721602	0.960224561962078
2003	2.46744719131042	0.469840854652099	1.15895364972048	0.405400901723219	0.685182848261629	0.960357823831468
2004	1.84197840846744	0.177064382229221	1.1427454191501	0.154946481746486	0.876863508986866	0.983764860221564
2005	2.32382458148162	0.587825480766992	1.15470121604753	0.509071500573179	0.610702107358013	0.960224561962078
2006	0.277039087894966	0	0.895746859427921	0	1	1
2007	1.32141225200456	0.0282047172717032	1.15502859970243	0.024419063977264	0.980518342004389	0.994811769559818
2008	0.781026558321877	0.0922536749266548	1.06743723960438	0.0864253854969931	0.931128267717179	0.991906388037266
2009	3.63682264126324	1.02929644254146	1.10336623252986	0.932869261533796	0.35088747486049	0.960224561962078
2010	1.23870549708435	0.64474351625145	1.12589917355814	0.572647650334344	0.566883289353584	0.960224561962078
2011	15.4462144555017	1.66565022940645	1.07105777237726	1.55514508401304	0.119911519715214	0.960224561962078
2012	0.830503515782927	0.256463412063288	0.912777714361444	0.280970282280285	0.778733193340938	0.967651531145028
2013	4.58826399671806	1.84163337506598	1.14165240756578	1.61312967314868	0.106716338379683	0.960224561962078
2014	2.85153861203184	0.910481848729384	1.11970687838757	0.813143034398895	0.416136055549852	0.960224561962078
2015	4.33549704131514	0.694073407086727	1.01772105475909	0.681987862824578	0.495246625521261	0.960224561962078
2016	1.60621296188883	0.0686267269441111	1.07674475991346	0.0637353711845573	0.949180939858584	0.994400445557826
2017	6.86218879795029	1.79835847753877	1.08568824365843	1.65642253938282	0.0976362797339801	0.960224561962078
2018	3.24838772275901	0.836064001741085	1.13315870160533	0.737817218856144	0.460625528344619	0.960224561962078
2019	6.02145919944011	1.13568099325533	0.929464513183326	1.22186589928617	0.221758342897922	0.960224561962078
2020	6.55340027706641	1.54439083536797	1.09799294140907	1.4065580725738	0.159558473084939	0.960224561962078
2021	1.55055964514905	0.363116288677804	0.99904242092967	0.363464334517349	0.716258050747706	0.962423898398307
2022	2.61406515316226	0.656207492829324	1.16289280654041	0.564288891580243	0.572557540119747	0.960224561962078
2023	3.7964122888506	1.16296411013105	1.14619437241505	1.01463079746297	0.310281853005632	0.960224561962078
2024	3.61397629919428	0.920141757784469	1.07885157685187	0.852890033742615	0.393720289001248	0.960224561962078
2025	2.20720083578608	1.1433852062709	1.16073253536433	0.985054843760383	0.324597132435009	0.960224561962078
2026	4.54209606597407	1.19083802674736	1.06978568348387	1.11315569569904	0.265641566809587	0.960224561962078
2027	2.3356863017175	0.559463896776061	1.16108795332924	0.481844545171522	0.629916382616425	0.960357823831468
2028	1.99913929799697	0.403172415570038	1.15740261543716	0.348342409281455	0.727583047835739	0.963432919274349
2029	5.60998491412874	1.15496660118424	0.976863334733361	1.18232157981392	0.237078126123132	0.960224561962078
2030	2.36950151390403	0.944605306205276	1.15839852242868	0.815440703623161	0.414820093259643	0.960224561962078
2031	5.47176227313278	1.40566556087866	1.1292532452673	1.24477442661317	0.213214679010328	0.960224561962078
2032	3.54985631580897	0.847873275750909	1.07265389354917	0.79044441161304	0.429268274149413	0.960224561962078
2033	4.53716505383933	0.709331840022507	1.07743001477909	0.658355373706516	0.510309803965305	0.960224561962078
2034	1.15200252213091	0.356873889102614	1.03395150409191	0.345155345961846	0.729977586975313	0.963432919274349
2035	1.97984748180585	0.453017846664428	1.05308677296614	0.430180929334484	0.667064033391901	0.960357823831468
2036	6.60293911118705	-0.102422626761797	0.888108155345004	-0.115326749501595	0.908186136779251	0.983764860221564
2037	10.5873909736318	1.60938862115221	0.834861836718848	1.92773049427841	0.0538886570309897	0.960224561962078
2038	2.73468511889102	0.88912839342867	1.12861003475492	0.787808335960569	0.430808824367625	0.960224561962078
2039	3.16833952394679	1.79879098881796	1.14306682459959	1.57365339462814	0.11556760187637	0.960224561962078
2040	4.50564326867115	0.653462369831744	1.10880421477252	0.58933972393477	0.555633402213914	0.960224561962078
2041	4.22096530836726	1.86363717920447	1.1233341595575	1.65902297490764	0.0971111627892589	0.960224561962078
2042	3.94547266085123	0.150397966485586	1.04289353022988	0.14421219628473	0.88533291037651	0.983764860221564
2043	4.14160430287122	2.17158004130708	1.09494197429507	1.98328321709026	0.0473358029864392	0.960224561962078
2044	14.92129542437	2.81847827905238	1.03104796578548	2.7336053923594	0.00626450713518757	0.960224561962078
2045	10.4834860956104	0.884819474885187	0.809127468464772	1.09354769102578	0.274153401694741	0.960224561962078
2046	2.88554162968047	1.01468018363538	1.15826209683405	0.876036767851481	0.38101004585132	0.960224561962078
2047	6.68350035891	0.469255581554775	1.01962740124227	0.460222607771282	0.645356445146975	0.960357823831468
2048	8.23747709927286	0.601077369889957	0.857990735173213	0.700563939969131	0.483575189022483	0.960224561962078
2049	1.19584869268196	0.778576490430106	1.05791152912727	0.735956144718832	0.461757387334438	0.960224561962078
2050	2.37277381791399	0.8379917827252	1.16118123782841	0.721671824712198	0.470496268618608	0.960224561962078
2051	2.54397548732735	-0.382977797883737	1.13678776386882	-0.336894722177824	0.736196264087314	0.963432919274349
2052	6.46354354843431	0.976806619725597	0.912598253040669	1.07035775761239	0.284458305723118	0.960224561962078
2053	0.608994995047349	0.225248503654954	0.90815747470176	0.248028023695919	0.804112724343113	0.967651531145028
2054	6.03568360182514	0.909631172344138	1.12512593221127	0.808470542098687	0.418819757387739	0.960224561962078
2055	1.92484463567514	0.588074353059797	1.11461780780299	0.527601792240285	0.597775748808119	0.960224561962078
2056	7.87854017932726	1.60111437630351	0.880239717831467	1.81895266013214	0.0689186527437503	0.960224561962078
2057	2.31535791483608	0.0766565738992918	1.16181905340236	0.0659797871921663	0.947393917866745	0.994400445557826
2058	4.86611302750959	0.85558549323328	1.06950478658357	0.799982855585308	0.42372073041914	0.960224561962078
2059	8.76103231785082	-0.0348116489729396	0.833258870416298	-0.041777711835876	0.966675902875602	0.994400445557826
2060	14.6297958044928	-0.439656908337242	0.875522925085209	-0.502164929941101	0.615551509861207	0.960357823831468
2061	13.0675381522836	1.21191891265061	0.961099662553951	1.26097111451496	0.20731925442866	0.960224561962078
2062	7.41385918667399	1.51860813994522	0.977612583860468	1.55338440299983	0.120331326822024	0.960224561962078
2063	7.34718242576948	1.09188650789054	0.903446896059605	1.20857851485551	0.226824814781101	0.960224561962078
2064	0.858575673313606	0.0267535666497098	0.910724731156755	0.0293761284111927	0.976564611354817	0.994400445557826
2065	2.09421764284169	0.245952818626011	1.16324777431034	0.211436311384158	0.832546824764516	0.970722569892313
2066	3.27318757627973	0.795720378298233	1.13978140361104	0.698134199923989	0.485093271841069	0.960224561962078
2067	2.63191332759024	1.19062977143593	1.13550446989588	1.0485469700926	0.294386673643583	0.960224561962078
2068	2.76078801325444	1.06662453982107	1.15421711438276	0.924110833680948	0.355428613318543	0.960224561962078
2069	3.20837829995369	0.169450428703806	1.10359354633426	0.153544236704409	0.877969108026799	0.983764860221564
2070	2.01049216857123	0.985190738649619	1.15351986614824	0.854073490679707	0.393064271075425	0.960224561962078
2071	1.60600418543514	0.681827125995356	1.08728715125866	0.627090208144244	0.530600105325507	0.960224561962078
2072	1.95443388038316	0.908741626894306	1.11696470265225	0.813581328699541	0.415884837765546	0.960224561962078
2073	5.15231855682536	-0.172503094706347	1.01206556609129	-0.170446560466011	0.864658957858846	0.982539053962247
2074	2.97644960112082	-0.1894874247665	1.10582977859383	-0.171353157994581	0.863946084458429	0.982183571569429
2075	1.19077707962678	-0.206629142816822	1.03757652042932	-0.199145931647841	0.842148592470231	0.97257593634364
2076	0.781149307902271	-0.239215211675546	0.99000202207567	-0.241631033413447	0.809066073310388	0.967651531145028
2077	6.64569311697365	0.273842362769163	0.873650978367692	0.313445952159069	0.753941877043055	0.963432919274349
2078	5.89952259138257	2.39617886348328	1.00198507103261	2.3914317016858	0.0167828061661538	0.960224561962078
2079	1.2224404857424	-0.296774707496818	1.14403240546323	-0.259411102412481	0.795318064359657	0.967651531145028
2080	1.14411815056121	0.763457260317745	1.11472709272863	0.684882663476813	0.493417966667927	0.960224561962078
2081	1.33436823662944	0.766228576918212	1.0723605675797	0.714525132761619	0.474902520829906	0.960224561962078
2082	3.57939098646983	0.416401968066233	1.09232304087823	0.381207712813094	0.703049126461123	0.960357823831468
2083	3.42191852187082	1.69665424037579	1.15915558701096	1.4636984537605	0.143276358178114	0.960224561962078
2084	1.16743763961169	-0.292951214221347	1.14092463923351	-0.256766489343377	0.797359040572307	0.967651531145028
2085	4.84009616001947	0.499288316931651	0.989584842195721	0.50454321412585	0.613879702811041	0.960224561962078
2086	2.27278333230158	0.835143900984419	1.1563400981342	0.722230338921874	0.470152873401739	0.960224561962078
2087	2.50916252678216	0.683760953682319	1.16194306695283	0.588463387862425	0.556221301568029	0.960224561962078
2088	1.3158496406278	0.243045036728103	1.05853192227555	0.229605769664105	0.818398123106218	0.967651531145028
2089	2.38433546494194	0.723343111493781	1.13905704541848	0.635036773973011	0.525404431289129	0.960224561962078
2090	0.913492492571023	0.305638542630704	0.914205635826056	0.334321437818019	0.738137015171346	0.963432919274349
2091	3.95960893673841	0.228007900526808	1.15252707188877	0.197833010684206	0.843175717782753	0.97257593634364
2092	3.88628266957365	0.849221041396924	1.05591985981041	0.804247626850587	0.421253977949668	0.960224561962078
2093	2.01061491815162	0.60609253072565	1.16280523199437	0.52123306126351	0.602204425544751	0.960224561962078
2094	4.34869432585172	1.45361236002567	1.0513677745458	1.38259170122809	0.166790095092985	0.960224561962078
2095	10.7319074536059	0.638354543708596	0.798071631952528	0.799871237305886	0.42378540393874	0.960224561962078
2096	3.10041951552284	1.44203352472636	1.15803373455368	1.24524310622275	0.213042401839528	0.960224561962078
2097	0.886156832522709	-0.109110515696595	0.988576171267587	-0.110371379432188	0.912114850334274	0.98411628791531
2098	2.8272664795398	1.28276361599378	1.16233979272461	1.10360466364736	0.26976466727884	0.960224561962078
2099	1.84410924354675	0.455475487601053	1.14213507474429	0.398793012904389	0.690045725813059	0.960357823831468
2100	2.25456480950788	0.590620020626874	1.15602448432437	0.510906151760323	0.609416773345016	0.960224561962078
2101	2.97428941283992	1.84629631919258	1.14698756007078	1.60969166838971	0.107465184734655	0.960224561962078
2102	2.16548550031434	0.823394452666074	1.13628807221061	0.724635304024788	0.468675794529938	0.960224561962078
2103	2.84639672381887	0.326195992636197	1.12591664550439	0.289715934069051	0.772033565266064	0.967651531145028
2104	2.636206450575	0.463363962244134	1.16364191445955	0.39820150553733	0.690481656275365	0.960357823831468
2105	1.59607500565942	0.504508117682618	1.14352168813128	0.441188062210762	0.659076854852548	0.960357823831468
2106	4.08387155484287	0.44093376636049	0.92934980514842	0.474454036486371	0.635176167275323	0.960357823831468
2107	11.8778500671649	0.813948836894591	0.924627038278977	0.880299626982147	0.378697014644199	0.960224561962078
2108	2.08302424455492	0.846479378032048	1.15856453416206	0.730627732053154	0.465006568285522	0.960224561962078
2109	7.97388499432436	1.16035985362313	0.8909482719828	1.30238745627819	0.192783968421688	0.960224561962078
2110	2.7444002523321	0.822004186250305	1.15979497686705	0.708749565781687	0.47847990027159	0.960224561962078
2111	5.06628501303912	0.52466669012618	0.973707662017986	0.538833892955942	0.59000147490115	0.960224561962078
2112	1.2179899900947	0.395771032714033	0.947036233907296	0.417904847295182	0.676016688346484	0.960357823831468
2113	0.816897060548967	-0.109525335054973	0.978790200022722	-0.11189868375514	0.910903740261226	0.98397565474519
2114	0.277039087894966	0	0.895746859427921	0	1	1
2115	0.941564650101702	0.104564091561741	0.912933202869312	0.114536409929117	0.908812585348854	0.983764860221564
2116	1.3433080502565	0.405248359574337	1.06000491108579	0.382308001912208	0.70223292001957	0.960357823831468
2117	1.3434307998369	0.0803202324261303	1.11343746264973	0.0721371743995271	0.942492742381979	0.994400445557826
2118	0.62599650387166	0.0973597168828676	0.948622774073214	0.102632700314397	0.918254488774917	0.985959178155533
2119	1.22416634937343	-0.0632882937858544	1.117852681852	-0.0566159520063069	0.954851127063679	0.994400445557826
2120	1.98254276062094	0.821351364311742	1.16264675204839	0.706449626995182	0.479908568141961	0.960224561962078
2121	0.608994995047349	0.225248503654954	0.90815747470176	0.248028023695919	0.804112724343113	0.967651531145028
2122	4.19677920274851	0.0475671950158445	1.04941035122536	0.0453275450926341	0.963846232188138	0.994400445557826
2123	0.664525562206736	0.128840362194046	0.908671335249894	0.141789838851484	0.887246010398144	0.983764860221564
2124	5.05676496537457	0.643264042283208	0.982596905381095	0.654657101768218	0.512688550706937	0.960224561962078
2125	3.09233684933399	1.7180423694221	1.13241900460177	1.51714370956381	0.129230404653751	0.960224561962078
2126	2.42870935652166	1.22312801691254	1.16212471503842	1.05249290466394	0.292573464157773	0.960224561962078
2127	6.92159493518706	0.621499447703238	0.991250784349247	0.626985075337166	0.530669018331418	0.960224561962078
2128	3.06488053932983	0.788428369839251	1.16147793766591	0.678814762012326	0.497255239121742	0.960224561962078
2129	2.02937691368951	0.757953677286454	1.16305119659918	0.651694164025408	0.514598488152964	0.960224561962078
2130	7.92836963381399	1.20026620123888	0.917542733375833	1.3081311175806	0.190828840594346	0.960224561962078
2131	2.83904217290239	1.71782897890182	1.14895291343614	1.4951256564243	0.134881651157978	0.960224561962078
2132	1.5839489148957	0.641119987307389	1.0943042544964	0.585869957713393	0.557962907251456	0.960224561962078
2133	5.40058571241438	1.43546644000962	1.03753803129663	1.38353139519685	0.166501987696531	0.960224561962078
2134	2.8468405175988	1.7275908007884	1.15325380396218	1.49801439618321	0.134129510183072	0.960224561962078
2135	4.12662346100491	0.980323216150062	1.10298857463217	0.888788187563039	0.374116925438253	0.960224561962078
2136	5.94549744678351	1.28019342598653	1.04689401317046	1.22284912310228	0.221386687711689	0.960224561962078
2137	8.5509133903966	0.666953049053569	0.829159149162855	0.804372779009851	0.421181717173499	0.960224561962078
2138	5.0754933578569	1.69731292852875	1.03403647120877	1.64144396816547	0.100705289239784	0.960224561962078
2139	6.93811493711786	-0.0301730734124128	0.838306076014583	-0.0359929079315034	0.971288013942563	0.994400445557826
2140	1.73317085880837	0.295841158181238	1.14341399839809	0.258734945169211	0.79583975505319	0.967651531145028
2141	1.70664514165662	0.362262727219909	1.16182207108241	0.311805685428586	0.755188202969132	0.963432919274349
2142	4.64976214670249	1.62152739042003	1.09230218111026	1.48450439673372	0.137675157602124	0.960224561962078
2143	1.47721552664424	0.60069044457669	1.14015698923824	0.5268488903252	0.59829852859119	0.960224561962078
2144	54.9814877572141	0.459001588961625	1.11567228169668	0.411412559487082	0.680770046055073	0.960357823831468
2145	8.60104710837468	2.01172707398764	0.9304872924159	2.16201455988123	0.030617053936497	0.960224561962078
2146	0.0692597719737415	0	0.892865066800151	0	1	1
2147	0.608994995047349	0.225248503654954	0.90815747470176	0.248028023695919	0.804112724343113	0.967651531145028
2148	2.38449493722943	0.392676475979134	1.16215044387209	0.337887816547057	0.735447729156426	0.963432919274349
2149	3.79674381488469	0.236712262885101	1.15773574219027	0.204461393268619	0.837992958405757	0.972461242165185
2150	0.608994995047349	0.225248503654954	0.90815747470176	0.248028023695919	0.804112724343113	0.967651531145028
2151	7.06176269810227	0.611355900845752	0.92563793538816	0.660469798690115	0.508952393299448	0.960224561962078
2152	2.42214377751015	1.53944315221664	1.15972998699158	1.32741514790875	0.184371391557848	0.960224561962078
2153	1.20704209096872	0.389656928210022	1.10639435936648	0.352186293170492	0.724698555740574	0.963432919274349
2154	3.75207511997798	0.706635738035393	1.15980066026741	0.609273440034486	0.542343208847921	0.960224561962078
2155	3.62013690675751	0.410212400621289	1.10942074408942	0.369753678040319	0.711566032425049	0.962109640556799
2156	13.6381121664583	1.15530631292074	0.84809810455041	1.36223192425738	0.173124703844566	0.960224561962078
2157	5.13723700700212	0.685033210457045	0.949464178959141	0.721494528848913	0.470605305630943	0.960224561962078
2158	8.88559812881476	0.867605900935103	0.931361308641294	0.931545999265097	0.351571201704534	0.960224561962078
2159	4.85532250104656	0.605141179577785	0.976708517792042	0.619571928118098	0.535539653127149	0.960224561962078
2160	6.75219885740438	0.471562710503534	0.858899879394476	0.54903105916837	0.582984135196662	0.960224561962078
2161	4.30632851977091	0.250205827100717	1.00554639547441	0.248825741136162	0.803495578658104	0.967651531145028
2162	5.78256204977199	1.66540914982194	0.954843209661544	1.74417028154001	0.0811294017658733	0.960224561962078
2163	0.443139791051551	-0.402853297298491	0.934527259914515	-0.431077095959022	0.66641231385751	0.960357823831468
2164	2.4174592845632	-0.438453619078036	1.14856100301107	-0.381741690627303	0.702652973082964	0.960357823831468
2165	3.78521679093929	0.589165201692366	1.04447198865207	0.564079466078076	0.572700051923575	0.960224561962078
2166	3.55122972100052	0.413772850679526	1.16398014570092	0.355481021053293	0.722229260695905	0.963432919274349
2167	2.92709749286471	0.227304800202416	1.16239431702098	0.19554878828465	0.8449633472877	0.973247772378739
2168	2.98217378440962	1.53875880591716	1.15957249299235	1.32700526721386	0.184506940302459	0.960224561962078
2169	2.67897722810409	0.521086560982939	1.14116468524409	0.456626959912872	0.647939197842852	0.960357823831468
2170	4.61371222122331	0.343662160477235	0.99139519765474	0.346644971944798	0.728858055607362	0.963432919274349
2171	2.69314504600849	0.258757484373652	1.13954286857966	0.227071303334266	0.820368297855717	0.968174360513242
2172	2.50928527636256	0.314521407938542	1.16114932333633	0.270870767107567	0.78649042924596	0.967651531145028
2173	3.81471473889306	0.270138155761738	1.09225801878038	0.247320826322131	0.804659942263586	0.967651531145028
2174	3.01751656560803	1.00713019831984	1.12763478240182	0.89313509483513	0.371784830958169	0.960224561962078
2175	2.29571570124384	0.796237422482815	1.16194160883534	0.685264574767155	0.493176981817618	0.960224561962078
2176	2.53593164347015	0.212008939230118	1.15067537181844	0.184247394549755	0.85381938038317	0.977390919310389
2177	5.64083627772325	1.2947769835956	0.968112819759197	1.33742365266649	0.181084388050886	0.960224561962078
2178	2.52681450621555	0.0804369666572661	1.15176063272183	0.0698382670600384	0.944322388811504	0.994400445557826
2179	6.87228900247992	0.82271058282418	0.962636869571318	0.854642709862703	0.392748975564402	0.960224561962078
2180	2.53865837511138	-1.05437289233038	1.15042580688115	-0.916506641300777	0.359401225730923	0.960224561962078
2181	5.57338839625383	0.927203944100976	0.952398069609385	0.97354664366472	0.330281689896583	0.960224561962078
2182	2.06827632039032	0.711944442456179	1.15596636034654	0.615886817193147	0.537969222759053	0.960224561962078
2183	1.16997344613928	0.541155180879589	1.11692189356538	0.484505840558057	0.62802692033895	0.960357823831468
2184	1.37669732000315	0.716939101180617	1.13066585688533	0.634085744090289	0.526024865835379	0.960224561962078
2185	2.54704111450817	0.793246375629489	1.10163114491505	0.720065313413645	0.47148478287062	0.960224561962078
2186	1.45375543667331	0.611181472817638	1.07172518414445	0.570278166324458	0.568489047123759	0.960224561962078
2187	0.971681615838397	0.510186440821387	1.01182665814117	0.504223165812464	0.614104563130436	0.960224561962078
2188	4.26109538112842	0.846007885036736	1.0166920542029	0.832118124204302	0.405342272568684	0.960224561962078
2189	2.27663793138737	1.63564176761291	1.16133930820568	1.40840989024994	0.159009732299732	0.960224561962078
2190	1.2179899900947	0.395771032714033	0.947036233907296	0.417904847295182	0.676016688346484	0.960357823831468
2191	5.16029422514932	1.2473631033173	1.04738910753377	1.19092617475697	0.233682567978507	0.960224561962078
2192	1.9029488374232	0.20211373776111	1.16365275946063	0.173689046081747	0.862109846634801	0.981495727838689
2193	2.26338187355454	0.60413069483536	1.15859286360405	0.521434848956416	0.602063880193807	0.960224561962078
2194	0.512276813444899	0.0357378336801164	0.90502977612536	0.0394880197567844	0.968501304917358	0.994400445557826
2195	1.52322398510074	-0.0180572202566162	1.06948510882687	-0.0168840314910259	0.986529131976799	0.996499774016602
2196	3.87707740582121	1.56614478827878	1.06766947082138	1.46688168115728	0.14240824464336	0.960224561962078
2197	1.56286305954032	0.931006419255303	1.14942540818515	0.809975499606617	0.417954257184971	0.960224561962078
2198	1.19053158046599	0.288783405468211	0.942136031622422	0.306519861012965	0.759208860214143	0.963432919274349
2199	0.77497294862354	0.336365900922834	0.912096208409656	0.36878335620902	0.712289211443036	0.962109640556799
2200	2.05761064313223	1.25743284941023	1.16031197674341	1.08370237885453	0.278496780543461	0.960224561962078
2201	3.76515385418326	0.454133239695565	0.977481016233963	0.464595457255271	0.642221186051534	0.960357823831468
2202	4.17199822059484	0.430811816854258	1.09508235363386	0.393405861599976	0.69401974104099	0.960357823831468
2203	1.5539546987394	-0.0973794642131744	1.12398012267058	-0.0866380661446222	0.930959207239091	0.991906388037266
2204	5.11970987677368	1.75071993926581	1.10298720314112	1.58725317418012	0.112455315948554	0.960224561962078
2205	9.13312141741591	1.50727729455391	0.94653351414908	1.59241830534541	0.111290745852124	0.960224561962078
2206	2.41244434517971	0.529077917087157	1.16264494503921	0.455064049729573	0.649063160570068	0.960357823831468
2207	2.88897340597792	0.460483975825215	1.14577614420892	0.401896983239381	0.687759843010096	0.960357823831468
2208	8.09127986058481	0.567079011846487	0.851801128278354	0.665741090285543	0.505576604550345	0.960224561962078
2209	4.21290361317001	0.137703216210277	1.09083271046161	0.126236786713157	0.899544492688118	0.983764860221564
2210	1.17733009668031	0.238828201040396	1.04025167764591	0.229586941480224	0.81841275503866	0.967651531145028
2211	2.57254601268512	1.58468917525847	1.16019083831981	1.36588664805647	0.171974544169463	0.960224561962078
2212	6.17489872129879	-0.844378367623453	0.920896355796448	-0.916909229044763	0.359190207401785	0.960224561962078
2213	2.86053090008151	0.683661451313816	1.12876979462444	0.605669512569903	0.544734232837723	0.960224561962078
2214	0.811634522380148	0.361043750579388	0.981243220506211	0.367945217897281	0.712914082696925	0.962423898398307
2215	48.2197805606957	1.03493855413953	1.11130490296917	0.931282271296021	0.351707570187171	0.960224561962078
2216	5.914829689402	0.380172102301429	0.944425830803605	0.4025431006879	0.687284375073967	0.960357823831468
2217	2.61948716361857	1.26868371662431	1.16201042019263	1.09180063670513	0.274920739141408	0.960224561962078
2218	1.10872079531564	-0.312562613085114	1.10385635630629	-0.283155150848619	0.777057906412468	0.967651531145028
2219	1.5437307156367	0.766637232304259	1.14800019985672	0.667802350905464	0.504259765728602	0.960224561962078
2220	9.43068191693048	0.643423494565033	0.981753191954458	0.655382126422341	0.512221756286575	0.960224561962078
2221	4.91191060988785	1.57259724217094	1.06258278727593	1.47997620609167	0.13887959667325	0.960224561962078
2222	6.64365777789769	2.5546727497145	1.08031635518843	2.36474504662009	0.0180424868362863	0.960224561962078
2223	3.79171419441756	1.54161706491759	1.09612528699485	1.40642414075138	0.159598215973227	0.960224561962078
2224	2.29942969940918	0.967206450938464	1.15188314686407	0.839674105460805	0.401091136564664	0.960224561962078
2225	3.11678630545358	2.09720491238258	1.13064602974995	1.85487310546378	0.0636143493653518	0.960224561962078
2226	2.35409574962485	-0.380931819073359	1.13983207274738	-0.334199947677541	0.738228683473692	0.963432919274349
2227	6.71386072418293	-0.304797180327418	0.867832353230479	-0.351216659753258	0.725425812599351	0.963432919274349
2228	3.56156066338191	0.804972506980441	1.14773954236479	0.701354686553611	0.483081693296846	0.960224561962078
2229	1.31822597486789	-0.106738977444574	1.11722542104052	-0.0955393382878484	0.923886445712113	0.988690134431294
2230	1.95541587702631	-0.317372767529479	1.15170391443791	-0.275568020175023	0.78287987510493	0.967651531145028
2231	14.8755901171338	1.30528444082417	0.884438135576404	1.47583464384821	0.139988288007096	0.960224561962078
2232	4.336393011085	0.667636261875301	1.12627631655877	0.592781941748716	0.553327094510203	0.960224561962078
2233	1.09647195497153	0.431076504203068	1.02730706151981	0.419617970468663	0.67476455833589	0.960357823831468
2234	4.43221522291759	0.718569150490124	1.01664175528803	0.706806647230957	0.479686643151131	0.960224561962078
2235	2.72025086942045	0.437798584639399	1.14488863396824	0.382394035236395	0.702169114020954	0.960357823831468
2236	2.11020043231574	0.262388258875055	1.15856279771974	0.226477372993059	0.820830155805119	0.968174360513242
2237	8.89875030843424	0.95127416593567	0.904174127171642	1.052091778949	0.292757443585133	0.960224561962078
2238	2.96578602348728	1.29197589597494	1.16209741873448	1.11176212522863	0.266240440476544	0.960224561962078
2239	2.70006308345947	0.391164246574735	1.16300919296747	0.336338052132383	0.736615958151075	0.963432919274349
2240	6.70302197315127	1.20757417803626	0.910882859451362	1.32571841209483	0.1849329863629	0.960224561962078
2241	2.55402741668347	1.16060813997867	1.1609295713119	0.999723125897405	0.317444517266623	0.960224561962078
2242	3.58974298903389	2.10585058313847	1.11630098371146	1.88645411395855	0.0592337862662498	0.960224561962078
2243	2.62332391136431	0.995793198651049	1.14704822867194	0.868135422521843	0.385320201365264	0.960224561962078
2244	2.95054500137655	1.8428029578952	1.13851864134626	1.61859708833239	0.105533981996752	0.960224561962078
2245	2.03566027083313	-0.0874103908209131	1.15478919950203	-0.0756938070243523	0.939662703138235	0.994400445557826
2246	2.82076907606153	0.307237158497425	1.13146064353078	0.27154029638952	0.785975511428054	0.967651531145028
2247	5.58426811984656	0.788066977610917	0.974384731455907	0.808784202143031	0.418639284732722	0.960224561962078
2248	4.69105255976135	1.02985882048351	1.04114051172044	0.989164103106226	0.322582858344775	0.960224561962078
2249	0.473747755109823	-0.0321498079231102	0.903574117813615	-0.0355807091961679	0.971616690412478	0.994400445557826
2250	1.74897422503033	0.00439519475633808	1.16301168177521	0.00377914927701269	0.99698468231635	1
2251	0.913492492571023	0.305638542630704	0.914205635826056	0.334321437818019	0.738137015171346	0.963432919274349
2252	1.71666034830564	0.283978922957566	1.08586795629737	0.261522518747019	0.793689586149394	0.967651531145028
2253	3.22008581778305	1.58593290839572	1.11773645536856	1.41887911124164	0.155934263213959	0.960224561962078
2254	5.45467053818608	1.21056515011343	0.97212189810187	1.24528122705304	0.213028393811791	0.960224561962078
2255	2.95853217156205	0.535800510982103	1.13050165040365	0.47394933991542	0.635536033519217	0.960357823831468
2256	0.152248748761837	-0.114865815914843	0.895500273327854	-0.128269995371391	0.897935309151685	0.983764860221564
2257	2.65878944214312	0.465973580060747	1.16365634958277	0.400439167652738	0.688833080532947	0.960357823831468
2258	4.48682884931552	1.32818478057779	1.07522292427732	1.23526456755048	0.216732056052215	0.960224561962078
2259	4.42204054398108	0.836483800932288	1.10876481181642	0.754428524442373	0.450591948984437	0.960224561962078
2260	10.4865821466246	1.50734742245512	0.971596391960654	1.55141315357639	0.120802705019106	0.960224561962078
2261	2.42895485568245	0.435389516006941	1.15805959940843	0.375964688025857	0.706943148208671	0.961430490514184
2262	1.67853626141884	0.66833540530339	1.14107605043039	0.585706277027992	0.558072915161977	0.960224561962078
2263	3.61351885332339	0.746996244027392	1.16030015777608	0.643795692882731	0.519707927119588	0.960224561962078
2264	2.4508506539344	0.82290325179141	1.14223840981299	0.720430380139415	0.471260050481758	0.960224561962078
2265	2.20135600254143	0.526821619318681	1.07504497278575	0.490046121469259	0.624101262510838	0.960357823831468
2266	1.50928600383269	0.551825175465273	1.07782094216698	0.511982235524037	0.608663442413656	0.960224561962078
2267	3.31233038251678	0.510226445747518	1.1491050305889	0.444020722358195	0.657027601914932	0.960357823831468
2268	1.03840558128455	-0.0166086946604421	1.00959703623742	-0.0164508155871173	0.986874740246477	0.996499774016602
2269	6.8241381564777	1.68807395553165	1.01861309215918	1.65722782136385	0.0974734237366416	0.960224561962078
2270	1.35663228362257	0.210832955776892	1.0496548032639	0.200859325486157	0.840808573047307	0.972547696773971
2271	1.56481657099208	0.490023160088441	1.08399116395461	0.452054570537958	0.651229670101084	0.960357823831468
2272	2.61920494175069	0.53921893039691	1.16249899787315	0.463844641056411	0.642759057388993	0.960357823831468
2273	3.33913832153641	0.960835920660639	1.16292707746016	0.826221986987445	0.408678177984984	0.960224561962078
2274	2.32030677831087	1.52412126474564	1.16193348964283	1.31171127980324	0.189617569415398	0.960224561962078
2275	11.7761662889313	-0.393273053635245	0.752585278415951	-0.522562777819691	0.601278548951268	0.960224561962078
2276	5.83460626658678	1.75145291736843	1.02186244617822	1.71398109786585	0.0865321974190565	0.960224561962078
2277	3.1586946656635	1.34391134108754	1.15884086187719	1.15970310100263	0.24616970720121	0.960224561962078
2278	5.79043066962619	1.69022157992324	1.10609218593392	1.52810190815707	0.126487237795281	0.960224561962078
2279	0.887089524999669	0.0348382858961539	1.00857711533629	0.0345420150491296	0.972444939159375	0.994400445557826
2280	1.93804611946082	0.547057985529054	1.04785093143725	0.522076155220571	0.601617307869865	0.960224561962078
2281	0.290891042289714	-0.595503895881744	0.894269582125077	-0.665910937579507	0.505468028997652	0.960224561962078
2282	3.21814800744192	0.947773151496944	1.14716829674362	0.826184923508881	0.408699199252247	0.960224561962078
2283	1.68960691012521	0.42801635039058	1.09657451149774	0.390321264905183	0.696299000755147	0.960357823831468
2284	1.50034619020564	0.900490770256291	1.09195537603366	0.824658946711879	0.409565245176588	0.960224561962078
2285	2.24585264370155	0.751842672170005	1.16305083155688	0.646440079633986	0.51799439103687	0.960224561962078
2286	3.28981873673831	0.746436449168628	1.09486452105115	0.681761473512717	0.495389789152545	0.960224561962078
2287	5.75712532712829	0.497056295899487	0.99166796192351	0.501232584881901	0.616207444258631	0.960357823831468
2288	4.35909665260896	0.807236552891375	1.04900029468617	0.769529386198002	0.441579106432248	0.960224561962078
2289	6.73730823269477	0.393034566659944	0.89408205160892	0.439595634374574	0.660230003165006	0.960357823831468
2290	5.10992021832085	0.735667734537903	0.990765130861555	0.742524854400334	0.457769398742091	0.960224561962078
2291	3.61828829354609	0.890851642434802	1.12720439257583	0.790319527054956	0.429341185665215	0.960224561962078
2292	4.73491658165245	2.50542995698848	1.05925227482324	2.36528163926443	0.0180163641569707	0.960224561962078
2293	3.87744775418694	1.49740372498011	1.09995356665941	1.36133357840529	0.173408296153618	0.960224561962078
2294	5.33503783898143	2.42028911591903	1.03883604341209	2.32980856918432	0.0198162710623659	0.960224561962078
2295	1.6991657415352	0.97882146789573	1.15362440705523	0.848474999236793	0.396173489996827	0.960224561962078
2296	3.16274018986293	0.621143025811446	1.14311507865617	0.543377510636682	0.5868699067386	0.960224561962078
2297	5.06087028289723	0.870953950939648	1.05826398292016	0.823002544730241	0.410506546316782	0.960224561962078
2298	1.75098231052925	0.859944888612916	1.1549739709388	0.744557808444745	0.456539082007339	0.960224561962078
2299	3.27253710567066	1.11622543778869	1.16104366488605	0.961398327683259	0.33635192481799	0.960224561962078
2300	2.25639557137924	0.535010308003748	1.12380753122652	0.476069338510163	0.634024980166817	0.960357823831468
2301	3.58965169227963	1.33251636624526	1.15284401200263	1.15585140085909	0.24774194416499	0.960224561962078
2302	4.52753906692309	1.09315854377829	1.15619325906198	0.945480814051076	0.344413461299418	0.960224561962078
2303	1.62312844383985	0.351516697384518	1.1578948142399	0.303582581994091	0.761445923217828	0.963432919274349
2304	0.844760441625958	0.322235262926272	0.98847447929928	0.325992496189382	0.744430032468974	0.963432919274349
2305	2.47765649332949	0.445972153601014	1.14206859574529	0.39049506768898	0.696170501821211	0.960357823831468
2306	5.66732947141699	1.59151628526628	1.14000989227613	1.39605480272516	0.162697992807507	0.960224561962078
2307	2.43275488072108	0.128459660377449	1.15223887851448	0.111487003930179	0.911230170714121	0.98399188793431
2308	2.80037251364687	0.995720117929942	1.15106350523505	0.865043599594107	0.387014858972916	0.960224561962078
2309	5.43327310776122	2.81750106948778	1.03711892508518	2.71666151425824	0.00659440107995408	0.960224561962078
2310	10.327787719211	1.74399779047083	0.85763309634596	2.03350103663364	0.0420019289480461	0.960224561962078
2311	1.12179952952092	0.320580855946654	1.03132419995893	0.310843918875773	0.755919279976146	0.963432919274349
2312	4.12016487985829	0.945608564727268	1.14448881118433	0.826227880505655	0.408674835421692	0.960224561962078
2313	7.3559063104057	-0.114651715759364	0.847078242748158	-0.135349617040572	0.892335457243196	0.983764860221564
2314	4.28376649919439	1.7583698258506	1.14497295938778	1.53573043925056	0.12460450630857	0.960224561962078
2315	4.60030406060849	1.94298257440016	1.13064933201469	1.71846612330102	0.0857116284348801	0.960224561962078
2316	5.5081783477286	0.689246591145447	1.06456837741933	0.647442292825082	0.517345731360002	0.960224561962078
2317	2.73712962866436	0.736348196375911	1.14528153049157	0.642940776369512	0.520262529322726	0.960224561962078
2318	3.32148424247848	0.548673570348691	1.08796407837734	0.504312211453726	0.614041997583532	0.960224561962078
2319	1.62640074784981	0.0703660398868779	1.15855598719857	0.0607359857135823	0.951569472115383	0.994400445557826
2320	1.41522637833823	0.735087380241077	1.1264661264071	0.65256057240324	0.514039610857111	0.960224561962078
2321	0.944223206209688	0.357051377980344	1.00463984563773	0.355402365863455	0.722288176705426	0.963432919274349
2322	1.05201203651851	0.285338211097562	0.917653415021417	0.310943332664329	0.755843701461453	0.963432919274349
2323	1.78002388324399	0.789758838873793	1.15650522552159	0.682883934672761	0.494680186264635	0.960224561962078
2324	3.23277318202613	-0.0845027049313008	1.1154507404995	-0.0757565546045184	0.939612781152089	0.994400445557826
2325	2.16307244336714	-0.0254797395847041	1.15517764051246	-0.022056988199149	0.982402496565359	0.995523370577472
2326	3.21422523282289	1.30528322384679	1.15940131683788	1.12582520382743	0.260239513739772	0.960224561962078
2327	4.04949818882851	1.91497211760281	1.12583746242275	1.70093124586729	0.0889558984939024	0.960224561962078
2328	3.08730405861045	1.18541221065697	1.15775639015169	1.02388742635371	0.305888449778737	0.960224561962078
2329	2.28753125646619	1.00650077783967	1.1591066813755	0.868341796326513	0.385207247595749	0.960224561962078
2330	3.00140892692904	0.852561175230696	1.12205194771306	0.759823265730579	0.447360233962349	0.960224561962078
2331	12.1074076599994	1.17373978095072	1.06127785502652	1.10596840911316	0.268740193108938	0.960224561962078
2332	3.56525681020719	0.118884428368302	1.09198366273074	0.108870152938924	0.913305480400678	0.98411628791531
2333	1.9959330698957	-0.497209053289353	1.1610804127338	-0.428229645282413	0.668483934990877	0.960357823831468
2334	7.42809616155242	1.3266775671092	0.932732871762675	1.4223553251662	0.154923125376498	0.960224561962078
2335	3.45644716092357	0.43560113624043	1.08055405390163	0.403127575772426	0.686854375321261	0.960357823831468
2336	10.3283993674884	0.237403945376681	0.867357910784783	0.273709321636184	0.784308013603485	0.967651531145028
2337	9.06199415189801	1.78423569800611	0.951673156754296	1.87484083725897	0.0608146232224429	0.960224561962078
2338	1.752160502167	0.19897896282374	1.16334906596725	0.171039775287309	0.864192490235889	0.982183571569429
2339	1.27744333187311	-0.287448172610175	1.14130492841421	-0.251859223117147	0.801149878957541	0.967651531145028
2340	15.1610150477889	0.177370832002902	0.905260587425036	0.195933452164778	0.844662253662762	0.973247772378739
2341	3.03640131072632	1.29157782451837	1.11558743808662	1.15775579790822	0.246963706357595	0.960224561962078
2342	0.667711839343399	0.389018362742074	1.04818119013628	0.371136561505646	0.710535820460264	0.962109640556799
2343	4.55823832773562	2.30073819078788	1.10519656294476	2.081745698392	0.0373657040858957	0.960224561962078
2344	18.3369117146772	1.48628321979758	0.924114315495794	1.60833264334855	0.107762344983269	0.960224561962078
2345	1.87499942947291	0.143561049770941	1.16370119499958	0.123365903883078	0.901817355551468	0.983764860221564
2346	1.30690982700074	0.626887120419788	1.06585075170193	0.588156568280113	0.556427206429525	0.960224561962078
2347	0.955293854916056	0.173786430675134	0.913856096994912	0.190168267462028	0.84917727624603	0.975523868291262
2348	8.63624299874469	0.347172036668232	0.864120589188945	0.401763412435392	0.687858151127046	0.960357823831468
2349	3.40778434560819	1.18835605098784	1.16246512092897	1.02227243604365	0.306651975349263	0.960224561962078
2350	0.665053283235413	0.0421714242571258	0.964665794913038	0.0437160978232129	0.965130707276558	0.994400445557826
2351	0	NA	NA	NA	NA	NA
2352	1.19371785760265	0.648948595563796	1.10924951433384	0.585033923547419	0.558524906842076	0.960224561962078
2353	5.17719395538483	0.449835011841374	0.959864827733098	0.468644124510474	0.639324032118708	0.960357823831468
2354	3.51646704606231	0.72152684027587	1.08109848695505	0.667401581800446	0.504515655792518	0.960224561962078
2355	3.29983394338733	0.779239361713062	1.09729584025385	0.710145188860639	0.477614106221729	0.960224561962078
2356	5.63464104707747	1.43646183630771	0.972592131624881	1.47694165889236	0.139691276689791	0.960224561962078
2357	0	NA	NA	NA	NA	NA
2358	2.4875289994335	0.179947406706713	1.15062219461937	0.156391392020941	0.875724521863318	0.983764860221564
2359	13.3109309188047	2.1388061053197	0.86410559386599	2.47516752640234	0.0133173691566619	0.960224561962078
2360	1.78657059088845	-0.0626008368043129	1.14383562551694	-0.0547288748556168	0.956354465022328	0.994400445557826
2361	1.75228325174739	-0.241421177593321	1.16385212872298	-0.207432861645592	0.835671820785476	0.971150936719616
2362	2.87515817429027	0.686217850391859	1.13264545250086	0.605854063932099	0.54461166522908	0.960224561962078
2363	0.775500669652217	0.326815556218684	0.976880300738309	0.334550257561426	0.737964373268378	0.963432919274349
2364	0.886034082942315	0.180754999033456	0.913028379971433	0.19797303457217	0.843066161449078	0.97257593634364
2365	1.19053158046599	0.288783405468211	0.942136031622422	0.306519861012965	0.759208860214143	0.963432919274349
2366	0.761243743809186	0.269560377882962	0.911676797149106	0.295675373910909	0.767478005508296	0.967651531145028
2367	0.96902305973041	0.236150609032256	0.914535535958025	0.258219172188729	0.79623776227503	0.967651531145028
2368	1.76217570881601	0.257606854401095	1.16247629433658	0.221601813005666	0.824623871009873	0.968174360513242
2369	1.8728685943936	-0.169076958048325	1.16406660255512	-0.145246807766155	0.884516010494206	0.983764860221564
2370	3.15717757848617	0.947549539520389	1.15901799702418	0.817545147662294	0.413616959577426	0.960224561962078
2371	2.6788544785237	0.930327728114413	1.14529951269111	0.812300815468278	0.416619042756843	0.960224561962078
2372	2.2492476972919	0.191701394951187	1.16134268673494	0.165068758033984	0.868889863124534	0.983764860221564
2373	0.540262944102284	0.159002807215453	0.943610743335444	0.168504659721672	0.866186278159063	0.982876974843964
2374	1.70305389307168	-0.0410299239220911	1.09032754188337	-0.037630824083576	0.969982031256037	0.994400445557826
2375	1.21084211600736	0.0841432290139401	1.14529367045217	0.0734686929516687	0.941433156134097	0.994400445557826
2376	0.304497497523674	0.038426170544167	0.901003266920888	0.0426482033472371	0.965981969707258	0.994400445557826
2377	0.373757269497416	0.0352940451962592	0.902733472703719	0.0390968611040335	0.968813163533667	0.994400445557826
2378	0.29076829270932	-0.121551770734376	0.898360235471129	-0.135304041669466	0.892371489675679	0.983764860221564
2379	4.29455492603286	0.812993677324848	1.15524043441586	0.7037441324809	0.481592131173297	0.960224561962078
2380	0.982752264544764	0.293840494012596	0.91503268777212	0.321125679923004	0.748115150301057	0.963432919274349
2381	1.34543888533581	0.639943964688106	1.06122658457262	0.603022930249928	0.546493435021297	0.960224561962078
2382	3.46940314554846	1.40199480286257	1.08781735668155	1.28881451858742	0.197462577364907	0.960224561962078
2383	3.25405523237611	0.631381901331788	1.16045530404269	0.544081188764649	0.586385604642755	0.960224561962078
2384	3.59988094526329	1.50535675531329	1.12098142561793	1.34289179188091	0.179307014649734	0.960224561962078
2385	8.29735536346416	1.79168706148896	0.942211937110814	1.90157542153729	0.0572266836984675	0.960224561962078
2386	0.595265790232995	0.138710854777539	0.907124103659453	0.152912764877443	0.878467069381154	0.983764860221564
2387	2.75150930408779	0.31043867427394	1.13406374550379	0.273740056945416	0.784284392083127	0.967651531145028
2388	5.99568993073533	1.06187482334044	0.94499604438418	1.12368176528445	0.261148054826737	0.960224561962078
2389	4.92868447089143	1.41645386739688	0.998001239687771	1.41929068929817	0.155814285456951	0.960224561962078
2390	1.53695318991509	0.0680930990336735	1.06976829407812	0.0636521940410966	0.949247171134032	0.994400445557826
2391	2.80323984620854	0.510268592098771	1.14225954563257	0.446718606160731	0.655078245987925	0.960357823831468
2392	3.34049383680171	1.01255403325878	1.09876335966245	0.921539678543566	0.356768735309096	0.960224561962078
2393	0.0829889767880956	-0.0973527583078988	0.89331597051287	-0.108979086371877	0.91321907818246	0.98411628791531
2394	0.443017041471157	0.0347942256023289	0.904019491135855	0.0384883577660607	0.969298313764208	0.994400445557826
2395	0.913492492571023	0.305638542630704	0.914205635826056	0.334321437818019	0.738137015171346	0.963432919274349
2396	5.27644794351487	0.709697271776192	1.0068227400209	0.704888004179821	0.480879935944066	0.960224561962078
2397	5.16932533553063	1.52334801282013	0.995892437141145	1.5296310685852	0.126108074666275	0.960224561962078
2398	8.16606552122822	0.40872839473185	0.865034860849766	0.472499332952126	0.63657041774814	0.960357823831468
2399	0.806231383290882	0.37204179766176	1.06678461984471	0.348750620079165	0.727276537950505	0.963432919274349
2400	2.78521751840943	1.12980207215085	1.13003143709064	0.999797027823954	0.317408744480542	0.960224561962078
2401	2.90220951284615	0.975552507321014	1.12976121195283	0.863503275736243	0.387860819166017	0.960224561962078
2402	6.44307354060545	0.550856884424234	0.930792976904155	0.591814611941315	0.553974737431724	0.960224561962078
2403	4.96097741521074	0.24384926364538	1.00660361401823	0.242249541179337	0.808586809677029	0.967651531145028
2404	1.34871118934577	0.486714867186228	1.0673482326285	0.456003816100038	0.648387234072658	0.960357823831468
2405	1.64266575919175	0.862611387070675	1.14762816375996	0.751647105142934	0.45226330765248	0.960224561962078
2406	0.691983971835444	0.285542714746565	0.910358685248223	0.313659571082917	0.75377960979158	0.963432919274349
2407	0.691983971835444	0.285542714746565	0.910358685248223	0.313659571082917	0.75377960979158	0.963432919274349
2408	2.89934218028447	1.6352369140084	1.1409482465683	1.4332261949013	0.151793206004612	0.960224561962078
2409	4.28617745651704	1.61874662325141	1.05223807231315	1.53838438832848	0.123954657113505	0.960224561962078
2410	10.7159235935	1.41992199410239	1.02308132046651	1.38788771302648	0.16517123987393	0.960224561962078
2411	3.13495025420014	1.61791316957485	1.1526055222272	1.4037006923657	0.160407996208516	0.960224561962078
2412	4.72731126169422	1.87766805829192	1.12953261896825	1.66234071222045	0.0964444791309016	0.960224561962078
2413	0.747514538994832	0.198709555926464	0.910993435535162	0.218124026118511	0.827332477942099	0.968174360513242
2414	0.91676479658098	0.186160967245889	0.996940783497902	0.186732221539496	0.851870591293976	0.97721311504439
2415	3.53507166893726	0.900039371662135	1.08340022749597	0.830754276046603	0.406112457808312	0.960224561962078
2416	5.65509320356628	1.29205104860356	0.972824524566115	1.32814399305962	0.184130542440891	0.960224561962078
2417	2.16682316423959	0.0348294652878843	1.15837003645856	0.0300676503981121	0.976013100302658	0.994400445557826
2418	0.933803028112391	0.0971949555566335	1.12768492849363	0.0861898151697983	0.931315526896376	0.991906388037266
2419	1.10807032470657	0.237338362317498	1.03047775333372	0.230318763844907	0.817844081068603	0.967651531145028
2420	3.85933412963357	-0.000140090702552456	1.05113865582098	-0.000133275188555444	0.999893661785028	1
2421	1.22126229410465	0.358681045024993	1.04298894789757	0.343897263483005	0.730923549922579	0.963432919274349
2422	6.89458669111481	0.29569051463212	0.872667128877661	0.338835398799091	0.734733732650851	0.963432919274349
2423	4.27084513765205	1.32558257956308	1.05244109106704	1.25953137977453	0.207838463305691	0.960224561962078
2424	1.2179899900947	0.395771032714033	0.947036233907296	0.417904847295182	0.676016688346484	0.960357823831468
2425	2.27339708020355	0.534328935368656	1.15545016239387	0.462442217552361	0.643764230201317	0.960357823831468
2426	6.92444030635066	0.39768909373364	0.839624121920892	0.473651343917808	0.635748555477914	0.960357823831468
2427	4.52958387512911	1.49584705221721	1.13750406807715	1.31502567260775	0.188501274552835	0.960224561962078
2428	1.16625944797394	0.466685253192472	1.10601362722522	0.4219525344939	0.673059663367285	0.960357823831468
2429	2.01642302868917	1.04536692572694	1.15915411676942	0.901836011798323	0.367143986742483	0.960224561962078
2430	5.12284157986319	1.05392143406536	1.13848449699835	0.92572313179851	0.354589883386776	0.960224561962078
2431	3.85032404084872	1.63866480869476	1.10731611370461	1.47985276147791	0.138912544582026	0.960224561962078
2432	7.02077337827835	0.798897721323726	0.991299044675578	0.80590990742373	0.420294798217134	0.960224561962078
2433	0.373757269497416	0.0352940451962592	0.902733472703719	0.0390968611040335	0.968813163533667	0.994400445557826
2434	6.10961001540578	0.809066786227501	1.02979462139417	0.78565839189581	0.432067645541083	0.960224561962078
2435	1.67526395740889	0.68751328744445	1.09384911434065	0.628526620747751	0.529659013300858	0.960224561962078
2436	1.81983711105471	0.496682617346932	1.16277639540006	0.427152304872896	0.669268398080846	0.960357823831468
2437	2.5359704658018	1.06290319627775	1.14515150033597	0.928176923285623	0.353315802800909	0.960224561962078
2438	0.861234229421593	0.277593789343574	0.990855649659183	0.280155630579546	0.779358105751278	0.967651531145028
2439	3.2382497665296	1.28162615495129	1.1139998342581	1.15047248261471	0.249949321527699	0.960224561962078
2440	2.66589849389881	-0.00833050042020528	1.1343282181903	-0.00734399469802111	0.99414039268814	1
2441	1.5539914214465	-0.0278800534863891	1.15890250693561	-0.024057289823378	0.980806911236592	0.994811769559818
2442	1.22404359979303	0.267321312497933	1.11178479118787	0.240443397514295	0.809986538417159	0.967651531145028
2443	4.23191320749324	0.476614151040227	1.07072189807132	0.445133467335213	0.656223304272106	0.960357823831468
2444	1.41469865730955	0.641746762978268	1.06874735163238	0.600466295423404	0.548195516764864	0.960224561962078
2445	7.11406715308886	1.0271299532507	1.06138674937268	0.967724492375436	0.333181982685087	0.960224561962078
2446	0	NA	NA	NA	NA	NA
2447	4.79482629866989	0.111579788377601	1.01294063596859	0.110154321403946	0.912286987980646	0.98411628791531
2448	8.00833078572592	1.01146535771088	0.862581387416744	1.17260280880858	0.240955122519915	0.960224561962078
2449	0.803572827182896	0.0361150537279104	0.986822645943805	0.0365973094317973	0.970806088857216	0.994400445557826
2450	1.36182664625815	0.914386371537199	1.07994927053464	0.846693818390676	0.397165805163463	0.960224561962078
2451	1.89847839081089	0.281760306807666	1.1530527388233	0.244360294478122	0.806951790180757	0.967651531145028
2452	2.17433928706811	0.771684612169888	1.13772844249187	0.678267839098525	0.49760188625636	0.960224561962078
2453	0.138519543947483	0	0.892992221742464	0	1	1
2454	0.498547608630545	-0.0955794574090085	0.903089266411024	-0.105836112734295	0.915712383867595	0.984552517669952
2455	5.10119128077203	1.47874503624461	1.10637603182973	1.3365664057265	0.181364210933016	0.960224561962078
2456	0.595793511261672	0.0423451502064342	0.954700603394736	0.0443543767081143	0.964621927944189	0.994400445557826
2457	1.07219982247948	0.52494666777671	1.1031250999641	0.47587229027224	0.634165364387831	0.960357823831468
2458	4.18389876316237	1.29807057847344	1.14160592982628	1.13705661871516	0.25551461748237	0.960224561962078
2459	0.942006344257085	0.399424284820482	1.00415630495568	0.397771027129199	0.690798975813858	0.960357823831468
2460	1.33022931605122	-0.162862970141966	1.12216117250329	-0.14513331429803	0.884605615739153	0.983764860221564
2461	0.67825476702109	0.2105483614314	0.909708055700274	0.231446077796161	0.816968271833659	0.967651531145028
2462	4.65291170113205	2.04376327296716	1.11135852505757	1.83897745586762	0.0659185020188955	0.960224561962078
2463	4.84600916879736	-0.130151798892628	0.983129140086525	-0.132385251932593	0.89467957925562	0.983764860221564
2464	3.37006313054513	0.908742237382049	1.09207175736027	0.832126855453744	0.405337344716609	0.960224561962078
2465	0.82589144822318	0.466853144761183	1.06460821190499	0.438521081784447	0.661008591261191	0.960357823831468
2466	3.2265968227474	0.519930398545148	1.16064251520892	0.447967734881362	0.654176482566873	0.960357823831468
2467	0.553992148916638	0.258304481180627	0.938956483963392	0.275097393321475	0.783241414179608	0.967651531145028
2468	2.5027385687181	1.27329977329352	1.15612897836754	1.10134751149601	0.270745440359891	0.960224561962078
2469	1.98900134176756	0.812533574197025	1.16073837594468	0.700014396901228	0.483918313513377	0.960224561962078
2470	1.05225753567929	-0.20998775672835	1.02085815977636	-0.205697289792297	0.837027375724362	0.971869962405711
2471	3.70638560609647	2.04534565621389	1.12167566728121	1.82347332288265	0.0682317339176107	0.960224561962078
2472	1.12498580665759	0.5766266114123	1.10816810843727	0.520342181860344	0.602825100682972	0.960224561962078
2473	2.14582543538204	0.569512687997951	1.06948071169845	0.532513285904429	0.594370542486786	0.960224561962078
2474	0.348957415976694	0.106459177063523	0.932239140364286	0.114197283136945	0.909081405563869	0.983764860221564
2475	2.54969967061616	1.11269793780854	1.14576673859409	0.971138278262356	0.33147942452691	0.960224561962078
2476	7.13927826064332	0.617357165302087	0.878857642728072	0.702454112347185	0.48239600918352	0.960224561962078
2477	7.88130783292468	2.78450044034057	1.0660090292862	2.61207960143178	0.00899932976137664	0.960224561962078
2478	2.65065957141262	1.56769069354914	1.15785912287975	1.35395633421281	0.175750309113774	0.960224561962078
2479	4.7322894783706	1.19729762126003	1.07114640381479	1.11777215233694	0.263664317916296	0.960224561962078
2480	3.73892821023945	1.50155796208065	1.10264174348551	1.36178225697691	0.173266612691669	0.960224561962078
2481	4.81316757104399	1.35500545320834	1.11589501500632	1.21427682262804	0.224642033173175	0.960224561962078
2482	4.30064315881376	0.916791206084473	1.03887098899073	0.882488023825883	0.37751295334744	0.960224561962078
2483	3.98205030735909	1.36773207035705	1.12634397155085	1.21431117394257	0.22462892030598	0.960224561962078
2484	2.40096872502506	0.332767304792913	1.16251212005044	0.286248460599684	0.774687829620225	0.967651531145028
2485	0.512276813444899	0.0357378336801164	0.90502977612536	0.0394880197567844	0.968501304917358	0.994400445557826
2486	0.608994995047349	0.225248503654954	0.90815747470176	0.248028023695919	0.804112724343113	0.967651531145028
2487	11.44506330767	1.34992848774154	0.857506541632065	1.57424861759336	0.115429983584584	0.960224561962078
2488	4.02415174291207	1.21302408574279	1.08975371758793	1.11311763948621	0.265657908775231	0.960224561962078
2489	6.3647333540842	1.51073088791827	1.03324137776151	1.46212774713999	0.143706206440683	0.960224561962078
2490	1.26838076866566	0.595050500172211	1.06240990434945	0.560095023339023	0.575414624803423	0.960224561962078
2491	2.93964640641677	1.35027767736141	1.15239327894663	1.17171602961418	0.2413110851749	0.960224561962078
2492	7.04826641098962	1.09143500262933	0.893861063318964	1.22103428308731	0.222073039665898	0.960224561962078
2493	5.11961965065129	1.41670521808827	1.00732209269136	1.40640737294178	0.159603192175278	0.960224561962078
2494	3.40369999907711	1.41961378853213	1.11661317246693	1.27135683470022	0.203601731539799	0.960224561962078
2495	4.44287880055113	0.547563230265549	1.03541417394546	0.528834976422093	0.596919932174716	0.960224561962078
2496	1.89200093829722	0.00727293771841638	1.16309648112922	0.0062530820412725	0.995010794895703	1
2497	9.41410430152637	1.34915462969194	0.835205367084551	1.61535675279654	0.106233459992704	0.960224561962078
2498	10.3326274345915	1.86818154469328	0.925810360490158	2.01788792221357	0.0436029351944439	0.960224561962078
2499	2.25627282179885	0.717117079335769	1.07931362009149	0.664419558862771	0.506421818000826	0.960224561962078
2500	4.07799316914753	1.19858317076369	1.04367337622753	1.14842746597226	0.250792140580473	0.960224561962078
2501	5.16589145960863	1.08427397063114	0.982354470254342	1.10375022811309	0.269701500674623	0.960224561962078
2502	1.68225025958418	0.782618310425036	1.15419617515328	0.678063510582247	0.497731425435583	0.960224561962078
2503	1.09965823210819	0.715462229091766	1.10855600820035	0.645400163635628	0.518667897395779	0.960224561962078
2504	3.48598183158444	0.0736451383580533	1.07415569759268	0.0685609530565277	0.945339100642667	0.994400445557826
2505	5.10332211585134	1.59856615118203	1.111562283587	1.43812557765407	0.150398426541478	0.960224561962078
2506	4.94890580930309	1.67821966875317	1.13837288941871	1.47422666540321	0.140420572579058	0.960224561962078
2507	4.61433333863078	1.92282643414526	1.05295534832472	1.82612343173387	0.0678316714258528	0.960224561962078
2508	1.82089255311206	0.316043385835996	1.16317825135892	0.271706752999181	0.785847508434662	0.967651531145028
2509	5.44311099078269	2.49640396855976	1.0659314143228	2.34199305416452	0.0191810718871261	0.960224561962078
2510	18.5029168742786	0.992525475805142	0.932121538747377	1.06480264058584	0.28696524996014	0.960224561962078
2511	0.961138688160706	0.723333893389209	1.09249220832875	0.662095242304508	0.50791018474508	0.960224561962078
2512	5.11173210882517	0.447114236170452	0.983451542138504	0.454637790488597	0.649369842658863	0.960357823831468
2513	3.61936368656804	1.17523707920669	1.13965691148576	1.03122006927027	0.302437631335934	0.960224561962078
2514	6.3773703941341	1.81815628452982	1.08684006309679	1.67288301771767	0.0943503275763254	0.960224561962078
2515	2.86090124844724	0.668907207556917	1.14427324484424	0.584569472869189	0.558837239083767	0.960224561962078
2516	0.33522821116234	-0.0418649387507463	0.900701487033666	-0.0464803704150891	0.962927379314178	0.994400445557826
2517	1.28737251164883	0.210241780417158	1.04186553385339	0.201793584282964	0.840078097376369	0.972547696773971
2518	2.10124066772408	0.0355284412664974	1.15898189602688	0.0306548716492406	0.975544781438693	0.994400445557826
2519	5.22295271543144	0.0542044775567647	0.950952996542828	0.0570001648386662	0.954545063834027	0.994400445557826
2520	1.92975677644283	0.711418125227985	1.15266214398254	0.617195705560331	0.537105647956583	0.960224561962078
2521	0.279697644002952	0.115462503078568	0.926346004506369	0.124642954702542	0.900806220610962	0.983764860221564
2522	1.42075226700789	0.391751241884008	1.12893212505319	0.347010447475351	0.728583469955361	0.963432919274349
2523	1.49567954859873	0.175662813590379	1.1239002657155	0.156297510507793	0.875798518551805	0.983764860221564
2524	2.58148582631217	1.29521327992285	1.16053341890254	1.11604996360007	0.264400748370855	0.960224561962078
2525	6.71740164857469	0.96019394449764	0.907169720543924	1.05845016952497	0.289850257258373	0.960224561962078
2526	2.98231228570552	0.901076451004573	1.13745718743579	0.792184937558754	0.428252849927026	0.960224561962078
2527	2.38681678661345	0.231346211459216	1.14157168547469	0.202655877333728	0.839404012268503	0.972547696773971
2528	0.927749418414054	0.396745740431047	1.00102810050336	0.396338264861441	0.691855502288049	0.960357823831468
2529	2.0710376751141	-0.00833260351215937	1.1613606735276	-0.00717486281574295	0.99427533684981	1
2530	5.84293233231187	1.73736673529625	1.03277247906311	1.68223570100582	0.0925231438350735	0.960224561962078
2531	3.02675645244304	1.17249699730516	1.14453337733985	1.02443233244128	0.305631116928996	0.960224561962078
2532	3.43229987763647	1.22089585646305	1.10853212709731	1.10136262776611	0.270738863951189	0.960224561962078
2533	2.70300386143535	1.33301517377999	1.16178800315139	1.14738245718165	0.251223588297626	0.960224561962078
2534	3.38465368204679	1.04519050143379	1.13333810771245	0.922223027992433	0.356412253790745	0.960224561962078
2535	4.12399952797948	1.30269677523099	1.06559550354327	1.22250588605087	0.221516379377282	0.960224561962078
2536	4.69112181489214	0.15408744343911	1.11223359909996	0.138538741828875	0.889814653250122	0.983764860221564
2537	4.82114323936795	1.71576392186233	1.09611322221041	1.56531632599261	0.117508756948359	0.960224561962078
2538	4.50976223828477	1.01363940433333	1.06435962125027	0.952346729522335	0.34092116612765	0.960224561962078
2539	2.42818163549298	1.07495582927685	1.14805434820656	0.936328346263481	0.349104157800009	0.960224561962078
2540	9.6616076481286	0.718139481568462	0.89053401668864	0.806414430117774	0.420003929289708	0.960224561962078
2541	2.05180253259468	0.820135223659763	1.16292518777886	0.705234723848565	0.480664175343199	0.960224561962078
2542	2.12433460857838	0.663315214465527	1.16264958011097	0.570520323416982	0.56832484179413	0.960224561962078
2543	8.84350824572819	-0.0580010260668547	0.962429769907816	-0.0602652036339339	0.951944415030572	0.994400445557826
2544	0.930494001395334	0.275364958440386	1.00111448558424	0.275058409807832	0.783271363707193	0.967651531145028
2545	2.70059080448815	0.335795136178561	1.16373093132493	0.2885504949123	0.772925383948571	0.967651531145028
2546	2.17340659459115	0.477800636218466	1.11913149614595	0.426938780531072	0.669423918266959	0.960357823831468
2547	0.941564650101702	0.104564091561741	0.912933202869312	0.114536409929117	0.908812585348854	0.983764860221564
2548	3.70052190148477	1.05243938816937	1.08607347306759	0.9690314829224	0.332529481366238	0.960224561962078
2549	1.10872079531564	-0.312562613085114	1.10385635630629	-0.283155150848619	0.777057906412468	0.967651531145028
2550	3.86848798959528	1.44064074910213	1.06835654352467	1.34846438469805	0.177509067790208	0.960224561962078
2551	8.17967827533582	1.73088189093756	1.05864345420657	1.63499985198966	0.102049078650115	0.960224561962078
2552	0.747514538994832	0.198709555926464	0.910993435535162	0.218124026118511	0.827332477942099	0.968174360513242
2553	10.4034567681652	1.62297445946709	0.829900181353815	1.95562610532213	0.0505092153429722	0.960224561962078
2554	2.88610607341624	0.980536115168277	1.14472527072984	0.856568942994613	0.3916831557397	0.960224561962078
2555	2.9112920270182	0.699156060978184	1.13809837432132	0.614319532259338	0.539004197898686	0.960224561962078
2556	7.3767716704775	1.26509068486405	0.904241826573477	1.39906233895193	0.161794290030004	0.960224561962078
2557	3.23369227301701	2.18228108500672	1.13026057657373	1.93077696439	0.05351064025226	0.960224561962078
2558	2.78280656108678	1.0631893385288	1.152030558598	0.922882931007207	0.35606821668346	0.960224561962078
2559	1.04199682986949	0.479841599260764	1.09971375950573	0.436333177713837	0.662595013440972	0.960357823831468
2560	2.67633652333616	1.41012901944067	1.15574050989063	1.2201086726415	0.222423681315211	0.960224561962078
2561	38.343531064078	1.43028987590326	1.10813276150636	1.29072068400809	0.196800549673479	0.960224561962078
2562	2.81251855537519	1.04699909863028	1.16262924435042	0.900544265265966	0.367830679716536	0.960224561962078
2563	1.27404827828276	0.40172401514559	1.0513290026386	0.382110656262076	0.702379287935032	0.960357823831468
2564	1.13880103834524	0.243792008735238	1.10087233616426	0.221453478960763	0.8247393557254	0.968174360513242
2565	1.19053158046599	0.288783405468211	0.942136031622422	0.306519861012965	0.759208860214143	0.963432919274349
2566	12.9225599855503	0.11272577479699	0.999639220490787	0.112766458624589	0.910215710821633	0.98397565474519
2567	6.59090114692117	-0.187239485663764	0.92793338160113	-0.201781172416371	0.840087801030921	0.972547696773971
2568	2.3219392455631	-0.352834322309962	1.14918324363413	-0.307030514293066	0.758820146166596	0.963432919274349
2569	3.60644232502571	0.637462737908711	1.07580519137936	0.592544768343587	0.553485851594209	0.960224561962078
2570	5.66491431484525	0.258219768617243	0.96423365348981	0.267797921886131	0.788854870416576	0.967651531145028
2571	6.54848291702263	0.445984746683603	0.928180470860953	0.480493568529751	0.630876475282059	0.960357823831468
2572	11.0425781401519	0.485756948842598	0.883937553655461	0.549537630609521	0.582636547375261	0.960224561962078
2573	14.9078357514322	-0.578708571333485	1.00764984829413	-0.574315147581467	0.565754560648061	0.960224561962078
2574	3.18423101666659	0.68148893735343	1.15482502943575	0.590123109547088	0.555108116614214	0.960224561962078
2575	0.608994995047349	0.225248503654954	0.90815747470176	0.248028023695919	0.804112724343113	0.967651531145028
2576	6.9875803035263	1.32460995927921	1.01553216111355	1.30435057598448	0.192114078410054	0.960224561962078
2577	8.04500913122503	1.86959359863375	0.915353785443269	2.04248196529649	0.0411037465742881	0.960224561962078
2578	2.05761064313223	1.25743284941023	1.16031197674341	1.08370237885453	0.278496780543461	0.960224561962078
2579	1.88304327333011	0.706464645774364	1.11096144678431	0.635903836104512	0.524839102205081	0.960224561962078
2580	4.03152516519559	0.615107341116394	1.03421772380927	0.594756139791151	0.552006489507793	0.960224561962078
2581	1.15571652029625	0.542942903728401	1.11747598443447	0.485865388868444	0.627062609348335	0.960357823831468
2582	1.99700846291766	0.15622689723439	1.1636881775771	0.134251511912468	0.893203693935527	0.983764860221564
2583	2.54834205572631	0.265737066294832	1.16351792416657	0.228391037882103	0.819342256091518	0.968174360513242
2584	8.91218997248007	0.731863187845009	0.988115348873299	0.740665741787654	0.458896135999525	0.960224561962078
2585	4.89300489377797	0.26459093635717	0.96872167292105	0.273134114527789	0.784750123763177	0.967651531145028
2586	1.80570293479207	0.10873737220105	1.14957783893696	0.0945889599799541	0.924641319176224	0.989161973476171
2587	5.19241609716282	1.15580501399934	0.997117644703484	1.15914608485646	0.246396643688285	0.960224561962078
2588	2.05761064313223	1.25743284941023	1.16031197674341	1.08370237885453	0.278496780543461	0.960224561962078
2589	3.88017448582816	0.488387080124817	1.11992725464973	0.436088217424055	0.662772725549635	0.960357823831468
2590	5.36238818011339	0.6140325150196	1.02321561223828	0.600100807371775	0.548439054539126	0.960224561962078
2591	16.809125938658	1.4082541092935	0.865042856137695	1.6279587760324	0.103533627167409	0.960224561962078
2592	4.55112507673083	2.3275748794604	1.07156173797953	2.17213324903625	0.0298456137295512	0.960224561962078
2593	8.00368301548607	2.72276727974956	1.02299629671826	2.66156122801626	0.0077779193588116	0.960224561962078
2594	4.23967482948255	0.574582900175053	1.12787759770307	0.50943728410352	0.610445747965636	0.960224561962078
2595	3.98952760785597	-0.0213049938812953	1.03811841459105	-0.0205227010539911	0.983626403066476	0.995791185549766
2596	4.1362683192882	1.04771585000262	1.05845165828394	0.989857063194814	0.322243988716802	0.960224561962078
2597	4.69740834229217	1.7694818415013	1.06338193521446	1.6640134488879	0.0961097417991935	0.960224561962078
2598	4.13871282906153	-0.276780607062699	1.05306563553302	-0.262833196453709	0.792679147742421	0.967651531145028
2599	7.1833520790151	0.770878796689632	0.860072934721677	0.896294681030849	0.370095399144737	0.960224561962078
2600	3.84622394260215	2.1847273875757	1.09349530098668	1.99793029344012	0.0457242178509525	0.960224561962078
2601	2.53343465927421	0.54867933781405	1.13665639423496	0.482713457291854	0.629299206700326	0.960357823831468
2602	0.443017041471157	0.0347942256023289	0.904019491135855	0.0384883577660607	0.969298313764208	0.994400445557826
2603	2.05106603511232	1.48763485367338	1.15513775016032	1.28784195085558	0.197800985806618	0.960224561962078
2604	4.62561276379084	1.20879825439297	1.05182059016669	1.14924376428246	0.25045547944716	0.960224561962078
2605	2.84414523878372	0.159165669792671	1.13950471179344	0.139679694296449	0.888913070709806	0.983764860221564
2606	3.11537621614113	1.04769593995612	1.15830556848304	0.90450738428912	0.365726420600812	0.960224561962078
2607	7.98421494629927	1.09462827988466	0.898456500659628	1.218343101843	0.223093617287555	0.960224561962078
2608	1.73038955311999	0.345669300079348	1.08714165247323	0.3179616007656	0.750514064628642	0.963432919274349
2609	7.16378224020519	0.968413408109294	1.06201112747691	0.911867477707145	0.361838483641374	0.960224561962078
2610	0.982997763705553	-0.213266422028465	1.01277572065179	-0.210576159834493	0.833218016872108	0.971150917386215
2611	5.94554675094971	1.28873466716373	1.08419941347356	1.18865095401119	0.234577048101028	0.960224561962078
2612	0.207779315921225	0	0.89458842635355	0	1	1
2613	3.41818247311633	0.161646186665164	1.0929414147517	0.147900138546664	0.882421578864977	0.983764860221564
2614	8.30541495903686	0.998138459353991	0.845771273687007	1.18015176254777	0.237939860367624	0.960224561962078
2615	8.34880578334157	2.11246510021101	1.06956335897411	1.97507242790854	0.0482599292742634	0.960224561962078
2616	5.22467857906247	1.18599276742158	1.0222901628543	1.16013320925461	0.245994575107128	0.960224561962078
2617	3.67288616822852	0.515795456975807	1.13175980091295	0.455746401806933	0.648572350397438	0.960357823831468
2618	2.1792147051287	0.883846248439146	1.13732260804806	0.777128883383451	0.437082734699118	0.960224561962078
2619	1.12986122471818	0.59595076979185	1.04554995960487	0.569987846412495	0.568685941275232	0.960224561962078
2620	2.87042335715013	1.16003730727731	1.12509054819718	1.03106128581039	0.302512081092207	0.960224561962078
2621	15.4265691132923	1.23707362638304	0.812265771356971	1.52299120559565	0.12776090566655	0.960224561962078
2622	5.95679262365907	0.686398310426749	0.902642593359249	0.760431997644016	0.446996402918155	0.960224561962078
2623	3.8712346722011	0.751680364878075	1.10739037088781	0.6787853539628	0.49727387506815	0.960224561962078
2624	9.53099031812519	1.20012546715443	0.897575983045852	1.33707395231533	0.181198498647032	0.960224561962078
2625	0.62325192089038	0.256125421494284	0.952752359021716	0.268826856285377	0.788062925516167	0.967651531145028
2626	3.51002631625575	1.92178552867679	1.12014546614983	1.71565710593139	0.0862248199012651	0.960224561962078
2627	2.00216610284614	0.849829098265923	1.1309366414938	0.751438292019105	0.452388924972188	0.960224561962078
2628	5.54074299349505	2.10816093373365	1.00129647835966	2.10543128763148	0.0352537826842372	0.960224561962078
2629	1.7474277846514	0.331861096010145	1.16210806604985	0.285568189142842	0.775208870636277	0.967651531145028
2630	5.59562309004536	0.889671561563862	0.921418893059073	0.965545169808911	0.334271823086979	0.960224561962078
2631	1.6346040639945	0.443087716584371	1.10131335703662	0.402326652767215	0.687443642019651	0.960357823831468
2632	1.16298714396399	0.536006610138586	1.03568906638966	0.517536225430155	0.604781887821629	0.960224561962078
2633	0.539735223073607	0.236523367737852	0.907085870084559	0.26075080159258	0.794284686798392	0.967651531145028
2634	1.19053158046599	0.288783405468211	0.942136031622422	0.306519861012965	0.759208860214143	0.963432919274349
2635	0.443017041471157	0.0347942256023289	0.904019491135855	0.0384883577660607	0.969298313764208	0.994400445557826
2636	6.03092571406886	1.09482424142181	0.9722818220043	1.12603590506804	0.260150321855677	0.960224561962078
2637	2.16499450199277	0.836559035707708	1.1585129754702	0.722097251753421	0.470234687754414	0.960224561962078
2638	4.49390219839111	0.7593692658573	1.07093754357556	0.709069609532948	0.478281280966528	0.960224561962078
2639	4.19447841354716	0.99596888230696	1.15592815471039	0.861618326578862	0.388897582716211	0.960224561962078
2640	4.08705783197953	1.62413227160935	1.1539439321614	1.40746203203067	0.159290428173125	0.960224561962078
2641	8.48107132334703	1.28360954511437	0.917131476892821	1.39959163702805	0.161635639732544	0.960224561962078
2642	0.54566608319155	0.260042985771886	0.94571800762757	0.274968842376418	0.783340176121213	0.967651531145028
2643	42.6674337578387	0.583805839859517	1.08334581572297	0.53889148911321	0.589961730141539	0.960224561962078
2644	5.4358015447833	1.21450430059334	0.983813651396672	1.23448612333155	0.217021814442256	0.960224561962078
2645	4.71530792051089	1.41960035186317	1.14300931355589	1.24198493837886	0.214242119201305	0.960224561962078
2646	7.07348591704226	1.01188750063371	1.04485214265262	0.968450424061706	0.332819466944034	0.960224561962078
2647	15.6838747414456	0.941886577835931	0.971824284639844	0.969194321157546	0.332448243942501	0.960224561962078
2648	1.80663562726903	0.311941263265976	1.16330541178061	0.268150788354456	0.788583253351949	0.967651531145028
2649	0.831558957840281	0.148889046444272	0.994977602174802	0.149640601073666	0.881048173792618	0.983764860221564
2650	2.97719136848414	1.74584613375716	1.1435871922059	1.52664015971493	0.126850514999081	0.960224561962078
2651	0.970201251368159	-0.302661981594885	1.0876465083731	-0.278272379182835	0.780803277295454	0.967651531145028
2652	4.26480937929376	0.87084464488411	1.01543425243569	0.857608104902154	0.39110889814001	0.960224561962078
2653	2.54772620819979	1.24673471395937	1.15445852105467	1.07993028005926	0.280173228123893	0.960224561962078
2654	1.41216285078196	0.142501594308768	1.05585830117174	0.134962801495833	0.892641285285765	0.983764860221564
2655	2.92071235713229	1.30145928072534	1.15499868934148	1.12680585072124	0.259824576294639	0.960224561962078
2656	1.03840558128455	-0.0166086946604421	1.00959703623742	-0.0164508155871173	0.986874740246477	0.996499774016602
2657	3.11379095343055	0.285684688933965	1.11170736008179	0.256978319288042	0.79719550987325	0.967651531145028
2658	3.08469797692507	0.900232741586427	1.11654395676868	0.806267174820176	0.420088813126935	0.960224561962078
2659	2.75800670756606	1.27937779506995	1.16233273848362	1.10069840821917	0.271027939274455	0.960224561962078
2660	2.40922661521691	1.62795141195452	1.16076016488359	1.4024873192627	0.160769774569131	0.960224561962078
2661	7.06838075153639	0.296928861567969	0.866787530243813	0.342562451820745	0.73192765373948	0.963432919274349
2662	11.6591291509913	1.50665591427567	0.824943411129445	1.82637486880813	0.0677938147087485	0.960224561962078
2663	1.03828283170415	0.228139344946964	0.91532780710355	0.249243323732166	0.803172569104395	0.967651531145028
2664	10.8801054082874	0.691539916066822	0.841897916517322	0.821405900287191	0.411415103841401	0.960224561962078
2665	4.97092752739185	1.46691788538921	0.990582637277582	1.48086371614664	0.138642893503786	0.960224561962078
2666	4.40348522527233	0.550083011105197	1.15375504766533	0.476776255253064	0.633521455758424	0.960357823831468
2667	8.52666642814525	0.481226582525532	0.937204900120693	0.513469981285373	0.607622603942339	0.960224561962078
2668	2.59162378254158	0.729070167670839	1.16067120731437	0.628145303404057	0.529908757590904	0.960224561962078
2669	4.7935967032414	0.809797845282066	0.974090297113806	0.831337554312436	0.405782965055643	0.960224561962078
2670	8.6788774252073	1.52852191241211	0.848684632225587	1.80104818017468	0.0716952863104959	0.960224561962078
2671	2.41853467758515	0.135226515507839	1.14483678797094	0.118118597278402	0.905973688108469	0.983764860221564
2672	6.09610425916307	0.512948649284287	0.928847734356089	0.55224191254542	0.580782622244318	0.960224561962078
2673	3.89239397297069	1.86575849277668	1.15505295924763	1.61530125336589	0.106245472369472	0.960224561962078
2674	2.35564955950928	1.14674208840726	1.13923483831704	1.006589730087	0.314131971727932	0.960224561962078
2675	5.91625757944963	1.06375743491975	1.00697488691431	1.05638923943719	0.290790420114412	0.960224561962078
2676	10.5226289018474	0.776603031686066	0.813146342437531	0.955059367737028	0.339547675312377	0.960224561962078
2677	4.19868239000709	1.5203040671052	1.13596925697848	1.33833205235589	0.180788217768067	0.960224561962078
2678	8.36733695183663	1.5143610848221	0.870447889430091	1.73974927529964	0.0819030528488009	0.960224561962078
2679	6.58848817916505	-0.144127805923905	0.825412341928739	-0.174613097724129	0.861383656208917	0.981495727838689
2680	1.04146910884082	0.56211087599207	1.09444718257351	0.513602561130731	0.6075298885998	0.960224561962078
2681	1.70873925402883	0.583949751445827	1.10444135467189	0.528728618297085	0.596993721604235	0.960224561962078
2682	0.96902305973041	0.236150609032256	0.914535535958025	0.258219172188729	0.79623776227503	0.967651531145028
2683	1.62578699994784	0.586625596629419	1.16106332849427	0.505248578809382	0.613384254193867	0.960224561962078
2684	2.91368723262535	0.709515417064531	1.13842689784219	0.623241965214777	0.533125528432149	0.960224561962078
2685	3.31622170430967	0.996238976251887	1.08951116111351	0.914390794522659	0.360511537156836	0.960224561962078
2686	2.39523405990172	1.11765158176826	1.1461009783835	0.97517723381114	0.329472352949002	0.960224561962078
2687	4.62670702817984	2.01031134618071	1.14105188395422	1.76180537839712	0.078102185725598	0.960224561962078
2688	2.89677175067433	0.519648113276317	1.15592016269401	0.449553637048093	0.653032324649836	0.960357823831468
2689	0.955539354076845	-0.424766104164406	1.0088550798819	-0.421037780980527	0.673727493720733	0.960357823831468
2690	2.32623763842882	1.56132468084952	1.16148045473443	1.34425394287545	0.178866283510664	0.960224561962078
2691	4.22307829210652	0.863784079880611	1.14888639148903	0.751844643891282	0.452144490892293	0.960224561962078
2692	1.44055395288763	0.4994992003795	1.07994359524385	0.462523415648125	0.643706014490418	0.960357823831468
2693	11.4678886697817	1.45385904786887	1.02545873326357	1.41776455815233	0.156259514825813	0.960224561962078
2694	3.589460767166	1.16428228166649	1.08607227721597	1.07201178603969	0.28371473839391	0.960224561962078
2695	2.59415958906917	1.19336642036389	1.15312912370087	1.03489400782272	0.300718413356374	0.960224561962078
2696	1.66427933557581	0.527868643761532	1.09225615832808	0.483282826777137	0.628894931992481	0.960357823831468
2697	0.152248748761837	-0.114865815914843	0.895500273327854	-0.128269995371391	0.897935309151685	0.983764860221564
2698	3.47753301627896	0.37215430390983	1.0713210154914	0.347378888800318	0.728306691317376	0.963432919274349
2699	6.17853089183993	1.61095677546831	1.10340252223894	1.4599901151209	0.144292790643146	0.960224561962078
2700	0.875086183816341	0.033322144932891	1.07031209671904	0.0311331106459859	0.975163383984129	0.994400445557826
2701	22.412576786172	1.25495539304719	0.907056186273177	1.38354758176936	0.166497028221325	0.960224561962078
2702	0.664525562206736	0.128840362194046	0.908671335249894	0.141789838851484	0.887246010398144	0.983764860221564
2703	2.39491511532673	0.541776658941627	1.13066605326713	0.479165937082952	0.631820584693615	0.960357823831468
2704	2.32896437007004	0.465151213036206	1.16245877198716	0.400144266829401	0.689050261514563	0.960357823831468
2705	3.01857200766539	1.18838311217094	1.16022038438012	1.02427360195526	0.305706062854052	0.960224561962078
2706	2.05115206198561	1.02376264827633	1.12389138466948	0.910908885183238	0.362343383707058	0.960224561962078
2707	1.84451421499503	0.834882652899407	1.14818831006059	0.727130424150853	0.467146062718788	0.960224561962078
2708	2.75404511061538	0.950365674718909	1.13418741352072	0.837926486742439	0.402071991965737	0.960224561962078
2709	4.96465987135886	1.92703528333023	1.10073811667711	1.75067552775181	0.0800018171632065	0.960224561962078
2710	4.86391401689704	1.83162587567682	1.0491776345844	1.74577289421763	0.0808504227840783	0.960224561962078
2711	5.508476321312	1.05347311249634	0.974650084467447	1.0808731556946	0.279753541159897	0.960224561962078
2712	2.05229353091626	0.850707505233313	1.15449362360147	0.736866352348929	0.461203627762708	0.960224561962078
2713	2.83587266750823	0.91230512514738	1.13589749937826	0.803157965966766	0.421883437345038	0.960224561962078
2714	2.32920776960628	0.0453037431938256	1.16200083487542	0.038987702791696	0.968900192911008	0.994400445557826
2715	9.34132253609847	1.31177271126257	0.898871287320482	1.45935544917999	0.144467301181934	0.960224561962078
2716	14.3962598086483	1.11531847719338	1.07732622825932	1.03526531512691	0.30054502329823	0.960224561962078
2717	6.65201020495011	0.234145462357338	0.898291066163254	0.260656563531696	0.794357365587681	0.967651531145028
2718	6.89512594231188	2.81714871957015	0.972873608192458	2.89569857363511	0.00378315592587648	0.960224561962078
2719	1.11879057601181	0.717297812373886	1.04941492952507	0.68352163876543	0.49427728159363	0.960224561962078
2720	0.877744739924327	0.297417418117106	1.08179506617964	0.274929538334313	0.783370372967301	0.967651531145028
2721	1.30363752299078	0.775846485491142	1.05969860417652	0.732138819880813	0.464083841723889	0.960224561962078
2722	1.09446386947261	-0.300256025506953	1.09494451524306	-0.274220311008455	0.783915320237114	0.967651531145028
2723	0.512804534473576	-0.110511324875789	0.944395925671177	-0.117018002589591	0.906845787487244	0.983764860221564
2724	2.68980237764967	1.24766205369024	1.16087158759886	1.07476319260333	0.282480763471799	0.960224561962078
2725	9.01644524790264	3.13141673234374	0.987027657341291	3.17257242900233	0.00151094865638989	0.960224561962078
2726	5.24073379392373	2.6925887603905	1.07721549306934	2.49958228201717	0.0124339820726466	0.960224561962078
2727	4.55209132165848	0.855727365732385	1.05455872978527	0.811455390357089	0.417104201043156	0.960224561962078
2728	2.05176580988758	0.750348382698969	1.12214407222909	0.668673837227007	0.503703560287608	0.960224561962078
2729	2.13466875980238	1.2404918214718	1.15668558874676	1.07245377096453	0.283516267420907	0.960224561962078
2730	2.87911977124095	0.804358228012086	1.1481679224117	0.700558004026581	0.483578894609322	0.960224561962078
2731	1.3272203625421	0.401682035424275	1.15157299089937	0.348811615589007	0.727230742499395	0.963432919274349
2732	3.4314699837753	-0.0294883026158571	1.08039496876576	-0.0272940021643608	0.978225240667486	0.994400445557826
2733	5.09661383629483	0.429249316636561	0.958715612686128	0.447733729331778	0.654345376066685	0.960357823831468
2734	0.708985480659755	0.195694210602993	0.966091353396793	0.20256284244231	0.839476735287908	0.972547696773971
2735	0.803167855734613	-0.219237162347068	0.978040087620756	-0.224159689487165	0.822633048472903	0.968174360513242
2736	3.03112092121745	0.79606848679114	1.11104366175328	0.716505133142029	0.473679499066402	0.960224561962078
2737	1.4538781862537	0.341622973787688	1.12045665448358	0.304896197832072	0.760445211669302	0.963432919274349
2738	1.57287826618933	0.747886832723288	1.09832893733622	0.680931556385232	0.495914799485735	0.960224561962078
2739	9.2551349785672	-0.929136203792603	0.850168516653879	-1.09288474648476	0.274444406313363	0.960224561962078
2740	2.86688252194945	-0.339335148127562	1.10385416065934	-0.307409402637823	0.758531772195856	0.963432919274349
2741	2.71919542736309	0.523122848738086	1.16364789494335	0.449554243178991	0.653031887509079	0.960357823831468
2742	2.20744633494687	0.363481230107214	1.161213574897	0.313018412775147	0.754266673224208	0.963432919274349
2743	0.515463090581562	0.271263425281115	1.02647041018422	0.264268139236893	0.791573309026127	0.967651531145028
2744	10.3772691151875	-0.882628249036182	0.854633197665905	-1.03275680309018	0.30171772354583	0.960224561962078
2745	12.0973369009154	1.31682403274355	0.980979751937726	1.34235597640261	0.179480601674055	0.960224561962078
2746	1.44329853586891	0.474630175846199	1.12740120377129	0.420994916679622	0.673758793798968	0.960357823831468
2747	10.6180062403025	0.833602111205783	0.852036702166564	0.978364088173779	0.327894283072854	0.960224561962078
2748	3.86195596303446	0.157733758980496	1.05757299016546	0.149146924559616	0.881437699499207	0.983764860221564
2749	4.01161960110251	1.37543986448639	1.08683165760431	1.2655500553952	0.205674216834327	0.960224561962078
2750	6.10020645703419	1.18459968734528	0.952546741222389	1.24361318566383	0.213641960943645	0.960224561962078
2751	1.04106413739253	0.225672186894621	1.08981635685199	0.207073591321835	0.835952386167378	0.971150936719616
2752	2.61172554162926	1.1564057663363	1.14553810694245	1.00948694707578	0.312741158511088	0.960224561962078
2753	2.79479103090306	0.898434368614788	1.1493169644569	0.781711569914341	0.434384100577855	0.960224561962078
2754	6.61186532332802	0.933966359046661	0.94554733985473	0.987752087790921	0.32327407769122	0.960224561962078
2755	3.77990177834787	1.23903687531315	1.16259641950199	1.06574977741967	0.286536769332927	0.960224561962078
2756	3.63782560889799	1.55724277101435	1.12581298819135	1.38321620673083	0.166598581817447	0.960224561962078
2757	2.06088294714219	1.09029822582233	1.16027101116036	0.939692722937157	0.347375198931933	0.960224561962078
2758	2.14068564679362	0.865038895377675	1.13826298177529	0.759964005882469	0.447276100466479	0.960224561962078
2759	3.44733212329351	1.25956428817228	1.16133150780686	1.08458633878877	0.278104908292594	0.960224561962078
2760	8.24158139676853	1.86566772558412	1.01210497073804	1.84335397960119	0.0652773446226682	0.960224561962078
2761	2.37661056565972	0.633744726783336	1.1493642060162	0.551387213440337	0.581368264110762	0.960224561962078
2762	1.1948960492404	0.0279529483462656	1.14249939176485	0.0244664886018765	0.980480513930479	0.994811769559818
2763	2.28638978753554	1.14254283996632	1.13643754278303	1.00537231211875	0.314717607013458	0.960224561962078
2764	208.591205934362	-0.671645559908903	0.974587726872784	-0.689158647692036	0.49072343649532	0.960224561962078
2765	8.16254981768202	1.83170785792638	0.920614390993231	1.9896580760053	0.0466286139136191	0.960224561962078
2766	1.48501387134065	0.684744639778617	1.13752077228638	0.601962317050529	0.547199221283263	0.960224561962078
2767	0.767174603927129	0.330902389614589	0.981611090267135	0.337101315271955	0.736040525957247	0.963432919274349
2768	0.941564650101702	0.104564091561741	0.912933202869312	0.114536409929117	0.908812585348854	0.983764860221564
2769	0.77497294862354	0.336365900922834	0.912096208409656	0.36878335620902	0.712289211443036	0.962109640556799
2770	0.470475451099866	0.248374778215313	0.906158907425509	0.274096271834894	0.784010638811298	0.967651531145028
2771	0.91676479658098	0.186160967245889	0.996940783497902	0.186732221539496	0.851870591293976	0.97721311504439
2772	5.28668557870853	0.508488051432252	0.975483756659634	0.521267574124941	0.602180386250544	0.960224561962078
2773	5.97721015706533	1.68196369239156	1.06622468015221	1.57749461600481	0.114681759971737	0.960224561962078
2774	1.4839584292833	0.644352995826411	1.07578930310142	0.598958359196163	0.549200653038509	0.960224561962078
2775	1.03881055273283	0.236309667831003	1.02018122046034	0.231634991011081	0.816821527643819	0.967651531145028
2776	2.03546934571949	1.49051409493208	1.1612492201525	1.2835436778475	0.199301667488702	0.960224561962078
2777	4.01596729813442	1.49324854080826	1.09754007416299	1.36054124670304	0.173658709633033	0.960224561962078
2778	2.48105364654438	0.85035540020373	1.14287198078688	0.744051315019773	0.456845431120584	0.960224561962078
2779	1.59978900382476	0.581563458114124	1.1502922009844	0.505578893446756	0.61315230165696	0.960224561962078
2780	5.73556632479138	1.1759658694697	0.93408675423143	1.25894716325068	0.208049416980426	0.960224561962078
2781	6.06405583256376	1.52061294456911	1.0717547312399	1.41880684101103	0.155955337702782	0.960224561962078
2782	0.830626265363321	-0.0158157939657314	0.981050213605852	-0.0161212889476884	0.987137629597156	0.996499774016602
2783	6.00574395971599	1.85309494220071	1.09648106099595	1.69003825794995	0.0910206356138733	0.960224561962078
2784	0	NA	NA	NA	NA	NA
2785	6.23747963381069	2.86727389640645	1.03972694640203	2.75771817430397	0.00582063564707868	0.960224561962078
2786	4.00737788190849	1.31456368774616	1.12098504735483	1.17268619313712	0.240921670188954	0.960224561962078
2787	1.33869598269676	0.592753982997382	1.13117280965127	0.524017177516953	0.600266592417342	0.960224561962078
2788	2.49601561704364	1.54063050403284	1.15710195014271	1.33145614683549	0.183038965319426	0.960224561962078
2789	1.86788827809267	1.06137458405084	1.16040500734814	0.91465874184427	0.36037081023737	0.960224561962078
2790	2.76437926183938	1.65000244038964	1.15195940441675	1.43234425975719	0.15204532229433	0.960224561962078
2791	3.25049860687372	0.622901337360895	1.10203769570151	0.565226888145946	0.571919450225809	0.960224561962078
2792	1.05519831365517	0.651778883305086	1.09597367313921	0.594703047417359	0.552041984453103	0.960224561962078
2793	3.39984330036678	1.50065329824007	1.13543965669407	1.32164953847864	0.186284879239712	0.960224561962078
2794	4.09670059063826	0.568436668618567	1.03397468240693	0.549758788382843	0.582484828633735	0.960224561962078
2795	12.4179326065743	-0.258335243591619	0.875422038297114	-0.295097943951854	0.767919060315702	0.967651531145028
2796	2.76328499745038	0.615317996832051	1.13293762856525	0.543117274347477	0.587049059669487	0.960224561962078
2797	1.15624424132493	0.435701517028247	1.11506200441229	0.39074196349995	0.695987977457748	0.960357823831468
2798	3.06729359627703	1.57844483437334	1.16202872359266	1.35835268296402	0.174351800819161	0.960224561962078
2799	1.35663228362257	0.210832955776892	1.0496548032639	0.200859325486157	0.840808573047307	0.972547696773971
2800	4.61174085843149	1.26531277475684	1.04821872539949	1.20710758556102	0.227390713955321	0.960224561962078
2801	1.35650953404218	0.401883625615619	0.969729377965648	0.414428638285366	0.678560219127794	0.960357823831468
2802	1.84157343701916	-0.0415133728900836	1.10176870327327	-0.0376788456295325	0.969943742759933	0.994400445557826
2803	5.19737964172125	0.622342467212548	0.96970350763444	0.641786342230247	0.521011918709357	0.960224561962078
2804	3.12174877041446	1.55163211939681	1.14873540612062	1.350730647919	0.176781730955997	0.960224561962078
2805	9.74906706256332	1.7219113031009	0.879853408362061	1.95704339692952	0.0503423663674011	0.960224561962078
2806	2.13410221644206	0.320190293331767	1.15847787760863	0.276388785250447	0.782249469451745	0.967651531145028
2807	0.497933860728574	0.439556217339013	0.906782923398553	0.484742495691901	0.627859018032111	0.960357823831468
2808	2.61225326265794	1.11021928440533	1.14219626480703	0.972003952922141	0.331048582030516	0.960224561962078
2809	1.03881055273283	0.236309667831003	1.02018122046034	0.231634991011081	0.816821527643819	0.967651531145028
2810	4.41760370042433	1.79244481528701	1.05755851601908	1.69488949134865	0.0900963863949395	0.960224561962078
2811	0.811757271960543	0.0246179269484193	0.973863662100756	0.0252786174353349	0.979832729295674	0.994502588826835
2812	2.68159906150498	0.815981420413173	1.14588715597256	0.712095790724366	0.476405460654762	0.960224561962078
2813	4.04084269669389	0.640698473799054	0.929275010543173	0.689460564988784	0.490533481361458	0.960224561962078
2814	1.34436349231386	0.258641333275246	1.07555016754762	0.240473518650439	0.809963190083099	0.967651531145028
2815	2.96631164489141	0.0883154601063487	1.1187273931101	0.0789427886098582	0.937078129029627	0.994400445557826
2816	7.77534136598904	0.573613753198993	0.989056829119536	0.57996035850602	0.56194135073787	0.960224561962078
2817	16.4615187680657	1.08220952005457	0.867375004900079	1.24768354395829	0.212146970024902	0.960224561962078
2818	3.37791287903228	0.352853225993423	1.16203601242157	0.303650852659988	0.761393904829543	0.963432919274349
2819	1.64780554778018	0.56292660303582	1.09172742273349	0.515629259935922	0.606113370215541	0.960224561962078
2820	5.05085087699913	1.66748417446356	1.03167422909483	1.61628945207498	0.106031746287992	0.960224561962078
2821	3.73651515329226	0.587493270357924	1.0842628288707	0.541836586770958	0.587931084643557	0.960224561962078
2822	2.95431040333263	0.960379059053115	1.16292268287319	0.825832252820401	0.408899255442738	0.960224561962078
2823	4.85865147872822	2.49574825622505	1.06773587706881	2.33742099504651	0.0194173045122298	0.960224561962078
2824	7.73534872389192	-0.742938702033628	0.879832272379132	-0.844409469119229	0.398440632816395	0.960224561962078
2825	4.32294602813853	1.29417509875322	1.12948256480953	1.14581237380275	0.251872794161189	0.960224561962078
2826	2.44345728068627	-0.205790863166272	1.14599639352731	-0.179573744148409	0.857487218709335	0.978180188334194
2827	7.51641693164012	1.22126713725502	1.02739876879991	1.18869826823092	0.234558422335595	0.960224561962078
2828	1.74452372938263	0.693296457553462	1.0998705946994	0.63034366124039	0.528469762725019	0.960224561962078
2829	0.678782488049767	0.152657679004615	0.96431062490327	0.158307577519358	0.874214437440682	0.983764860221564
2830	33.7191200855727	-0.518376315969656	0.972367891883087	-0.533107191523744	0.593959381152511	0.960224561962078
2831	3.80670761774296	0.839907001077944	1.0737010310543	0.782254069601865	0.43406527391234	0.960224561962078
2832	3.04519950340594	0.718512149884986	1.13506149938757	0.633016052674384	0.526723160198761	0.960224561962078
2833	3.26910322974866	0.816545615821033	1.09832955123718	0.743443181421517	0.457213409155129	0.960224561962078
2834	3.50935799430662	1.24185433253033	1.12231724046111	1.10650918275132	0.268506191663883	0.960224561962078
2835	2.5359704658018	1.06290319627775	1.14515150033597	0.928176923285623	0.353315802800909	0.960224561962078
2836	2.97490316074189	1.56164943473143	1.14897568247551	1.35916665474312	0.174093785116045	0.960224561962078
2837	2.30191093188962	0.629749235215986	1.16131486023529	0.542272605629443	0.587630724406356	0.960224561962078
2838	6.40213357555259	2.29798973002358	1.02607985073734	2.23958177170349	0.0251180871965195	0.960224561962078
2839	3.74721755325744	1.75871516475114	1.13623179689145	1.547848924456	0.121658674125247	0.960224561962078
2840	7.79570750457025	0.455870984408965	0.885418595097301	0.514864931607708	0.60664740783796	0.960224561962078
2841	1.08052588820457	0.405066473094254	1.03063152520101	0.393027443067251	0.694299212392145	0.960357823831468
2842	5.50810699297326	0.797683344674999	0.959798027809974	0.83109500286755	0.405919962493988	0.960224561962078
2843	9.42478567989509	0.794462450134265	0.899846445058629	0.882886690831459	0.377297495204916	0.960224561962078
2844	3.79391320503011	0.54033715355457	1.15102088375876	0.469441659294704	0.63875397676963	0.960357823831468
2845	4.90258157652802	1.13304192510952	0.999906128121665	1.13314829586848	0.25715198270636	0.960224561962078
2846	1.24872070373336	0.504346305816853	1.048018246417	0.481238096322397	0.630347287768381	0.960357823831468
2847	3.91025472885776	0.83324116772031	1.12735065250696	0.73911445907924	0.459837497604504	0.960224561962078
2848	4.18483145563933	1.74056094293209	1.14043410358284	1.52622666883063	0.126953423951656	0.960224561962078
2849	5.99817116321577	0.887184072878633	0.975511101779779	0.909455639469406	0.363109663611996	0.960224561962078
2850	4.70189766027153	2.14459466105133	1.12098700448387	1.91313070755781	0.0557313214805607	0.960224561962078
2851	2.48096761967109	1.25979155141071	1.16123371286635	1.08487338720221	0.277977736343625	0.960224561962078
2852	0.913492492571023	0.305638542630704	0.914205635826056	0.334321437818019	0.738137015171346	0.963432919274349
2853	2.20126997566814	0.903625367206957	1.13075052023371	0.799137697518095	0.424210572958077	0.960224561962078
2854	1.75335864476934	0.337917552282079	1.16360970843304	0.290404548735788	0.771506764192653	0.967651531145028
2855	7.00498678379889	1.60241597199606	1.00950458726268	1.58732906438899	0.112438135882271	0.960224561962078
2856	6.54282062668161	1.84826791648771	1.10174014716098	1.67758969413108	0.0934272260875029	0.960224561962078
2857	1.45650001965459	0.513701529239916	1.07191072373865	0.47923909880126	0.631768542051104	0.960357823831468
2858	1.52575979162833	0.517876927785608	1.07899856937921	0.47996071772696	0.631255325547497	0.960357823831468
2859	1.95189807385557	0.41229401208406	1.10472980784169	0.373208009014945	0.708993635785481	0.962109640556799
2860	2.23465924541479	1.27167208093077	1.16109223184661	1.09523778219435	0.273412477223262	0.960224561962078
2861	2.13859153442141	0.687032856327675	1.16026177605073	0.592136076968924	0.553759470242041	0.960224561962078
2862	2.28341018722802	-0.394116410357949	1.15560980225591	-0.341046268029727	0.733068750609589	0.963432919274349
2863	5.4428287689148	1.50289968324733	1.01376461535965	1.4824937273177	0.138208971410397	0.960224561962078
2864	2.73938321332407	0.573852810781742	1.14585330387162	0.500808269996519	0.616506064819764	0.960357823831468
2865	1.37088920946561	0.261742022908584	1.11463860286784	0.234822320198808	0.814346643052723	0.967651531145028
2866	1.1350010133066	0.341220055904935	0.932556982011614	0.365897272216965	0.714441731891425	0.962423898398307
2867	1.72246845884319	0.652927415794241	1.10648817787817	0.590089825493039	0.555130429720926	0.960224561962078
2868	5.0962109644711	1.02260697021369	1.02297401211028	0.999641201152473	0.31748417664759	0.960224561962078
2869	8.96277586644807	1.25544258659879	1.01491311451291	1.2369951364766	0.216088888222781	0.960224561962078
2870	0.793029899505205	0.118865963019574	1.06365986865678	0.111751854631576	0.911020162746251	0.98397565474519
2871	32.103579616312	1.89764523056557	1.03596979024968	1.83175730453319	0.0669875868613821	0.960224561962078
2872	0.737499332345818	0.261233510066746	1.05735719263221	0.247062687885468	0.804859709481767	0.967651531145028
2873	6.40426226040248	1.1221060089976	0.980599836801363	1.14430572684758	0.252496869105138	0.960224561962078
2874	10.0964592053802	0.87058693122583	0.798669391070183	1.09004669636742	0.275692574766111	0.960224561962078
2875	5.55976618930436	0.763525701648737	1.03757998937633	0.735871652755831	0.461808810071577	0.960224561962078
2876	2.46470260832914	0.57537865446565	1.15912093937134	0.496392252889255	0.619617689855785	0.960357823831468
2877	2.94401297481573	0.397892840434277	1.13506205716317	0.35054721274775	0.725928064391063	0.963432919274349
2878	1.62300569425946	0.745076060136276	1.13853550772988	0.654416182084542	0.512843711686121	0.960224561962078
2879	1.68172253855551	0.853622690050951	1.1526818196707	0.740553616343853	0.458964140614981	0.960224561962078
2880	4.29409855079384	1.19392466274398	1.04134441364135	1.14652236772375	0.251579077595199	0.960224561962078
2881	1.64053492411244	0.569366664336437	1.14931444832955	0.495396769060001	0.620320074944285	0.960357823831468
2882	5.31692529402562	0.47888778384272	0.949855226496669	0.504169235988722	0.614142456849855	0.960224561962078
2883	2.1491344620991	0.606673743701041	1.16319196334857	0.521559435430211	0.60197711296035	0.960224561962078
2884	2.62291893991603	0.654888914926506	1.14696686046999	0.570974574329161	0.568016878059376	0.960224561962078
2885	3.04991646920603	-0.361049168743143	1.13242941695668	-0.318827083910833	0.749857639237365	0.963432919274349
2886	0.293426848817306	0.243247380560596	0.901806226616928	0.269733534079848	0.787365259956062	0.967651531145028
2887	3.44761224553686	1.12424669213317	1.09510410005087	1.02661170940821	0.30460333810631	0.960224561962078
2888	0.653454913500368	0.298802734142608	0.961721019826591	0.310695854600833	0.756031848952274	0.963432919274349
2889	0.653454913500368	0.298802734142608	0.961721019826591	0.310695854600833	0.756031848952274	0.963432919274349
2890	1.37694281916394	-0.0862044118814136	1.15676164131628	-0.0745221909185385	0.940594884459467	0.994400445557826
2891	5.40176600367668	1.99281951393982	1.1433544732947	1.74295860162884	0.0813408464287952	0.960224561962078
2892	4.85537497546917	1.68079046039501	1.09372172588922	1.53676243290174	0.124351496072775	0.960224561962078
2893	8.72858311008664	1.58269218861977	0.863884809594444	1.83206391759889	0.0669418983445522	0.960224561962078
2894	4.19919225969571	0.735527397345967	1.05823544898387	0.695050801834537	0.487023465138321	0.960224561962078
2895	2.28425895245623	0.963295325311878	1.13484131242331	0.848837026610253	0.395971983835555	0.960224561962078
2896	9.231298992497	0.872805240040043	0.827035392322589	1.05534206654556	0.291268908453919	0.960224561962078
2897	2.74256949046073	0.692741536784637	1.13148668874329	0.612240111771922	0.540378906397775	0.960224561962078
2898	13.6881650695167	0.736585724322325	0.852925215958749	0.86359942295099	0.387807981268745	0.960224561962078
2899	5.73556632479138	1.1759658694697	0.93408675423143	1.25894716325068	0.208049416980426	0.960224561962078
2900	17.9294241327171	1.24255465183734	0.913147054441481	1.36073882710747	0.173596239810151	0.960224561962078
2901	1.37682006958355	0.310460581600271	1.15466400814025	0.268875256708065	0.788025678317111	0.967651531145028
2902	7.58252294993521	0.628055597895922	0.85739300427666	0.732517754125812	0.463852610315132	0.960224561962078
2903	10.5747874860326	1.60098064533522	0.939619441990907	1.70386070550327	0.08840711359608	0.960224561962078
2904	8.0685415959783	0.4465981563288	0.922582268613514	0.484074072873698	0.628333300882666	0.960357823831468
2905	10.6121645773143	1.39633661632232	0.949348252883932	1.4708370843687	0.14133518075403	0.960224561962078
2906	1.65099182491684	0.855776092353558	1.14595228100925	0.746781612581522	0.4551953965207	0.960224561962078
2907	1.47394322263428	0.835638024469544	1.14309933984034	0.73102835015744	0.46476183660067	0.960224561962078
2908	0.581782084579429	-0.735127661279835	0.902224203494292	-0.814794879623827	0.415189732370735	0.960224561962078
2909	3.34338004073043	1.12832365195617	1.12652057979873	1.00160056743728	0.316536546822273	0.960224561962078
2910	1.86943681809615	0.347552961956109	1.14326318828493	0.30400083333173	0.761127256279155	0.963432919274349
2911	5.18532172649077	0.0237482878560641	1.03928850433711	0.0228505249090689	0.981769505480734	0.995211431634863
2912	4.60403800973843	2.21173574245643	1.13335751713619	1.95148989530252	0.0509987970747897	0.960224561962078
2913	2.29071753360285	1.20571239705164	1.16210872302051	1.03752116576304	0.299493036765439	0.960224561962078
2914	5.8791679636286	0.133657795660182	1.02803827877731	0.130012469787747	0.896556560966407	0.983764860221564
2915	5.08857419168673	1.30514179120619	1.12992121248588	1.15507327129014	0.248060422707456	0.960224561962078
2916	2.16625872050381	0.0984019491807396	1.16246983080969	0.084649034815983	0.932540414786348	0.992959838729034
2917	2.16326863836174	1.04340748949676	1.16018066826438	0.899349142800049	0.368466719136215	0.960224561962078
2918	28.6485427911936	-0.823099327050297	0.906231674727115	-0.908265899333246	0.363737754496974	0.960224561962078
2919	5.63156176780569	1.23164717654872	1.03688352472533	1.18783561237023	0.234898180926966	0.960224561962078
2920	5.0503410073105	0.877055061137724	1.04548281174724	0.838899550794112	0.401525679906419	0.960224561962078
2921	2.51117061228108	1.13498778771776	1.15077551962274	0.986280789227984	0.323995344112997	0.960224561962078
2922	5.55608681422157	1.08086413372453	0.989820810438459	1.09197960108127	0.274842067448924	0.960224561962078
2923	3.19657115376496	0.968079720940841	1.10534803531667	0.875814395113569	0.381130943076774	0.960224561962078
2924	0.67825476702109	0.2105483614314	0.909708055700274	0.231446077796161	0.816968271833659	0.967651531145028
2925	3.17675161654517	1.51339556107152	1.15212941457195	1.31356386004066	0.188993017332749	0.960224561962078
2926	6.35496154697143	0.229638354182197	0.912233272971616	0.251732052520016	0.801248180291236	0.967651531145028
2927	10.1527325303094	1.90571609899426	0.970103008695927	1.96444715861262	0.0494782584999363	0.960224561962078
2928	5.059389918427	1.56039759490521	1.10667186293863	1.40999120621154	0.158542279526428	0.960224561962078
2929	4.30624249289762	2.22272128666841	1.07642944267283	2.06490197922241	0.0389322757971996	0.960224561962078
2930	1.62619197139612	0.928034204830207	1.15062777146837	0.806545981108987	0.419928106566332	0.960224561962078
2931	1.817583526395	0.619308967455077	1.15264696687068	0.537292844431317	0.591065347374198	0.960224561962078
2932	3.31185723553525	1.27022254568406	1.15350880311896	1.10118149271988	0.270817674861038	0.960224561962078
2933	1.64044889723915	0.937241170063096	1.15189475718847	0.813651737030821	0.415844490068679	0.960224561962078
2934	1.14093187342454	0.479770077094987	1.04162599681343	0.460597257137121	0.645087579835351	0.960357823831468
2935	1.85771569878071	0.789545846807585	1.10940757113864	0.711682403606847	0.476661466450803	0.960224561962078
2936	0.470475451099866	0.248374778215313	0.906158907425509	0.274096271834894	0.784010638811298	0.967651531145028
2937	1.35687778278336	-0.28973152299327	1.065081815641	-0.272027480648423	0.785600889320863	0.967651531145028
2938	2.71738353685877	0.93233405598914	1.15269615061385	0.808828983676782	0.41861352221958	0.960224561962078
2939	8.39400117028427	0.929912024090291	0.93413491148599	0.995479360268228	0.319503177746578	0.960224561962078
2940	3.3295596283529	-0.080004940796861	1.06481036669977	-0.0751353887028964	0.940106991277916	0.994400445557826
2941	5.57423926110659	1.91909134300609	1.07803436181903	1.78017641271462	0.0750470943094668	0.960224561962078
2942	1.14873021812096	0.39445102372893	0.935414574427555	0.421685779238924	0.673254385685463	0.960357823831468
2943	0.888692639050301	0.439759560462835	0.998461271338103	0.440437273919983	0.659620433517168	0.960357823831468
2944	4.38060533075268	0.434996256234671	1.00028776735193	0.434871114525613	0.663655982334496	0.960357823831468
2945	3.57833554441248	0.531980448273317	1.11001818382736	0.479253814058289	0.631758074763654	0.960357823831468
2946	1.30159271478476	0.174627340231273	0.962815504071401	0.181371549889711	0.856075948413868	0.977390919310389
2947	0.775623419232611	-0.0153882098220707	1.04853948912149	-0.0146758514884008	0.988290785005269	0.997181658544616
2948	4.18248974448179	0.957062279562125	1.05643294586451	0.905937554587466	0.36496890541967	0.960224561962078
2949	3.98771781697619	1.12719574396023	1.15509162833477	0.975849635050374	0.329138983723641	0.960224561962078
2950	6.1414328938089	2.08101430974651	1.07446821465262	1.9367853616957	0.0527715860264398	0.960224561962078
2951	1.74783275609968	0.623694373887067	1.16188867528296	0.536793573390476	0.591410211345139	0.960224561962078
2952	2.53005535739936	1.13230103560898	1.14458190797642	0.989270429418935	0.322530847823274	0.960224561962078
2953	4.7808494950702	-0.169115103333075	1.00064487249536	-0.16900611593736	0.865791830780546	0.982876974843964
2954	4.11443021473494	1.93888857077302	1.14654494699981	1.69107070407187	0.0908232996563158	0.960224561962078
2955	2.00813368567118	0.943449126295086	1.16120660825743	0.812473094439999	0.416520219056682	0.960224561962078
2956	1.17671634877834	0.602343418510088	1.03725136191127	0.58071113775179	0.561435153949749	0.960224561962078
2957	5.15752969120344	1.00376082456114	0.993184487310645	1.01064891506626	0.312184495290638	0.960224561962078
2958	1.06574124133286	0.340440408857911	0.920465310314912	0.369856859398035	0.711489146804272	0.962109640556799
2959	0.221508520735579	-0.122998561103365	0.896740275265759	-0.137161856666819	0.890902859867881	0.983764860221564
2960	10.5637850128595	2.28623841294124	1.03712185615577	2.20440674292169	0.0274957518922274	0.960224561962078
2961	3.44785984432219	1.27573477050886	1.16255847492425	1.0973510563346	0.272487959975389	0.960224561962078
2962	23.8301720696742	0.334841235670464	0.979271336815069	0.341928966040694	0.732404350288474	0.963432919274349
2963	7.50819576415538	1.60388902965674	1.09918704629029	1.45915932603991	0.14452126076557	0.960224561962078
2964	5.55923846827568	0.804320918537006	1.04807388582914	0.767427687505733	0.442827271915634	0.960224561962078
2965	4.92822702502054	0.425281344512823	0.962798042778676	0.441713968679707	0.658696200207814	0.960357823831468
2966	4.55556090026059	1.28854960178149	1.11583885970624	1.15478107844417	0.248180087480386	0.960224561962078
2967	1.36309086476919	0.200597457067541	1.15325007859155	0.173940987120962	0.861911840521879	0.981495727838689
2968	6.70115970784889	1.3741445908994	1.03083333097497	1.33304245177998	0.182517872966335	0.960224561962078
2969	1.43618738448867	-0.139966173807429	1.14861732619301	-0.121856227148631	0.903012882873702	0.983764860221564
2970	1.38396794367089	0.502913249316733	0.97485891236886	0.515883111838901	0.605936049958125	0.960224561962078
2971	6.11706736493806	0.724291372452252	0.983531336287855	0.736419212819336	0.461475615788261	0.960224561962078
2972	3.64344279432191	1.68624597151183	1.07905316186644	1.56270889248416	0.118121081847456	0.960224561962078
2973	4.02098433714245	1.83315214181248	1.13845157069271	1.61021530384211	0.107350861561217	0.960224561962078
2974	0.415558631842449	0	0.897880025990301	0	1	1
2975	0.637067152578028	-0.0798172890353144	0.904917330368194	-0.0882039567115354	0.929714572575651	0.991437074641558
2976	3.86804629543989	1.2370210350693	1.08241926193884	1.14282984289612	0.253109245681653	0.960224561962078
2977	2.21038711292275	1.32624758115889	1.16188818118562	1.14145887929211	0.253679014634394	0.960224561962078
2978	5.72734725693118	1.03071886456713	1.0420926199207	0.989085657900126	0.322621234066095	0.960224561962078
2979	11.2365130212592	-1.34351817729591	0.809194535749073	-1.66031543459721	0.0968510123040606	0.960224561962078
2980	1.44542937094822	0.632291035893029	1.08086965155767	0.584983614797416	0.558558734205225	0.960224561962078
2981	0.692511692864121	0.247784221426616	0.964682088975624	0.256855832878304	0.79729006712954	0.967651531145028
2982	4.65700969975408	0.587635004723833	1.07489644926213	0.546689874291818	0.584591811908569	0.960224561962078
2983	1.59804636845124	-0.177369892754239	1.1456075969336	-0.154826044475436	0.876958458263107	0.983764860221564
2984	0.304497497523674	0.038426170544167	0.901003266920888	0.0426482033472371	0.965981969707258	0.994400445557826
2985	0.637067152578028	-0.0798172890353144	0.904917330368194	-0.0882039567115354	0.929714572575651	0.991437074641558
2986	3.66574566364668	2.06085270341382	1.14122743741849	1.80582120254274	0.0709462724821441	0.960224561962078
2987	0.99987652294947	-0.0836520980625292	1.07901401439957	-0.0775264240743697	0.938204771156741	0.994400445557826
2988	2.89333997437688	0.833839341204772	1.1219452212845	0.743208603580591	0.457355395292992	0.960224561962078
2989	12.5977373220065	2.52041285268709	0.888171184386371	2.83775571308185	0.00454319389712366	0.960224561962078
2990	5.20246700649194	1.20667223414063	1.01422784506763	1.18974473044582	0.234146738685808	0.960224561962078
2991	2.11828099888004	0.84220289831166	1.12625243949034	0.747792296630031	0.454585449325217	0.960224561962078
2992	0.526128767839647	-0.237990872328396	0.944104564195709	-0.252081052622749	0.800978414969159	0.967651531145028
2993	1.87209537420414	0.606213989326002	1.16181147482567	0.521783441170576	0.601821120171756	0.960224561962078
2994	3.30497373197575	0.682352586322649	1.10892614889963	0.615327347993133	0.538338560338879	0.960224561962078
2995	5.08353510208955	0.109219076876337	0.980909706089996	0.111344679533956	0.911343026506968	0.98399188793431
2996	1.45588627175262	0.834824914727166	1.07647223048368	0.775519229466849	0.438032907211803	0.960224561962078
2997	2.78518289532688	0.644094158936355	1.16347513879504	0.553595119878038	0.579855966614929	0.960224561962078
2998	0.570465936712272	0.209561987481722	0.948741510683109	0.220884176693011	0.825182618306658	0.968174360513242
2999	2.4300102977398	0.281353589930348	1.14925407554285	0.244814089345257	0.806600384109307	0.967651531145028
3000	1.66100703156585	0.520476241278745	1.01396279883619	0.513309010819864	0.607735181812718	0.960224561962078
3001	6.88329147565304	1.48295001666369	0.994501858453241	1.49114856252771	0.135922494842749	0.960224561962078
3002	2.57728082982526	0.944880340525022	1.16087991296957	0.813934611124407	0.415682411553276	0.960224561962078
3003	3.92156877710037	-0.645613077413818	1.03789505430965	-0.622040807240616	0.533915035520216	0.960224561962078
3004	2.32843664904137	0.482541297265211	1.15935265755164	0.416216147970246	0.677251844524803	0.960357823831468
3005	2.69532826631933	0.890916182112936	1.14492310495692	0.778144993542131	0.436483540307439	0.960224561962078
3006	0.67825476702109	0.2105483614314	0.909708055700274	0.231446077796161	0.816968271833659	0.967651531145028
3007	3.7493955928784	-0.46776161401479	1.08905868856294	-0.429510015325274	0.667552106908167	0.960357823831468
3008	1.7049192780256	0.281645184427712	1.11667359206241	0.252218003926765	0.800872562706671	0.967651531145028
3009	3.15251620676022	1.30596550737064	1.11995902477494	1.16608329276428	0.243580770879286	0.960224561962078
3010	4.06769784025517	1.54457918143557	1.11746771399888	1.38221369806584	0.166906095372663	0.960224561962078
3011	3.28492336771312	-0.0831895675791091	1.1419139689483	-0.0728509938938102	0.941924691468353	0.994400445557826
3012	3.93984187394123	1.9629817731864	1.10188624410038	1.78147407111797	0.0748350370734009	0.960224561962078
3013	6.478614616423	1.06831671133087	1.13912701711794	0.937838094678661	0.348327620670299	0.960224561962078
3014	2.28459047849032	0.104129135534522	1.12937988539735	0.0922002745762435	0.926538919895271	0.989848125171808
3015	1.05806564621684	0.0784781099704609	1.09122294296015	0.0719175769504752	0.942667501886199	0.994400445557826
3016	0.808362218370191	0.60286026316062	1.00143324367012	0.601997454120073	0.547175832058373	0.960224561962078
3017	5.71467139454964	0.130100717752769	0.913673482566816	0.142393010451909	0.886769582984059	0.983764860221564
3018	1.38470444115325	-0.0172692367232113	1.05390432218772	-0.0163859625201681	0.986926478533461	0.996499774016602
3019	1.82024208250299	0.866380398432317	1.15689326991337	0.748885330188838	0.453926322922024	0.960224561962078
3020	9.19645032927171	0.601160918821903	0.924802683876323	0.650042359633007	0.515664860007169	0.960224561962078
3021	17.1941920846739	0.131576021524272	0.805099327700842	0.163428308777774	0.870181215327753	0.983764860221564
3022	1.1546610782389	0.554202878806444	1.04560561979728	0.530030508934994	0.596090778034824	0.960224561962078
3023	1.91602757162848	0.645265093647782	1.15169998283515	0.560271861825791	0.575294017153601	0.960224561962078
3024	6.2407298872315	1.08938186861272	0.978981386032116	1.11277076781619	0.265806893105261	0.960224561962078
3025	25.09568878621	1.52473880394273	1.04350009976906	1.46117743954235	0.143966752656518	0.960224561962078
3026	4.93305103929039	2.38897853483172	1.07905728936259	2.21394967476001	0.0268322410263793	0.960224561962078
3027	1.97687525100384	0.933190886547836	1.15920102564405	0.805029383086818	0.420802724095765	0.960224561962078
3028	9.12168042034381	0.618259769232172	0.817121191655638	0.756631666814887	0.44927056403559	0.960224561962078
3029	3.39454613911541	1.23204974453556	1.16094640445172	1.06124601429592	0.288578112829589	0.960224561962078
3030	2.21447145945382	0.797632524610368	1.07603836070662	0.7412677407584	0.458531117323198	0.960224561962078
3031	1.71972387586191	0.897779743774586	1.14334703188918	0.78522068867504	0.432324187468545	0.960224561962078
3032	2.31192613853863	0.484386703758783	1.12666573333984	0.429929383156874	0.667247010583311	0.960357823831468
3033	8.40627518086908	2.3362529012491	1.01771865929168	2.29557833092606	0.0217000029240764	0.960224561962078
3034	2.35323650256209	0.395962492397537	1.13267731295908	0.349581021767886	0.726653155769781	0.963432919274349
3035	2.5636743745913	0.59557474215017	1.16216947941613	0.512468063134288	0.60832346635893	0.960224561962078
3036	12.4944010869699	0.958261676815739	0.809709676851134	1.18346328840024	0.236625587735989	0.960224561962078
3037	3.58936947041174	0.504786461018379	1.14442182536825	0.441084266158546	0.659151993574171	0.960357823831468
3038	4.03353325069451	1.17352243773958	1.04973525147425	1.11792229144586	0.263600183592133	0.960224561962078
3039	2.06079692026889	1.42845146124864	1.16180246040643	1.22951320033264	0.218879451708632	0.960224561962078
3040	11.8212514854547	0.760290825681118	0.801874007352848	0.948142499581693	0.343056914923723	0.960224561962078
3041	4.87563513621248	1.27276481141137	1.02410383173095	1.24280836764387	0.213938458309479	0.960224561962078
3042	6.71407477051758	0.610583219900984	0.866305922295811	0.704812473499971	0.48092694501807	0.960224561962078
3043	6.2414527326229	0.475536674788119	0.979337408914909	0.485569805114466	0.627272209165606	0.960357823831468
3044	3.26264464860204	0.8590142697825	1.11866262710046	0.76789395566833	0.44255018866635	0.960224561962078
3045	3.01158360586554	0.370946885102668	1.12091523343855	0.330932147263928	0.740695738804933	0.963432919274349
3046	3.2162993942305	-0.0329892447293496	1.12369123007807	-0.0293579266673264	0.976579127984145	0.994400445557826
3047	1.16307317083728	0.170078490807083	0.938708735687048	0.181183453760661	0.856223581645957	0.977390919310389
3048	1.84782324171209	0.602134935182071	1.1630035153601	0.517741285584705	0.604638788767255	0.960224561962078
3049	6.18834779490412	0.237006400152373	1.06076909055755	0.223428833157083	0.823201765839991	0.968174360513242
3050	7.88226777897869	0.403972765313313	0.842538554133004	0.479470955164791	0.63160362607938	0.960357823831468
3051	6.250729342165	1.41541324586911	0.971657319448035	1.45670002946425	0.145199201655775	0.960224561962078
3052	11.1949779789913	2.02402454515634	1.06061442529793	1.90835094910931	0.056345872041065	0.960224561962078
3053	3.6030126483528	0.816141764604586	1.13323762314194	0.720185906237212	0.471410540280484	0.960224561962078
3054	2.0962257283406	0.815980747855492	1.13275208000372	0.720352460401408	0.471308012338558	0.960224561962078
3055	8.41757245736919	1.14893610771001	0.907910757332484	1.26547251305368	0.205701995640764	0.960224561962078
3056	11.1116700576282	1.63431337677708	1.07281770522532	1.52338404634536	0.127662651004886	0.960224561962078
3057	0	NA	NA	NA	NA	NA
3058	6.01885941662838	2.03768088409884	1.09433204693271	1.86203162907476	0.0625986320818407	0.960224561962078
3059	3.62647273832374	0.707418530826238	1.0911290054912	0.648336289536887	0.51676746739093	0.960224561962078
3060	5.93187212018251	1.97753203162236	1.05913296477022	1.86712348439782	0.0618843455856797	0.960224561962078
3061	6.70679049475889	1.4319160666142	1.08130823766721	1.3242441116544	0.185421985107513	0.960224561962078
3062	8.62654781626822	1.40287924947022	0.880166112928995	1.59388009702141	0.11096289305009	0.960224561962078
3063	14.9964325620121	1.26036955967263	1.02896253482316	1.22489353792579	0.220615335499124	0.960224561962078
3064	2.6488969850745	0.135721654146479	1.14795567574364	0.118229002229167	0.905886210653725	0.983764860221564
3065	0.66464831178713	-0.224693582042861	0.959110822614513	-0.234272804294244	0.814773197522888	0.967651531145028
3066	8.20238191685978	0.823886336245693	0.910325530740937	0.905045841760706	0.365441101900215	0.960224561962078
3067	0.750700816131495	0.486859775983145	1.05889920380255	0.459779150116284	0.64567475030995	0.960357823831468
3068	1.38409069325128	0.339372255941348	1.05439841223527	0.321863398126611	0.747556182890753	0.963432919274349
3069	2.68054361944762	0.82960060054527	1.1631990726997	0.71320603671032	0.475718271328461	0.960224561962078
3070	0.471003172128543	0.159953792896737	0.932133591603276	0.171599644447547	0.863752286996846	0.982183571569429
3071	1.29795006240908	0.576253534428677	1.12151492895313	0.513817087541203	0.607379880002068	0.960224561962078
3072	3.39498783327079	1.63030365806719	1.15526564842636	1.411193746034	0.158187493715474	0.960224561962078
3073	4.01982189722021	2.23542166961756	1.10075839524565	2.03080138136825	0.0422751468613405	0.960224561962078
3074	146.920894509558	-0.529075382741455	0.980728852584339	-0.539471619854232	0.589561474375945	0.960224561962078
3075	4.1190213113031	2.13706644473725	1.10158887423682	1.93998550159452	0.052381451901803	0.960224561962078
3076	1.15478382781929	0.269866664194714	1.10680600270582	0.243824720443302	0.807366573886748	0.967651531145028
3077	5.27378728778234	1.00068633013282	1.01842469967953	0.982582541888181	0.325812940193538	0.960224561962078
3078	0.900291008785346	0.236650721462865	0.998560037033592	0.236991981139041	0.812663011200478	0.967651531145028
3079	10.3219114331402	2.25814454158045	0.882435871212175	2.5589899677112	0.0104976770833844	0.960224561962078
3080	4.39797718794272	0.365395087333688	1.09237629723237	0.334495620473869	0.738005595130939	0.963432919274349
3081	2.29222725127469	-0.707544050510695	1.1599014846899	-0.610003573449908	0.541859440410454	0.960224561962078
3082	5.66853916648575	0.910166838319912	1.03693365681583	0.877748380850916	0.38008028276752	0.960224561962078
3083	2.40681355826971	0.655270798381937	1.15211059405633	0.568756855255424	0.569521157890227	0.960224561962078
3084	0.595265790232995	0.138710854777539	0.907124103659453	0.152912764877443	0.878467069381154	0.983764860221564
3085	7.94337880885489	0.63726750008199	0.855888561635831	0.744568310229549	0.456532731296202	0.960224561962078
3086	8.63323824448467	1.6829674815339	1.08755216206199	1.54748207970365	0.121747042410614	0.960224561962078
3087	1.2351142484994	0.126832833390231	1.10379448981742	0.114906202703739	0.908519468616731	0.983764860221564
3088	2.38028784111796	0.789442621501303	1.14873319487864	0.687228875269599	0.491938510907044	0.960224561962078
3089	14.5283879179898	1.08322701848306	0.876191148527156	1.2362907572211	0.21635050550884	0.960224561962078
3090	8.56043441950194	0.987179810777955	0.858005414619984	1.15055195917986	0.249916606593974	0.960224561962078
3091	2.91331688425962	0.713441963254554	1.13254472228341	0.629945951993957	0.52872994660362	0.960224561962078
3092	2.370115261806	0.66366257425735	1.15747850764305	0.573369241739749	0.56639471173459	0.960224561962078
3093	4.47218582339125	1.61194779711261	1.10626753740557	1.45710485267692	0.145087439080957	0.960224561962078
3094	3.27739257276665	0.984059167595943	1.12071741806457	0.878061812669394	0.379910175058574	0.960224561962078
3095	6.01656491001248	0.619845886366564	0.902643427838899	0.686700713980263	0.492271346960232	0.960224561962078
3096	4.91011447109904	1.67753111039914	1.04794735932187	1.60077803095442	0.109426091116526	0.960224561962078
3097	1.5159900841401	-0.223980451772796	1.16119554908329	-0.192887797365067	0.847046841867515	0.973951521593349
3098	2.5761687140962	0.754017841060562	1.15322898714394	0.653831849065765	0.513220144876867	0.960224561962078
3099	0.637067152578028	-0.0798172890353144	0.904917330368194	-0.0882039567115354	0.929714572575651	0.991437074641558
3100	1.43974400999106	0.029229635649826	1.0660847699719	0.0274177405710396	0.97812654863797	0.994400445557826
3101	11.0187487724471	1.33435703409078	0.855047376174192	1.56056502981298	0.118626415238221	0.960224561962078
3102	2.13794106381234	1.13825948068682	1.1599257576408	0.981320979544373	0.326434480151732	0.960224561962078
3103	2.32977431296661	1.14962836195977	1.1621150006745	0.989255246935559	0.322538274143817	0.960224561962078
3104	4.51234734897856	0.0771289695390966	1.04843579255224	0.0735657539422028	0.941355921668327	0.994400445557826
3105	0.874963434235947	0.360398161602243	0.994634285293763	0.362342387479434	0.717096186479755	0.962423898398307
3106	6.14424145307433	0.621264581991385	0.910617028565743	0.682245732841061	0.495083581109447	0.960224561962078
3107	4.08260523670728	1.14806223677869	1.07284364578424	1.07011141958106	0.284569159534004	0.960224561962078
3108	2.79993081949148	0.756660705242844	1.15929108981796	0.652692591091735	0.513954479843078	0.960224561962078
3109	2.75547090103847	0.647515466163966	1.16221005014422	0.557141513346591	0.577430746076017	0.960224561962078
3110	2.10759645025491	0.859456815478775	1.16036471236611	0.740678173266963	0.458888596595911	0.960224561962078
3111	3.28478594601478	0.652469124373806	1.14027320826295	0.572204204786809	0.567183639195761	0.960224561962078
3112	3.56187960795689	1.48873659462815	1.10335142608292	1.34928596586258	0.177245131622703	0.960224561962078
3113	4.17400630609375	0.970206264559766	1.09562333879879	0.885529022796714	0.375871373501603	0.960224561962078
3114	2.2437029372552	0.07927508660054	1.16285491475211	0.0681728095180639	0.945648071463533	0.994400445557826
3115	6.44920269534253	2.07980480158719	1.06370388054666	1.95524792155343	0.0505538148116311	0.960224561962078
3116	4.62372952749687	0.416748272693308	0.966386947021758	0.431243689681091	0.666291189586632	0.960357823831468
3117	26.9027443318449	-0.392044074799441	0.811654922390633	-0.48301816940224	0.629082835299798	0.960357823831468
3118	10.6660448348471	1.81437731340663	0.892253295000059	2.03347785160772	0.0420042690058311	0.960224561962078
3119	4.92449316508168	0.667638833868368	0.979359992333104	0.681709319448377	0.495422773369926	0.960224561962078
3120	1.03893330231322	-0.145631781969784	1.08745600202255	-0.133919700382291	0.893466071957411	0.983764860221564
3121	4.70736897489403	0.873152946690139	1.15138214233102	0.758351996777029	0.448240286963536	0.960224561962078
3122	4.96847774773755	0.775087017831699	0.979482835725455	0.791322715989841	0.428755695873034	0.960224561962078
3123	9.65239710552951	0.0353515567324952	0.92515613832467	0.0382114491468565	0.969519092464528	0.994400445557826
3124	7.094875015862	1.94597755400392	0.934906580790178	2.08146738293273	0.0373911465852564	0.960224561962078
3125	10.1909573161875	0.78277161172572	0.802456796573574	0.975468853984529	0.329327743983967	0.960224561962078
3126	1.52959653937406	0.315758088598775	1.16099712482883	0.27197146474013	0.785643960432887	0.967651531145028
3127	2.6350628820198	1.51807804787831	1.15200298285784	1.31777267113695	0.187579759014827	0.960224561962078
3128	4.45815444574441	0.513596710390262	1.02716511868236	0.500013776800655	0.617065376817737	0.960357823831468
3129	3.04558872313871	0.892561043505149	1.1289007485296	0.790646161469653	0.42915050147032	0.960224561962078
3130	4.05076240733955	1.09445242100774	1.09696131845951	0.997712866069613	0.318418612514638	0.960224561962078
3131	13.6348220111083	1.54236501133331	0.818183738436704	1.88510836732137	0.0594152086011185	0.960224561962078
3132	3.38944307323408	1.37217827236591	1.13103299771168	1.21320799228857	0.225050309224869	0.960224561962078
3133	6.18925114314517	1.90353769608309	1.07104429845927	1.77727261031256	0.0755233978274892	0.960224561962078
3134	0.81730203199725	0.145375046483756	0.986595616169649	0.147350184919896	0.882855622903648	0.983764860221564
3135	0	NA	NA	NA	NA	NA
3136	9.16091032408601	1.28035405756591	0.941267716275278	1.36024431246026	0.173752624162026	0.960224561962078
3137	3.58739810761993	-0.0538116736637773	1.14589361550152	-0.0469604446135478	0.962544753352125	0.994400445557826
3138	1.68907918909653	0.373872038171694	1.01819933235232	0.367189435597002	0.713477718965198	0.962423898398307
3139	3.60489798427132	1.79660814511579	1.15214083416184	1.55936504622093	0.118910004359866	0.960224561962078
3140	8.7041682770496	1.68208179077216	0.861604022848901	1.95226780071237	0.0509064182175078	0.960224561962078
3141	2.33255561865499	0.922235909464469	1.15503954680887	0.798445310389944	0.424612118091736	0.960224561962078
3142	2.42870935652166	1.22312801691254	1.16212471503842	1.05249290466394	0.292573464157773	0.960224561962078
3143	1.05262578442048	-0.0701036720161939	0.923085414536374	-0.0759449460604942	0.939462898302174	0.994400445557826
3144	1.66100703156585	0.520476241278745	1.01396279883619	0.513309010819864	0.607735181812718	0.960224561962078
3145	14.194638022278	1.61925688059677	0.887601249628866	1.82430667067428	0.068105722511632	0.960224561962078
3146	3.09335766830879	1.0080368530278	1.14906565094925	0.877266544513845	0.380341879329795	0.960224561962078
3147	5.78910875741646	0.977870312109037	0.960349251552781	1.01824446734136	0.308561791966797	0.960224561962078
3148	3.70332105851321	1.68334572288665	1.10940136627486	1.51734599763381	0.129179350574556	0.960224561962078
3149	1.20552500379139	-0.6083268734958	1.04977645197211	-0.579482300591708	0.562263785915316	0.960224561962078
3150	8.09649100392858	0.515497266615975	0.933564700792172	0.552181617598172	0.580823927429329	0.960224561962078
3151	1.49633001920781	-0.282616783023578	1.13601701496208	-0.248778653225552	0.803532004325477	0.967651531145028
3152	5.90721388760922	2.37950736187243	1.09215283504339	2.1787311130112	0.0293516490252766	0.960224561962078
3153	4.89700321343575	2.11654920282874	1.10197261522634	1.92069128904261	0.0547706384592936	0.960224561962078
3154	15.9014530674518	0.124164166405038	0.847893867247714	0.146438335269576	0.883575366311862	0.983764860221564
3155	1.20478850630902	0.398777358794654	1.04218405117974	0.382636213194053	0.701989515745571	0.960357823831468
3156	1.07947044614721	0.394607919201761	0.923635266573388	0.427233490840735	0.669209270104614	0.960357823831468
3157	1.27457599931144	0.338267426786517	1.06146656722754	0.318679303927622	0.749969710104667	0.963432919274349
3158	5.53035426822389	0.822611554232487	0.971728832085226	0.84654435174806	0.397249142773732	0.960224561962078
3159	2.43696197683255	-0.0748903226548362	1.14033782552756	-0.0656738038310617	0.947637528889683	0.994400445557826
3160	1.55814403270189	-0.0997248237132773	1.06673268812578	-0.0934862358896035	0.925517283974441	0.989846166465647
3161	3.51970472698972	0.242179697272429	1.16042058977284	0.208699931220487	0.834682493836303	0.971150936719616
3162	35.9209025871199	1.72667533551206	1.04609006119269	1.65059912101965	0.0988204584904247	0.960224561962078
3163	2.70374035891771	0.549709646552871	1.15599914055884	0.475527729447209	0.634410873491581	0.960357823831468
3164	3.97550569933918	1.5092859183919	1.1429548928423	1.32051223354808	0.186664054292944	0.960224561962078
3165	3.57691185361394	1.54083202473317	1.16250401227453	1.32544232833951	0.185024485658309	0.960224561962078
3166	3.24997088584504	0.689995675936791	1.10499433649151	0.6244336764002	0.532342814467698	0.960224561962078
3167	1.43009705208323	0.256245792482501	1.13239341413664	0.226286897542466	0.820978288362121	0.968174360513242
3168	0.639725708686014	0.202823074572961	0.956526419476796	0.212041267698494	0.83207483928423	0.970349224287502
3169	1.12127180849225	0.28673658824353	0.930145845433236	0.308270568160175	0.757876459433572	0.963432919274349
3170	3.31674942533834	0.941005649745903	1.08741873678926	0.865357215127945	0.386842756410013	0.960224561962078
3171	0.443017041471157	0.0347942256023289	0.904019491135855	0.0384883577660607	0.969298313764208	0.994400445557826
3172	3.02627396410874	-1.2920462217	1.11562179198062	-1.1581399995837	0.246806908947172	0.960224561962078
3173	0.38748647431177	0.156924045196599	0.904110692701294	0.173567292659423	0.862205538486169	0.981495727838689
3174	4.15251757891464	0.516024181027573	0.929790427981397	0.55498977565071	0.578901653874148	0.960224561962078
3175	1.91071045941251	0.224121790863824	1.10211926216179	0.203355297886922	0.838857336870159	0.972547696773971
3176	1.91340363860305	0.903143430067944	1.15805329739163	0.7798807119691	0.435461092572901	0.960224561962078
3177	24.3133758575782	1.03175185778874	0.912275854259368	1.13096477668629	0.25806991704413	0.960224561962078
3178	15.7931585577377	0.98727610401255	0.829585142710988	1.19008411937833	0.234013331336621	0.960224561962078
3179	28.8234371996488	1.12858089290842	1.02478470210561	1.10128585115443	0.270772267133209	0.960224561962078
3180	1.66498438023204	1.13011448586899	1.15016931256782	0.982563587395619	0.325822272896801	0.960224561962078
3181	3.34031651317416	0.588796547076775	1.13902434093451	0.516930609747725	0.605204598948056	0.960224561962078
3182	7.3800628458545	1.73086615121924	0.952900069669089	1.81641937734385	0.0693060649728118	0.960224561962078
3183	2.85734462294484	0.582415165261351	1.12291356312593	0.518664289386657	0.603994868499549	0.960224561962078
3184	2.30400504426183	0.838280839470608	1.14247522707753	0.733740933372309	0.463106645832175	0.960224561962078
3185	8.16230641814578	1.90430554872191	0.980543565540665	1.94209172916441	0.0521259965999625	0.960224561962078
3186	2.61806137319549	1.61769500692323	1.15155780899724	1.40478836084824	0.160084221144622	0.960224561962078
3187	27.1295739398508	2.11595369034159	1.09280895580079	1.93625215012176	0.0528368261406637	0.960224561962078
3188	3.61781514656457	1.94792312609998	1.11794264628138	1.74241776407705	0.0814353697491831	0.960224561962078
3189	1.82784423220481	-0.123823054776174	1.10135051272322	-0.112428380743208	0.91048375339947	0.98397565474519
3190	4.69731704553792	1.14706394687808	1.12449939493148	1.02006630865993	0.307697014005023	0.960224561962078
3191	4.11014967320928	1.02916107986751	1.08747991277399	0.946372496428263	0.343958628437462	0.960224561962078
3192	3.08175929857375	1.06069661374033	1.16095021684388	0.913645217814686	0.36090329825452	0.960224561962078
3193	0.996481469359119	0.348417823846492	0.915382573889445	0.380625362318261	0.70348125903375	0.960357823831468
3194	0.691983971835444	0.285542714746565	0.910358685248223	0.313659571082917	0.75377960979158	0.963432919274349
3195	2.49416910345677	1.1564812894363	1.14420929829918	1.01072530275305	0.312147923179948	0.960224561962078
3196	3.91557184107373	1.10458635654203	1.10902978513919	0.995993409143107	0.31925334753796	0.960224561962078
3197	0	NA	NA	NA	NA	NA
3198	7.75152560873602	0.38725917735986	0.922820462165029	0.419647367215191	0.674743079955524	0.960357823831468
3199	3.45746797989838	0.0776148474785567	1.08306172700917	0.0716624413392274	0.942870546749187	0.994400445557826
3200	7.30075114452465	0.628012471104962	0.859737881391035	0.730469698611923	0.465103128287582	0.960224561962078
3201	22.1347381776444	0.584630839361612	0.944154149722147	0.61921121623377	0.535777223816721	0.960224561962078
3202	8.95909246744537	-0.266178036070989	0.813304415884732	-0.327279713317964	0.743456334739954	0.963432919274349
3203	2.63055781232494	0.998944242581406	1.14797578421333	0.870178845511054	0.384202674731484	0.960224561962078
3204	0.996481469359119	0.348417823846492	0.915382573889445	0.380625362318261	0.70348125903375	0.960357823831468
3205	4.6149418166518	-0.413168137106897	1.08880106059183	-0.37947073350784	0.704338333267662	0.960427850583085
3206	4.65687119845818	1.15333907948014	1.03274456752567	1.11677089935549	0.264092294422742	0.960224561962078
3207	9.7495329069324	2.41281686643966	0.918592029618747	2.6266468558856	0.00862307741574215	0.960224561962078
3208	3.97719064101401	1.05524802849489	1.05685317459083	0.998481202370837	0.318046075153211	0.960224561962078
3209	2.30404176696893	0.880413764912697	1.16081165256719	0.758446698019975	0.448183610955226	0.960224561962078
3210	3.26079603539062	1.53162250402655	1.14211377602623	1.34104196637532	0.179906827566692	0.960224561962078
3211	0.152248748761837	-0.114865815914843	0.895500273327854	-0.128269995371391	0.897935309151685	0.983764860221564
3212	6.23798003436926	-0.461271289853045	0.971245413012061	-0.474927637930906	0.634838551301195	0.960357823831468
3213	1.05201203651851	0.285338211097562	0.917653415021417	0.310943332664329	0.755843701461453	0.963432919274349
3214	1.9858150646309	0.663511793274612	1.16309048080606	0.570473066562093	0.568356884613967	0.960224561962078
3215	9.06034594189597	1.57191267214933	1.05063163424598	1.49615966330336	0.134612053166941	0.960224561962078
3216	16.0845143737647	0.74713986741482	1.00106556527957	0.746344588534682	0.455459282901025	0.960224561962078
3217	9.2384279862516	2.03592328540451	0.981010077932787	2.07533371083676	0.0379556171967515	0.960224561962078
3218	4.22634849649193	-0.117034577370519	1.00808269098706	-0.11609620759972	0.907576294388295	0.983764860221564
3219	2.34244807572361	1.25132877332554	1.15991295978509	1.07881264949172	0.280671254696914	0.960224561962078
3220	7.55955385828585	0.799797106131197	0.888999963099327	0.899659324329844	0.368301576028155	0.960224561962078
3221	900343.799941075	-1.07571767373766	0.851291484723313	-1.26363025243614	0.20636276993816	0.960224561962078
3222	2.28175468794586	-0.93278613400857	1.14558375038058	-0.814245255921872	0.415504464230829	0.960224561962078
3223	10.8982112659065	-2.87429894840407	0.850944323314282	-3.37777557197769	0.000730746935013457	0.960224561962078
3224	290914.989952366	-1.31344362769051	0.915615335562183	-1.43449282321605	0.151431675670148	0.960224561962078
3225	15.6935919745112	2.10617107837495	0.859976080478784	2.44910425555366	0.0143211988902	0.960224561962078
3226	3.20380505472559	1.17682716130267	1.14642040458029	1.02652321661487	0.304645025942448	0.960224561962078
3227	2.78555114406806	0.987310338881935	1.15198856300392	0.857048733459147	0.39141795224693	0.960224561962078
3228	2.106682629145	0.974349281421251	1.12646299602697	0.864963416337487	0.38705886857484	0.960224561962078
3229	1.11020115978588	0.503308035795532	1.03032734918135	0.488493328062619	0.625200450423465	0.960357823831468
3230	5.613024300437	0.404807806111164	0.986311448487949	0.410425942770663	0.681493518840567	0.960357823831468
3231	2.85505641520259	0.354789307994512	1.1636843579895	0.304884486552248	0.760454131545362	0.963432919274349
3232	1.96550452908953	0.641179436931021	1.05093316994816	0.610104862293624	0.541792345925661	0.960224561962078
3233	4.44059166344073	2.34495371828145	1.082069816523	2.16710020229236	0.030227214510598	0.960224561962078
3234	3.74603726199515	0.988895630897022	1.06295815110117	0.930324142933173	0.352203281187606	0.960224561962078
3235	0.723242406502787	0.25941789203159	1.05502308961327	0.245888355037503	0.805768658473961	0.967651531145028
3236	1.27352055725408	0.346112294656963	0.956204772268431	0.361964617511656	0.717378471288689	0.962423898398307
3237	1.24544839972341	0.499791354129504	0.953197890575406	0.524331158378666	0.600048228853157	0.960224561962078
3238	1.3179804757071	0.506671911278337	1.05636019932415	0.479639342340332	0.631483866285349	0.960357823831468
3239	2.86567068866993	0.593365682497637	1.12147105164245	0.529095852834208	0.596738958202909	0.960224561962078
3240	7.67387159550395	0.334148272761096	1.03745906970989	0.322083330819535	0.747389566054907	0.963432919274349
3241	2.63995507182289	0.854479185538808	1.15417977286023	0.740334569736289	0.459097009716715	0.960224561962078
3242	0.138519543947483	0	0.892992221742464	0	1	1
3243	0.728645545592053	0.240328557079722	0.910718428761957	0.263888979831481	0.791865467569125	0.967651531145028
3244	0.443017041471157	0.0347942256023289	0.904019491135855	0.0384883577660607	0.969298313764208	0.994400445557826
3245	3.95441247447829	-0.230813941256657	1.06051403264904	-0.217643457937196	0.827706921504578	0.968364114928945
3246	2.10507951509437	0.763301754279689	1.13404541704951	0.673078646414003	0.500897258075626	0.960224561962078
3247	6.85765017580474	1.43970019487838	0.972380413753547	1.4805935768707	0.138714908015586	0.960224561962078
3248	2.28818172707526	0.547472132586001	1.1614932635781	0.471351965399659	0.637389412116943	0.960357823831468
3249	5.05784347804807	1.29665981309126	1.13761021487807	1.1398102760797	0.254365351614655	0.960224561962078
3250	4.15174225910062	1.57958226341082	1.08826033353283	1.45147462857808	0.146647742093054	0.960224561962078
3251	4.14207744985274	1.0455735066965	1.14036290717053	0.916877864162366	0.35920664466051	0.960224561962078
3252	4.49184588832355	1.67426378153423	1.09750215954344	1.52552208392075	0.127128929598422	0.960224561962078
3253	6.20093661038538	1.6679051551185	0.981604260065523	1.69916250669813	0.0892885686380351	0.960224561962078
3254	0.667711839343399	0.389018362742074	1.04818119013628	0.371136561505646	0.710535820460264	0.962109640556799
3255	6.9529761194348	1.76841121768053	1.10982171887246	1.59341918400838	0.111066184892788	0.960224561962078
3256	1.66336341484135	-0.29399735871312	1.14558405135475	-0.256635345407823	0.797460286899522	0.967651531145028
3257	31.6828768954223	1.46689218588028	0.967199856125742	1.51663813491054	0.129358071656861	0.960224561962078
3258	10.9689224376119	2.62136218338761	0.934382874854247	2.8054475889196	0.00502467522048107	0.960224561962078
3259	13.7353727412074	1.14285554999322	0.95637865132152	1.19498228909024	0.232093949920731	0.960224561962078
3260	2.79644973902784	1.34603326691004	1.15676464328205	1.16361895630816	0.244578465791681	0.960224561962078
3261	3.14165433450754	0.722383523689922	1.10886376128925	0.651462829707794	0.514747763908521	0.960224561962078
3262	5.50742189928164	0.891919089017447	1.01101246434007	0.882203850572347	0.377666580037646	0.960224561962078
3263	2.49033025608649	0.6675294668902	1.14246619181443	0.584288158085492	0.559026457955027	0.960224561962078
3264	3.17646939467728	0.68258238833877	1.14248627521508	0.597453468935783	0.550204664470651	0.960224561962078
3265	0.429287836656803	-0.103979954533996	0.90187979311172	-0.115292476146115	0.908213301761812	0.983764860221564
3266	2.60567193193093	1.48775083067067	1.16201847419094	1.28031598783877	0.200434027083128	0.960224561962078
3267	1.59174725959211	0.51499291667425	1.00466498732686	0.512601636536084	0.608230008202287	0.960224561962078
3268	2.76724659440106	1.07134020536934	1.13833534407437	0.941146394993554	0.346629842712808	0.960224561962078
3269	7.14137129341797	0.946800746315003	0.906510978825291	1.04444487538576	0.296279610666489	0.960224561962078
3270	4.84859744974756	1.21094090190479	1.04473267576464	1.15909163175977	0.246418836536919	0.960224561962078
3271	6.68932949104401	1.05849105358393	0.903305191838942	1.17179781888451	0.241278238596927	0.960224561962078
3272	2.66496580142185	-0.134475503738246	1.137002627072	-0.118271937580783	0.905852191878182	0.983764860221564
3273	1.95230304530385	0.713447362009414	1.11596581889449	0.639309331818223	0.522621718930131	0.960224561962078
3274	6.00602408195933	1.57337198462401	0.971902029538618	1.61885862649235	0.105477684565173	0.960224561962078
3275	4.74109294093118	1.41989072402994	1.00202052112467	1.4170275898504	0.156474861191824	0.960224561962078
3276	4.71201356591179	0.278867978049269	0.987994297273583	0.282256667694155	0.77774670937794	0.967651531145028
3277	2.61617603727697	0.442527877924146	1.13445558187912	0.390079510377253	0.696477753464378	0.960357823831468
3278	1.28724976206844	0.398463388882481	0.958605022720222	0.4156700407763	0.677651466720726	0.960357823831468
3279	1.59236100749408	0.252330980065137	1.00651722168482	0.250697131284807	0.80204827877237	0.967651531145028
3280	2.84365424046214	1.53212347958165	1.16066767582224	1.32003631314731	0.186822894258737	0.960224561962078
3281	1.80005429654201	0.638942755423431	1.10470073267443	0.578385382144701	0.563003960832886	0.960224561962078
3282	3.51947599957143	0.333567017940895	1.14570431908978	0.291145815183713	0.770939801409904	0.967651531145028
3283	4.00496272533675	-0.425060226993518	1.02866065800134	-0.413217151533141	0.679447522999833	0.960357823831468
3284	2.06026919924022	1.44449667337616	1.16117926677694	1.24399110000096	0.213502838516829	0.960224561962078
3285	2.69884606949008	-0.115247260386172	1.14120896604328	-0.100986991703851	0.919560786498753	0.987030239772755
3286	2.22145776162911	1.19934459721391	1.16206374372537	1.03208159078178	0.302033897048472	0.960224561962078
3287	4.0070589373335	0.673273965505217	1.15189571060984	0.58449211964577	0.558889265561212	0.960224561962078
3288	1.37023873885653	0.452708516299369	0.972174231767111	0.465666031361977	0.641454570348168	0.960357823831468
3289	2.76127901157601	1.18447695021297	1.16166712393539	1.01963542378673	0.307901398232805	0.960224561962078
3290	2.26815131377723	0.471523514949435	1.15581928630045	0.407956088411268	0.683305913482036	0.960357823831468
3291	8.28093405009113	1.35479701811606	0.856964721252913	1.58092507721356	0.113895169690614	0.960224561962078
3292	8.98444294624742	0.673500847516823	0.819626161273669	0.821717118533927	0.411237914052247	0.960224561962078
3293	2.74230613995989	0.4714229806778	1.16333012569716	0.405235771226405	0.685304213344963	0.960357823831468
3294	0.418217187950435	0.100248459274285	0.932970969772212	0.107450780916325	0.914431370314299	0.984552517669952
3295	2.82832192159715	1.26018053571089	1.15950004494782	1.08683095028909	0.27711152678365	0.960224561962078
3296	2.40096872502506	0.332767304792913	1.16251212005044	0.286248460599684	0.774687829620225	0.967651531145028
3297	1.66427933557581	0.527868643761532	1.09225615832808	0.483282826777137	0.628894931992481	0.960357823831468
3298	4.46816965239342	0.542561291065603	1.06172861673363	0.511016923264981	0.609339206710772	0.960224561962078
3299	0.816774310968573	0.188946786626422	0.912084761802435	0.207159240609426	0.835885498075715	0.971150936719616
3300	5.94147815613414	0.178426987948316	0.935147666246173	0.190800869625809	0.848681607339248	0.975129675722468
3301	5.19672917111218	0.965589854136396	0.997925107227872	0.96759751522707	0.333245418707333	0.960224561962078
3302	1.52248748761837	0.510109973956976	0.995018217768061	0.51266395413464	0.608186408238379	0.960224561962078
3303	0.747514538994832	0.198709555926464	0.910993435535162	0.218124026118511	0.827332477942099	0.968174360513242
3304	0.443017041471157	0.0347942256023289	0.904019491135855	0.0384883577660607	0.969298313764208	0.994400445557826
3305	5.78804705507167	0.14524421739394	0.911488798612221	0.159348329474899	0.87339444574827	0.983764860221564
3306	2.08188277562428	1.04325858849196	1.13396898052868	0.920006284480179	0.357569475141075	0.960224561962078
3307	3.49816459601986	1.85133367154123	1.1337050961038	1.63299404572114	0.102470248965175	0.960224561962078
3308	3.26315349826367	0.366021249822836	1.10459336065446	0.331362891413697	0.740370391385415	0.963432919274349
3309	4.14445168446829	1.09695114152088	1.06062802085125	1.03424680468132	0.301020798315703	0.960224561962078
3310	3.7920803435342	0.82877316326166	1.06855381776529	0.775602641142499	0.437983640454457	0.960224561962078
3311	3.15542236165355	1.20685816205434	1.13385278971881	1.06438699361813	0.287153423354967	0.960224561962078
3312	1.66799333374115	0.767174849643912	1.15190782307119	0.666003680397349	0.505408747968525	0.960224561962078
3313	16.9646805438805	0.933871542287217	0.828780743217594	1.12680169022946	0.259826335739888	0.960224561962078
3314	4.38245184433955	0.395012637434163	1.0437731179412	0.378446839302883	0.705098678219147	0.960640243300004
3315	3.06827559292018	0.375474721759257	1.15798040613158	0.324249633043093	0.745749048368789	0.963432919274349
3316	3.57809004525169	1.26892448293835	1.12868213801546	1.12425318005782	0.260905634633712	0.960224561962078
3317	1.33223740155014	0.651220550628961	1.12040138905689	0.581238614115904	0.561079646290712	0.960224561962078
3318	5.49578680683949	1.16889880790577	1.03570743398184	1.12859941867161	0.259066856047135	0.960224561962078
3319	0.693039413892798	0.153414604760315	0.967362902525646	0.158590539661766	0.873991482719168	0.983764860221564
3320	0.207779315921225	0	0.89458842635355	0	1	1
3321	9.50491157397547	1.56769775256108	0.817365277999527	1.91798917174211	0.0551123841731956	0.960224561962078
3322	15.2664832360886	1.13379165840557	0.8018406986432	1.41398616997624	0.1573659632104	0.960224561962078
3323	14.648128736296	2.55997437389704	0.925823380532036	2.76507855356377	0.00569090895345111	0.960224561962078
3324	2.63518563160019	1.01451001781527	1.13783168945494	0.891616947583213	0.372598283106799	0.960224561962078
3325	6.10597994448919	1.14306522622818	1.05955419484835	1.07881714006312	0.280669252454393	0.960224561962078
3326	3.74075897211082	1.61730164876995	1.15680797878583	1.39807269523456	0.162091238354878	0.960224561962078
3327	0.540385693682678	-0.232132562413095	0.935277244902373	-0.248196525338672	0.803982354638634	0.967651531145028
3328	0.944750927238365	0.364288288940078	1.08286014094357	0.33641305572726	0.736559405593146	0.963432919274349
3329	8.5312942474205	1.8699518515791	1.04323956302937	1.79244721715606	0.0730613570494898	0.960224561962078
3330	2.03590576999392	0.454905605048152	1.12324370770442	0.404992791793908	0.685482809413331	0.960357823831468
3331	0.803167855734613	-0.219237162347068	0.978040087620756	-0.224159689487165	0.822633048472903	0.968174360513242
3332	5.1537128944223	1.66465878504873	1.09387843983675	1.52179504086137	0.12806044447236	0.960224561962078
3333	0.886034082942315	0.180754999033456	0.913028379971433	0.19797303457217	0.843066161449078	0.97257593634364
3334	3.76029418783818	0.993086329954698	1.05819863236909	0.938468733163436	0.348003577902839	0.960224561962078
3335	2.25893137790684	1.03855577675326	1.13442494826679	0.915490952786249	0.359933949878423	0.960224561962078
3336	10.7133049303555	2.14444966619763	0.921555963955507	2.32698799646764	0.0199659041276275	0.960224561962078
3337	1.37302004454491	0.53650943743946	1.12028009060051	0.47890651805824	0.632005133765786	0.960357823831468
3338	2.9066988308255	1.49762855607507	1.14287633924428	1.31040297593821	0.190059547421151	0.960224561962078
3339	23.507528474744	0.731173085696665	0.973479925703323	0.751092104101072	0.4525972273346	0.960224561962078
3340	2.02539956502333	0.553280894682069	1.16282706058281	0.475806689951613	0.634212103326447	0.960357823831468
3341	2.62239121888735	0.701828810546309	1.15360621935247	0.608378143921805	0.542936703806463	0.960224561962078
3342	4.32581336070021	0.824298613208933	1.12080355147952	0.735453248806014	0.462063502429234	0.960224561962078
3343	3.05143355638336	1.54241254024762	1.15892382815421	1.33090070527257	0.183221685161572	0.960224561962078
3344	0.443544762499834	-0.116965082952634	0.937876432773929	-0.12471267948027	0.90075101900128	0.983764860221564
3345	3.72611384656201	0.706414848546659	1.145927423276	0.616456883916041	0.537593020028182	0.960224561962078
3346	1.92803091281181	0.880503953207538	1.15578964418093	0.761820247863114	0.446167294006089	0.960224561962078
3347	3.00876557747006	0.6490790046033	1.14570298229136	0.566533398826603	0.571031235350381	0.960224561962078
3348	2.0491072537796	0.45987987058468	1.06051646341501	0.43363765339748	0.664551587437817	0.960357823831468
3349	2.78611558780384	0.977957807074197	1.15448298425296	0.847095903892437	0.39694166805645	0.960224561962078
3350	5.05616691858323	0.561968052142083	1.01043242069728	0.556165895542308	0.578097451204808	0.960224561962078
3351	5.87575925794729	1.29064181179913	1.10192824620721	1.17125758073764	0.241495256560431	0.960224561962078
3352	1.76418379431492	0.974049236043733	1.15104858604329	0.846227733437397	0.397425713402747	0.960224561962078
3353	10.0970057591898	1.63664210033336	0.85578081626437	1.91245476555269	0.0558178892832132	0.960224561962078
3354	2.48423992368105	1.16428341447208	1.16224180366012	1.00175661450615	0.316461155940763	0.960224561962078
3355	2.84046796332548	1.1852242344356	1.15346907543091	1.02753013468768	0.304170903177875	0.960224561962078
3356	4.45150283985961	0.901102662421979	1.03392373941758	0.871536872661012	0.383461081991939	0.960224561962078
3357	200.912446406004	0.347705515441776	1.14341654846677	0.304093478363612	0.761056675233069	0.963432919274349
3358	2.75156387813494	1.20824787019529	1.13296947930474	1.06644344112142	0.286223233101735	0.960224561962078
3359	4.8396051616979	0.491496119326804	0.969360711893196	0.50703119416393	0.612132931254975	0.960224561962078
3360	3.81725054542065	0.796738239163979	1.0918841698729	0.729691171598103	0.465578978728546	0.960224561962078
3361	2.5359704658018	1.06290319627775	1.14515150033597	0.928176923285623	0.353315802800909	0.960224561962078
3362	5.12839999199085	0.305222326200295	0.987188323915886	0.309183484858864	0.757181956028698	0.963432919274349
3363	1.66836158248233	-0.472687753346339	1.16385144942186	-0.40614096720088	0.684639026108901	0.960357823831468
3364	0.982752264544764	0.293840494012596	0.91503268777212	0.321125679923004	0.748115150301057	0.963432919274349
3365	2.30126046128055	1.07103802280615	1.15931397061724	0.923855012491489	0.355561808442117	0.960224561962078
3366	6.65738698271204	2.58285648598723	1.08021900314904	2.39104892476221	0.0168003139562967	0.960224561962078
3367	2.25688656970082	0.480647674159467	1.08056590755535	0.444811066866688	0.656456295999575	0.960357823831468
3368	0.900291008785346	0.236650721462865	0.998560037033592	0.236991981139041	0.812663011200478	0.967651531145028
3369	2.83585589576573	1.53754345419113	1.15767940398259	1.32812542825047	0.18413667434639	0.960224561962078
3370	2.10479729322648	0.187521917679775	1.15416479699137	0.162474126891237	0.870932501302149	0.983764860221564
3371	5.27380513912239	1.9128704205872	1.04148834861761	1.83667001472094	0.066258624433114	0.960224561962078
3372	1.59174725959211	0.51499291667425	1.00466498732686	0.512601636536084	0.608230008202287	0.960224561962078
3373	3.58838537414404	0.881703730705909	1.07218638274217	0.82234184736697	0.410882366111305	0.960224561962078
3374	2.19028535383506	0.764173001278061	1.12999302334278	0.676263468439354	0.498873382433932	0.960224561962078
3375	27.1019489928492	-0.348967988676585	0.916112826497263	-0.380922500573272	0.703260755926561	0.960357823831468
3376	3.52121971454251	1.28795757549013	1.09887776399968	1.17206628224257	0.241170445812817	0.960224561962078
3377	1.08274275015717	0.355751287772561	1.02445112622554	0.347260380378789	0.728395712754595	0.963432919274349
3378	5.2079771434461	1.17917914353744	0.970605228437946	1.21489057444618	0.224407829176582	0.960224561962078
3379	11.1454580505543	1.1667554750011	1.01607071635527	1.14830144813773	0.250844141511626	0.960224561962078
3380	1.41061431077848	0.828462601053611	1.13927059326742	0.727186856177502	0.467111496887848	0.960224561962078
3381	0.596321232290349	-0.107335626146337	0.958640410241827	-0.111966515285184	0.910849956513993	0.98397565474519
3382	2.44020282801636	0.788737237765106	1.14785171679005	0.687142098781538	0.49199318732008	0.960224561962078
3383	48.5862252139373	0.748813593852603	1.12410776762464	0.666140396338443	0.50532136608163	0.960224561962078
3384	2.28540042138688	0.655103871385806	1.14370395300943	0.572791472532756	0.566785893600957	0.960224561962078
3385	2.12473958002666	1.05093876743801	1.16168352199014	0.904668739415012	0.365640906904567	0.960224561962078
3386	3.17961894910684	0.928928392567343	1.14353998582033	0.812326988199686	0.416604028506206	0.960224561962078
3387	2.31143514021705	0.494867891467286	1.13185657295371	0.437217844815684	0.661953369452053	0.960357823831468
3388	1.38396794367089	0.502913249316733	0.97485891236886	0.515883111838901	0.605936049958125	0.960224561962078
3389	1.10692885577592	0.505211955394275	0.93142939565835	0.542404993603603	0.587539540376564	0.960224561962078
3390	3.58231289307866	0.705298115398241	1.06292056966007	0.663547338841883	0.506980071595047	0.960224561962078
3391	3.68216487739516	0.442243566833543	0.978772191172207	0.451835034569074	0.651387828598739	0.960357823831468
3392	2.2367701295295	1.10160255687623	1.16182517074402	0.948165511142074	0.343045201829817	0.960224561962078
3393	10.7855159621397	-0.0889652866849521	0.835062495342775	-0.106537279761838	0.915156078731902	0.984552517669952
3394	4.80801310137192	1.92147848047108	1.02626078063698	1.87231015422654	0.0611637067636612	0.960224561962078
3395	3.83891659622731	0.392979053306521	1.07215036930476	0.366533524174736	0.713967001797737	0.962423898398307
3396	4.83195053757347	1.3723340080482	1.1473141600371	1.19612749136106	0.23164681093373	0.960224561962078
3397	2.59215150357026	0.754365362733952	1.16125940464041	0.649609690754277	0.515944371785535	0.960224561962078
3398	4.48816441361622	0.854907227628965	1.06514623580694	0.80261958301087	0.422194645990149	0.960224561962078
3399	702.894627887765	-0.645728729963146	1.07209736788244	-0.6023041836569	0.546971676506539	0.960224561962078
3400	2.05282125194494	0.814140358404798	1.15857944344406	0.702705682386903	0.482239185705553	0.960224561962078
3401	1.35716000465125	0.175517860164006	1.11396045299265	0.157562020889052	0.874801932607061	0.983764860221564
3402	6.71884631036482	1.3457502546979	0.91026529778272	1.47841542237847	0.139296619930851	0.960224561962078
3403	2.02749367739554	0.920022863677841	1.15774638535528	0.794667014568576	0.426807224750468	0.960224561962078
3404	4.99179933641258	0.0218040146166163	1.02914118215641	0.0211866117056256	0.9830967941979	0.995712580055003
3405	5.23978007088462	0.611064897395668	1.00688994625653	0.606883502678241	0.543928227124969	0.960224561962078
3406	4.23939787749562	2.40096949279398	1.10809111166839	2.16676180100296	0.0302530215195548	0.960224561962078
3407	0.67825476702109	0.2105483614314	0.909708055700274	0.231446077796161	0.816968271833659	0.967651531145028
3408	0.540262944102284	0.159002807215453	0.943610743335444	0.168504659721672	0.866186278159063	0.982876974843964
3409	1.3158496406278	0.243045036728103	1.05853192227555	0.229605769664105	0.818398123106218	0.967651531145028
3410	86.5899368111477	0.408096896562256	1.14427273186313	0.35664303203117	0.721359058233815	0.963432919274349
3411	3.11908811468192	0.0797879335392001	1.11263073744062	0.0717110635669976	0.942831851379757	0.994400445557826
3412	2.81026497071549	1.15888695785307	1.15262543701699	1.0054323986223	0.314688685753913	0.960224561962078
3413	3.00644591690167	1.28888566579728	1.15668627409503	1.11429148478975	0.265154158853297	0.960224561962078
3414	11.1953955318986	1.33847728041003	1.06791563102617	1.25335489201884	0.210076579832364	0.960224561962078
3415	2.30339129635985	1.11609263823915	1.14408531645155	0.975532700394035	0.329296089237275	0.960224561962078
3416	7.76612143011864	0.976740432365279	0.869457260724953	1.12339096639537	0.261271484752341	0.960224561962078
3417	2.67582557404998	0.74051622263138	1.14312947991802	0.647797327984654	0.517116043843671	0.960224561962078
3418	2.24319408759357	0.502311634737176	1.15498630177308	0.434907006226872	0.663629928876448	0.960357823831468
3419	9.14989210816307	0.666963819626743	1.05708435899144	0.63094663538782	0.52807541766643	0.960224561962078
3420	2.78354305856914	0.444157265147397	1.16261795160685	0.382032003319343	0.702437626562688	0.960357823831468
3421	3.50261719129211	0.531763851335413	1.16033232697233	0.458285819479795	0.646747110618395	0.960357823831468
3422	4.26794318200782	1.32101965274023	1.12244074987022	1.17691704697373	0.239228617316054	0.960224561962078
3423	0.597924346340981	0.407922264903079	0.959507498536871	0.425137130793776	0.670736711534811	0.960357823831468
3424	5.66544203587392	1.57357918382621	1.04030760230647	1.51260952081617	0.130378874350269	0.960224561962078
3425	5.25213698869118	1.2781420141062	1.01990076875798	1.25320232444054	0.210132084251809	0.960224561962078
3426	2.98866908826334	1.39360559027914	1.123407762878	1.24051625449778	0.214784505857066	0.960224561962078
3427	2.41436640380534	1.45915848354932	1.16202260162458	1.25570576812303	0.2092226671416	0.960224561962078
3428	2.64703160012058	0.973615015610917	1.1483408339578	0.84784498366684	0.396524307267121	0.960224561962078
3429	3.46053360707919	0.492296925731388	0.927154841046094	0.530975953462031	0.595435442745142	0.960224561962078
3430	11.2782061560665	0.816991734557503	0.8022067688073	1.01843036773697	0.308473476599971	0.960224561962078
3431	1.50414621524427	0.855389407673007	1.14127741151987	0.749501741678966	0.453554849281583	0.960224561962078
3432	5.77786078508254	0.783938901799909	0.992265167648109	0.790049804588042	0.429498682643595	0.960224561962078
3433	1.22179001513333	0.363348450875864	1.11004330228625	0.327328177313004	0.743419682818177	0.963432919274349
3434	3.79498649842752	1.42570933555782	1.09119876143091	1.30655329345156	0.191364468087033	0.960224561962078
3435	3.42478375480795	0.299957967001086	1.06814545653384	0.28082127313864	0.778847486313318	0.967651531145028
3436	1.15200252213091	0.356873889102614	1.03395150409191	0.345155345961846	0.729977586975313	0.963432919274349
3437	1.6541781020535	1.00828876698043	1.15163442988601	0.875528501766166	0.381286409104082	0.960224561962078
3438	4.20188543888625	1.17858062129038	1.04806948566025	1.12452526995184	0.26079025641527	0.960224561962078
3439	4.73931460287755	0.46608345343577	1.07681215500549	0.432836359869465	0.665133656326151	0.960357823831468
3440	2.87941774482434	1.75317047731819	1.14397446522407	1.53252588288742	0.125392715525832	0.960224561962078
3441	4.73399539103703	-0.595274936510197	0.991479929523671	-0.600390304215417	0.548246148027532	0.960224561962078
3442	3.94417171963309	0.928633687395913	1.09239514849817	0.850089538270654	0.395275307567797	0.960224561962078
3443	6.10098177684821	1.41821091530727	1.05543632852512	1.34372001131427	0.179038943767064	0.960224561962078
3444	0	NA	NA	NA	NA	NA
3445	3.05035816336141	1.30137928927825	1.1546135472391	1.12711243722204	0.259694945531051	0.960224561962078
3446	0.816774310968573	0.188946786626422	0.912084761802435	0.207159240609426	0.835885498075715	0.971150936719616
3447	4.79600766056405	2.36646772099676	1.08221246389342	2.18669420280289	0.0287648551036775	0.960224561962078
3448	5.03816034249963	2.26229394439496	1.07016323900947	2.11397089895267	0.0345177529230637	0.960224561962078
3449	29.4806998344115	-0.841579411398168	0.89944648132	-0.93566368747487	0.349446372453655	0.960224561962078
3450	2.76684162295278	0.708395904959321	1.14301469508699	0.619760977705896	0.535415163208246	0.960224561962078
3451	3.54747998156887	1.68209825887076	1.11235307412685	1.51219814822837	0.130483461984033	0.960224561962078
3452	3.92717021080878	1.00040080657254	1.10008698090722	0.909383370529051	0.363147796654826	0.960224561962078
3453	3.04902049943617	0.579532240355812	1.15341372948594	0.502449576886952	0.615351312841084	0.960357823831468
3454	1.68907918909653	0.373872038171694	1.01819933235232	0.367189435597002	0.713477718965198	0.962423898398307
3455	0.58153658541864	0.0375363021331125	0.90585391574474	0.0414374784727319	0.966947134942788	0.994400445557826
3456	2.04187335281896	0.513592777451253	1.16177903488884	0.442074406602108	0.658435363870705	0.960357823831468
3457	1.99162317516845	1.08506750819296	1.15928105697793	0.935983126491837	0.349281875457813	0.960224561962078
3458	8.14866324020472	1.75224361073351	0.992307442064186	1.76582733984995	0.0774248202438831	0.960224561962078
3459	6.24693141675092	0.998730966971131	1.07093301501104	0.932580238887149	0.351036740265668	0.960224561962078
3460	0.138519543947483	0	0.892992221742464	0	1	1
3461	10.0887342675118	2.0352878661917	0.901284798213477	2.25820725061161	0.0239327414383357	0.960224561962078
3462	5.77895504947154	1.39737003047772	1.08494954610351	1.28795853733129	0.19776039675333	0.960224561962078
3463	17.7007709171163	0.909026109196602	0.914383644491432	0.994140823354501	0.320154313094431	0.960224561962078
3464	14.2641464130641	1.03709476298798	0.829080713774456	1.25089722358457	0.210971976967695	0.960224561962078
3465	0.928399889023125	-0.0194137932750582	1.06634039612975	-0.0182060000216817	0.98547451610552	0.996499774016602
3466	3.07741160154183	1.00079080688986	1.14475270941885	0.874241920246626	0.381986521270562	0.960224561962078
3467	1.27691561084444	-0.0893297053663773	1.10407031604771	-0.0809094349046124	0.935513976599408	0.994400445557826
3468	1.6092764894451	0.664123848310159	1.13766555947776	0.58376017694956	0.559381674319514	0.960224561962078
3469	2.48174083986056	0.473890360072266	1.15748822351277	0.409412683814694	0.68223683300997	0.960357823831468
3470	8.21915894811977	3.29387183793545	0.990120819195942	3.32673727698236	0.000878691754442437	0.960224561962078
3471	4.74442083901528	1.80552495683898	1.03772758185089	1.73988336478313	0.0818795002633645	0.960224561962078
3472	3.78866851820135	2.0258409270696	1.13205250975196	1.78952911602437	0.0735296427170945	0.960224561962078
3473	5.70080266841239	0.74016020575808	0.982228026561181	0.753552317529983	0.451118085187544	0.960224561962078
3474	0.608994995047349	0.225248503654954	0.90815747470176	0.248028023695919	0.804112724343113	0.967651531145028
3475	3.21892122763139	0.1405439233544	1.12249399048657	0.125206838117216	0.900359803813983	0.983764860221564
3476	37.5525754922477	-0.902846294948863	0.96548002411151	-0.935126851308719	0.349722930145006	0.960224561962078
3477	5.08513821614018	1.73928712915156	1.017377136093	1.70957953294575	0.0873436530431937	0.960224561962078
3478	1.52947378979367	0.755793190565806	1.14591150703717	0.659556332163871	0.509538584921493	0.960224561962078
3479	3.57240258466998	1.05571823148592	1.08974910669085	0.968771825555082	0.332659046845317	0.960224561962078
3480	4.97159267908456	0.678082287569537	1.07696462799861	0.629623545603034	0.528940914730206	0.960224561962078
3481	1.64780554778018	0.56292660303582	1.09172742273349	0.515629259935922	0.606113370215541	0.960224561962078
3482	6.57157997752847	1.21855393669032	1.0389110045756	1.1729146494007	0.240830034297825	0.960224561962078
3483	1.39002155336923	0.431864866358212	1.12651772008268	0.383362692534047	0.701450861235066	0.960357823831468
3484	1.59579278379154	-0.273721367582599	1.15928876858117	-0.236111463339371	0.813346178926108	0.967651531145028
3485	4.46808152589558	1.35360028574423	1.04319268968225	1.29755537891712	0.194440163658996	0.960224561962078
3486	2.88844568494924	0.49478369043221	1.16237140706665	0.425667465170052	0.670350172527876	0.960357823831468
3487	2.43597998018939	0.863108226688093	1.09405229223482	0.788909481579738	0.43016491361571	0.960224561962078
3488	1.55587675736502	0.83306723553499	1.0951691592041	0.760674484424315	0.446851518657	0.960224561962078
3489	3.95448591989249	1.17026859091153	1.09357375650377	1.07013229235947	0.284559765506684	0.960224561962078
3490	3.17622389551649	1.49675111779962	1.15781243171645	1.29274058284268	0.19610079664691	0.960224561962078
3491	1.23817777605567	0.713716254695655	1.12070652876713	0.636844915573751	0.524225866090702	0.960224561962078
3492	3.21156667671491	0.990007301039399	1.13528837873443	0.872031564476169	0.383191158175979	0.960224561962078
3493	5.76226301609217	-0.324601748270819	0.929513224044984	-0.349216923303406	0.72692646207391	0.963432919274349
3494	1.46757066836096	0.303219299187909	0.987312182338066	0.307115930110223	0.758755132795271	0.963432919274349
3495	3.7643963857093	2.09055540155867	1.11813169701392	1.86968619809428	0.061527407257269	0.960224561962078
3496	2.38690799417663	1.34102429389673	1.16198721290249	1.15407835732291	0.248468045522516	0.960224561962078
3497	3.1586946656635	1.34391134108754	1.15884086187719	1.15970310100263	0.24616970720121	0.960224561962078
3498	2.58055313383522	0.841684424538996	1.16267886928422	0.723918226068015	0.46911593977814	0.960224561962078
3499	0.850691301743902	0.425903027106427	1.07574913890597	0.395912961212842	0.69216923904212	0.960357823831468
3500	5.70972990058035	1.96786913544454	1.01618039156627	1.93653523702756	0.0528021811783811	0.960224561962078
3501	7.54154938182679	0.681604113865729	0.867578995501415	0.785639252909526	0.432078861234917	0.960224561962078
3502	1.3158496406278	0.243045036728103	1.05853192227555	0.229605769664105	0.818398123106218	0.967651531145028
3503	2.54307951755749	0.815543328255233	1.14925332738753	0.709628859730275	0.477934318216433	0.960224561962078
3504	2.88864187994384	1.61977220761244	1.15287851447555	1.40498082605804	0.160026979957291	0.960224561962078
3505	4.27061748983131	1.23323886970425	1.0360266804889	1.19035435373372	0.233907145864876	0.960224561962078
3506	0.360028064683062	-0.112685141446388	0.90035932963082	-0.125155743643589	0.90040025313318	0.983764860221564
3507	3.19169363607982	1.51278283885698	1.13539568727481	1.332383816331	0.182734097355195	0.960224561962078
3508	1.92607740136005	1.17826302769147	1.1611401894425	1.01474657272624	0.310226647482231	0.960224561962078
3509	3.50903904973163	0.612912412968133	1.13594786838293	0.539560335493777	0.589500276890855	0.960224561962078
3510	7.38252730659244	1.9451962271835	1.08200729162276	1.79776628331789	0.0722140525121005	0.960224561962078
3511	0.836434375900871	0.324556957010261	0.991450207339478	0.327355781064586	0.743398807156819	0.963432919274349
3512	2.36603091527493	0.775788446819143	1.15266789454089	0.673037264673832	0.50092358375504	0.960224561962078
3513	10.0954036741318	1.15112959983693	0.976781618631738	1.17849228310563	0.238600406996982	0.960224561962078
3514	8.53795950539626	2.17658333407231	0.995015735821754	2.1874863438966	0.0287070390582933	0.960224561962078
3515	1.80271285265	0.971237873497499	1.14685274837064	0.846872342484563	0.397066279908947	0.960224561962078
3516	1.68846544119456	0.615837609776345	1.01825194947574	0.604798851692271	0.545312656727075	0.960224561962078
3517	7.84060911717865	1.71153655787281	0.941098270960138	1.81865869982595	0.0689635163246672	0.960224561962078
3518	6.11041365942871	1.47019152887043	0.985010360669583	1.49256453289592	0.135551213126331	0.960224561962078
3519	2.23805429900514	0.70933241007004	1.16073314148598	0.611107225871009	0.541128596426446	0.960224561962078
3520	1.28724976206844	0.398463388882481	0.958605022720222	0.4156700407763	0.677651466720726	0.960357823831468
3521	18.403803487069	0.609091416554772	0.998937289785144	0.609739392835939	0.542034455123617	0.960224561962078
3522	1.13552873433528	0.396559454992503	1.03256733654716	0.384051907276647	0.700939975538302	0.960357823831468
3523	5.65156072827758	2.06376775157972	1.06361358065057	1.94033602910317	0.052338865459312	0.960224561962078
3524	1.4538414635466	0.244492997514941	0.986177117307901	0.247919966123698	0.804196331343814	0.967651531145028
3525	12.1259378590723	1.12723773896916	1.00255789256218	1.124361742431	0.260859595126074	0.960224561962078
3526	1.08540130626516	0.555841929996086	1.03670477568802	0.536162216120973	0.591846444241974	0.960224561962078
3527	2.71778850830705	1.32769145096885	1.15984831765539	1.14471127884443	0.252328777703766	0.960224561962078
3528	4.69988957477261	1.5158844324019	1.1005837099551	1.3773458744576	0.168405338426422	0.960224561962078
3529	2.10733309975407	0.751576262091943	1.16307473278399	0.646197738551965	0.518151303916338	0.960224561962078
3530	4.16848041742409	1.2148440452698	1.14603146849984	1.06004422972785	0.289124477959633	0.960224561962078
3531	2.58818990661958	0.35530815284733	1.13887757787786	0.311980988781425	0.755054971519661	0.963432919274349
3532	22.925500932643	1.55093610514207	1.1449826281515	1.3545499005919	0.17556100458952	0.960224561962078
3533	1.9156026492156	-0.320285864974857	1.16378245678794	-0.275211112787222	0.78315404974229	0.967651531145028
3534	9.38344176342094	1.97842612958384	0.891271602493744	2.21977916052557	0.0264337622103491	0.960224561962078
3535	10.4619291422931	1.62605435847554	1.04434670866067	1.5570062556724	0.119469000184739	0.960224561962078
3536	1.16372364144635	-0.304151765010701	1.1016099044955	-0.276097522153264	0.782473163771705	0.967651531145028
3537	1.66206247362321	0.58728159144674	1.10225379566035	0.532800697769343	0.594171550776733	0.960224561962078
3538	10.3264144032105	1.38054596145587	0.916685845803064	1.50601862980271	0.132062391283438	0.960224561962078
3539	5.81429363142086	0.914261072232185	0.934850797003879	0.977975389401516	0.328086496298762	0.960224561962078
3540	4.92104032860155	-0.691536458702906	0.970671416705229	-0.7124310521579	0.476197892512881	0.960224561962078
3541	1.87536767821409	0.403193623453633	1.16300437135399	0.346682809957308	0.728829625891255	0.963432919274349
3542	1.61981941712279	0.368353173781792	1.00880724156262	0.365137321190539	0.715008903076403	0.962423898398307
3543	2.42657852144235	0.998152122749333	1.16220435117072	0.858843904468149	0.390426641320971	0.960224561962078
3544	2.14848399149003	0.871691431286147	1.12809119822387	0.772713618064381	0.439691885429205	0.960224561962078
3545	8.27211381578805	0.580268816956406	0.875594333885466	0.662714221072506	0.50751360006162	0.960224561962078
3546	0.331955907152383	0.293385763412774	0.903246963176709	0.32481234410237	0.745323101450107	0.963432919274349
3547	4.70084221821417	0.913623686121836	1.06379720312185	0.858832570193536	0.390432895428015	0.960224561962078
3548	3.02094834190549	0.755007195045424	1.15341732275485	0.654582847119154	0.512736370774799	0.960224561962078
3549	3.69540098426339	1.94850407273254	1.11719675839294	1.74410107986298	0.0811414658056477	0.960224561962078
3550	5.85132765316775	2.00486854762092	1.12448322380344	1.7829243737756	0.0745986148362541	0.960224561962078
3551	2.46406788943558	0.889667666045411	1.16059417292576	0.766562237515493	0.443341834706251	0.960224561962078
3552	3.83756318058656	1.34559204438123	1.16263343230419	1.15736568981543	0.247122985627076	0.960224561962078
3553	5.75096891881416	1.32796983435573	1.10255781509265	1.20444462519559	0.228417772768843	0.960224561962078
3554	1.50361849421559	0.744144650148023	1.09197774731753	0.681465031660245	0.495577285885022	0.960224561962078
3555	2.38424943806864	1.13801726499606	1.16033951071632	0.980762315241263	0.326709965942626	0.960224561962078
3556	6.20009204440626	2.66814567524137	1.03828491048975	2.56976254618091	0.0101768244379588	0.960224561962078
3557	2.10507951509437	0.763301754279689	1.13404541704951	0.673078646414003	0.500897258075626	0.960224561962078
3558	2.05282125194494	0.814140358404798	1.15857944344406	0.702705682386903	0.482239185705553	0.960224561962078
3559	2.52373839720018	1.35890384307047	1.16174203107451	1.16971221383253	0.242116801288916	0.960224561962078
3560	17.3177602587682	-0.483420888078159	0.899350762181141	-0.537522075264324	0.590907040600361	0.960224561962078
3561	1.32116675284377	0.800313369107688	1.12768621902179	0.709695086814061	0.477893239584212	0.960224561962078
3562	15.5866689679914	-0.578918487455676	0.690204100207377	-0.83876419639022	0.401601645896686	0.960224561962078
3563	9.03623118206687	1.6777679816191	0.932906794628125	1.79843044479904	0.0721088218061472	0.960224561962078
3564	12.254940513593	2.09881354094942	0.859401033125899	2.44218177550405	0.0145987938540099	0.960224561962078
3565	3.77034821681884	1.70929705702556	1.16198255714549	1.47101782768977	0.141286295648113	0.960224561962078
3566	1.71653759872524	0.477613636343258	1.02119256167963	0.467701836329176	0.6399978277191	0.960357823831468
3567	2.98810464452756	1.60207570930039	1.1552982635121	1.38672043393374	0.16552702720276	0.960224561962078
3568	3.18174978418615	1.04831051703294	1.15895244510952	0.904532814488235	0.365712942479171	0.960224561962078
3569	2.86758747741459	0.386997430760021	1.16241898158568	0.332924218281526	0.739191487728223	0.963432919274349
3570	1.76099751717826	0.663862159790552	1.10120594169301	0.602850143334609	0.54660838551485	0.960224561962078
3571	2.76643665150449	0.417209211072383	1.16000939990907	0.359660198533812	0.719101259846115	0.963387162060396
3572	1.37076645988521	0.543177815011249	1.0624305700696	0.511259587509483	0.609169298854952	0.960224561962078
3573	2.26297690210626	0.279808325552226	1.16087395661798	0.241032477261704	0.809529945224348	0.967651531145028
3574	1.74399600835395	0.574257986097754	1.02485236703317	0.56033239964129	0.575252731807223	0.960224561962078
3575	2.88950112700659	0.389496489625862	1.13539374096843	0.343049706521758	0.731561066098951	0.963432919274349
3576	3.34285231970175	1.16226900208175	1.13387099546459	1.02504518303295	0.305341868752861	0.960224561962078
3577	3.40489604205492	2.02799232111805	1.12121907316869	1.80873869313222	0.0704916087094007	0.960224561962078
3578	1.1245441125022	0.18583945203399	1.02740018498963	0.180883218388621	0.856459241354106	0.977390919310389
3579	3.94845226115875	1.86005189202	1.14847024847308	1.61959083789326	0.105320199034038	0.960224561962078
3580	3.45500561878498	0.778501768721008	1.10562242565973	0.704129864457544	0.48135190334381	0.960224561962078
3581	3.12975589156456	0.746678381810076	1.16221566293325	0.642461124577841	0.520573823008083	0.960224561962078
3582	14.9266481886612	3.05858124741636	0.946757405378958	3.2305860297888	0.00123536720793174	0.960224561962078
3583	1.71592385082327	0.711328679457409	1.02323847644321	0.695173897222858	0.486946328557505	0.960224561962078
3584	2.49481957406584	0.9440421214857	1.16172514398782	0.812620890897752	0.416435450186275	0.960224561962078
3585	6.00450909440654	0.753745443324104	1.02903647568985	0.732476895747361	0.463877539629252	0.960224561962078
3586	13.215247208268	0.588343519126595	0.873488500731225	0.673556112798363	0.500593562970784	0.960224561962078
3587	27.8475379552595	1.28797974522219	0.942966478435645	1.36588073349003	0.171976400882452	0.960224561962078
3588	4.0843111493737	0.646650662391594	1.03927079281443	0.622215756338547	0.533800006791772	0.960224561962078
3589	2.77717577417678	1.29029889385119	1.14822670580425	1.12373182693693	0.261126810169044	0.960224561962078
3590	2.13148248266572	0.746207256422437	1.06818751955567	0.698573277408101	0.484818748697264	0.960224561962078
3591	1.5642888499634	0.415579260547429	1.00072111144859	0.415279797531059	0.677937088700737	0.960357823831468
3592	9.48313744570637	2.64265336296807	0.933273649837255	2.83159538837177	0.00463164163107755	0.960224561962078
3593	3.19848794250962	0.778003428947	1.16324932878928	0.668819151399602	0.503610848482112	0.960224561962078
3594	6.20255542554664	1.34340976082205	1.00966048813739	1.33055594093848	0.183335167907856	0.960224561962078
3595	2.45509237312841	1.04347850324646	1.16185710233016	0.898112600210228	0.369125522151762	0.960224561962078
3596	7.60140769505349	0.487821743295522	0.919821209155985	0.530344091264367	0.595873381877911	0.960224561962078
3597	3.50411330747786	0.971292105896014	1.06876058948872	0.908802322473989	0.363454480441987	0.960224561962078
3598	2.6051053885706	0.557454894547001	1.13548811783379	0.490938553906205	0.623469907661109	0.960357823831468
3599	1.06574124133286	0.340440408857911	0.920465310314912	0.369856859398035	0.711489146804272	0.962109640556799
3600	0.736443890288464	0.376025856061807	0.975275800632368	0.385558480809216	0.699823687491953	0.960357823831468
3601	11.392427671395	-0.27604431705152	0.777489586794434	-0.355045677447132	0.722555371833226	0.963432919274349
3602	0.207779315921225	0	0.89458842635355	0	1	1
3603	0.221508520735579	-0.122998561103365	0.896740275265759	-0.137161856666819	0.890902859867881	0.983764860221564
3604	4.55846387593181	1.04254891648808	1.02265612455334	1.01945208311683	0.307988390559969	0.960224561962078
3605	2.06348692920302	0.269294847991082	1.1506681234151	0.234033465002779	0.814958998665237	0.967651531145028
3606	2.7916414764735	0.671630297952592	1.14588781135294	0.586122211352962	0.557793391131104	0.960224561962078
3607	1.75957172675518	1.06410104212522	1.15678608109062	0.919877114290638	0.357636979563675	0.960224561962078
3608	1.54328902148132	0.428219973484937	1.13548487767995	0.377125210473862	0.706080556804871	0.961027909832528
3609	3.12922817053588	0.775989014826648	1.1632994320653	0.667058706844696	0.504734634923311	0.960224561962078
3610	1.93229258297042	1.14902112244234	1.13185821784465	1.01516347571375	0.31002790789759	0.960224561962078
3611	10.2423689047675	1.65998292490953	0.923332776283712	1.7978165267681	0.0722060874728277	0.960224561962078
3612	2.68438036719336	0.589980014598471	1.13671152071075	0.519023519907299	0.603744339809292	0.960224561962078
3613	1.68846544119456	0.615837609776345	1.01825194947574	0.604798851692271	0.545312656727075	0.960224561962078
3614	2.28691750856422	1.30536486886561	1.15925639016441	1.12603637982145	0.260150120911834	0.960224561962078
3615	5.48561739778394	2.72656324374693	1.03566261023709	2.63267517509658	0.00847153241903697	0.960224561962078
3616	2.59072571314718	0.98393817940237	1.13892685726452	0.863916917163231	0.387633532842366	0.960224561962078
3617	11.3765295513441	1.49264685067863	0.886483235876131	1.68378463378771	0.0922232979387614	0.960224561962078
3618	3.3833506412041	0.782675593069317	1.08655057488055	0.7203305682806	0.471321488057786	0.960224561962078
3619	5.27609334686464	2.06938770835427	1.00806045757314	2.0528408716043	0.0400880131436012	0.960224561962078
3620	2.10520226467476	0.443853819260592	1.15625869518702	0.383870686644914	0.701074293623373	0.960357823831468
3621	5.73727223745781	0.737120036710412	0.927618978692113	0.794636648928536	0.426824893271577	0.960224561962078
3622	3.99005532888464	-0.0987564674205709	1.02913219213922	-0.0959609155897545	0.923551614100214	0.988690134431294
3623	12.9013525018513	2.17720066266852	0.947879236442901	2.29691777070556	0.0216234610364348	0.960224561962078
3624	8.88167535419573	2.73115475836438	1.06419460413859	2.56640538087966	0.0102758656344243	0.960224561962078
3625	1.96983227515684	0.722855211771144	1.15688636069325	0.624828190850121	0.532083826265362	0.960224561962078
3626	5.28053019042139	1.06919367333333	1.07726314332934	0.992509286105281	0.320949151841931	0.960224561962078
3627	6.89550779253915	1.82728581904511	0.942642763745428	1.93847116778864	0.0525657651107915	0.960224561962078
3628	3.89471363353908	1.19183378410981	1.12270996221507	1.06156872586964	0.288431517664449	0.960224561962078
3629	23.1164475978791	2.75254533220513	1.00554950439136	2.73735437209647	0.0061935535195531	0.960224561962078
3630	2.28888677173149	1.00540587859036	1.15150722449855	0.873121641966408	0.382596778835448	0.960224561962078
3631	3.02592655858187	0.0593336268170142	1.11557620322218	0.0531865296567258	0.957583288201126	0.994400445557826
3632	1.76124301633905	0.0692964396022434	1.14230634850542	0.0606636211843786	0.95162710438604	0.994400445557826
3633	2.45053697924037	1.40352396807666	1.14892354241929	1.22159910233997	0.22185926827117	0.960224561962078
3634	3.44103091480984	1.67231987460273	1.13524098988371	1.47309680455957	0.140724934953288	0.960224561962078
3635	11.841368945653	1.19685137531021	0.924002673710941	1.29528994813777	0.195220225454114	0.960224561962078
3636	2.69413012371698	0.997930058964059	1.15415517872538	0.864641148225964	0.387235780320496	0.960224561962078
3637	10.4781375305683	1.16857130615479	0.832026062206894	1.40448882461113	0.160173337177887	0.960224561962078
3638	3.32794492324965	1.39736761062553	1.16226858955905	1.20227598265877	0.229256619002525	0.960224561962078
3639	2.03015223350352	1.11840625654434	1.15960669362249	0.96447033523975	0.334810174053929	0.960224561962078
3640	1.59780086929045	0.428695512784942	1.13734007262593	0.376928170476889	0.706226985827189	0.961027909832528
3641	8.7627928045644	0.58796907888455	0.867223374544175	0.677990349595449	0.497777812039085	0.960224561962078
3642	1.77231366504542	-0.0411931951020133	1.09619358031042	-0.0375783947670523	0.970023834230836	0.994400445557826
3643	3.76583894787488	1.31556936889374	1.0819786128634	1.21589221196541	0.22402598523055	0.960224561962078
3644	13.5394929478267	1.58817432375096	0.973287731872338	1.63176239845924	0.102729549359249	0.960224561962078
3645	4.41321928068532	0.344775918364091	1.08631973599288	0.317379779581166	0.750955448281446	0.963432919274349
3646	4.07716537491091	1.29049286813759	1.11045256262953	1.16213236978059	0.245181700663029	0.960224561962078
3647	3.21332716342848	1.84074031974332	1.13250011960794	1.62537759411502	0.104082127064814	0.960224561962078
3648	3.03729938012073	1.01379653752162	1.16256157899301	0.872036850211202	0.383188274694224	0.960224561962078
3649	13.8918474664134	1.15861660045243	0.838123937262029	1.38239292417465	0.166851087538576	0.960224561962078
3650	5.37789362335682	0.641188966876018	1.09176485340878	0.587295849352591	0.557005028266798	0.960224561962078
3651	1.37629234855487	0.350297091203929	1.12395282407882	0.311665297421207	0.755294903828114	0.963432919274349
3652	9.12808759769969	1.99772298427114	0.905214673164392	2.20690521651359	0.0273206819150941	0.960224561962078
3653	6.41038721589047	0.945174578574704	0.89988099378851	1.05033286078808	0.293565101994072	0.960224561962078
3654	15.1593804809122	1.3623142193997	0.85631626881799	1.59090077931155	0.11163190716499	0.960224561962078
3655	8.91632991308529	2.07283696951034	0.907149909406222	2.28499936781906	0.0223128648288205	0.960224561962078
3656	9.55108992698345	1.63012105095722	0.931903388090272	1.74923824914704	0.0802498450076616	0.960224561962078
3657	2.97914487993591	1.62331735052103	1.13637371725234	1.42850659591642	0.153146097477596	0.960224561962078
3658	3.8126384778609	0.835762345710094	1.06607815053408	0.783959736245784	0.433063736313857	0.960224561962078
3659	0.81730203199725	0.145375046483756	0.986595616169649	0.147350184919896	0.882855622903648	0.983764860221564
3660	2.95099927699103	0.25005188751339	1.11031517987176	0.225208023853434	0.821817447646513	0.968174360513242
3661	2.49666608765271	1.01252758321622	1.14310651536286	0.885768359823243	0.375742362903597	0.960224561962078
3662	2.85864766378754	0.844282731871651	1.14579049971893	0.736856111199	0.461209856292528	0.960224561962078
3663	4.39672764154963	0.894693675531246	1.03311884784829	0.866012344460325	0.386483392251296	0.960224561962078
3664	76.4449134088304	1.12731228752878	1.12639538492185	1.00081401488252	0.316916732655807	0.960224561962078
3665	2.60151413998565	0.158460939309905	1.1355711378377	0.139542943660614	0.889021123734638	0.983764860221564
3666	3.06473783878483	0.821278483649954	1.13895181089286	0.721082732206314	0.470858614517943	0.960224561962078
3667	4.29985208728424	0.823212308985974	1.07629465354887	0.76485775179835	0.444356253805228	0.960224561962078
3668	3.92252142054193	1.25401400949872	1.10198786213002	1.1379562811834	0.255138738268107	0.960224561962078
3669	3.48411644663052	1.05499068990973	1.13683531349722	0.928006613960892	0.353404138809482	0.960224561962078
3670	1.39095424584619	0.745028841994948	1.13786782848814	0.654758684042288	0.512623135386616	0.960224561962078
3671	6.55836069300761	2.27310083514632	1.00825428996012	2.25449160770367	0.0241652580398947	0.960224561962078
3672	0.360028064683062	-0.112685141446388	0.90035932963082	-0.125155743643589	0.90040025313318	0.983764860221564
3673	1.81983711105471	0.496682617346932	1.16277639540006	0.427152304872896	0.669268398080846	0.960357823831468
3674	0.443017041471157	0.0347942256023289	0.904019491135855	0.0384883577660607	0.969298313764208	0.994400445557826
3675	3.76515385418326	0.454133239695565	0.977481016233963	0.464595457255271	0.642221186051534	0.960357823831468
3676	1.28724976206844	0.398463388882481	0.958605022720222	0.4156700407763	0.677651466720726	0.960357823831468
3677	1.78963411844472	0.456669288152749	1.16257383664216	0.392808846852891	0.694460669992111	0.960357823831468
3678	1.97208585981654	0.582501836560109	1.16316624542006	0.500789838815989	0.616519037590802	0.960357823831468
3679	12.1523607180377	1.39047894365921	0.873863813876554	1.59118494389978	0.111567960232146	0.960224561962078
3680	5.41149268958416	0.0785470983109708	1.00365265374034	0.0782612371105152	0.937620251158361	0.994400445557826
3681	0.38748647431177	0.156924045196599	0.904110692701294	0.173567292659423	0.862205538486169	0.981495727838689
3682	4.23358239745256	0.0422494499027881	1.04470617310419	0.0404414666922567	0.967741171634324	0.994400445557826
3683	3.47982332364576	1.92272417161621	1.11627479819007	1.72244699489204	0.0849885768104548	0.960224561962078
3684	78.0019454568659	1.86070337509009	1.0546611548198	1.76426652919439	0.0776871163752338	0.960224561962078
3685	4.11034586820387	2.18314209103454	1.10715528140694	1.97184814785896	0.0486269440511026	0.960224561962078
3686	8.95037385269011	2.22025382441197	0.911683858424609	2.4353330421453	0.0148780888258766	0.960224561962078
3687	14.6445228764774	-0.530222580924655	0.958892065819044	-0.552953350877673	0.580295353746039	0.960224561962078
3688	4.46903416933714	2.23135083939762	1.07635034108229	2.07307115000676	0.038165658470266	0.960224561962078
3689	4.19860996461988	0.150404018201133	1.12383179147321	0.133831432196781	0.893535871472046	0.983764860221564
3690	3.03587358969764	1.32973286917397	1.12208835224012	1.18505184241447	0.235996949999294	0.960224561962078
3691	0.763902299917172	0.553278884308187	0.985083925989051	0.561656595657756	0.574350012231045	0.960224561962078
3692	0.429287836656803	-0.103979954533996	0.90187979311172	-0.115292476146115	0.908213301761812	0.983764860221564
3693	1.1673148900313	0.25724083406933	1.1137823551693	0.230961491601498	0.817344718493297	0.967651531145028
3694	0.664525562206736	0.128840362194046	0.908671335249894	0.141789838851484	0.887246010398144	0.983764860221564
3695	2.72866296201883	0.100184157752656	1.16373184713349	0.086088696463391	0.931395909179995	0.991906388037266
3696	2.59767739223992	0.436400884145385	1.16364178127095	0.375030263754143	0.707637959319998	0.961719701091145
3697	3.37076500494494	-0.00106005707405275	1.12713997574943	-0.000940483965487893	0.999249602474877	1
3698	2.4380174188899	-0.318934990944098	1.16431536292759	-0.273924918539389	0.784142321509039	0.967651531145028
3699	1.41494415647034	0.0726861323266886	1.12596200840872	0.0645546934833206	0.94852855878457	0.994400445557826
3700	2.86364583142852	0.528424759475896	1.16182871971437	0.454821567507648	0.64923761273226	0.960357823831468
3701	4.21062067530872	1.97529833110063	1.15219607702058	1.71437689339168	0.086459529386219	0.960224561962078
3702	3.74193716374857	1.17525566470911	1.13093812042632	1.03918653327034	0.298717992301021	0.960224561962078
3703	0.665053283235413	0.0421714242571258	0.964665794913038	0.0437160978232129	0.965130707276558	0.994400445557826
3704	0.803290605315007	-0.578431449794341	0.985737665260172	-0.586800596324654	0.557337636271062	0.960224561962078
3705	2.07861047161432	1.13454570000904	1.12676231462118	1.00690774379553	0.31397911032798	0.960224561962078
3706	1.14873021812096	0.39445102372893	0.935414574427555	0.421685779238924	0.673254385685463	0.960357823831468
3707	3.34931090084838	1.15885231083952	1.11172624615352	1.04238999020582	0.297230905410647	0.960224561962078
3708	3.19068959781321	0.816136638564202	1.1481371172534	0.710835514591311	0.477186170103824	0.960224561962078
3709	3.38347549040904	1.35687200808418	1.16241164203725	1.16729044945396	0.243093094235121	0.960224561962078
3710	1.5989790609282	-0.101364053701292	1.16302979002809	-0.0871551653881923	0.930548176524959	0.991906388037266
3711	3.29816265380345	1.87884678552216	1.127959275722	1.66570445047275	0.0957722951290588	0.960224561962078
3712	5.44694353927932	1.20042271637792	1.07462815112976	1.11705869152591	0.263969231239644	0.960224561962078
3713	7.43613898538262	2.80799795995415	1.01668996667891	2.76190190912052	0.00574657403346882	0.960224561962078
3714	3.80123103323949	-0.401867892076907	1.0777786497864	-0.372866814680874	0.709247571818667	0.962109640556799
3715	1.20426078528034	0.34312575833858	0.944431036656839	0.363314784267573	0.71636975057008	0.962423898398307
3716	2.68270907760948	1.64689663134042	1.15031401697844	1.43169309165368	0.152231674368158	0.960224561962078
3717	8.77845874012233	0.924001958518398	1.00466339933047	0.919712969671405	0.357722773218562	0.960224561962078
3718	3.26343572013156	0.950691056048374	1.10484416517432	0.860475247111775	0.389527122490293	0.960224561962078
3719	1.23233294281102	0.172146557591298	0.950852784577664	0.181044384980962	0.85633273743831	0.977390919310389
3720	2.96198599844865	1.0390218962202	1.12526505062582	0.923357475327567	0.355820944865467	0.960224561962078
3721	6.57368984161618	1.33740528785112	0.951911310450668	1.40496837590673	0.160030682295652	0.960224561962078
3722	3.70013580140354	1.27655228406168	1.13198726448821	1.12770905124876	0.259442813838333	0.960224561962078
3723	2.46707894256924	0.210501886638229	1.16294115259462	0.181008201634778	0.856361138381361	0.977390919310389
3724	3.46451095574537	1.85984722891226	1.14221044937347	1.62828770296439	0.103463895702579	0.960224561962078
3725	1.6945190508929	0.576511879374002	1.1435061266849	0.504161600817434	0.61414782177614	0.960224561962078
3726	4.06056673791033	0.554191661861685	1.03995825875688	0.532897986236621	0.594104199295806	0.960224561962078
3727	3.3359866674823	1.5948492251622	1.12913059302637	1.4124577219076	0.15781523084376	0.960224561962078
3728	4.41586418470235	1.36271479353968	1.15695350603145	1.17784749900108	0.23885740852928	0.960224561962078
3729	1.16573172694527	0.431806037219151	1.03657705620158	0.416569163513474	0.676993568388333	0.960357823831468
3730	1.44542937094822	0.632291035893029	1.08086965155767	0.584983614797416	0.558558734205225	0.960224561962078
3731	2.13209623056769	0.519463338130276	1.06846037181013	0.486179321045128	0.626840031539253	0.960357823831468
3732	4.89227049592016	1.66516869994644	1.12175866089616	1.48442687183369	0.137695710228018	0.960224561962078
3733	1.83344356628867	0.978658960881662	1.15324057179577	0.848616485420509	0.396094730743022	0.960224561962078
3734	1.66799333374115	0.767174849643912	1.15190782307119	0.666003680397349	0.505408747968525	0.960224561962078
3735	3.18558653193189	0.807934012389976	1.11207084193524	0.726513079853796	0.467524292007821	0.960224561962078
3736	7.23029742919765	1.00451564916722	1.06979977594154	0.938975378157218	0.347743385948114	0.960224561962078
3737	6.45643659630317	2.2870847495919	1.12842209095999	2.02679898587078	0.0426829742304274	0.960224561962078
3738	4.17356461193837	0.774296361076305	1.12337542366321	0.689258768499144	0.49066043982623	0.960224561962078
3739	21.5908873305428	0.67997726928136	0.832123889700161	0.817158691990415	0.413837745539582	0.960224561962078
3740	0.816774310968573	0.188946786626422	0.912084761802435	0.207159240609426	0.835885498075715	0.971150936719616
3741	1.20438353486074	0.140346950975204	1.03141282985699	0.13607252781087	0.891763945130816	0.983764860221564
3742	5.20461354268189	0.815820233199827	1.03481717067659	0.788371372564706	0.430479510771855	0.960224561962078
3743	0.665053283235413	0.0421714242571258	0.964665794913038	0.0437160978232129	0.965130707276558	0.994400445557826
3744	15.7415454953164	-0.113519786798947	0.892209723221156	-0.127234420164247	0.898754863403513	0.983764860221564
3745	2.20890674845251	0.527066368260007	1.15669520036465	0.45566573466705	0.648630365649388	0.960357823831468
3746	4.374446822814	2.2790849199219	1.08265007975449	2.10509837161673	0.0352827459668794	0.960224561962078
3747	3.28045610032292	1.65487397917559	1.13025800555767	1.46415594584447	0.143151344042486	0.960224561962078
3748	3.71289559103383	1.06111966488376	1.16133802766585	0.913704399240667	0.360872191793054	0.960224561962078
3749	4.09800363148095	0.838365266147914	1.05670024735409	0.793380401156458	0.427556225946933	0.960224561962078
3750	7.85700107735008	1.13636537968848	1.14199389601783	0.995071325381875	0.319701575688177	0.960224561962078
3751	3.4868977523189	0.805573930295594	1.12304077876049	0.71731494130134	0.473179790024625	0.960224561962078
3752	2.02740765052224	1.24670544579479	1.16075270102447	1.07404914474414	0.28280065575776	0.960224561962078
3753	2.64703160012058	0.973615015610917	1.1483408339578	0.84784498366684	0.396524307267121	0.960224561962078
3754	0.526006018259253	0.142902704288205	0.906262655749232	0.157683540617773	0.874706170908177	0.983764860221564
3755	1.8752449286337	0.830269562818566	1.15385736224624	0.719559964675583	0.471795969331729	0.960224561962078
3756	11.7628346637617	2.1432494446608	1.09567126510469	1.95610628198415	0.0504526352916572	0.960224561962078
3757	5.04386877407292	0.843320329097314	1.04180098419563	0.809483137269676	0.41823729846758	0.960224561962078
3758	1.74043938285156	0.924130843476429	1.15725950973527	0.798551090487759	0.424550757282244	0.960224561962078
3759	3.45051840043018	1.58558467154399	1.154624396525	1.37324715839716	0.169675523714522	0.960224561962078
3760	3.49705248029081	-0.0308050339340096	1.08431802144042	-0.0284095932419236	0.97733547299005	0.994400445557826
3761	1.90997396193014	0.680074392238998	1.0451220984995	0.650712862368322	0.51523185863355	0.960224561962078
3762	4.85875847659311	0.703542118377194	1.01086789162697	0.695978301620462	0.486442418546157	0.960224561962078
3763	11.2194211362372	1.29565350506736	0.802877647174842	1.61376208395699	0.106579041708355	0.960224561962078
3764	5.62576940898365	0.691201720749318	0.926499577804476	0.746035656472998	0.455645875977425	0.960224561962078
3765	18.2287578281816	-0.0613509081751881	0.90460264746155	-0.0678208364162408	0.945928256888399	0.994400445557826
3766	2.48158136757306	0.954643543576483	1.16124882037534	0.822083542154145	0.411029351571246	0.960224561962078
3767	5.58254015659099	1.19224701555128	1.10000220988236	1.0838587457736	0.278427433481204	0.960224561962078
3768	7.06651745724133	2.66299329578423	1.01004212376573	2.63651706510597	0.00837619869145975	0.960224561962078
3769	3.79961431770277	1.07636665212962	1.07337767912857	1.00278464240422	0.315964780277793	0.960224561962078
3770	5.24916265826461	1.93872745828852	1.01601695567913	1.90816447250394	0.0563699618936343	0.960224561962078
3771	4.81348651561898	2.07866928294839	1.11070968835	1.87147848330766	0.0612787895075352	0.960224561962078
3772	0.207779315921225	0	0.89458842635355	0	1	1
3773	1.5367444134614	0.676882697964886	1.08036011393707	0.626534327982711	0.530964528064289	0.960224561962078
3774	4.40989450225276	0.683355311588276	1.0680549533196	0.639812876167426	0.522294260463249	0.960224561962078
3775	2.86142896947592	0.618595146887702	1.13366935212222	0.545657466817551	0.585301414075345	0.960224561962078
3776	0.900291008785346	0.236650721462865	0.998560037033592	0.236991981139041	0.812663011200478	0.967651531145028
3777	1.88381649351958	0.0263416034777983	1.15263969145114	0.0228532850926164	0.981767303747854	0.995211431634863
3778	6.1507021338455	0.333029996996119	0.925994582464026	0.35964572936263	0.719112081550479	0.963387162060396
3779	12.006848582007	0.65069655683979	0.885817478010998	0.734571819807456	0.462600305535411	0.960224561962078
3780	1.63419909254622	0.176149777570361	1.132377519874	0.155557466020661	0.876381853902413	0.983764860221564
3781	2.5878384296209	1.01403484318913	1.15819881341657	0.875527440921677	0.381286986053495	0.960224561962078
3782	1.07272754350816	0.431994987065174	1.10662033724805	0.390373258582487	0.696260558960277	0.960357823831468
3783	3.77650462513297	0.812100346693752	1.07836013436165	0.753088250220311	0.451396884586785	0.960224561962078
3784	1.19053158046599	0.288783405468211	0.942136031622422	0.306519861012965	0.759208860214143	0.963432919274349
3785	2.3425341025969	0.836429544725662	1.13735617384091	0.735415663064456	0.46208638559435	0.960224561962078
3786	5.67816929308052	0.92386041284623	0.977057920423262	0.945553373587119	0.344376435506649	0.960224561962078
3787	4.02151205817113	1.83661116153943	1.13150897629997	1.62315209159466	0.104556896300566	0.960224561962078
3788	7.777159555367	1.46949576837217	0.973389274507203	1.50966915997315	0.131127864359946	0.960224561962078
3789	2.64490076504127	0.784554181707466	1.1489887734764	0.682821451191124	0.494719673085812	0.960224561962078
3790	4.7025114081735	1.94451470887876	1.12189675004333	1.73323856121666	0.0830532757874815	0.960224561962078
3791	2.72012811984005	0.843320905330804	1.14890104074793	0.73402397197047	0.462934128070698	0.960224561962078
3792	3.12857769992681	0.941961770449587	1.13223042668943	0.831952355496952	0.405435837983407	0.960224561962078
3793	4.11337057342849	1.56155968841767	1.06165429081517	1.47087399535555	0.141325196493649	0.960224561962078
3794	4.99789176844257	0.607884860354715	1.01048721558593	0.601576003118687	0.547456406346513	0.960224561962078
3795	5.70766832063184	2.13732133463884	1.11171226443888	1.92254902910297	0.0545367105417225	0.960224561962078
3796	5.45574593120804	1.45758331969687	0.971353948670831	1.50056868733728	0.133467155324582	0.960224561962078
3797	1.77815849829007	0.294534046531438	1.16359097793503	0.253125068960344	0.80017156731576	0.967651531145028
3798	4.24667790340035	-0.0680146605871505	1.04414511254261	-0.0651390882073153	0.94806325861405	0.994400445557826
3799	4.68579002159253	1.60277261556435	1.03617107550942	1.54682238623229	0.121906080534516	0.960224561962078
3800	1.66959644779178	0.88420274498063	1.10948729778461	0.796947154551639	0.425481723159314	0.960224561962078
3801	4.13874955176863	0.82165362319167	1.07545022054558	0.76400897735168	0.444861892783036	0.960224561962078
3802	4.15374507471858	0.351237078399443	0.929017041373298	0.378073881056299	0.705375710674392	0.960687455973879
3803	6.52770235415128	1.77257886267689	0.997300268104238	1.77737730487767	0.0755061822635777	0.960224561962078
3804	0.970728972396836	-0.502488725117724	1.08529637076891	-0.4629967800977	0.643366675091179	0.960357823831468
3805	4.77637904845789	-0.138466559083781	1.00279626845886	-0.138080449079236	0.890176837129862	0.983764860221564
3806	1.46757066836096	0.303219299187909	0.987312182338066	0.307115930110223	0.758755132795271	0.963432919274349
3807	4.65078086605274	1.91464830337872	1.10672247323116	1.73001664797566	0.0836273008553389	0.960224561962078
3808	8.82252728861315	-0.0496983273698281	0.938627325682011	-0.052947880388755	0.957773434839791	0.994400445557826
3809	3.77838996105149	1.99944831196484	1.1149643193354	1.79328457179389	0.0729274330680708	0.960224561962078
3810	1.05794289663645	0.401747804724337	1.0276734646213	0.390929432893728	0.695849397430402	0.960357823831468
3811	2.81962760713088	0.753614978918273	1.13409889082707	0.664505525059356	0.506366813909602	0.960224561962078
3812	2.90261658391898	0.812831365776411	1.1308897707794	0.718753840364312	0.472292603299808	0.960224561962078
3813	1.85375410183003	0.600714351652727	1.16270247746929	0.516653540603292	0.605398033401745	0.960224561962078
3814	5.03483346444252	1.50859593637649	1.03208731094071	1.46169410318731	0.143825053885171	0.960224561962078
3815	1.35724603152455	-0.231938143834769	1.05472242072765	-0.219904440520717	0.825945577926608	0.968174360513242
3816	1.83017126227871	1.10418921898927	1.14814080818662	0.961719338879028	0.336190605304788	0.960224561962078
3817	2.13581022873303	0.899510065310769	1.15989395278508	0.775510608664617	0.438037999234302	0.960224561962078
3818	1.13552873433528	0.396559454992503	1.03256733654716	0.384051907276647	0.700939975538302	0.960357823831468
3819	0.318226702338028	0.170836411304892	0.90251430190834	0.189289422830932	0.849865984828712	0.975789015985983
3820	0	NA	NA	NA	NA	NA
3821	0.418217187950435	0.100248459274285	0.932970969772212	0.107450780916325	0.914431370314299	0.984552517669952
3822	3.79121582659048	-0.494792867415612	1.05019432170897	-0.471144108464082	0.637537828440711	0.960357823831468
3823	7.85697692713639	1.59858023832342	0.914654253096995	1.74774263926579	0.0805086018459275	0.960224561962078
3824	1.2905220660784	0.361230330121471	1.05172727658583	0.343463879052481	0.731249510236443	0.963432919274349
3825	3.85458146115338	0.908850590085743	1.11367936546376	0.816079221964643	0.414454826883823	0.960224561962078
3826	2.99748615231001	1.56652025705643	1.14885649225162	1.36354737743287	0.172710063661919	0.960224561962078
3827	3.8885184028933	1.40903294238073	1.10628609600088	1.2736605363425	0.202783748072869	0.960224561962078
3828	0.958480132052719	0.468737158101708	1.08518071643924	0.431943869809773	0.665782209107704	0.960357823831468
3829	2.10402407303701	0.656185249615553	1.06522075416542	0.616008697774256	0.53788877930134	0.960224561962078
3830	7.39019870245936	0.617826013241129	0.847959126133512	0.728603530760103	0.466244218114788	0.960224561962078
3831	1.3434307998369	0.0803202324261303	1.11343746264973	0.0721371743995271	0.942492742381979	0.994400445557826
3832	2.04849350587762	0.694061771842587	1.05982139947387	0.654885598825559	0.512541412957704	0.960224561962078
3833	4.40926188298374	2.16770844434737	1.10686581348159	1.95842026914622	0.0501807182913488	0.960224561962078
3834	2.34408054297583	-0.671374264392495	1.15661149121429	-0.580466534780526	0.561600048028026	0.960224561962078
3835	22.993129224718	1.75285540726931	0.873570181593176	2.00654216936816	0.0447984343251892	0.960224561962078
3836	3.67641134090477	1.43347297677831	1.1529315923466	1.24332873372021	0.213746719994509	0.960224561962078
3837	7.38844348562674	2.42072812221455	0.96701749008507	2.50329300869377	0.0123043630538823	0.960224561962078
3838	9.59078148481133	1.35855026743473	0.894204564429475	1.51928353027533	0.128691143524573	0.960224561962078
3839	2.01049216857123	0.985190738649619	1.15351986614824	0.854073490679707	0.393064271075425	0.960224561962078
3840	4.16256530902166	1.09957799373168	1.0362836879195	1.06107816474392	0.288654380124766	0.960224561962078
3841	6.16742352042647	0.534434561053611	1.05627894377282	0.505959684422675	0.612884951844213	0.960224561962078
3842	1.78579737069898	0.484051396140659	1.02998571147191	0.469959331230839	0.638384073671377	0.960357823831468
3843	4.18430163498611	0.611381331643345	1.02379179727522	0.597173500774779	0.550391549354268	0.960224561962078
3844	1.83896945495833	0.583465022316611	1.1512718225717	0.506800401848862	0.612294874359956	0.960224561962078
3845	5.68258731587509	1.32607266963366	1.03688390989359	1.27890177191557	0.200931648607248	0.960224561962078
3846	0.959007853081396	0.374365908820355	1.09020117995942	0.343391582858394	0.731303890910323	0.963432919274349
3847	0.806759104319559	0.25853263101942	1.06913730102509	0.241814246656194	0.808924099236305	0.967651531145028
3848	2.30849226261663	0.132312196178514	1.15185251272158	0.114869043316916	0.908548922491636	0.983764860221564
3849	6.23547154831177	2.18917544699241	0.998476291772792	2.19251620196764	0.0283422545075121	0.960224561962078
3850	2.84124118351494	0.584955683155212	1.15661933748969	0.505746068905255	0.613034922977537	0.960224561962078
3851	3.29018908510404	0.717650567612435	1.13346232897241	0.633149024249491	0.526636330624491	0.960224561962078
3852	0.944345955790082	0.0311288988358494	1.07658285957283	0.0289145406310862	0.976932748724302	0.994400445557826
3853	1.28777748309712	0.472612253401998	1.05257339040227	0.449006461412989	0.65342699552688	0.960357823831468
3854	1.2179899900947	0.395771032714033	0.947036233907296	0.417904847295182	0.676016688346484	0.960357823831468
3855	4.63377935722843	1.95329068540931	1.11342342356574	1.75431075372377	0.0793772741288525	0.960224561962078
3856	0.456746246285511	0.148193063220713	0.905331369308411	0.16368930564498	0.869975736847993	0.983764860221564
3857	2.21459420903421	0.634254379271248	1.12204568943652	0.565266089645389	0.571892790024975	0.960224561962078
3858	3.58702985887875	0.893751389120812	1.15561640566943	0.773397975951266	0.439286887475673	0.960224561962078
3859	5.5611731083604	0.30901447507333	1.0696655743888	0.288888866270095	0.772666424080524	0.967651531145028
3860	1.88251555230143	0.587525368612456	1.04152322527814	0.564102032823665	0.572684694686263	0.960224561962078
3861	0	NA	NA	NA	NA	NA
3862	1.95254854446464	0.11081782538353	1.14970534506692	0.0963880231217674	0.923212403997139	0.988690134431294
3863	1.17680237565163	0.231604821637472	0.940194037514769	0.246337258476641	0.805421170280194	0.967651531145028
3864	0.914547934628377	0.242392590020011	1.00678371444906	0.240759347356601	0.809741638994294	0.967651531145028
3865	8.53986161305728	1.02372768958497	0.839892533364243	1.21887937910861	0.222889977377087	0.960224561962078
3866	1.69492402234118	0.969979010316579	1.14855622752073	0.844520265594982	0.39837874377309	0.960224561962078
3867	1.80704059871731	0.701214833530199	1.15775062206235	0.60567001232191	0.544733900914825	0.960224561962078
3868	3.11537621614113	1.04769593995612	1.15830556848304	0.90450738428912	0.365726420600812	0.960224561962078
3869	3.43839230966646	1.53376983818782	1.16248615275003	1.31938761985204	0.187039558492987	0.960224561962078
3870	1.38510941260154	0.245546413265233	1.06695939043711	0.230136606384465	0.817985620413302	0.967651531145028
3871	1.69173774520452	0.658423448598269	1.09547357464811	0.60104001030766	0.54781333779024	0.960224561962078
3872	2.31785699865657	0.586441019219287	1.15989555889007	0.505598124524646	0.613138798461101	0.960224561962078
3873	1.65058685346856	0.528420475962888	1.15861683130243	0.456078715315121	0.648333375303199	0.960357823831468
3874	7.52273496247117	1.10172772098885	0.947179693671955	1.16316653360436	0.244761941859629	0.960224561962078
3875	5.63703625268461	1.45712306225051	0.965689617138332	1.50889378573673	0.131325928158899	0.960224561962078
3876	1.95177532427517	0.594709889794745	1.04933462753742	0.566749513632664	0.570884375732206	0.960224561962078
3877	1.17618862774966	0.501132704136996	0.942272745586313	0.531834022032734	0.594840956838051	0.960224561962078
3878	1.23499149891901	0.433607099255482	1.04550378876967	0.414735081702327	0.678335847728166	0.960357823831468
3879	1.45968629679125	0.804130472521502	1.13649368004623	0.707553844460261	0.479222364058347	0.960224561962078
3880	6.42450564043761	1.50360461255579	0.996901953657361	1.50827732560807	0.131483563929891	0.960224561962078
3881	17.1750146389061	3.13251185518341	1.10270994521859	2.84073964215716	0.00450090418804179	0.960224561962078
3882	5.18557459515707	2.25990585054364	1.12776593149766	2.00387845334405	0.0450830821667216	0.960224561962078
3883	2.66447480310027	1.36343105368008	1.15963022749789	1.17574638996944	0.239696234943055	0.960224561962078
3884	2.91405548136653	1.25601586462086	1.15663489265764	1.0859225089906	0.277513277475334	0.960224561962078
3885	2.45236774111173	1.2521594035403	1.14352910578385	1.09499565617264	0.273518539525137	0.960224561962078
3886	4.74431067089398	0.582952169641598	0.996219022900506	0.585164663834991	0.558437002353066	0.960224561962078
3887	4.26995126750674	1.96009894265393	1.13488670402405	1.72713182355901	0.0841439914377614	0.960224561962078
3888	4.29548761850982	1.19940074397868	1.12978175527458	1.06162162592825	0.288407492040258	0.960224561962078
3889	5.98773014190416	-0.326681204994049	0.858245033908301	-0.380638619610065	0.703471420408244	0.960357823831468
3890	2.53915674293846	1.40737437317399	1.16211487661554	1.21104582816522	0.225877841263245	0.960224561962078
3891	10.1374044017278	2.7662377419482	0.943987207722844	2.93037630098942	0.0033855175378308	0.960224561962078
3892	2.54667076614244	1.38969713013601	1.15389579619729	1.20435236415265	0.228453415412015	0.960224561962078
3893	5.25229436135412	1.25176573322585	0.982098773163768	1.27458232046596	0.20245711840368	0.960224561962078
3894	7.17399154222425	2.57868760608787	1.05781448632816	2.43775032334725	0.0147789777816171	0.960224561962078
3895	1.92750319178313	0.911758714044938	1.1510584246732	0.79210463561291	0.428299667368691	0.960224561962078
3896	0.96902305973041	0.236150609032256	0.914535535958025	0.258219172188729	0.79623776227503	0.967651531145028
3897	2.27105746867056	0.897904622550336	1.14173180823739	0.786440927783668	0.431609213808264	0.960224561962078
3898	4.39220580011227	1.29357883585517	1.12859733184791	1.1461827875644	0.251719528298622	0.960224561962078
3899	5.85977646847323	1.51734414010216	1.11436967513256	1.36161650299903	0.173318944306348	0.960224561962078
3900	0.650796357392382	0.0355951527504303	0.907090025025355	0.0392410364665132	0.968698216448111	0.994400445557826
3901	4.53539198566666	2.02534761837853	1.13546622068081	1.78371454957433	0.0744700607136013	0.960224561962078
3902	2.48109036925148	0.882993475632991	1.16190572594233	0.759952770623335	0.447282816496717	0.960224561962078
3903	3.39790973987962	2.00118621639695	1.13994014500389	1.75551867803561	0.079170628649561	0.960224561962078
3904	1.42515555811395	0.657553674760446	0.984680879347348	0.66778353124545	0.504271780502013	0.960224561962078
3905	1.49555679901834	0.48488226954064	1.07673590292325	0.450326090385045	0.652475329078622	0.960357823831468
3906	2.35731874946861	0.992231441675233	1.16193906422237	0.853944472844867	0.393135756503521	0.960224561962078
3907	3.15922238669218	1.50524801779389	1.16112736191122	1.29636770880693	0.194848831556905	0.960224561962078
3908	1.68899316222324	0.746549178153774	1.09505393186249	0.681746493420674	0.495399263013452	0.960224561962078
3909	6.7299862052363	1.97726037430273	1.02539104523549	1.92829885095069	0.0538179646670312	0.960224561962078
3910	3.83904144543226	1.04676058367148	1.0826198279957	0.966877343831205	0.33360535381435	0.960224561962078
3911	2.01274575323093	0.775365433012039	1.15522166009083	0.671183254087425	0.502103795238408	0.960224561962078
3912	10.1620773153848	2.13051185447005	0.968791098802027	2.19914474555409	0.0278676317480608	0.960224561962078
3913	7.57933877242309	1.47335279185996	0.988465504428697	1.49054548212233	0.136080866855088	0.960224561962078
3914	10.9495634748803	1.77300483281488	0.951393363355101	1.8635875560056	0.0623796465087164	0.960224561962078
3915	1.15358568521694	0.107954048467569	1.10826905728715	0.0974077980051364	0.922402552267375	0.988690134431294
3916	6.64693008190765	2.5131264531357	1.07296990273025	2.34221523524645	0.0191696563483478	0.960224561962078
3917	4.92896879238387	1.50656916632562	1.05769043790598	1.42439518438716	0.154332107454151	0.960224561962078
3918	6.11682084575027	1.59866642496702	0.98384950607956	1.62490951623016	0.104181840216174	0.960224561962078
3919	2.29904359932794	0.974396653817435	1.14560235064859	0.850553993072532	0.395017155365877	0.960224561962078
3920	5.39331508874665	1.38634200583194	1.00954028055766	1.37324090235027	0.169677467928096	0.960224561962078
3921	2.58806715703919	0.791163589118014	1.14208659988193	0.692735199940011	0.488475744701582	0.960224561962078
3922	3.24495594646156	1.34629713533587	1.16193338576366	1.15866981001758	0.246590801232966	0.960224561962078
3923	1.89677247814446	0.76480748808904	1.11184597965835	0.68787179346914	0.491533520489523	0.960224561962078
3924	1.24937117434243	0.148947610583009	1.14544867698748	0.130034294486891	0.896539293953308	0.983764860221564
3925	0.806231383290882	0.37204179766176	1.06678461984471	0.348750620079165	0.727276537950505	0.963432919274349
3926	1.04094138781214	0.505380015430114	1.02108537957874	0.494943934696838	0.620639696678691	0.960357823831468
3927	2.71301906808436	0.894308162786757	1.11209596768258	0.804164558433158	0.421301944289055	0.960224561962078
3928	12.8702891409418	0.894998388268011	0.967781725324044	0.924793643905951	0.355073257483553	0.960224561962078
3929	5.22642331406054	1.61124660974781	1.08566963805389	1.48410396060816	0.13778134266787	0.960224561962078
3930	0.584317891107021	-0.0750197005536301	1.03643220443801	-0.0723826413656345	0.942297398739192	0.994400445557826
3931	1.38502338572824	0.561560067003729	1.07215910992418	0.523765606994133	0.600441577531624	0.960224561962078
3932	0.927749418414054	0.396745740431047	1.00102810050336	0.396338264861441	0.691855502288049	0.960357823831468
3933	0.318226702338028	0.170836411304892	0.90251430190834	0.189289422830932	0.849865984828712	0.975789015985983
3934	0.691983971835444	0.285542714746565	0.910358685248223	0.313659571082917	0.75377960979158	0.963432919274349
3935	3.28159966887811	0.503583015142339	1.16300360101236	0.433002111690784	0.665013235712081	0.960357823831468
3936	0.582064306447317	-0.105294193117778	0.952643505396051	-0.110528432221877	0.911990302351635	0.98411628791531
3937	2.76854963524375	0.860487443168921	1.1152480376689	0.771565978244195	0.440371531020762	0.960224561962078
3938	0.640376179295085	-0.389042134463509	1.03566503538884	-0.375644751121141	0.707181016673868	0.961430490514184
3939	3.582417791319	1.06762268388018	1.10436509068228	0.966729836797543	0.333679107422394	0.960224561962078
3940	1.04474141285077	0.297458732194571	1.08918817659904	0.273101323155543	0.784775329646757	0.967651531145028
3941	1.51312275157843	0.361798779240151	1.15733088175511	0.312614814780952	0.754573321326331	0.963432919274349
3942	0.757159397278115	0.276341410841034	0.96171081145699	0.287343562689472	0.773849270156163	0.967651531145028
3943	2.89877983617324	1.01112304988642	1.16299614363205	0.869412212089263	0.384621705881077	0.960224561962078
3944	0.0692597719737415	0	0.892865066800151	0	1	1
3945	0.747514538994832	0.198709555926464	0.910993435535162	0.218124026118511	0.827332477942099	0.968174360513242
3946	5.21107422345306	0.68075888935319	1.03868646091723	0.65540364197299	0.512207907263547	0.960224561962078
3947	1.29370834321506	0.624619790503496	1.12381022915415	0.555805396942884	0.578343895675192	0.960224561962078
3948	3.06569048222639	1.61429340643131	1.15371485090365	1.39921351031141	0.161748966369341	0.960224561962078
3949	1.55321820125704	0.648331730898836	1.08268974251713	0.598815806078979	0.549295720851734	0.960224561962078
3950	1.48714470641996	0.962592018374493	1.13903437809001	0.84509478984174	0.398057917084835	0.960224561962078
3951	1.71666034830564	0.283978922957566	1.08586795629737	0.261522518747019	0.793689586149394	0.967651531145028
3952	10.7868725480368	1.76137946082546	1.00346228936096	1.75530209704957	0.0792076479860536	0.960224561962078
3953	1.03933827376151	0.147689611056608	1.0306932989893	0.14329152154325	0.886059951564147	0.983764860221564
3954	7.23379743163321	1.24220939503587	0.909170224395457	1.36631112821789	0.171841329639168	0.960224561962078
3955	6.86491869984793	2.19982924481066	0.989096842480302	2.2240787254909	0.0261431479878837	0.960224561962078
3956	2.10934118525298	1.15786265850602	1.13663425636582	1.01867654614605	0.308356550794966	0.960224561962078
3957	3.294555653503	0.469293193600164	0.926320221525857	0.50662091002087	0.61242083386696	0.960224561962078
3958	2.5936119170759	1.05790081391107	1.16080736235169	0.911349159405623	0.362111432191809	0.960224561962078
3959	672.259587742775	-0.645604432461417	1.0790298953576	-0.598319319269148	0.549626888253832	0.960224561962078
3960	0.152248748761837	-0.114865815914843	0.895500273327854	-0.128269995371391	0.897935309151685	0.983764860221564
3961	3.51227990091545	1.54842139353136	1.10011325892836	1.40751089123287	0.159275949998532	0.960224561962078
3962	7.2052657286071	2.15968181112151	0.966772446132129	2.23390914766136	0.0254890515488025	0.960224561962078
3963	1.51639505558839	0.0744804149998779	1.16020753395214	0.0641957691363778	0.948814346188167	0.994400445557826
3964	1.04792768998744	0.466320956699592	1.09567800981491	0.425600361166661	0.670399077068059	0.960357823831468
3965	2.65247146191694	1.00071879364767	1.16307901485356	0.860404822774377	0.389565928263344	0.960224561962078
3966	1.54214755255067	0.768086694660548	1.09265037680027	0.702957424414037	0.482082282763435	0.960224561962078
3967	10.7029561576184	1.7060954823977	0.848137341026516	2.01157925711982	0.0442643077999534	0.960224561962078
3968	9.74403427183978	1.72059461119895	0.853093263728081	2.01688922460813	0.04370707481274	0.960224561962078
3969	2.58989791891056	0.819704142476795	1.15331440849642	0.710737797462744	0.477246732651303	0.960224561962078
3970	8.54139337235257	1.25470898535876	0.910537284711861	1.37798748763574	0.16820715132988	0.960224561962078
3971	0.888692639050301	0.439759560462835	0.998461271338103	0.440437273919983	0.659620433517168	0.960357823831468
3972	4.22068308649938	0.947930848985525	1.1062865270581	0.856858350708036	0.391523172992875	0.960224561962078
3973	2.56416537291287	0.607636537397211	1.16029058714588	0.523693412778514	0.600491797979604	0.960224561962078
3974	4.41598693428274	1.02950269279346	1.1539519589179	0.892153858605051	0.372310470025935	0.960224561962078
3975	0.443017041471157	0.0347942256023289	0.904019491135855	0.0384883577660607	0.969298313764208	0.994400445557826
3976	3.94104001654358	1.58378324752303	1.10657549108369	1.43124735753185	0.152359335301244	0.960224561962078
3977	14.0473528180746	0.842395148725031	0.870764403122804	0.967420286938656	0.333333972533909	0.960224561962078
3978	21.4698433466695	0.552440925079014	0.995552617912134	0.554908816610405	0.578957031056503	0.960224561962078
3979	3.12065450602546	0.492017988690499	1.11410460166157	0.441626385849864	0.658759587116133	0.960357823831468
3980	4.20519656522785	2.30498026258272	1.08655787587472	2.12135985920411	0.0338915305399706	0.960224561962078
3981	2.14545508701631	1.02117016755169	1.16195471819777	0.878838178079399	0.379489022667191	0.960224561962078
3982	2.38229592661688	1.49831888503896	1.15918285044551	1.29256474460704	0.196161639700119	0.960224561962078
3983	1.17946093175962	0.503115437944964	1.03932701630976	0.484078090966336	0.628330449365639	0.960357823831468
3984	0.512276813444899	0.0357378336801164	0.90502977612536	0.0394880197567844	0.968501304917358	0.994400445557826
3985	0.559395288005904	0.367742740480078	0.957907985734808	0.383901946696878	0.701051123462477	0.960357823831468
3986	1.19158702252334	0.248366945285887	1.05161047076614	0.236177702856974	0.813294780695772	0.967651531145028
3987	5.17138164559818	0.670059268741405	0.968734406339853	0.691685217698703	0.48913503217545	0.960224561962078
3988	3.8783804466639	2.00037841804449	1.10721867518075	1.80666968764588	0.0708137966885237	0.960224561962078
3989	16.1193252852902	1.75773794331499	0.837831392854108	2.09796142554074	0.0359085530716034	0.960224561962078
3990	5.10013583871468	1.4040299200192	1.14482942303789	1.22640970939889	0.220044534056554	0.960224561962078
3991	1.60952198860589	-0.144261664572275	1.15984314282751	-0.124380322860373	0.901014152440268	0.983764860221564
3992	7.95147932638379	1.35013756901044	0.862457617634312	1.5654538164018	0.117476538229933	0.960224561962078
3993	7.10432259955313	1.4992197602431	0.929735331791289	1.61252316544172	0.10684814311877	0.960224561962078
3994	3.6377028593176	0.206814696006446	1.06779440317506	0.193684004515745	0.846423317220952	0.973500902720151
3995	1.03840558128455	-0.0166086946604421	1.00959703623742	-0.0164508155871173	0.986874740246477	0.996499774016602
3996	0.526006018259253	0.142902704288205	0.906262655749232	0.157683540617773	0.874706170908177	0.983764860221564
3997	1.16245942293531	0.447391604426647	0.938631536374754	0.476642417273335	0.633616773190614	0.960357823831468
3998	0.887089524999669	0.0348382858961539	1.00857711533629	0.0345420150491296	0.972444939159375	0.994400445557826
3999	16.8002721519043	2.34677336454294	0.87321098391138	2.68752158158962	0.00719844503812416	0.960224561962078
4000	2.02443014983927	0.306707068936505	1.14837730813016	0.267078656783892	0.789408600308117	0.967651531145028
4001	3.87410200476278	0.396407710261378	1.1347486461761	0.34933525728116	0.726837632227672	0.963432919274349
4002	9.4590341967045	-0.183887047454384	0.837525006223065	-0.219560068162798	0.826213793495474	0.968174360513242
4003	0.67825476702109	0.2105483614314	0.909708055700274	0.231446077796161	0.816968271833659	0.967651531145028
4004	4.27556108342514	0.31259016663923	1.02350248944794	0.305412219180665	0.760052216535473	0.963432919274349
4005	1.72311892945226	0.303424716146408	1.16163577888143	0.261204692264715	0.793934659794345	0.967651531145028
4006	5.99066873106441	-0.451507298374734	0.883893598965598	-0.510816345884984	0.609479662230041	0.960224561962078
4007	10.8651770408437	-0.105029124471778	0.837721007144029	-0.125374824763969	0.900226817763038	0.983764860221564
4008	1.63354862193715	0.421086261950308	1.01033752375143	0.416777811425626	0.676840933541204	0.960357823831468
4009	5.48818675676222	1.37243271289819	1.08729469266905	1.26224538954494	0.206860500625992	0.960224561962078
4010	4.2431233775225	0.988384515867085	1.09959151485926	0.898865171757526	0.368724481188341	0.960224561962078
4011	7.21281647451817	1.69943493754477	0.941721861740344	1.80460389270792	0.071136688503647	0.960224561962078
4012	4.94487603681918	0.755231181150728	0.985785526625608	0.766121190413417	0.443604195468008	0.960224561962078
4013	1.26031907346841	0.32531236450533	1.05031494789237	0.309728396380652	0.756767506757019	0.963432919274349
4014	5.15295117609438	-0.206922371011358	1.10322538452695	-0.187561285221953	0.851220577465879	0.976993384513351
4015	7.08030016547097	1.28111815316227	0.962366557215159	1.33121640975295	0.183117813429119	0.960224561962078
4016	11.2301277354515	2.30724284485227	0.97628246448866	2.36329436282635	0.0181132759178563	0.960224561962078
4017	4.47359166284974	1.08066304079199	1.14077534416891	0.947305748073725	0.343483002660188	0.960224561962078
4018	4.63152577256873	0.444420732735823	1.0525836902605	0.422218904632499	0.672865244039929	0.960357823831468
4019	1.99901654841657	0.711409541379715	1.15439933375459	0.61625948714464	0.537723272637185	0.960224561962078
4020	1.1625821725157	0.278962573857137	1.02902867396641	0.271093100624563	0.786319427866323	0.967651531145028
4021	0.819960588105236	0.478481707573812	1.06870543376592	0.447720852216245	0.654354670638279	0.960357823831468
4022	1.89988530986693	-0.21590677541526	1.15040834211886	-0.187678381241218	0.851128778381675	0.976993384513351
4023	2.86658660940439	1.52066725474296	1.15661018782142	1.31476211324688	0.18858986413746	0.960224561962078
4024	5.8755462822445	1.43061642822214	0.953864358171252	1.49981117961564	0.133663320589032	0.960224561962078
4025	8.2943443103305	1.04308211714983	0.847360618305056	1.23097780875901	0.218331164149373	0.960224561962078
4026	3.43152455782246	0.835649675014263	1.09093730140169	0.765992393825545	0.443680827982996	0.960224561962078
4027	1.56812559770914	0.362846707460027	1.1594985581182	0.3129341601329	0.754330684003773	0.963432919274349
4028	1.58725794161276	0.546958183749459	1.16118290426126	0.471035339688739	0.637615498526332	0.960357823831468
4029	38.7419244649546	0.834061668307652	1.12340719172255	0.742439317153346	0.457821205507222	0.960224561962078
4030	2.47923965641552	0.175056778644989	1.15565681930816	0.151478168709105	0.879598530957488	0.983764860221564
4031	0.608994995047349	0.225248503654954	0.90815747470176	0.248028023695919	0.804112724343113	0.967651531145028
4032	6.30761962383878	1.57904835903825	1.0682319579648	1.47818865300254	0.139357290196987	0.960224561962078
4033	0.913615242151417	0.0670302754937208	0.993162111043235	0.0674917767687603	0.94619020828794	0.994400445557826
4034	4.46419547398366	1.7354762463224	1.05024901082098	1.65244263830896	0.098444349533619	0.960224561962078
4035	2.11694123533025	0.982221672288169	1.16192688272815	0.845338624046603	0.397921801894927	0.960224561962078
4036	1.12986122471818	0.59595076979185	1.04554995960487	0.569987846412495	0.568685941275232	0.960224561962078
4037	2.05294400152533	0.361214320727926	1.1631714078172	0.310542640835522	0.756148338388546	0.963432919274349
4038	1.28369313656605	0.591913432902477	1.12689457599353	0.525260699192393	0.599401973988464	0.960224561962078
4039	2.8561664313071	1.13902647476774	1.13248481617176	1.00577637642692	0.314523153561971	0.960224561962078
4040	5.25799757365133	1.16638290410268	1.01086575102234	1.15384550611499	0.248563513820601	0.960224561962078
4041	8.04585999607779	3.03046102899733	1.0284652618396	2.94658569563816	0.0032130337570201	0.960224561962078
4042	0.67825476702109	0.2105483614314	0.909708055700274	0.231446077796161	0.816968271833659	0.967651531145028
4043	3.10786009331261	0.294860688388942	1.12524047756368	0.262042376068234	0.793288771939235	0.967651531145028
4044	1.31532191959912	0.237374668732438	0.963982411713225	0.246243775662428	0.805493530503879	0.967651531145028
4045	0.498547608630545	-0.0955794574090085	0.903089266411024	-0.105836112734295	0.915712383867595	0.984552517669952
4046	2.32655131312284	-0.284227048179995	1.16251344544022	-0.244493557726006	0.806848590798729	0.967651531145028
4047	1.87144490359507	0.847066496723498	1.11084881724478	0.762539855625418	0.445737865309951	0.960224561962078
4048	0.429287836656803	-0.103979954533996	0.90187979311172	-0.115292476146115	0.908213301761812	0.983764860221564
4049	1.14946671560332	-0.223275074220275	1.0282617610141	-0.217138361733956	0.828100518741834	0.968364114928945
4050	0.515463090581562	0.271263425281115	1.02647041018422	0.264268139236893	0.791573309026127	0.967651531145028
4051	6.07540660351347	1.20578911735122	0.944393404622997	1.27678688928643	0.201677495464629	0.960224561962078
4052	3.19285715559962	0.894028858403385	1.13379861376915	0.788525270313495	0.430389523189932	0.960224561962078
4053	10.8098269169634	1.49377870965533	0.891168466236716	1.67620238624842	0.0936985569581212	0.960224561962078
4054	44.4378549361677	1.21121162677884	1.13446904954635	1.06764625025529	0.285680112526414	0.960224561962078
4055	2.48316453065909	0.798481071594227	1.16164693552718	0.687369842913468	0.491849696504261	0.960224561962078
4056	1.1522480212917	-0.326126690529714	1.10088899128058	-0.296239396626498	0.767047264166517	0.967651531145028
4057	8.2943443103305	1.04308211714983	0.847360618305056	1.23097780875901	0.218331164149373	0.960224561962078
4058	35.5798032512355	0.895365253577093	1.0496323940522	0.853027458613827	0.393644077170302	0.960224561962078
4059	4.75358938006063	1.24777571704794	1.02866689633681	1.21300269454709	0.225128790313294	0.960224561962078
4060	2.74554172126275	0.357155844320794	1.15556305222653	0.309075167843614	0.757264348200546	0.963432919274349
4061	14.9367168987255	1.31406464253472	0.811520631814286	1.61926214937618	0.105390870939434	0.960224561962078
4062	6.19537609863316	1.71477114960519	0.943047639497904	1.81832929513313	0.0690138178555928	0.960224561962078
4063	2.20058068272742	0.511050392805327	1.1577405875527	0.441420468712784	0.658908626563479	0.960357823831468
4064	1.23604694097636	0.378878904918501	1.11927714251734	0.338503209371695	0.734984008965266	0.963432919274349
4065	1.38989880378883	0.696966317076605	1.07637635147987	0.647511733343429	0.517300803147376	0.960224561962078
4066	1.0716721014508	0.479944589272255	1.03238480776523	0.464889240583825	0.642010775961316	0.960357823831468
4067	1.1350010133066	0.341220055904935	0.932556982011614	0.365897272216965	0.714441731891425	0.962423898398307
4068	3.40221963460688	0.752504458223858	1.09832211226748	0.68514004208685	0.493255554628271	0.960224561962078
4069	9.21401628183179	1.27693496501314	0.927197691670772	1.37719817088	0.16845098720942	0.960224561962078
4070	8.50715225631237	0.142505911713263	0.865019915118902	0.164742925824633	0.869146328643945	0.983764860221564
4071	15.1731727787267	-0.12039221376781	0.74810744252788	-0.160929041637389	0.872149288497413	0.983764860221564
4072	24.1504173483114	-0.0780170280987391	0.974197072248357	-0.0800834146613508	0.936170913559489	0.994400445557826
4073	11.0604053435883	-0.258238091129292	0.865293444452651	-0.298439902422516	0.765367438075064	0.966994867907882
4074	0.165977953576191	0.0683826570387578	0.896554649527345	0.0762727147472923	0.939202133071736	0.994400445557826
4075	18.1771122333366	-0.252792175291529	0.898428568438465	-0.281371479238356	0.778425491094492	0.967651531145028
4076	2.9617877038295	-0.365991541952006	1.11270913634274	-0.328919328509289	0.742216664418521	0.963432919274349
4077	3.08968039285055	0.738299823866159	1.16351515620022	0.634542506757952	0.525726835473587	0.960224561962078
4078	5.82548912933217	1.62586272884441	1.05827294740515	1.53633590732048	0.124456017210542	0.960224561962078
4079	2.78873742120472	1.30834931827204	1.16137703158183	1.12655002009987	0.259932780761965	0.960224561962078
4080	2.83397055984721	0.472223254613811	1.13607428718786	0.415662303019561	0.677657129593285	0.960357823831468
4081	4.67657008572213	2.15474519157617	1.12803074878102	1.91018302817067	0.0561096515860477	0.960224561962078
4082	3.15955391272626	0.473924242288016	1.16355490806071	0.407307157577894	0.683782406466325	0.960357823831468
4083	1.6472778267515	0.471565209831516	1.0120632241052	0.465944417897847	0.641255286146309	0.960357823831468
4084	2.32871887090925	1.19293914349654	1.15971733622846	1.02864646947171	0.303645832984399	0.960224561962078
4085	2.92725696515221	1.31764085331693	1.16043017630048	1.13547620548584	0.256175846087454	0.960224561962078
4086	1.99296293871824	0.732165061217101	1.05445965106354	0.694350950724981	0.487462145742357	0.960224561962078
4087	0.138519543947483	0	0.892992221742464	0	1	1
4088	1.84197840846744	0.177064382229221	1.1427454191501	0.154946481746486	0.876863508986866	0.983764860221564
4089	3.30011826487976	0.879504728915222	1.15896012134955	0.75887402224943	0.447927920151192	0.960224561962078
4090	0.736443890288464	0.376025856061807	0.975275800632368	0.385558480809216	0.699823687491953	0.960357823831468
4091	5.9871005145094	0.014659899679163	0.910038810907874	0.0161090928248851	0.987147359431744	0.996499774016602
4092	1.71993265231559	0.124347718753916	1.13522529887189	0.109535718484678	0.912777592943074	0.98411628791531
4093	1.78632509172766	0.575041193674558	1.10390104056827	0.520917339998641	0.602424355412617	0.960224561962078
4094	35.6460572309908	2.46660759229461	1.04340605648692	2.36399585469106	0.0180790148745925	0.960224561962078
4095	3.91653915663324	2.07871286763481	1.09414924440266	1.89984399136486	0.0574535959339392	0.960224561962078
4096	3.39009354384315	0.947540359096985	1.10672265784592	0.856167850526566	0.391904942687048	0.960224561962078
4097	17.5872243004631	0.705641100572103	0.872170139481885	0.809063585909156	0.418478572393247	0.960224561962078
4098	6.149440014959	1.48733981368884	1.10009980612548	1.35200443214985	0.176373897437868	0.960224561962078
4099	2.533680158435	0.0518265024882621	1.14396322812439	0.0453043430191681	0.96386472576598	0.994400445557826
4100	2.36745670569802	0.430776197606554	1.1295281556315	0.381377122348682	0.70292343429854	0.960357823831468
4101	5.42059617474781	1.14270107407116	1.06488844741325	1.07307115298971	0.283239192761687	0.960224561962078
4102	2.22064781873255	0.465857029781737	1.16113152243009	0.401209527760267	0.688265866551202	0.960357823831468
4103	3.28163429196066	0.978279233761464	1.10341392032959	0.886593159409531	0.375297978081705	0.960224561962078
4104	1.36182664625815	0.914386371537199	1.07994927053464	0.846693818390676	0.397165805163463	0.960224561962078
4105	1.46809838938963	0.33551318064833	1.07527700747359	0.312024881324891	0.755021614101392	0.963432919274349
4106	0.67825476702109	0.2105483614314	0.909708055700274	0.231446077796161	0.816968271833659	0.967651531145028
4107	1.8857018294381	1.04201377734954	1.149912032594	0.906168252713156	0.364846803908742	0.960224561962078
4108	2.10729637704697	0.69631992497553	1.12532245590507	0.618773686885593	0.536065458955177	0.960224561962078
4109	0.33522821116234	-0.0418649387507463	0.900701487033666	-0.0464803704150891	0.962927379314178	0.994400445557826
4110	1.90815689073594	-0.081678089023274	1.16277215637019	-0.0702442766416489	0.943999233673934	0.994400445557826
4111	2.5809581052835	1.29418245243087	1.16215563611	1.11360510780019	0.265448634195792	0.960224561962078
4112	2.27881699103532	-0.0251767887331921	1.15430422286064	-0.0218112246620722	0.982598540332214	0.995523370577472
4113	0.431946392764789	0.224373473733139	0.941076014101013	0.238422263846006	0.811553601191245	0.967651531145028
4114	3.83284513518892	1.67742737169381	1.10982069060763	1.51143998836011	0.130676387560797	0.960224561962078
4115	6.15354960463365	0.391503714162083	0.936839835605418	0.417898235410838	0.676021522743875	0.960357823831468
4116	0	NA	NA	NA	NA	NA
4117	5.07852016270607	0.666325555268952	0.96036285608904	0.693826870795984	0.487790789099631	0.960224561962078
4118	4.69867256080322	1.04744933685242	1.03477253714041	1.01225080803463	0.311418148686865	0.960224561962078
4119	3.59292399628959	1.22187071865058	1.14605600892281	1.06615270906265	0.286354615867399	0.960224561962078
4120	6.04213696369567	0.405064805581431	1.02036577949366	0.396979998469213	0.691382210220949	0.960357823831468
4121	2.23159571785852	0.660284786682126	1.15480115527313	0.571773576487249	0.567475380743735	0.960224561962078
4122	2.67121770573933	0.968793913361667	1.10993114606123	0.872841452192404	0.382749502075326	0.960224561962078
4123	2.88517338093928	0.634469077271153	1.16304622947258	0.545523523651226	0.585393506227599	0.960224561962078
4124	5.36805359010594	-0.245416607307841	0.92999321720228	-0.263890749704749	0.791864103738112	0.967651531145028
4125	3.53968373649701	0.850133426581832	1.11075353625986	0.765366392120085	0.44405339959624	0.960224561962078
4126	0.54566608319155	0.260042985771886	0.94571800762757	0.274968842376418	0.783340176121213	0.967651531145028
4127	8.96990589816105	0.905684929541188	0.881670611643093	1.02723728973266	0.304308743138521	0.960224561962078
4128	3.16842555082008	1.49715627619617	1.153431988627	1.29800134811445	0.194286871720512	0.960224561962078
4129	3.49562668986772	0.104000566981115	1.09085075748186	0.0953389510598062	0.924045605072264	0.988690134431294
4130	1.83050278831279	0.068671488366653	1.14504722590369	0.0599726254194068	0.952177437185105	0.994400445557826
4131	0.514935369552885	0.321321317767404	0.949194328101571	0.338520056699096	0.734971315267676	0.963432919274349
4132	2.16294969378675	0.308685534456418	1.15255167153118	0.267827935251116	0.788831766791223	0.967651531145028
4133	1.66283569381267	-0.171121326479225	1.1454138172679	-0.149396946238515	0.88124042123926	0.983764860221564
4134	1.80271285265	0.971237873497499	1.14685274837064	0.846872342484563	0.397066279908947	0.960224561962078
4135	2.15999633435178	0.98976649531853	1.13589491767137	0.871353925368016	0.383560934901646	0.960224561962078
4136	8.75459260807125	0.779912107377366	0.869765320778113	0.896692577579016	0.369882982367603	0.960224561962078
4137	2.22946488277921	0.431357565732824	1.15480342068238	0.373533328709689	0.708751544663996	0.962109640556799
4138	10.1251649725864	1.07183735181868	1.0076700414197	1.06367889066998	0.287474190382672	0.960224561962078
4139	1.54078993766083	-0.282660695406132	1.16087189887379	-0.243489997199823	0.807625833062576	0.967651531145028
4140	9.47443894095669	0.581705692798468	0.828072019029039	0.702482005708332	0.482378619681897	0.960224561962078
4141	3.42200454874412	1.32040104843661	1.16115344004306	1.13714605055783	0.25547723561618	0.960224561962078
4142	1.69925176840849	0.627748716220981	1.15289157735172	0.544499351502737	0.586097894542893	0.960224561962078
4143	8.60253585505491	0.881449585990136	0.885549700563545	0.995369978025175	0.319556354539403	0.960224561962078
4144	4.80691883698292	0.946345134910661	1.03901751811175	0.910807679768954	0.362396715332236	0.960224561962078
4145	7.68686113257953	0.00268650818098179	0.847771221020771	0.00316890702865222	0.997471582238936	1
4146	13.0235744603939	0.712679738774627	0.921545523215411	0.773352721944739	0.439313661847112	0.960224561962078
4147	1.29370834321506	0.624619790503496	1.12381022915415	0.555805396942884	0.578343895675192	0.960224561962078
4148	7.88719675105944	0.422767948142803	0.955905684063965	0.442269520090554	0.658294184388435	0.960357823831468
4149	6.91853145823566	2.08931676029259	0.93777938605511	2.22794059174362	0.0258844768710083	0.960224561962078
4150	12.0898784807513	1.46652062318407	0.835205248847278	1.75588051584699	0.0791088125279505	0.960224561962078
4151	8.6751004634623	-0.494862523297693	1.01426326977308	-0.487903425121967	0.625618248324332	0.960357823831468
4152	11.4760531725605	0.104952968454725	0.976236158251577	0.107507765992498	0.914386164660542	0.984552517669952
4153	0.722837435054504	-0.079949291251066	1.05290340247098	-0.0759322185334754	0.939473024161113	0.994400445557826
4154	3.91768272518844	0.96189386498867	1.06321634072295	0.904701920151653	0.365623323590988	0.960224561962078
4155	3.0424937427563	1.63035732599486	1.16224135944961	1.40277001221754	0.160685432025508	0.960224561962078
4156	5.34661943697398	0.875522176588299	0.951773236443245	0.919885265801448	0.357632719341848	0.960224561962078
4157	3.21892122763139	0.1405439233544	1.12249399048657	0.125206838117216	0.900359803813983	0.983764860221564
4158	0.805703662262205	0.366411259136009	0.984798638688135	0.372067186876001	0.709842826390924	0.962109640556799
4159	5.51660511244494	-0.627198635522947	0.95044889195476	-0.659897276783611	0.50931975190111	0.960224561962078
4160	20.6093382615129	0.420943669919394	0.909131314643438	0.463017457587509	0.643351853773754	0.960357823831468
4161	1.9098123900181	0.405603228356875	1.16303162936829	0.348746515670585	0.727279619576953	0.963432919274349
4162	2.65139606889499	0.784569669888756	1.14610480515439	0.684553163340997	0.493625930899352	0.960224561962078
4163	13.2909130869658	0.642302024446611	0.802424200061587	0.800451960941997	0.423448985975784	0.960224561962078
4164	7.72712240402414	1.91009754072507	0.984328906316743	1.94050741420615	0.0523180540052664	0.960224561962078
4165	1.92636172285248	1.07578423120231	1.11739696507022	0.962759220609399	0.33566836977472	0.960224561962078
4166	9.73890179482949	-0.991787820143054	0.902305391089587	-1.09917089040708	0.271693533293259	0.960224561962078
4167	2.61323525930109	-0.39099711471727	1.13310686770877	-0.345066406232183	0.730044448041953	0.963432919274349
4168	3.33352122530358	0.273933506929985	1.1338159661735	0.241603148220324	0.809087682422301	0.967651531145028
4169	5.44198210331113	1.03918090666402	1.03869259434373	1.00047012207745	0.317083049782629	0.960224561962078
4170	2.10995493315496	0.876498523932873	1.13389795397242	0.772995948058826	0.439524778656099	0.960224561962078
4171	5.54093601823323	1.59645176801966	1.1168087816911	1.4294763742834	0.152867360692567	0.960224561962078
4172	1.48501387134065	0.684744639778617	1.13752077228638	0.601962317050529	0.547199221283263	0.960224561962078
4173	0.498547608630545	-0.0955794574090085	0.903089266411024	-0.105836112734295	0.915712383867595	0.984552517669952
4174	5.10143677993282	0.749938959627534	1.08059467316565	0.694005789821781	0.487678577985616	0.960224561962078
4175	6.18731440343591	1.5859941188716	0.953845265738764	1.66273731792675	0.0963650287033281	0.960224561962078
4176	0.900291008785346	0.236650721462865	0.998560037033592	0.236991981139041	0.812663011200478	0.967651531145028
4177	4.48235840270322	1.72336355995633	1.04985767454418	1.64152113352371	0.100689283829718	0.960224561962078
4178	0.443017041471157	0.0347942256023289	0.904019491135855	0.0384883577660607	0.969298313764208	0.994400445557826
4179	5.18247224526915	0.95767598878897	1.01463565168857	0.9438619539883	0.345240196242318	0.960224561962078
4180	7.04873745834659	-0.0711688361862566	0.873324992632764	-0.0814918120821298	0.935050836234612	0.994400445557826
4181	0.431946392764789	0.224373473733139	0.941076014101013	0.238422263846006	0.811553601191245	0.967651531145028
4182	3.09347831826464	-0.27402658156332	1.12355942477817	-0.243891489422041	0.807314860646723	0.967651531145028
4183	3.94535201089538	0.451090530755095	0.92892373712081	0.485605559131523	0.627246854225757	0.960357823831468
4184	6.45653837489197	2.04988262755242	1.02856611231067	1.99295174419792	0.046266731425733	0.960224561962078
4185	7.51128031330811	2.490739317566	0.953457181615883	2.61232425072806	0.0089928916518075	0.960224561962078
4186	2.48374892535947	1.06979257989863	1.15811341293761	0.923737319633539	0.355623096640455	0.960224561962078
4187	5.63703625268461	1.45712306225051	0.965689617138332	1.50889378573673	0.131325928158899	0.960224561962078
4188	3.22427296292991	0.761875758033387	1.12088506593553	0.679709080964068	0.496688684932984	0.960224561962078
4189	3.04011530889166	1.32180497608418	1.11596107670695	1.18445437181791	0.236233248009319	0.960224561962078
4190	1.45980904637164	0.409296067795706	1.15747482654229	0.353611204675951	0.723630276123344	0.963432919274349
4191	2.32896437007004	0.465151213036206	1.16245877198716	0.400144266829401	0.689050261514563	0.960357823831468
4192	8.85344269538487	2.12473305619438	0.931231987753319	2.2816366750035	0.0225107995735528	0.960224561962078
4193	1.68249575874497	-0.106349010311253	1.16369308621924	-0.0913892258798006	0.927183322426504	0.989927938804099
4194	6.28526218046685	0.780115336019944	0.98342407731717	0.793264425809197	0.427623778514002	0.960224561962078
4195	1.88643832692046	0.248159156318643	1.16188293394152	0.213583614208705	0.830871778515663	0.969890875577183
4196	1.76152523820694	0.753997983533095	1.144874315954	0.658585814203374	0.510161774763242	0.960224561962078
4197	11.9411507054166	1.57032278426423	0.840580317620123	1.86814127257961	0.0617423820112322	0.960224561962078
4198	1.96562727866992	0.468485330210256	1.10587387235955	0.423633600467178	0.671833046749694	0.960357823831468
4199	1.47288778057693	0.765699324498442	1.08616913076424	0.70495404703657	0.480838833988664	0.960224561962078
4200	5.32269980150761	1.51544864899093	1.10424100163604	1.37238940298871	0.169942247242367	0.960224561962078
4201	1.43949851083028	0.456596892644792	0.982763690369218	0.464604967724491	0.642214374123599	0.960357823831468
4202	7.48161972281044	0.779718916241373	0.908602193828245	0.858152139118393	0.390808460072498	0.960224561962078
4203	1.63898848373351	0.649834460774981	1.14249690522237	0.568784438543839	0.569502436462791	0.960224561962078
4204	2.92815293492206	0.0710285101132922	1.13236270446501	0.0627259356328324	0.949984744407482	0.994400445557826
4205	1.99623524272819	0.801988739640101	1.11889073824201	0.716771273752948	0.473515239438963	0.960224561962078
4206	3.82673803104099	0.774979964095244	1.15366178242708	0.671756641244399	0.501738635882548	0.960224561962078
4207	3.43691194519622	1.09784444930078	1.14284240490985	0.96062628109024	0.336740109504573	0.960224561962078
4208	8.11298366309126	0.770476912845185	0.98069781492342	0.785641510688335	0.432077538138521	0.960224561962078
4209	1.63354862193715	0.421086261950308	1.01033752375143	0.416777811425626	0.676840933541204	0.960357823831468
4210	2.72554803067182	0.218175567053819	1.13753488477615	0.191796814298801	0.847901366460508	0.974583501578933
4211	9.71609846537558	1.62025421983529	0.937733631407931	1.72784057814223	0.0840168101255593	0.960224561962078
4212	2.40667085772472	0.474442914011225	1.15032052676988	0.41244409968365	0.680013945454416	0.960357823831468
4213	0.816774310968573	0.188946786626422	0.912084761802435	0.207159240609426	0.835885498075715	0.971150936719616
4214	1.80336332325907	0.543662449298819	1.16259060903606	0.467630174433961	0.640049082661977	0.960357823831468
4215	4.83175224295433	-0.122476764640905	0.995314682253951	-0.123053308490887	0.90206488461844	0.983764860221564
4216	0.900818729814023	0.147853778977329	1.00740420761175	0.146767085009348	0.88331586564885	0.983764860221564
4217	0.360028064683062	-0.112685141446388	0.90035932963082	-0.125155743643589	0.90040025313318	0.983764860221564
4218	4.75586183608738	1.63618501284818	1.08633666293267	1.5061491236346	0.132028896480628	0.960224561962078
4219	0.857961925411636	0.380230255371082	0.913512879598348	0.416228674891	0.677242678826339	0.960357823831468
4220	0.38748647431177	0.156924045196599	0.904110692701294	0.173567292659423	0.862205538486169	0.981495727838689
4221	0.304497497523674	0.038426170544167	0.901003266920888	0.0426482033472371	0.965981969707258	0.994400445557826
4222	4.29814617461781	1.35835705237173	1.11657642454203	1.21653746444528	0.223780248423982	0.960224561962078
4223	5.75411847324372	1.65498447550788	1.10639586129277	1.4958339355808	0.134696935609148	0.960224561962078
4224	1.19053158046599	0.288783405468211	0.942136031622422	0.306519861012965	0.759208860214143	0.963432919274349
4225	6.20514053624043	-0.27000343626245	0.930625715029783	-0.290131071924881	0.771715965666112	0.967651531145028
4226	1.92709822033485	0.525937617296071	1.14562096218131	0.459085190179015	0.646172991313884	0.960357823831468
4227	1.19053158046599	0.288783405468211	0.942136031622422	0.306519861012965	0.759208860214143	0.963432919274349
4228	1.27617911336207	0.639617963410501	1.05339936128104	0.607194181922285	0.54372205289722	0.960224561962078
4229	3.96872607399302	1.80988422725715	1.13247974856517	1.59816034639933	0.110007296211475	0.960224561962078
4230	2.68307942597521	1.30057422101878	1.15877980004604	1.12236528542101	0.261707158227321	0.960224561962078
4231	1.34395852086557	-0.0297346098999175	1.12167164253936	-0.0265091928620047	0.978851201333368	0.994400445557826
4232	1.85363135224964	1.04301202607565	1.15937384667702	0.899633909342626	0.368315105436035	0.960224561962078
4233	4.95839119529888	0.580954500235887	1.05322822910743	0.551594121939005	0.581226464576736	0.960224561962078
4234	2.96714153875258	1.29137169456598	1.11848628531127	1.15457087988039	0.248266197257933	0.960224561962078
4235	2.67566820138703	0.78264588825593	1.15634562849077	0.67682695292187	0.498515755011665	0.960224561962078
4236	0.804100548211573	-0.106183052123881	0.99386172428966	-0.106838858493894	0.914916819267506	0.984552517669952
4237	6.09075989337005	0.829241625491157	1.14672845574289	0.723136869359315	0.469595799760506	0.960224561962078
4238	1.62034713815147	0.423165022635831	1.09021702966234	0.388147507443443	0.697906876662842	0.960357823831468
4239	5.50661195638507	2.06646651025441	1.09511908861077	1.88697880599986	0.0591631763438144	0.960224561962078
4240	5.1940706150042	0.848409433997907	1.0089838077511	0.840855351176456	0.400428974010907	0.960224561962078
4241	3.40670685296168	0.0453508593500617	1.09572233210878	0.0413890070696848	0.966985776376579	0.994400445557826
4242	6.20767634276802	0.778475533059161	0.973446942536335	0.799710286244084	0.423878671873554	0.960224561962078
4243	1.88251555230143	0.587525368612456	1.04152322527814	0.564102032823665	0.572684694686263	0.960224561962078
4244	2.2701247761936	0.586894022630775	1.12466931447428	0.521836965833032	0.601783849444324	0.960224561962078
4245	13.6913031310504	0.393696600013604	0.897024905979399	0.438891492743732	0.660740161272678	0.960357823831468
4246	6.30044871772151	-0.132094479766018	0.974231275632318	-0.135588420398722	0.892146660092578	0.983764860221564
4247	7.02290001410857	0.507305663627806	0.873507485919781	0.580768535822708	0.561396463609485	0.960224561962078
4248	2.99324443311599	1.3979793316095	1.16195081701814	1.20313124371053	0.228925536559676	0.960224561962078
4249	4.48512395667609	1.36217127806981	1.15649717885232	1.17784228355974	0.238859488124083	0.960224561962078
4250	13.3867394980475	2.36102632004325	0.96392820392711	2.44937985051612	0.0143102444200428	0.960224561962078
4251	1.30159271478476	0.174627340231273	0.962815504071401	0.181371549889711	0.856075948413868	0.977390919310389
4252	1.0245536268898	0.167793507377958	0.914590668681628	0.183462955750281	0.854434782447205	0.977390919310389
4253	1.23551921994769	0.467907272926481	1.11201397433171	0.420774633886844	0.673919656110511	0.960357823831468
4254	1.66431605828291	0.608925767728556	1.15893683892431	0.525417561403727	0.599292948048974	0.960224561962078
4255	0.470475451099866	0.248374778215313	0.906158907425509	0.274096271834894	0.784010638811298	0.967651531145028
4256	0.664525562206736	0.128840362194046	0.908671335249894	0.141789838851484	0.887246010398144	0.983764860221564
4257	0.875086183816341	0.033322144932891	1.07031209671904	0.0311331106459859	0.975163383984129	0.994400445557826
4258	7.04308882009654	1.73591960088788	0.979433921813927	1.77237030720044	0.0763331073681537	0.960224561962078
4259	2.16282694420636	0.638479129174917	1.12839024537063	0.565831840353424	0.571508099431302	0.960224561962078
4260	4.0937304594608	1.85801316638207	1.06418690426888	1.74594627967026	0.0808202870101924	0.960224561962078
4261	3.37342356105293	0.161976549746756	1.11671898697418	0.145046830613709	0.884673897238608	0.983764860221564
4262	12.0796870211066	2.448664621418	0.910887085521792	2.68821971497741	0.00718341133362128	0.960224561962078
4263	10.1204668781534	1.20972469925663	0.949568118672475	1.27397358385185	0.202672778209344	0.960224561962078
4264	3.37693088238913	0.577745566202779	0.926804608006451	0.623373644468066	0.533039013121206	0.960224561962078
4265	0.944750927238365	0.364288288940078	1.08286014094357	0.33641305572726	0.736559405593146	0.963432919274349
4266	0.29076829270932	-0.121551770734376	0.898360235471129	-0.135304041669466	0.892371489675679	0.983764860221564
4267	1.59174725959211	0.51499291667425	1.00466498732686	0.512601636536084	0.608230008202287	0.960224561962078
4268	2.79613079445285	0.755672075639938	1.14577850936114	0.65952718563493	0.509557294709531	0.960224561962078
4269	5.86169852709885	2.27907720251788	1.11917227561832	2.03639533623967	0.0417106733832175	0.960224561962078
4270	0.470475451099866	0.248374778215313	0.906158907425509	0.274096271834894	0.784010638811298	0.967651531145028
4271	0.816774310968573	0.188946786626422	0.912084761802435	0.207159240609426	0.835885498075715	0.971150936719616
4272	3.34551087580974	1.32301613499449	1.12515147491641	1.17585601982416	0.239652416090634	0.960224561962078
4273	2.13148248266572	0.746207256422437	1.06818751955567	0.698573277408101	0.484818748697264	0.960224561962078
4274	1.33170968052146	0.574135453764363	1.05873232010572	0.542285753312066	0.587621668467137	0.960224561962078
4275	23.5604130762202	-0.212965866771545	1.01082681581911	-0.210684821018495	0.833133219828202	0.971150917386215
4276	15.7138699865946	1.46052573527621	0.850189950096013	1.71788167469078	0.0858182000026928	0.960224561962078
4277	2.35904461309964	0.778605001336937	1.16088062082924	0.670702040646318	0.502410362609862	0.960224561962078
4278	1.71972387586191	0.897779743774586	1.14334703188918	0.78522068867504	0.432324187468545	0.960224561962078
4279	1.39843364596761	0.0669868992404593	1.05479439955349	0.0635070676037109	0.949362731472691	0.994400445557826
4280	2.78558786677516	1.00270417520359	1.15908908031001	0.865079476838319	0.386995168278815	0.960224561962078
4281	1.37085248675851	0.177283505698003	0.974262218950289	0.18196693071914	0.855608678050406	0.977390919310389
4282	0.0692597719737415	0	0.892865066800151	0	1	1
4283	1.09405889802433	-0.421330872296674	1.02762449750208	-0.410004698526389	0.681802500881325	0.960357823831468
4284	0.512276813444899	0.0357378336801164	0.90502977612536	0.0394880197567844	0.968501304917358	0.994400445557826
4285	3.6480002878345	0.821472536081213	1.10833002785482	0.741180438529826	0.458584042442012	0.960224561962078
4286	4.9613707956064	0.73149087107098	1.12988080322797	0.647405344865735	0.51736963761799	0.960224561962078
4287	2.79878935056084	0.997875237681268	1.16251964281393	0.858372797268071	0.390686643539549	0.960224561962078
4288	0.803045106154219	0.114431904023439	0.911094392669132	0.125598296887988	0.900049911166811	0.983764860221564
4289	1.25190698087003	0.800113596983124	1.12254007747814	0.712770628894274	0.47598770319988	0.960224561962078
4290	0.584195141526627	0.3110854089039	0.954375504343339	0.325957034194777	0.744456862999075	0.963432919274349
4291	4.21087982656046	1.66165130665153	1.08581018004075	1.53033314403919	0.125934288270491	0.960224561962078
4292	7.87559940135139	1.00499990146167	0.851756288389207	1.17991485963934	0.238034079166843	0.960224561962078
4293	2.42740631567897	1.01092146388057	1.14583524373919	0.882257261158805	0.377637702840861	0.960224561962078
4294	8.83664889238238	0.686202396776118	0.887978746752131	0.772768942146386	0.439659137085159	0.960224561962078
4295	0.527061460316607	-0.111020299717893	0.946778557664844	-0.117261104847701	0.906653146174325	0.983764860221564
4296	5.71769819939881	0.492976218006763	0.925435582587971	0.532696415917098	0.594243747559563	0.960224561962078
4297	3.70962328702387	0.47993415494932	0.978420178730644	0.490519477605178	0.623766350426107	0.960357823831468
4298	0.858575673313606	0.0267535666497098	0.910724731156755	0.0293761284111927	0.976564611354817	0.994400445557826
4299	7.06694028002966	1.72967421357464	0.982889601316808	1.75978483367546	0.0784442955194377	0.960224561962078
4300	10.3826699153859	1.55904346088418	0.885669077219951	1.76030020803921	0.0783569189301686	0.960224561962078
4301	2.35784647049729	0.943803989250623	1.16227129225639	0.812034157204693	0.416772032144974	0.960224561962078
4302	3.93215052710971	1.29056636656034	1.16271687567673	1.10995754302542	0.267017322319995	0.960224561962078
4303	10.4255791942109	1.17473691138487	0.811662069878441	1.44732266663737	0.1478065736251	0.960224561962078
4304	9.23684375253371	0.997707189105821	0.835312760136762	1.19441152669866	0.232317030109676	0.960224561962078
4305	4.58761142648444	1.15544402067449	1.03421823566172	1.11721489800961	0.263902452144541	0.960224561962078
4306	6.48286681745157	1.23893848497422	0.9974275430175	1.24213382079472	0.214187191942881	0.960224561962078
4307	0.608994995047349	0.225248503654954	0.90815747470176	0.248028023695919	0.804112724343113	0.967651531145028
4308	2.99324443311599	1.3979793316095	1.16195081701814	1.20313124371053	0.228925536559676	0.960224561962078
4309	0.971681615838397	0.510186440821387	1.01182665814117	0.504223165812464	0.614104563130436	0.960224561962078
4310	3.12796395202484	1.13081044549213	1.13244429328302	0.998557237825664	0.318009223957238	0.960224561962078
4311	1.88263830188183	0.409449815978872	1.09962441304565	0.37235424306815	0.709629117188385	0.962109640556799
4312	1.84664505007434	0.910014752019043	1.11878328877405	0.813396804501995	0.415990590854031	0.960224561962078
4313	3.24520144562235	0.682214343777184	1.16031949597405	0.587953874897612	0.556563253180057	0.960224561962078
4314	3.22631460087951	0.036342880718376	1.16204967455408	0.0312748082239446	0.975050380702778	0.994400445557826
4315	5.15214650307877	1.29753209095154	1.02897002405709	1.2610008655408	0.207308535304751	0.960224561962078
4316	1.67526395740889	0.68751328744445	1.09384911434065	0.628526620747751	0.529659013300858	0.960224561962078
4317	5.15756641391054	0.835480500289038	0.97075283556103	0.860652134800292	0.389429662813905	0.960224561962078
4318	0.983279985573442	0.318871832907765	1.0106169927888	0.31552193875925	0.752365396402019	0.963432919274349
4319	1.28777748309712	0.472612253401998	1.05257339040227	0.449006461412989	0.65342699552688	0.960357823831468
4320	2.10773807120235	1.10348915079916	1.15932103051951	0.951840880782328	0.341177685716443	0.960224561962078
4321	1.06635498923483	0.0235316683129731	0.925491177579822	0.0254261400681407	0.979715061085988	0.994502588826835
4322	4.06268080124714	1.23355093091364	1.0899818764928	1.13171691889299	0.257753466171824	0.960224561962078
4323	3.45657201012852	1.21172067741017	1.12339927558818	1.07861977815122	0.280757260747524	0.960224561962078
4324	3.92528487489025	0.173098691747086	1.08019472409437	0.160247673762906	0.872685976366405	0.983764860221564
4325	4.04868404668285	0.437392643607747	1.10399457977473	0.396190933923786	0.691964178960175	0.960357823831468
4326	0.152776469790514	0	0.892865066800151	0	1	1
4327	2.12433460857838	0.663315214465527	1.16264958011097	0.570520323416982	0.56832484179413	0.960224561962078
4328	2.33991226919602	0.634120541178388	1.15693976086217	0.548101606176826	0.583622137787037	0.960224561962078
4329	5.39502310103762	2.14656794070092	1.10421457305228	1.94397718802728	0.0518982020551073	0.960224561962078
4330	2.04861625545802	0.525504133152399	1.11169589986782	0.472704930561388	0.636423708435507	0.960357823831468
4331	5.68559626938421	1.17905054277316	0.997174626175847	1.18239124003265	0.237050497433497	0.960224561962078
4332	6.80874814391402	0.392747783575394	0.87938995669227	0.446613906136332	0.655153853271771	0.960357823831468
4333	8.36709038204397	0.792353557156673	1.04673494263442	0.756976312611176	0.449064053853725	0.960224561962078
4334	0.512276813444899	0.0357378336801164	0.90502977612536	0.0394880197567844	0.968501304917358	0.994400445557826
4335	0.373757269497416	0.0352940451962592	0.902733472703719	0.0390968611040335	0.968813163533667	0.994400445557826
4336	0.29076829270932	-0.121551770734376	0.898360235471129	-0.135304041669466	0.892371489675679	0.983764860221564
4337	1.59174725959211	0.51499291667425	1.00466498732686	0.512601636536084	0.608230008202287	0.960224561962078
4338	2.79613079445285	0.755672075639938	1.14577850936114	0.65952718563493	0.509557294709531	0.960224561962078
4339	5.86169852709885	2.27907720251788	1.11917227561832	2.03639533623967	0.0417106733832175	0.960224561962078
4340	0.539735223073607	0.236523367737852	0.907085870084559	0.26075080159258	0.794284686798392	0.967651531145028
4341	3.38372098956983	0.680432930945624	1.15893836932581	0.587117442096127	0.557124834021287	0.960224561962078
4342	4.20093489506924	1.98095589653691	1.08624768448032	1.82366869438681	0.0682021743953329	0.960224561962078
4343	22.4505581635481	2.52615660676375	0.96903467357967	2.60687948082599	0.00913715142444503	0.960224561962078
4344	1.94450470060744	0.835631612320799	1.15568188001607	0.723063696654291	0.469640751708947	0.960224561962078
4345	1.47288778057693	0.765699324498442	1.08616913076424	0.70495404703657	0.480838833988664	0.960224561962078
4346	5.08536796358547	1.05637615259952	1.09045701900927	0.968746254262536	0.332671808334089	0.960224561962078
4347	1.95443388038316	0.908741626894306	1.11696470265225	0.813581328699541	0.415884837765546	0.960224561962078
4348	1.37076645988521	0.543177815011249	1.0624305700696	0.511259587509483	0.609169298854952	0.960224561962078
4349	9.07148481674045	1.1847812907679	0.815353773747348	1.45308862105669	0.146199149999341	0.960224561962078
4350	2.10259828261393	1.29577779437187	1.16194656191561	1.1151784745037	0.264773948369659	0.960224561962078
4351	3.55378119005254	1.53804887999187	1.14075564909918	1.34827198200283	0.177570920184927	0.960224561962078
4352	9.9012245145709	0.498305081338606	0.823642351217758	0.605001771220069	0.545177819821865	0.960224561962078
4353	9.47462883707764	0.830114829505863	1.05259236755653	0.788638465461117	0.430323342332048	0.960224561962078
4354	7.59675262220119	1.6558140235289	0.953442981329968	1.73666811330363	0.0824457691895518	0.960224561962078
4355	0.512276813444899	0.0357378336801164	0.90502977612536	0.0394880197567844	0.968501304917358	0.994400445557826
4356	0.691983971835444	0.285542714746565	0.910358685248223	0.313659571082917	0.75377960979158	0.963432919274349
4357	4.48876450942723	0.458740058645397	1.11899162062361	0.409958439536609	0.681836435036094	0.960357823831468
4358	6.45537905462127	1.36599681150342	1.00099980739122	1.36463244190171	0.172368602914322	0.960224561962078
4359	3.93702384554575	0.452577628787367	1.05993448209061	0.426986418910257	0.66938921968438	0.960357823831468
4360	0.748042260023509	0.148259417130081	0.975408982369132	0.151997182525406	0.879189157851779	0.983764860221564
4361	3.66725538131851	0.590001508210221	1.08616477271058	0.543197057236393	0.586994132514607	0.960224561962078
4362	7.98571209147769	0.936472573995058	0.930839942650139	1.00605112768247	0.314390976345372	0.960224561962078
4363	0.456746246285511	0.148193063220713	0.905331369308411	0.16368930564498	0.869975736847993	0.983764860221564
4364	2.00232557513363	0.564586965212737	1.16142607357085	0.486115283667511	0.62688543126143	0.960357823831468
4365	2.52947306232353	0.316459877623072	1.14703926906405	0.27589280171837	0.782630402827744	0.967651531145028
4366	3.65000837333341	1.42108109673338	1.11766484321031	1.27147338074226	0.203560291528727	0.960224561962078
4367	10.6202954770375	0.0530354145960817	0.850315188908507	0.0623714774096412	0.950267008452778	0.994400445557826
4368	3.60510676072501	1.07342933508369	1.15864255488981	0.926454263701522	0.35420995514727	0.960224561962078
4369	3.15089632096709	1.39656401141034	1.16220977111127	1.20164538805674	0.229500948349337	0.960224561962078
4370	7.27570789146769	0.818816556550304	0.936466162753537	0.874368545407661	0.381917581373948	0.960224561962078
4371	4.7357967997068	1.09264431204674	1.13217658857616	0.965082941187519	0.334503270491648	0.960224561962078
4372	5.63765210021113	0.775862620193127	0.963081473904395	0.805604345235434	0.420471019358774	0.960224561962078
4373	1.85444339477075	0.720106409241485	1.03943355160067	0.692787343772541	0.488443015900156	0.960224561962078
4374	10.4875200673434	1.70549555041605	1.00513770887834	1.69677799902589	0.0897386397329384	0.960224561962078
4375	5.44937337693471	1.30936184529955	0.998742426601992	1.31101053727574	0.189854203611472	0.960224561962078
4376	1.77464069511932	1.16872434044058	1.14619875748623	1.01965242311355	0.30789333313752	0.960224561962078
4377	1.34621210552528	-0.0204788188433812	1.15281959868411	-0.0177641140615208	0.98582703307032	0.996499774016602
4378	7.17807276910378	1.47370342934953	0.930594286842068	1.58361538447704	0.11328127079498	0.960224561962078
4379	6.30053572603559	-0.0386605260585692	0.894286955588514	-0.0432305601876161	0.965517744346483	0.994400445557826
4380	4.98409018884588	0.679891737350852	1.01374940855815	0.670670415796204	0.502430513366673	0.960224561962078
4381	1.04792768998744	0.466320956699592	1.09567800981491	0.425600361166661	0.670399077068059	0.960357823831468
4382	0.360028064683062	-0.112685141446388	0.90035932963082	-0.125155743643589	0.90040025313318	0.983764860221564
4383	1.19118205107506	-0.0250901999190622	1.10128464038972	-0.0227826658058023	0.981823635119831	0.995211431634863
4384	1.01666925532009	0.625220641196187	1.09922851238401	0.568781317216933	0.569504554966131	0.960224561962078
4385	2.48334185428664	1.36717900685536	1.15637054383466	1.18230182716488	0.237085960848131	0.960224561962078
4386	2.41049083372795	0.810426477161881	1.15170972441716	0.703672513985249	0.481636741229317	0.960224561962078
4387	7.06646606241628	0.967284045401997	0.895980043305459	1.07958213202326	0.280328301701121	0.960224561962078
4388	11.2422443570851	0.603411778384392	0.819199073649713	0.736587476467789	0.461373253113304	0.960224561962078
4389	4.04097592810883	0.790744683478685	1.11176997778583	0.711248459014435	0.476930284289918	0.960224561962078
4390	2.50916252678216	0.683760953682319	1.16194306695283	0.588463387862425	0.556221301568029	0.960224561962078
4391	18.9564652999267	1.14583807757617	0.960474906349815	1.19299116510061	0.232872833154832	0.960224561962078
4392	5.38231261557352	0.502877611356356	1.01903867687695	0.493482360156856	0.621671800814947	0.960357823831468
4393	0.874963434235947	0.360398161602243	0.994634285293763	0.362342387479434	0.717096186479755	0.962423898398307
4394	1.38989880378883	0.696966317076605	1.07637635147987	0.647511733343429	0.517300803147376	0.960224561962078
4395	1.30437402047314	0.12616139928822	1.10916148256607	0.113744843533822	0.909440063179954	0.983764860221564
4396	0.9013464508427	0.0348370112306936	1.01099531064083	0.0344581333504029	0.972511827252908	0.994400445557826
4397	5.72192524647487	2.22054710262947	1.09499781642223	2.02790094128666	0.042570359064097	0.960224561962078
4398	3.00403285995447	0.497094101145774	1.15420088694962	0.430682480637768	0.666699259088921	0.960357823831468
4399	4.45366722738961	1.30646888456491	1.10504496961638	1.18227666790652	0.237095940324985	0.960224561962078
4400	2.29031256215457	0.811630318197426	1.16112852457433	0.699001274208612	0.484551234527732	0.960224561962078
4401	6.1690633571842	1.80434664500042	1.10323447452511	1.63550603853011	0.101943009862214	0.960224561962078
4402	6.56218061840597	0.581813633156436	0.995048458024272	0.584708843538798	0.558743506652654	0.960224561962078
4403	3.4500767062748	1.1912875197923	1.1613212035253	1.02580364172808	0.304984149175085	0.960224561962078
4404	5.45741932041646	1.54933217459533	1.12918967613728	1.37207433554943	0.170040297993012	0.960224561962078
4405	11.3292946097882	-0.176239921100972	0.909968991102379	-0.193676842644348	0.846428925387846	0.973500902720151
4406	3.98850888850571	1.39115422551437	1.09986256142074	1.26484369439519	0.205927364640429	0.960224561962078
4407	4.21087982656046	1.66165130665153	1.08581018004075	1.53033314403919	0.125934288270491	0.960224561962078
4408	0.373757269497416	0.0352940451962592	0.902733472703719	0.0390968611040335	0.968813163533667	0.994400445557826
4409	1.26310037915679	0.259035593240264	1.14635725938001	0.225964105971954	0.821229337601914	0.968174360513242
4410	1.04159185842121	0.1571580213499	1.13389618796243	0.138600008553082	0.889766236551273	0.983764860221564
4411	5.65369886596933	0.41592613355652	0.989617624999762	0.420289739238041	0.674273804720653	0.960357823831468
4412	4.01596729813442	1.49324854080826	1.09754007416299	1.36054124670304	0.173658709633033	0.960224561962078
4413	0.747637288575226	-0.110354094117348	0.969451821673596	-0.113831437158827	0.909371417309608	0.983764860221564
4414	3.36068162276268	1.01984422313118	1.0878541090586	0.937482530643492	0.348510405666107	0.960224561962078
4415	1.79952657551334	0.533037822031517	1.03160180667637	0.516708887655857	0.605359390916871	0.960224561962078
4416	4.85372148662048	1.47614213395488	1.07771668785505	1.3696940490852	0.170782427112203	0.960224561962078
4417	2.24863184976538	1.06424517248422	1.16213677943606	0.915765847287489	0.35978972000708	0.960224561962078
4418	4.49043584961597	1.39178416259744	1.10688722837124	1.25738569108383	0.208614008039198	0.960224561962078
4419	1.90997396193014	0.680074392238998	1.0451220984995	0.650712862368322	0.51523185863355	0.960224561962078
4420	4.45754069784244	0.79687602966047	1.02760888334477	0.775466271823882	0.438064188076181	0.960224561962078
4421	1.01372847734422	-0.329470978207607	1.08971928035997	-0.302344818657124	0.762389215663175	0.964051532619563
4422	1.26003685160052	-0.206113842613273	1.04585044880409	-0.197077739794403	0.843766702874281	0.972979893844747
4423	1.41788493444622	0.962250784547362	1.13501995588292	0.847783142102414	0.396558753168131	0.960224561962078
4424	9.01162333325734	1.61570605836713	0.993122692460236	1.6268947136477	0.103759460920013	0.960224561962078
4425	19.2472084223953	0.365702424250234	0.892962027848124	0.409538606172886	0.682144441138186	0.960357823831468
4426	5.4162317059734	1.44396988600597	1.12967499146595	1.27821709510642	0.201172890096698	0.960224561962078
4427	0.691983971835444	0.285542714746565	0.910358685248223	0.313659571082917	0.75377960979158	0.963432919274349
4428	0.747514538994832	0.198709555926464	0.910993435535162	0.218124026118511	0.827332477942099	0.968174360513242
4429	2.49277476585982	0.36036521248046	1.16004989750917	0.310646303451454	0.756069522411396	0.963432919274349
4430	1.4285506117043	0.456444717379342	1.12165718103376	0.406937810498092	0.684053664651928	0.960357823831468
4431	5.18548119877827	0.717140977746049	1.05247581060264	0.681384760126144	0.495628063406525	0.960224561962078
4432	3.41987371366481	1.16912238955957	1.16121782470729	1.00680713358346	0.31402746590009	0.960224561962078
4433	1.1350010133066	0.341220055904935	0.932556982011614	0.365897272216965	0.714441731891425	0.962423898398307
4434	1.61920566922082	0.611223055340493	1.00932522981773	0.605575920707812	0.544796396004224	0.960224561962078
4435	3.5329796561896	1.61164412007761	1.15847607720202	1.3911760042297	0.164172061823575	0.960224561962078
4436	2.99030365514011	0.44895351631277	1.15387708162783	0.389082618470425	0.69721503089598	0.960357823831468
4437	2.68438036719336	0.589980014598471	1.13671152071075	0.519023519907299	0.603744339809292	0.960224561962078
4438	6.75244645618971	0.683581453000596	0.94569225971009	0.722837102642834	0.469779969552564	0.960224561962078
4439	6.79176238680521	0.391879427751918	1.00955692314086	0.388169719576318	0.697890440010202	0.960357823831468
4440	1.01082442207544	0.100768024028043	0.913702417380239	0.110285386260622	0.912183046637858	0.98411628791531
4441	1.25190698087003	0.800113596983124	1.12254007747814	0.712770628894274	0.47598770319988	0.960224561962078
4442	0.584195141526627	0.3110854089039	0.954375504343339	0.325957034194777	0.744456862999075	0.963432919274349
4443	4.21087982656046	1.66165130665153	1.08581018004075	1.53033314403919	0.125934288270491	0.960224561962078
4444	9.3454582774546	1.22130799604028	0.844401408876443	1.44635949585321	0.14807639627055	0.960224561962078
4445	0.96902305973041	0.236150609032256	0.914535535958025	0.258219172188729	0.79623776227503	0.967651531145028
4446	5.75668680322932	1.46417633009415	0.962870079584278	1.52063747865788	0.128350836198206	0.960224561962078
4447	8.60862516743335	0.773936356577919	1.04668023079004	0.739420057636657	0.459651966426626	0.960224561962078
4448	7.59675262220119	1.6558140235289	0.953442981329968	1.73666811330363	0.0824457691895518	0.960224561962078
4449	0.512276813444899	0.0357378336801164	0.90502977612536	0.0394880197567844	0.968501304917358	0.994400445557826
4450	0.512276813444899	0.0357378336801164	0.90502977612536	0.0394880197567844	0.968501304917358	0.994400445557826
4451	0.96902305973041	0.236150609032256	0.914535535958025	0.258219172188729	0.79623776227503	0.967651531145028
4452	4.5850777195814	0.626015137802309	1.0148193019452	0.616873503097911	0.537318165152369	0.960224561962078
4453	0.792097207028245	-0.0808531290385752	1.05890601869693	-0.0763553399555434	0.939136399383652	0.994400445557826
4454	2.85301687687753	0.885798000339969	1.12350050555932	0.788426881836591	0.430447051954639	0.960224561962078
4455	27.5919088702828	0.836759257921816	1.02274491427936	0.818150495044417	0.4132712588015	0.960224561962078
4456	3.10206983411511	0.790231302290609	1.13044588675498	0.699043900773542	0.484524595695563	0.960224561962078
4457	0.304497497523674	0.038426170544167	0.901003266920888	0.0426482033472371	0.965981969707258	0.994400445557826
4458	0.67825476702109	0.2105483614314	0.909708055700274	0.231446077796161	0.816968271833659	0.967651531145028
4459	7.55999770267065	1.95210555263907	1.01068119434309	1.93147509181455	0.0534243267125186	0.960224561962078
4460	3.63291565694593	0.494018054596534	1.05058664946853	0.470230660980176	0.638190230611745	0.960357823831468
4461	2.24319408759357	0.502311634737176	1.15498630177308	0.434907006226872	0.663629928876448	0.960357823831468
4462	1.0245536268898	0.167793507377958	0.914590668681628	0.183462955750281	0.854434782447205	0.977390919310389
4463	2.20323923883541	0.735523881386315	1.15578982617374	0.636382034804092	0.524527447437772	0.960224561962078
4464	17.5818453115875	0.964498679786188	0.851321964744792	1.13294231762871	0.257238477424087	0.960224561962078
4465	0.857961925411636	0.380230255371082	0.913512879598348	0.416228674891	0.677242678826339	0.960357823831468
4466	2.21038711292275	1.32624758115889	1.16188818118562	1.14145887929211	0.253679014634394	0.960224561962078
4467	9.73003752624118	0.268775212527235	0.843540416378247	0.318627545650066	0.750008962913993	0.963432919274349
4468	117.542736299355	0.787839628272621	1.14979460069938	0.685200319947062	0.493217521999831	0.960224561962078
4469	1.55092789389023	-0.376185292612218	1.0830027609766	-0.347353955287236	0.728325420628514	0.963432919274349
4470	3.72077786297899	-0.00949522187504314	1.07371826292755	-0.00884330853156387	0.992944152622408	1
4471	7.23258563693991	1.16246101733807	0.936022855099922	1.24191520645506	0.214267848924971	0.960224561962078
4472	3.02029787129641	1.04933569681633	1.16315809868854	0.902143653557892	0.366980562128862	0.960224561962078
4473	1.5642888499634	0.415579260547429	1.00072111144859	0.415279797531059	0.677937088700737	0.960357823831468
4474	0.803167855734613	-0.219237162347068	0.978040087620756	-0.224159689487165	0.822633048472903	0.968174360513242
4475	0.443017041471157	0.0347942256023289	0.904019491135855	0.0384883577660607	0.969298313764208	0.994400445557826
4476	9.32101092095955	0.779645652705188	0.812726384421029	0.959296594339795	0.337409350567279	0.960224561962078
4477	1.64829654610175	-0.659578404211959	1.14294147486796	-0.577088520029562	0.563879659002561	0.960224561962078
4478	2.76867238482414	0.661059849006657	1.14487854293155	0.577406095247417	0.563665157634904	0.960224561962078
4479	1.77590491363036	0.362029361855712	1.16253787587305	0.31141296070361	0.755486702206375	0.963432919274349
4480	1.74992686847189	0.782160017423125	1.11027226000666	0.704475871007022	0.481136471393447	0.960224561962078
4481	0.691983971835444	0.285542714746565	0.910358685248223	0.313659571082917	0.75377960979158	0.963432919274349
4482	4.58381140144581	1.30075398617251	1.0511582255213	1.23744832565757	0.215920687254827	0.960224561962078
4483	0.512276813444899	0.0357378336801164	0.90502977612536	0.0394880197567844	0.968501304917358	0.994400445557826
4484	1.50928600383269	0.551825175465273	1.07782094216698	0.511982235524037	0.608663442413656	0.960224561962078
4485	0.304497497523674	0.038426170544167	0.901003266920888	0.0426482033472371	0.965981969707258	0.994400445557826
4486	0.539735223073607	0.236523367737852	0.907085870084559	0.26075080159258	0.794284686798392	0.967651531145028
4487	0.803045106154219	0.114431904023439	0.911094392669132	0.125598296887988	0.900049911166811	0.983764860221564
4488	1.0163870334522	-0.0612138893673796	1.10076761163262	-0.0556101839484443	0.955652351443477	0.994400445557826
4489	2.81776012255241	0.678302475744065	1.13300253451937	0.59867692708367	0.549388346219837	0.960224561962078
4490	3.00718241438403	0.74148751745591	1.16319711809766	0.637456460233127	0.523827561855426	0.960224561962078
4491	0.304497497523674	0.038426170544167	0.901003266920888	0.0426482033472371	0.965981969707258	0.994400445557826
4492	0.96902305973041	0.236150609032256	0.914535535958025	0.258219172188729	0.79623776227503	0.967651531145028
4493	8.5839501125127	0.211422824457154	0.960085153316043	0.22021257565219	0.825705603059996	0.968174360513242
4494	0.913615242151417	0.0670302754937208	0.993162111043235	0.0674917767687603	0.94619020828794	0.994400445557826
4495	5.54623005983306	0.811311753154849	0.987267259429963	0.821775203629554	0.411204848752979	0.960224561962078
4496	25.3887221744063	0.553481432974199	1.05027090685039	0.526989207607404	0.598201083118748	0.960224561962078
4497	1.27352055725408	0.346112294656963	0.956204772268431	0.361964617511656	0.717378471288689	0.962423898398307
4498	2.25808261267862	-0.231616023125114	1.15985624059962	-0.199693733600444	0.841720114930003	0.97257593634364
4499	43.7887979843219	1.28740321440317	1.10714868590293	1.16280968472923	0.244906726927382	0.960224561962078
4500	0	NA	NA	NA	NA	NA
4501	11.897848046196	0.948373821662242	0.762310821057652	1.24407760648923	0.21347100189263	0.960224561962078
4502	1.65217001655459	0.260494310931569	1.16108892931954	0.224353453343349	0.822482286339028	0.968174360513242
4503	2.0479269625173	0.0893842632837396	1.16232889352804	0.0769010077796738	0.938702295830922	0.994400445557826
4504	0.637067152578028	-0.0798172890353144	0.904917330368194	-0.0882039567115354	0.929714572575651	0.991437074641558
4505	3.61617740943138	0.966637489653119	1.16188961640123	0.831952946310965	0.40543550448526	0.960224561962078
4506	3.67093265677675	0.737456895100397	1.08554523873828	0.679342388307589	0.496920944386574	0.960224561962078
4507	7.58258172323146	1.51663566444146	0.988041140041275	1.5349924238763	0.124785689019018	0.960224561962078
4508	1.28790023267751	0.175693848329825	1.10837945289229	0.158514169377064	0.874051656269914	0.983764860221564
4509	7.08744282028222	0.45588848159893	0.981792690523703	0.464342916788016	0.64240208061417	0.960357823831468
4510	7.08881930653911	1.28476543085388	0.890248650566291	1.44315347182681	0.148977243144161	0.960224561962078
4511	2.46222137584871	0.968770959459234	1.15471467632657	0.838969989141501	0.401486150664678	0.960224561962078
4512	7.73204496705582	0.399106960378262	0.849059981313053	0.470057439005724	0.638313980784057	0.960357823831468
4513	8.3771738148311	1.49167099260512	0.893505422645386	1.66945936174484	0.095026377690876	0.960224561962078
4514	3.48851455704669	0.203349488793799	1.14669967759192	0.177334565246268	0.859245601890118	0.979696296216074
4515	3.54880087375161	0.960146561108334	1.08095901346342	0.888235861998133	0.374413891986265	0.960224561962078
4516	9.54581061707213	1.04581364853396	0.849717714497224	1.2307777402908	0.218406003082752	0.960224561962078
4517	5.1042548083283	2.11419487653054	1.10717094626884	1.90954692557221	0.0561915743127533	0.960224561962078
4518	4.05959732272627	0.419746200463288	1.03618961668848	0.405086283150317	0.685414088805629	0.960357823831468
4519	1.32905112441347	0.295210207173674	0.965591361401119	0.305729958836117	0.759810260956283	0.963432919274349
4520	2.98109839138767	1.29529427851599	1.15580911332893	1.12068183541599	0.26242331684151	0.960224561962078
4521	0.0829889767880956	-0.0973527583078988	0.89331597051287	-0.108979086371877	0.91321907818246	0.98411628791531
4522	10.7062430831415	1.66285623230382	0.884778200782025	1.87940461330769	0.0601892668924761	0.960224561962078
4523	5.59753777916548	1.33689193467269	0.972449544720507	1.37476740251539	0.169203567160622	0.960224561962078
4524	3.37463847539777	1.06767033849815	1.11079030317707	0.961180823639177	0.336461256614893	0.960224561962078
4525	4.56175613090636	1.24475287303639	1.05813791987344	1.17636165348395	0.239450388339829	0.960224561962078
4526	0.152248748761837	-0.114865815914843	0.895500273327854	-0.128269995371391	0.897935309151685	0.983764860221564
4527	0.138519543947483	0	0.892992221742464	0	1	1
4528	5.93424635479805	2.03373805151119	1.00558782148114	2.02243703440608	0.0431312223334856	0.960224561962078
4529	2.90463836009506	0.493212216155484	1.15547271994642	0.426848862497034	0.669489414196881	0.960357823831468
4530	2.82371195366195	0.589430799902284	1.1500694408226	0.512517574139427	0.60828882393093	0.960224561962078
4531	9.89641206905566	2.82054769631177	1.08594846026165	2.59731267138792	0.00939563539863148	0.960224561962078
4532	2.71580037377274	0.946672119031882	1.16199236917786	0.814697363031464	0.415245563163995	0.960224561962078
4533	0.304497497523674	0.038426170544167	0.901003266920888	0.0426482033472371	0.965981969707258	0.994400445557826
4534	3.54283329092657	1.13265950683962	1.11705375449489	1.01397045780647	0.310596849055918	0.960224561962078
4535	7.75026348984953	1.76420943750275	0.918131429427114	1.92152166994605	0.0546659731020022	0.960224561962078
4536	13.3336891433415	1.37762702942054	0.90422393679169	1.52354629574234	0.127622087440932	0.960224561962078
4537	10.0697466731729	1.58858301182236	1.15908115018285	1.37055374558697	0.170514110318256	0.960224561962078
4538	25.3178214903468	1.7249670610131	1.04002661367421	1.65857973087739	0.0972005089412745	0.960224561962078
4539	2.10259828261393	1.29577779437187	1.16194656191561	1.1151784745037	0.264773948369659	0.960224561962078
4540	1.37428426305596	-0.410765813891864	1.15249527889185	-0.356414313720073	0.721530311485003	0.963432919274349
4541	3.98458611388668	1.96475950488113	1.13786906386458	1.72670087207411	0.0842213989742292	0.960224561962078
4542	0.753568148693169	-0.112565171683472	0.964374523786853	-0.116723502028503	0.907079165652733	0.983764860221564
4543	1.93816886904121	0.353424310948319	1.10371363684557	0.320213775702193	0.748806281063655	0.963432919274349
4544	11.502027034758	2.35096928938813	0.962541280631122	2.4424607408491	0.0145875161276468	0.960224561962078
4545	3.48427591891801	0.567191494574176	1.10067417396725	0.515312803724466	0.60633445324537	0.960224561962078
4546	4.50888411985496	1.40750852570076	1.04915738993299	1.34156089372888	0.17973841313573	0.960224561962078
4547	11.9846002271588	0.655389044815783	0.953165155609269	0.687592324330042	0.491709543165065	0.960224561962078
4548	14.4529665094601	1.49948593843852	0.92035509096933	1.62924718204062	0.103260702446181	0.960224561962078
4549	6.25949608201848	1.75955146819646	0.939983932296592	1.87189526090886	0.0612210953714379	0.960224561962078
4550	2.57829954917551	1.09188899521148	1.16185514767225	0.939780658026995	0.347330082115342	0.960224561962078
4551	3.38308729070326	0.606613005649725	1.12357120664022	0.539897250894906	0.589267893879246	0.960224561962078
4552	2.45428243023185	0.321792605633554	1.15793804178187	0.277901402339601	0.781088047377823	0.967651531145028
4553	2.48255078275712	1.18078096450326	1.16178582382752	1.01634995046949	0.309462770095712	0.960224561962078
4554	5.24661110002152	1.68294790093078	1.05254046388938	1.59893890892507	0.109834177503181	0.960224561962078
4555	3.1461436524869	1.04018532721555	1.14809054444693	0.906013321202496	0.364928801636993	0.960224561962078
4556	1.90662611288144	0.243709926891896	1.1633712509498	0.209485945860297	0.834068905579157	0.971150936719616
4557	12.0271412662083	0.29291119069487	0.908500047436833	0.322411860650163	0.747140700072264	0.963432919274349
4558	10.6768699843927	1.18007481746472	0.846995731240298	1.39324765632133	0.163544913166727	0.960224561962078
4559	2.81100146819785	0.585870021889619	1.16261790967252	0.503923100629547	0.614315416615814	0.960224561962078
4560	4.54037020234304	1.44754186241537	1.07256675573509	1.34960537856993	0.177142597990915	0.960224561962078
4561	3.60084509056639	0.694697806822214	1.1581066853405	0.599856486121535	0.548601884328162	0.960224561962078
4562	2.77553593741905	1.24592441392553	1.15850701145692	1.07545694726411	0.282170197545295	0.960224561962078
4563	5.23219470189099	0.622853180214549	1.02068777677244	0.610228900931975	0.541710187454948	0.960224561962078
4564	12.0681767272645	1.79935001147947	0.975973166880702	1.84364701053243	0.0652346001544295	0.960224561962078
4565	2.88994282116198	0.629724842998473	1.12299570077941	0.560754455748509	0.574964938529767	0.960224561962078
4566	1.52787067574304	0.265805423277084	1.14252472623456	0.232647414251685	0.816035206080559	0.967651531145028
4567	21.5635578446438	1.38213490384109	0.958645144400365	1.44175862352656	0.149370479149148	0.960224561962078
4568	2.26922670679919	0.940991369645133	1.15174415916721	0.817014231984934	0.413920294881172	0.960224561962078
4569	4.09318278746752	1.5770939625427	1.05691389883986	1.49216881741627	0.135654894758627	0.960224561962078
4570	18.7461900927394	-0.0325415578154534	0.885542393355581	-0.0367476001822384	0.970686254795573	0.994400445557826
4571	2.88295441936213	1.40472223421058	1.14194988591075	1.23010847633673	0.218656486336764	0.960224561962078
4572	2.30763301555387	1.42558647569264	1.16056547859103	1.22835505793551	0.219313710976759	0.960224561962078
4573	8.01042591812512	1.04289950928965	0.925607282972258	1.1267192128618	0.259861216591502	0.960224561962078
4574	1.5264102622374	0.141803275645953	1.1552329495949	0.122748641904369	0.902306144412953	0.983764860221564
4575	1.06639171194193	0.0834136097730555	1.08801740954993	0.0766656939869742	0.938889496420801	0.994400445557826
4576	2.55934452889944	1.5340386604659	1.15699725430325	1.32587925750067	0.184879694637973	0.960224561962078
4577	7.74165202303445	0.432283823752292	0.899254318649119	0.480713647727239	0.630720030017451	0.960357823831468
4578	3.05299784810235	0.806353798111106	1.11765581233295	0.721468800334835	0.470621129834289	0.960224561962078
4579	1.62247797323078	0.653096868922896	1.0892625171079	0.599577107139365	0.548788107861878	0.960224561962078
4580	1.07947044614721	0.394607919201761	0.923635266573388	0.427233490840735	0.669209270104614	0.960357823831468
4581	1.95835665500219	0.49605978936747	1.16321482746398	0.426455868387587	0.669775699004084	0.960357823831468
4582	11.9172111189856	2.00986379819957	0.851143414056681	2.36136914767425	0.0182075962428278	0.960224561962078
4583	11.7623384371984	1.11112000540157	0.884436297760782	1.25630303529457	0.209006121863091	0.960224561962078
4584	1.38461841427996	0.341561967584702	1.11539986171201	0.306223785128004	0.759434263817198	0.963432919274349
4585	1.05528434052846	0.185356467022048	1.01752831054791	0.182163449508583	0.855454456096121	0.977390919310389
4586	2.00730589143456	0.55441183885962	1.05542780408287	0.525295843746871	0.599377546240448	0.960224561962078
4587	1.45662276923498	0.216935386726017	1.12063428485805	0.19358267871797	0.846502662008653	0.973500902720151
4588	3.50277666357961	1.45133175936059	1.16254892739281	1.24840488444251	0.211882821181822	0.960224561962078
4589	5.36626375019077	1.03957335182969	1.08334633626696	0.959594653185324	0.337259261090245	0.960224561962078
4590	1.30477899192143	0.46972698956329	1.11756726037669	0.420312052989959	0.674257506019969	0.960357823831468
4591	4.17143377685906	0.572471155610611	1.12249860227062	0.509997210199285	0.610053416285496	0.960224561962078
4592	2.39532008677501	0.871673640099262	1.13987045771875	0.764712897151279	0.44444252460265	0.960224561962078
4593	3.79947581640687	1.78624623061273	1.141647392797	1.56462165278237	0.117671648758916	0.960224561962078
4594	7.19769713135597	0.407847104555005	0.875771298730219	0.465700468999546	0.641429916616276	0.960357823831468
4595	2.05974147821154	1.26263544955245	1.14196920406348	1.10566506089621	0.2688715180475	0.960224561962078
4596	5.93095829907259	2.27636158071247	1.11882391217418	2.03460218890824	0.0418909169532129	0.960224561962078
4597	0.540262944102284	0.159002807215453	0.943610743335444	0.168504659721672	0.866186278159063	0.982876974843964
4598	4.30615646602432	2.4101267546888	1.07547389022974	2.24099048483079	0.0250266913620795	0.960224561962078
4599	5.5833721500767	1.75038973747154	0.967555789308363	1.80908404126523	0.070437947977693	0.960224561962078
4600	2.44680303011043	0.90869238619602	1.14703794184813	0.792207784105131	0.428239530534299	0.960224561962078
4601	6.52912604494981	2.59945996415696	1.04518483048926	2.48708160349028	0.0128795852098669	0.960224561962078
4602	6.1636077942772	2.93479110491601	1.0268419459671	2.85807481515762	0.00426219886227399	0.960224561962078
4603	2.7719814115412	0.587053186396903	1.15760055983135	0.507129321432284	0.612064082733804	0.960224561962078
4604	3.29018908510404	0.717650567612435	1.13346232897241	0.633149024249491	0.526636330624491	0.960224561962078
4605	0.874963434235947	0.360398161602243	0.994634285293763	0.362342387479434	0.717096186479755	0.962423898398307
4606	0.996481469359119	0.348417823846492	0.915382573889445	0.380625362318261	0.70348125903375	0.960357823831468
4607	3.76515385418326	0.454133239695565	0.977481016233963	0.464595457255271	0.642221186051534	0.960357823831468
4608	0.733908083760872	-0.221206840694705	0.968238949583832	-0.228463067706359	0.819286264616521	0.968174360513242
4609	2.10520226467476	0.443853819260592	1.15625869518702	0.383870686644914	0.701074293623373	0.960357823831468
4610	3.85132910810802	1.34557395991129	1.14509608843894	1.17507515176796	0.239964650800061	0.960224561962078
4611	3.0574871660817	1.15581946033765	1.14069157139733	1.01326203271738	0.310935017465107	0.960224561962078
4612	8.65953523421813	1.77854097599379	1.05257969412411	1.68969721335331	0.0910858966667767	0.960224561962078
4613	1.17680237565163	0.231604821637472	0.940194037514769	0.246337258476641	0.805421170280194	0.967651531145028
4614	4.59565317071709	0.941714102765289	1.01785960625551	0.925190563588293	0.354866791143047	0.960224561962078
4615	1.57863180267973	0.186159149368057	1.0059698833686	0.185054396205861	0.853186370291258	0.977390919310389
4616	8.98464544011566	2.32840404030178	1.06972964206636	2.1766285131672	0.0295082959728383	0.960224561962078
4617	2.92092113358598	0.716204853918945	1.14912123140962	0.623263093869026	0.533111646100461	0.960224561962078
4618	2.98291028189199	0.81506933253861	1.15162999249248	0.707752783317628	0.479098792603772	0.960224561962078
4619	2.51618555166456	0.488562607193075	1.14202528023686	0.427803670941282	0.668794064078887	0.960357823831468
4620	3.96774197772532	2.2561588148891	1.09036797107013	2.06917194447194	0.0385299544257801	0.960224561962078
4621	3.61596863297769	1.65750269311841	1.15775905127984	1.43164736331462	0.152244767490022	0.960224561962078
4622	1.52301520864705	0.615486423976367	1.07903839107482	0.570402711402404	0.568404590990963	0.960224561962078
4623	2.67330971848699	0.695515476617476	1.13405543801742	0.613299362007727	0.53967841516148	0.960224561962078
4624	2.28712628501791	0.598862240886591	1.15564400217309	0.518206506294742	0.604314195763784	0.960224561962078
4625	2.61908219217029	0.840575195311274	1.16107129339364	0.723965186370595	0.46908710836666	0.960224561962078
4626	8.74126627508063	0.326811676929192	0.819268121137075	0.398906863940471	0.689961831409873	0.960357823831468
4627	1.87577264966238	0.784877431912376	1.15794881060843	0.677817037093354	0.497887707358764	0.960224561962078
4628	11.6133496978057	-0.86962435884833	0.753953819566816	-1.15341859975983	0.248738610779878	0.960224561962078
4629	4.02163480775152	1.34186574210686	1.11143105850843	1.20733151357826	0.227304498989807	0.960224561962078
4630	6.46628813141559	0.914535091365125	0.917577124498785	0.996684711233051	0.318917573041911	0.960224561962078
4631	8.00831503401041	2.65424645801131	1.08378103273349	2.44906155196019	0.0143228969531937	0.960224561962078
4632	17.2822368842154	1.02671477311944	0.862946140274353	1.18977851015479	0.234133458108879	0.960224561962078
4633	3.01237677701961	1.38505492246546	1.16153697177617	1.19243291958886	0.233091538746629	0.960224561962078
4634	9.36223315848517	2.47700032558835	0.93468594761948	2.65008833383762	0.0080470728234316	0.960224561962078
4635	23.8532534796743	1.70337450749928	0.956406536719818	1.78101512495025	0.0749099798938633	0.960224561962078
4636	0.138519543947483	0	0.892992221742464	0	1	1
4637	0.443017041471157	0.0347942256023289	0.904019491135855	0.0384883577660607	0.969298313764208	0.994400445557826
4638	0.831153986391999	-0.140865419873128	1.06326940249227	-0.132483281793818	0.894602045657381	0.983764860221564
4639	2.12445735815877	0.283474713095169	1.16227549446126	0.243896317565025	0.807311121234469	0.967651531145028
4640	1.33816826166808	0.670536392643809	1.1277622493401	0.594572475746702	0.55212928300627	0.960224561962078
4641	3.99716648026488	0.364398522326912	1.08944423048031	0.334481116271786	0.738016538194813	0.963432919274349
4642	4.92163939541988	0.231673436998625	1.03446809834734	0.223954162886942	0.822792970019247	0.968174360513242
4643	2.24704868667935	1.29893477540546	1.16166565927199	1.118165769159	0.263496201069612	0.960224561962078
4644	2.91096050098412	1.87969256768613	1.1442557115739	1.64272072114077	0.10044072953702	0.960224561962078
4645	2.48214581130884	0.794130761607858	1.15709858234293	0.686312103157085	0.492516318369728	0.960224561962078
4646	15.9711577038373	1.41650302304459	0.836262978309668	1.69384877698133	0.0902940226011559	0.960224561962078
4647	4.13019685824981	0.547779247421674	1.09736315399101	0.499177729295402	0.617654182432436	0.960357823831468
4648	4.29761635396459	0.379454330153134	1.00525474284906	0.377470818071145	0.705823746996194	0.960888248412834
4649	34.8180800658406	1.2528307782053	0.895703477341085	1.39871152663643	0.161899506273441	0.960224561962078
4650	2.95168856993174	0.757356433457456	1.15449464442066	0.656006883286591	0.511819695393248	0.960224561962078
4651	1.03828283170415	0.228139344946964	0.91532780710355	0.249243323732166	0.803172569104395	0.967651531145028
4652	1.01021067417347	0.401129026874558	0.915604106525186	0.438103132146146	0.66131152401088	0.960357823831468
4653	2.22881441217014	0.625363964697433	1.0769916118061	0.580658157261507	0.56147086767427	0.960224561962078
4654	6.84147119133609	0.900829345942302	0.984449284596229	0.915059170683208	0.360160567814086	0.960224561962078
4655	3.44485089081308	1.77558613811659	1.14720376051228	1.54775132302888	0.1216821801827	0.960224561962078
4656	1.19077707962678	-0.206629142816822	1.03757652042932	-0.199145931647841	0.842148592470231	0.97257593634364
4657	0.554078175789932	0	0.90099470734836	0	1	1
4658	23.3614948986269	1.07879125496004	1.01940944441974	1.05825118735691	0.28994094033752	0.960224561962078
4659	7.67028556619509	1.04835478000244	0.967272496958316	1.08382568852013	0.278442093041217	0.960224561962078
4660	4.2720432802544	1.13975697876418	1.03892563574492	1.09705347481099	0.272618016668817	0.960224561962078
4661	7.61985703592435	1.66654292200775	0.981932663456938	1.69720693080991	0.0896575452570938	0.960224561962078
4662	4.00785317911943	2.29257916497566	1.11226379365076	2.06118294784259	0.0392855897167614	0.960224561962078
4663	1.58238252355217	0.363934727052373	1.15976382520799	0.313800723166292	0.753672395103106	0.963432919274349
4664	12.8826565822221	1.06901641307883	0.929591727453343	1.1499848605661	0.250150106845639	0.960224561962078
4665	4.03412704763188	0.332473923150275	1.06259014798596	0.312890086342742	0.754364169651706	0.963432919274349
4666	4.11398852057956	0.706202100115894	1.02073951723013	0.691853394715467	0.489029401020454	0.960224561962078
4667	13.9390960094555	2.81502545671382	1.10627050465584	2.54460861504173	0.0109400282340446	0.960224561962078
4668	1.91349176510089	0.148284572809175	1.14837235891707	0.129125863799969	0.897258056972812	0.983764860221564
4669	2.81075386941252	0.253320764228233	1.12755781106076	0.224663216150239	0.822241282343352	0.968174360513242
4670	6.60791002525099	2.14321377173066	1.03538989142175	2.06995817661278	0.0384562611869873	0.960224561962078
4671	1.15200252213091	0.356873889102614	1.03395150409191	0.345155345961846	0.729977586975313	0.963432919274349
4672	6.8150367709386	1.44203903203488	0.915579178403035	1.57500199442074	0.115255984194738	0.960224561962078
4673	6.2209670236834	1.73676280732538	0.94485134426744	1.83813339300683	0.0660427516461583	0.960224561962078
4674	2.37315883839767	0.79986638934001	1.16197324110291	0.688369026967264	0.491220423340277	0.960224561962078
4675	1.32905112441347	0.295210207173674	0.965591361401119	0.305729958836117	0.759810260956283	0.963432919274349
4676	2.81260248262394	-0.0476372403585577	1.11772305954555	-0.0426198958245761	0.966004535324886	0.994400445557826
4677	5.90680681653639	0.893514819909943	0.929143845829085	0.961653918196757	0.33622347747839	0.960224561962078
4678	4.75045767697112	1.91928550051361	1.04557429691022	1.83562804306235	0.0664126867459496	0.960224561962078
4679	26.1951686061274	2.24480748704566	1.07475445399763	2.08867009454665	0.0367374306496281	0.960224561962078
4680	1.22522179143078	-0.334338792272332	1.14509535472622	-0.291974629791654	0.77030602169815	0.967651531145028
4681	3.47580715264793	0.410617223877537	1.08507928642324	0.378421401104299	0.705117572407519	0.960640243300004
4682	2.68494691055368	1.00960842499791	1.11099660246384	0.908741235354743	0.363486732330624	0.960224561962078
4683	2.81448781854246	0.855164102492886	1.12453120041922	0.76046276188165	0.446978020007979	0.960224561962078
4684	2.38861390684305	0.785532806279302	1.15230708023279	0.681704399595125	0.495425884933104	0.960224561962078
4685	15.0684232142713	1.12679581621479	0.853435097865008	1.32030639357771	0.186732741797261	0.960224561962078
4686	1.52248748761837	0.510109973956976	0.995018217768061	0.51266395413464	0.608186408238379	0.960224561962078
4687	0.96902305973041	0.236150609032256	0.914535535958025	0.258219172188729	0.79623776227503	0.967651531145028
4688	5.22116077589172	2.29702010709209	1.08193942222631	2.12305796415617	0.0337489949232888	0.960224561962078
4689	2.45465067897303	0.758764044657818	1.16235523717752	0.652781542500108	0.513897124497138	0.960224561962078
4690	1.38458169157286	0.240791326301475	0.97527610797362	0.246895545100329	0.804989064118218	0.967651531145028
4691	1.71718806933431	0.264545722216582	1.13644866702764	0.232782817114386	0.815930056387097	0.967651531145028
4692	2.78292931066717	0.764665950435153	1.16230526794868	0.657887365325884	0.510610509945317	0.960224561962078
4693	2.4680116350462	0.400376738429364	1.15770692339735	0.345836005933555	0.729465964053213	0.963432919274349
4694	2.07300903790591	0.872572079647029	1.16204341885256	0.750894558233148	0.452716115582065	0.960224561962078
4695	3.43115840870582	1.52201054721445	1.11473821291345	1.36535244740249	0.172142302059285	0.960224561962078
4696	1.8452874351845	-0.0433062550208627	1.16384660653261	-0.0372095899732721	0.970317892215982	0.994400445557826
4697	2.53489507277985	0.835946286381735	1.15461397424905	0.724004996497141	0.469062667593796	0.960224561962078
4698	3.78574661159252	1.73951806624392	1.14195235736159	1.5232842727896	0.127687600119693	0.960224561962078
4699	4.87619748032371	1.66466501367611	1.03249105720131	1.61228032152489	0.106900953504959	0.960224561962078
4700	0.66464831178713	-0.224693582042861	0.959110822614513	-0.234272804294244	0.814773197522888	0.967651531145028
4701	1.01784744695784	-0.0269346726449286	1.06800740501449	-0.0252195560802905	0.979879838420184	0.994502588826835
4702	5.37853044187494	1.38707197629311	1.04323929445827	1.32958179744694	0.183656098762574	0.960224561962078
4703	2.05204803175547	0.17237154941555	1.16373259029086	0.148119551565079	0.882248419722424	0.983764860221564
4704	4.7196356665782	0.126504880894917	1.03092959007157	0.122709525571125	0.902337120562629	0.983764860221564
4705	2.90354927639594	1.125369392473	1.12884259979493	0.99692321380983	0.318801782869819	0.960224561962078
4706	11.9688168119015	1.52939191902086	0.850087512509396	1.7990993827285	0.0720029612885051	0.960224561962078
4707	12.4952088796371	0.62719454494499	0.865999061733637	0.724243908174005	0.468916006496322	0.960224561962078
4708	0.373757269497416	0.0352940451962592	0.902733472703719	0.0390968611040335	0.968813163533667	0.994400445557826
4709	1.48460889989237	0.353600518149496	1.15449239799326	0.306282240371721	0.759389760016695	0.963432919274349
4710	1.19912099669192	0.594517513395573	1.05411736261954	0.563995561099726	0.57275715308389	0.960224561962078
4711	5.28491251053586	1.57726335254079	1.00013593514943	1.57704897615255	0.114784256263496	0.960224561962078
4712	1.59187000917251	0.341691383581125	1.07474409905657	0.317928131804649	0.750539452781666	0.963432919274349
4713	1.55386867186611	0.352437580932603	1.15632603348587	0.304790838160188	0.760525459827014	0.963432919274349
4714	2.14557783659671	0.514046198188711	1.15828486798982	0.443799459351332	0.657187579327141	0.960357823831468
4715	2.33251889594789	1.07007581935969	1.16214168338567	0.920779139633161	0.357165748136045	0.960224561962078
4716	3.30153985605375	0.186059351476096	1.0945510204896	0.169986915176297	0.865020427064334	0.982600495775104
4717	1.69238821581359	0.350825392588159	1.15923745211587	0.302634625846345	0.762168323537054	0.964051532619563
4718	1.61218054471388	0.117946290092227	1.16237938452243	0.101469702287163	0.91917760747064	0.986784625450849
4719	2.54982242019655	0.839016770914719	1.16036513437574	0.723062720568644	0.469641351360524	0.960224561962078
4720	3.37305531231174	1.1704291123029	1.1379618905614	1.0285310272785	0.303700103503527	0.960224561962078
4721	1.56493932057248	0.175882137135325	1.12831173540455	0.155880801037901	0.876126978856355	0.983764860221564
4722	5.19373908897012	1.84565623667745	1.04356101019311	1.76861363988284	0.0769583729434908	0.960224561962078
4723	1.03893330231322	-0.145631781969784	1.08745600202255	-0.133919700382291	0.893466071957411	0.983764860221564
4724	3.0023615703706	1.68084907679375	1.14752498212486	1.46476033461278	0.142986317307737	0.960224561962078
4725	3.93079608247627	2.05942490427694	1.09885386857511	1.8741572134131	0.060908759475347	0.960224561962078
4726	1.3433080502565	0.405248359574337	1.06000491108579	0.382308001912208	0.70223292001957	0.960357823831468
4727	1.6472778267515	0.471565209831516	1.0120632241052	0.465944417897847	0.641255286146309	0.960357823831468
4728	3.19962941144027	0.381772071851837	1.161356787551	0.328729358577991	0.742360261556351	0.963432919274349
4729	6.64842721812038	2.6473176756528	1.04861742170953	2.52457914664146	0.0115836917706091	0.960224561962078
4730	1.42682474807328	0.426313914710514	1.0792916217193	0.394994185196585	0.692847179335054	0.960357823831468
4731	1.37085248675851	0.177283505698003	0.974262218950289	0.18196693071914	0.855608678050406	0.977390919310389
4732	1.11020115978588	0.503308035795532	1.03032734918135	0.488493328062619	0.625200450423465	0.960357823831468
4733	4.85087410502341	2.21413604613644	1.12729606756405	1.9641122770178	0.0495170727821365	0.960224561962078
4734	1.5368304403347	0.30772610081666	0.997603829972799	0.308465235969524	0.757728349050327	0.963432919274349
4735	3.52422866805163	0.95077315519244	1.11563128665946	0.852228838113125	0.394087093719082	0.960224561962078
4736	2.06275043172066	0.889557011425649	1.12292257645964	0.792180182386441	0.428255622192861	0.960224561962078
4737	6.5077191453949	0.81797985886895	0.905652666477501	0.903193784047971	0.366423056308947	0.960224561962078
4738	4.31449721283305	1.77921041335305	1.13920713036901	1.56179711829642	0.118335790891712	0.960224561962078
4739	2.96869007875606	0.688782875183505	1.14681602302195	0.600604509665385	0.548103433592007	0.960224561962078
4740	6.52627339347178	0.529187795400669	1.14376954689266	0.462669946789842	0.643600963192839	0.960357823831468
4741	2.92463513175132	0.979532687225184	1.15208770672492	0.850224059772092	0.395200527647483	0.960224561962078
4742	4.61429451629914	0.931948226324107	0.997131344302584	0.934629356151603	0.349979344813738	0.960224561962078
4743	7.41542557801752	1.77101459137778	1.05123922518146	1.68469226504754	0.0920479596252426	0.960224561962078
4744	7.08259257246232	1.71552222362228	1.06674291837696	1.60818712181603	0.107794202800449	0.960224561962078
4745	1.81709252807343	0.62452866757912	1.16258732811855	0.537188607233329	0.59113734001483	0.960224561962078
4746	1.8579611979415	0.223244551688916	1.14694416810073	0.194642911048229	0.845672507319172	0.973500902720151
4747	17.9790962145409	0.67783582324917	0.859085578114455	0.78902014015519	0.430100235333572	0.960224561962078
4748	3.23914783592401	0.864254459924199	1.15567343315505	0.747836227025433	0.454558947807044	0.960224561962078
4749	4.29814407499326	0.317872259616121	1.00363119542534	0.316722179486865	0.751454417773882	0.963432919274349
4750	4.10694344510801	0.490916356588908	1.07425305207733	0.456983906761633	0.647682612859496	0.960357823831468
4751	4.5516202743015	1.00296063820451	1.12269525551034	0.893350740801518	0.37166937314488	0.960224561962078
4752	7.2200839279295	0.76684903828161	0.934478796207629	0.820616841595223	0.411864551547479	0.960224561962078
4753	6.00732712280203	1.8701060929972	1.05511083155945	1.77242621065048	0.0763238340899772	0.960224561962078
4754	14.4428506038199	2.66366222744948	0.895290239539421	2.97519408769584	0.00292803227165361	0.960224561962078
4755	5.59268231206949	1.54749806497379	0.99307993616401	1.5582814722361	0.119166539035308	0.960224561962078
4756	2.84160943225612	1.04779553260114	1.16241141884326	0.901398175909032	0.36737665091916	0.960224561962078
4757	8.40845112086549	0.736034282589314	0.826938926230055	0.890070910006417	0.373427811807253	0.960224561962078
4758	5.40989377478262	1.98393795282409	1.09603741918003	1.81010056600833	0.0702801932348016	0.960224561962078
4759	15.593859560553	1.21223087923235	0.969236284678642	1.25070728200635	0.211041292710707	0.960224561962078
4760	1.34649432739317	0.675382418071617	1.128038490407	0.598722848391403	0.549357718143991	0.960224561962078
4761	2.55235822672414	1.29054484281965	1.15266775024376	1.11961564166841	0.262877587144249	0.960224561962078
4762	9.25233134443709	1.42217198986882	0.874220491158167	1.62678866973792	0.103781988829335	0.960224561962078
4763	4.48564747845567	0.941663941080029	1.03147047704143	0.912933488684049	0.361277523294264	0.960224561962078
4764	2.78652055925212	1.3726608372506	1.16003419376082	1.18329342758462	0.236692876673597	0.960224561962078
4765	7.63305954870271	1.17194720867254	1.05856627916918	1.10710801178397	0.268247232041523	0.960224561962078
4766	2.64808704217793	1.08542341583068	1.16207368371658	0.934040096630739	0.350283210157259	0.960224561962078
4767	12.0000757503554	-1.09883566892248	0.788016834914633	-1.39443171799943	0.163187275606222	0.960224561962078
4768	2.3621941675292	0.949938685763674	1.14789423070802	0.827548967797974	0.407925979372649	0.960224561962078
4769	3.60790483815589	0.417255364469306	1.08843443815023	0.383353695770984	0.701457531047561	0.960357823831468
4770	2.67727131543766	0.955364317652233	1.16307768133675	0.821410584161681	0.411412436776587	0.960224561962078
4771	2.79678126506192	0.508323121627572	1.16347105316426	0.436902250593257	0.662182239687045	0.960357823831468
4772	3.1634641058862	1.68627448514843	1.1451100773906	1.4725872371947	0.140862368281298	0.960224561962078
4773	4.40920730893659	1.25979805079475	1.11517471262932	1.12968670875296	0.25860825972647	0.960224561962078
4774	4.30541679828555	1.25204637222345	1.15777637675318	1.0814233191859	0.279508853293208	0.960224561962078
4775	4.9142890437525	0.680348431616822	1.01030262390542	0.673410536129139	0.500686147461133	0.960224561962078
4776	3.20167421964629	0.982301154061686	1.14709316428599	0.856339471496302	0.39181003432065	0.960224561962078
4777	5.55454037384264	1.03140771451047	0.980567448642428	1.05184780092224	0.292869383986066	0.960224561962078
4778	1.62575027724074	0.504768570665054	1.09583121683703	0.460626201288554	0.645066810134697	0.960357823831468
4779	0.29076829270932	-0.121551770734376	0.898360235471129	-0.135304041669466	0.892371489675679	0.983764860221564
4780	8.85281212513553	2.57798666277665	1.10090277898936	2.34170238460409	0.0191960152968804	0.960224561962078
4781	8.60565708527557	1.98975946443026	1.09992831956069	1.80899012148808	0.0704525380606823	0.960224561962078
4782	1.85824341980939	0.906746672841809	1.14876787524662	0.789321056394567	0.429924382850209	0.960224561962078
4783	1.79164220394363	1.11715163543795	1.15247327577923	0.969351445206051	0.332369869389351	0.960224561962078
4784	3.93759038890607	1.31973265304127	1.13444964086326	1.16332414018574	0.244698014928668	0.960224561962078
4785	3.05356439146267	1.53034089293357	1.16193074003522	1.31706722285976	0.187816092636789	0.960224561962078
4786	2.49561064559536	1.10558739196523	1.15135527589608	0.960248687013464	0.336930068514973	0.960224561962078
4787	3.96423675601367	1.39866008799076	1.08453323267288	1.28964244326908	0.197174832035998	0.960224561962078
4788	2.67779903646634	1.00711124162298	1.1557276021379	0.87140883350021	0.383530964287953	0.960224561962078
4789	16.1913642127229	0.647210789186579	0.857692125518349	0.754595699238157	0.450491604979717	0.960224561962078
4790	4.42650889096884	1.12765100892064	1.06395536842511	1.05986683500626	0.289205185587929	0.960224561962078
4791	0.913492492571023	0.305638542630704	0.914205635826056	0.334321437818019	0.738137015171346	0.963432919274349
4792	1.92484463567514	0.588074353059797	1.11461780780299	0.527601792240285	0.597775748808119	0.960224561962078
4793	2.66758763482273	0.0415595570651827	1.14757094552959	0.0362152398743448	0.971110734298398	0.994400445557826
4794	2.63055781232494	0.998944242581406	1.14797578421333	0.870178845511054	0.384202674731484	0.960224561962078
4795	5.75744325167628	1.17688249201865	0.955229912867084	1.23204107845229	0.217933739651901	0.960224561962078
4796	5.54594885799217	1.5571021093719	1.0068041605326	1.5465789380014	0.121964811757754	0.960224561962078
4797	5.6039103334388	1.46719634456692	0.966698728228642	1.51773898291496	0.129080212535837	0.960224561962078
4798	1.93829161862161	0.101254909432937	1.10844309147388	0.0913487667628473	0.927215469663529	0.989927938804099
4799	3.62876304569054	0.499163344996517	1.05728239252416	0.472119226165125	0.636841689975739	0.960357823831468
4800	6.45402353935597	1.37949372870506	1.11369347715158	1.2386655367986	0.215469386595064	0.960224561962078
4801	1.32128950242416	0.414097648019223	1.15341281753376	0.359019460963379	0.719580530770867	0.963432919274349
4802	6.8550797461946	0.610494646590205	0.991929884498745	0.615461491916546	0.538249992678877	0.960224561962078
4803	4.07336534987228	1.38600079738033	1.13274187554356	1.2235804354944	0.221110543792064	0.960224561962078
4804	4.10902287639658	1.37587522213317	1.08033954629144	1.27355813906493	0.202820055720628	0.960224561962078
4805	1.62406113631681	0.617715515033079	1.14742374666349	0.538349948595094	0.590335473886484	0.960224561962078
4806	4.2558170912441	1.44709712962242	1.12986675669114	1.28076794989553	0.200275184603519	0.960224561962078
4807	2.38424943806864	1.13801726499606	1.16033951071632	0.980762315241263	0.326709965942626	0.960224561962078
4808	1.9936994362006	0.293523989721638	1.10788809169223	0.264940107148635	0.791055600937548	0.967651531145028
4809	1.08540130626516	0.555841929996086	1.03670477568802	0.536162216120973	0.591846444241974	0.960224561962078
4810	5.48964717026786	1.73807711686019	1.07653119718648	1.61451625498886	0.106415493919993	0.960224561962078
4811	16.4717459214248	1.2946520625425	0.925431239126087	1.39897164457629	0.161821486296987	0.960224561962078
4812	4.13523174859789	1.90844978994867	1.12114643231847	1.70223062299016	0.0887121443196527	0.960224561962078
4813	5.54420832224319	1.5502671008983	1.10240887869671	1.40625418649663	0.159648658925416	0.960224561962078
4814	3.1461069297798	1.19165975036431	1.16138859699629	1.02606462078784	0.304861125305287	0.960224561962078
4815	4.07014235002851	0.425248353510151	0.929229372329706	0.457635505476969	0.647214330495955	0.960357823831468
4816	2.35630003011836	0.944999435837676	1.1624981107618	0.812904061597488	0.416273065663528	0.960224561962078
4817	8.42853083832971	-0.437640050726692	0.833329878599935	-0.525170238059824	0.599464852425212	0.960224561962078
4818	5.76571264372967	-0.105844720107028	0.941192409059538	-0.1124581106777	0.910460181829133	0.98397565474519
4819	6.8643196330296	1.8745693056379	1.09374684949038	1.71389687340478	0.0865476673873543	0.960224561962078
4820	2.53452472441412	1.07034974896078	1.15665801926262	0.925381341014813	0.354767581120517	0.960224561962078
4821	2.54765486241014	0.563208705188564	1.10281958170816	0.510698861835775	0.609561937827369	0.960224561962078
4822	2.7190726777827	0.845445013491061	1.16314153737723	0.726863400818316	0.467309639490671	0.960224561962078
4823	1.74452372938263	0.693296457553462	1.0998705946994	0.63034366124039	0.528469762725019	0.960224561962078
4824	2.42490933148303	1.15142688990593	1.14182317976942	1.00841085581959	0.313257263521368	0.960224561962078
4825	2.35904461309964	0.778605001336937	1.16088062082924	0.670702040646318	0.502410362609862	0.960224561962078
4826	7.23124587339012	1.10353210630689	0.886403150541167	1.24495508125525	0.213148262101564	0.960224561962078
4827	2.35932473534298	0.427754924003196	1.15933869651009	0.368964587562589	0.712154120385114	0.962109640556799
4828	3.12963314198416	1.10218108649165	1.16136900426025	0.949036079358512	0.342602262401242	0.960224561962078
4829	0.900818729814023	0.147853778977329	1.00740420761175	0.146767085009348	0.88331586564885	0.983764860221564
4830	4.2511504496372	0.725898608858933	1.14823971093163	0.632183856687877	0.527266744744555	0.960224561962078
4831	3.477869812194	2.08432404978075	1.1140000399744	1.87102690752924	0.0613413515372096	0.960224561962078
4832	5.46273643263243	1.80091313866204	1.10718932486683	1.62656295379171	0.103829952740917	0.960224561962078
4833	4.07573748486328	0.333127677225612	1.09552411882311	0.304080641860702	0.761066454524978	0.963432919274349
4834	10.6926072747059	1.47840742624685	0.860769331671076	1.71754193818303	0.0858801986192797	0.960224561962078
4835	17.3067838094993	-0.0560295377065028	0.907907583676992	-0.0617128204608505	0.950791530179623	0.994400445557826
4836	12.3758794834673	2.16774356287074	0.876179331280051	2.47408662300192	0.0133577304713783	0.960224561962078
4837	3.90645050457003	0.410270006521397	1.08153077260186	0.379341963182795	0.704433942027856	0.960427850583085
4838	3.79612796735817	1.0699273375711	1.09012199666361	0.981474863222365	0.326358624312516	0.960224561962078
4839	3.38416268372521	0.925143053643907	1.12437804958551	0.822804264086222	0.410619311435669	0.960224561962078
4840	1.99296293871824	0.732165061217101	1.05445965106354	0.694350950724981	0.487462145742357	0.960224561962078
4841	2.00853865711946	1.3246929140638	1.16172547369359	1.14028050865759	0.254169455533457	0.960224561962078
4842	3.67023078237694	2.00436058012014	1.11125259318249	1.80369485067288	0.0712791572402786	0.960224561962078
4843	5.24107793103742	-0.285951054834841	0.951571073972804	-0.300504147988649	0.76379263291745	0.965200642461724
4844	9.9621770921866	0.135459799478823	0.847599197359987	0.159815865683614	0.873026125716028	0.983764860221564
4845	1.19477329966001	0.486485790779004	1.11579694569009	0.435998496552728	0.662837820381845	0.960357823831468
4846	9.45303726067786	1.56693220274153	0.974196736506496	1.60843507684147	0.107739924542754	0.960224561962078
4847	0.222036241764256	0	0.894195169783507	0	1	1
4848	2.36050502660527	1.17403099827155	1.16128937024202	1.01097196646764	0.312029847343957	0.960224561962078
4849	7.36710686122961	1.01396503249205	0.894933234816584	1.13300634398706	0.257211589209312	0.960224561962078
4850	2.8180423444203	1.5559804156264	1.14802533151737	1.35535373036571	0.17530488384761	0.960224561962078
4851	3.28719900296197	1.67595242198496	1.15000764950633	1.45734023830573	0.145022484711222	0.960224561962078
4852	5.89495874839146	1.04191438173468	1.02174435491829	1.01974077636867	0.307851417410161	0.960224561962078
4853	2.11958194009819	0.110940570477946	1.16012200360169	0.095628365062918	0.923815736371621	0.988690134431294
4854	2.84046796332548	1.1852242344356	1.15346907543091	1.02753013468768	0.304170903177875	0.960224561962078
4855	3.04968882138529	1.09819979719943	1.13964523261235	0.963633037521757	0.335229937161289	0.960224561962078
4856	3.11991800854309	1.30348293880714	1.10816681304225	1.17625155659435	0.239494367717102	0.960224561962078
4857	1.12151730765304	-0.207840610938864	1.02916338287152	-0.201951035567314	0.839955003346189	0.972547696773971
4858	8.04378056478922	2.04264545451067	1.08637199384564	1.88024494931973	0.0600747021678483	0.960224561962078
4859	4.25577826891245	0.571019913702409	1.03122839226586	0.55372788218887	0.5797650903813	0.960224561962078
4860	3.11775255038123	0.585664467197586	1.16360086429659	0.503320756427615	0.614738775463268	0.960316040646028
4861	4.1325364697828	0.232844406030312	1.08922737242149	0.213770248458473	0.830726226932316	0.969890875577183
4862	4.82112328840335	1.50889268559275	1.04402384936668	1.44526649128568	0.148383046187889	0.960224561962078
4863	14.8544780625451	1.93613028583567	1.06223267790895	1.82269885506349	0.0683490138158015	0.960224561962078
4864	0.861234229421593	0.277593789343574	0.990855649659183	0.280155630579546	0.779358105751278	0.967651531145028
4865	2.00588010101148	1.13793482604001	1.16156648850467	0.97965535102938	0.327256272659392	0.960224561962078
4866	2.9652750742011	0.710037709730706	1.16049527588085	0.611840241393287	0.540643462277766	0.960224561962078
4867	1.27404827828276	0.40172401514559	1.0513290026386	0.382110656262076	0.702379287935032	0.960357823831468
4868	1.06626896236154	0.395382119480745	1.02256802769552	0.386656054924567	0.699010853523997	0.960357823831468
4869	9.42517495023273	1.31372041759793	0.829987129653468	1.58282022776236	0.113462444922052	0.960224561962078
4870	1.85517989225312	0.288613258818067	1.09748130905015	0.262977835192343	0.792567662952615	0.967651531145028
4871	13.8003919507571	0.947025303991281	0.873960959208973	1.08360138289065	0.278541577423833	0.960224561962078
4872	1.17946093175962	0.503115437944964	1.03932701630976	0.484078090966336	0.628330449365639	0.960357823831468
4873	0.830503515782927	0.256463412063288	0.912777714361444	0.280970282280285	0.778733193340938	0.967651531145028
4874	0.756103955220761	0.46935990339721	0.985753178365018	0.476143433973701	0.633972195311878	0.960357823831468
4875	2.30816073658255	1.36950933026399	1.16037673361917	1.18022818847164	0.237909470586198	0.960224561962078
4876	9.0921803727655	2.40601204406312	0.948220414821688	2.53739743044402	0.0111680088951538	0.960224561962078
4877	1.7015053530682	0.505541251920178	1.16295667943062	0.434703425210722	0.663777711864028	0.960357823831468
4878	3.01182910502633	1.32544026636099	1.14799587004402	1.15456884553963	0.248267030746475	0.960224561962078
4879	1.079715945308	-0.0466276335229157	1.02803231610924	-0.0453561943455101	0.963823396877048	0.994400445557826
4880	2.05229353091626	0.850707505233313	1.15449362360147	0.736866352348929	0.461203627762708	0.960224561962078
4881	5.03962285562981	1.79450245506144	1.02702042941623	1.74728993081614	0.0805870588221489	0.960224561962078
4882	2.04175060323857	0.967430962025543	1.16092770332259	0.833325761162169	0.404661031310704	0.960224561962078
4883	4.41418552561297	-0.575705550848713	1.00897227990801	-0.570586092713274	0.568280247930029	0.960224561962078
4884	1.59632050482021	-0.445360795438388	1.16158402232931	-0.383408162368927	0.70141715221057	0.960357823831468
4885	6.6765675511843	1.14219972580026	1.09362148583057	1.0444196100745	0.296291294681286	0.960224561962078
4886	4.11742029687701	1.06694152636266	1.12267802721217	0.95035397549561	0.341932421498067	0.960224561962078
4887	4.62376625020397	1.02637856613107	1.15210926993938	0.890869115379202	0.372999390898573	0.960224561962078
4888	3.82068442134265	0.429206875512178	0.976775647711916	0.439411933044798	0.660363081519904	0.960357823831468
4889	2.43002814907986	1.33119963987401	1.16080801214462	1.14678708791352	0.251469626974357	0.960224561962078
4890	2.26273140294547	1.0814393078552	1.16119793200485	0.931313497939199	0.351691421763316	0.960224561962078
4891	9.63277694252641	1.14817358562104	0.819106717855878	1.40173869972222	0.160993289702378	0.960224561962078
4892	1.86204344484802	0.68899028909651	1.15725662823998	0.595365169905628	0.55159940216599	0.960224561962078
4893	1.27352055725408	0.346112294656963	0.956204772268431	0.361964617511656	0.717378471288689	0.962423898398307
4894	2.2573282638562	0.840366835310437	1.14138054078272	0.736272264405473	0.46156502178188	0.960224561962078
4895	10.1772323106222	2.03109266184896	1.01468469203138	2.00169833821258	0.0453171852468039	0.960224561962078
4896	4.78405674319846	1.07557212216086	1.06717123505224	1.00787210789861	0.313515863350675	0.960224561962078
4897	3.18504095956316	0.0954414259784391	1.15842786631265	0.0823887518195116	0.934337580388464	0.994400445557826
4898	1.51203058681397	0.447327138443684	1.0771951037523	0.415270304223875	0.677944037500904	0.960357823831468
4899	2.45637654260406	0.590079033210174	1.16153721664196	0.508015606177572	0.61144239868599	0.960224561962078
4900	2.66128852596361	1.15706161529318	1.16216409424411	0.995609502155332	0.319439916078596	0.960224561962078
4901	3.35422304161606	1.06855918294395	1.09670855527292	0.97433285972501	0.329891294147217	0.960224561962078
4902	1.7198466254423	0.527515217908524	1.15983424361746	0.454819488915271	0.649239108244396	0.960357823831468
4903	6.75285352726254	0.984241655907727	1.15422035083717	0.852732890382538	0.393807447079591	0.960224561962078
4904	0.221508520735579	-0.122998561103365	0.896740275265759	-0.137161856666819	0.890902859867881	0.983764860221564
4905	1.6472778267515	0.471565209831516	1.0120632241052	0.465944417897847	0.641255286146309	0.960357823831468
4906	3.75232061913877	0.193871306165342	1.15653049116568	0.167631815716278	0.866872940039008	0.983307080494922
4907	5.32409203948	1.20175492229088	0.972433416228981	1.23582232185232	0.216524615791421	0.960224561962078
4908	2.75270744669014	0.357710834796085	1.16079486830127	0.308160248261233	0.757960398790384	0.963432919274349
4909	2.07975194054497	0.990381459751118	1.15523977620587	0.857295152183741	0.391281787027338	0.960224561962078
4910	5.1169652937924	1.83322943213011	1.09379125505942	1.67603226269213	0.0937318733319129	0.960224561962078
4911	2.91025545632789	1.34140187867821	1.16220683601391	1.15418515630049	0.248424266842348	0.960224561962078
4912	0.986024568554721	0.185392126116253	1.00732543214414	0.184043924833345	0.853978996396447	0.977390919310389
4913	3.33692145958381	1.02174321741457	1.16091934175737	0.880115595169496	0.378796691605023	0.960224561962078
4914	2.30351404594025	0.837117576807215	1.16042710856032	0.721387470726859	0.470671153164551	0.960224561962078
4915	0.720056129366123	0.0318352647518383	0.908475143432937	0.0350425270101937	0.972045830031649	0.994400445557826
4916	1.77965255343747	-0.0531084138465714	1.08650973607774	-0.0488798324424507	0.961015061027059	0.994400445557826
4917	3.70571626412035	1.75121251648857	1.08783359056321	1.6098165488546	0.10743791134464	0.960224561962078
4918	7.51555768457737	2.08064777783448	1.06334863210223	1.95669389607533	0.0503834679742829	0.960224561962078
4919	4.40964900309197	1.45354220290654	1.09693211406296	1.32509768313986	0.18513875448921	0.960224561962078
4920	4.92034265345084	1.55404752672345	1.12214660755585	1.38488813873289	0.166086674458163	0.960224561962078
4921	9.23744384834472	1.58826215919013	1.09906616191978	1.44510150000056	0.148429377726698	0.960224561962078
4922	2.68886968517271	0.884212152063432	1.16025094347479	0.762086992504688	0.446008085645448	0.960224561962078
4923	7.54142873187095	0.660527075718384	0.839718900922173	0.786604987684566	0.431513138621929	0.960224561962078
4924	2.11007768273535	0.581194755687915	1.15617674110586	0.502686773591393	0.615184510248369	0.960357823831468
4925	9.80132425508088	1.82479659338523	0.959682407869104	1.90145883515469	0.0572419394630022	0.960224561962078
4926	3.27726982318625	1.51037931635633	1.13997688810284	1.32492099806507	0.185197355543129	0.960224561962078
4927	5.30575286673045	2.42269932023881	1.09534424562505	2.21181544515835	0.0269794194759308	0.960224561962078
4928	2.93056599186926	1.0297252019566	1.137780349835	0.905029869874202	0.365449563108361	0.960224561962078
4929	8.34457771623851	1.08748032646418	0.881655577114542	1.23345255754322	0.217406966625372	0.960224561962078
4930	4.41909976600521	0.608521406087181	1.01721802390003	0.598221218843624	0.549692334994604	0.960224561962078
4931	8.94252093394654	1.67186544767173	0.899035170030142	1.85962185174099	0.0629390454929137	0.960224561962078
4932	7.48309900768313	1.32192186024006	0.937790733968464	1.40961284043196	0.158654033431695	0.960224561962078
4933	6.17949820739945	0.768501398259837	0.937280068582758	0.819927174405695	0.412257624295627	0.960224561962078
4934	5.34174191928884	1.23175692046823	0.995607142683978	1.23719172719838	0.216015912079612	0.960224561962078
4935	3.17659214425767	0.356396768595824	1.13632978067449	0.313638500598196	0.753795614677111	0.963432919274349
4936	2.86866287043655	0.737419588230294	1.16275420183776	0.634200751168893	0.525949817415972	0.960224561962078
4937	7.59429756370025	0.904103227940003	0.902234080687399	1.00207168770568	0.316308970823652	0.960224561962078
4938	40.6192456456548	1.20899324477643	1.11021233527052	1.08897479010791	0.276165002938757	0.960224561962078
4939	4.0348520432527	1.1841160778499	1.05162142281618	1.12599082917017	0.260169401142445	0.960224561962078
4940	3.11685448098682	0.755694885004517	1.10641553789897	0.683011815289171	0.494599376574041	0.960224561962078
4941	1.24872070373336	0.504346305816853	1.048018246417	0.481238096322397	0.630347287768381	0.960357823831468
4942	4.62168578992272	1.12655008518738	1.05052717220214	1.07236644134191	0.283555474866002	0.960224561962078
4943	1.8072860978781	-0.250906657500347	1.16398749254631	-0.215557863900643	0.829332403323451	0.969095604907115
4944	2.87030060756973	1.67491784945305	1.14341036070569	1.46484403763783	0.142963473934956	0.960224561962078
4945	0.747514538994832	0.198709555926464	0.910993435535162	0.218124026118511	0.827332477942099	0.968174360513242
4946	1.27376605641487	-0.1205074520591	1.04742531670649	-0.115051116425199	0.908404605958164	0.983764860221564
4947	2.7997220430378	1.44821459245351	1.16122242237752	1.24714659702178	0.212343749906144	0.960224561962078
4948	1.19053158046599	0.288783405468211	0.942136031622422	0.306519861012965	0.759208860214143	0.963432919274349
4949	1.86984178954443	0.609657970061298	1.11974664808367	0.544460634112781	0.586124530664986	0.960224561962078
4950	24.0317090516177	1.92137531833825	1.04357900761611	1.84114025322081	0.0656010081359017	0.960224561962078
4951	3.87253561341925	0.129172554012076	1.05861727031176	0.12202007055301	0.902883123039778	0.983764860221564
4952	4.33389392726451	0.26642102843115	1.13830118381587	0.234051437544887	0.814945046065282	0.967651531145028
4953	0.958480132052719	0.468737158101708	1.08518071643924	0.431943869809773	0.665782209107704	0.960357823831468
4954	1.7622984583964	-0.160343196508999	1.16364193345701	-0.13779427493872	0.890403009135014	0.983764860221564
4955	0.720056129366123	0.0318352647518383	0.908475143432937	0.0350425270101937	0.972045830031649	0.994400445557826
4956	4.22622784653608	1.19978590433209	1.13071960988486	1.06108171631892	0.288652766223339	0.960224561962078
4957	1.28990831817642	0.706891044678768	1.05639578607126	0.669153601329385	0.503397500523674	0.960224561962078
4958	8.34197163455313	0.802840554113558	0.903177551739291	0.888906674626148	0.374053237986598	0.960224561962078
4959	3.24008052840097	1.25712452023731	1.1619189150957	1.0819382522349	0.279279966191027	0.960224561962078
4960	4.68711091377527	1.00452120895132	1.00017845859273	1.00434197549576	0.315213807749355	0.960224561962078
4961	3.29402583284978	0.419858272416514	1.09030943637815	0.38508175606663	0.700176844276509	0.960357823831468
4962	4.64170045150524	1.40731742960137	1.11721134860642	1.25966983002528	0.207788493303627	0.960224561962078
4963	6.47642818726955	1.36132240661365	1.11436108721621	1.22161696260803	0.221852510966188	0.960224561962078
4964	2.95152909764425	1.10210109320568	1.15551080697806	0.953778265465074	0.340195893363776	0.960224561962078
4965	4.35485493341495	0.814993728858097	1.08228293057925	0.753032045346867	0.451430657608965	0.960224561962078
4966	3.11136223395893	0.478700773846098	1.16382710218337	0.41131605626647	0.680840797625431	0.960357823831468
4967	6.72481389318987	1.17972454546715	0.883629563917508	1.33508949184195	0.181847058274643	0.960224561962078
4968	5.11970987677368	1.75071993926581	1.10298720314112	1.58725317418012	0.112455315948554	0.960224561962078
4969	4.31755864076477	1.06406648012448	1.02756712770546	1.03552016353475	0.300426054831263	0.960224561962078
4970	1.58264587405301	0.558326734730893	1.15623103174978	0.482885097700543	0.629177323560374	0.960357823831468
4971	2.52301448117691	0.390469509443517	1.16091959205934	0.336345007969817	0.73661071340378	0.963432919274349
4972	57.4425677653419	0.773398909209214	1.1387597055833	0.679159005554257	0.497037118890955	0.960224561962078
4973	3.82767072351795	1.16007038330894	1.12437659180888	1.03174540608555	0.302191400380474	0.960224561962078
4974	2.75233919794896	1.30702060293112	1.15971941100434	1.12701450931067	0.259736346497336	0.960224561962078
4975	5.32176710903065	1.08597435461836	1.13654819079533	0.955502250950242	0.339323767583457	0.960224561962078
4976	1.90887969754114	0.193367364755305	1.16363522122803	0.166175242230324	0.868019042380316	0.983764860221564
4977	0.816774310968573	0.188946786626422	0.912084761802435	0.207159240609426	0.835885498075715	0.971150936719616
4978	2.64792756989044	-0.02369875166531	1.15746585682318	-0.0204746874610663	0.983664704323104	0.995791185549766
4979	0.221508520735579	-0.122998561103365	0.896740275265759	-0.137161856666819	0.890902859867881	0.983764860221564
4980	1.7302668035396	0.526525773110672	1.02294713869191	0.514714547013605	0.606752506587738	0.960224561962078
4981	1.59820584073873	0.811069846729624	1.14363313010361	0.709204573897001	0.478197535527223	0.960224561962078
4982	3.61920421428055	0.249043345626835	1.15074785509246	0.216418692005143	0.828661397384407	0.968665626893128
4983	0.595265790232995	0.138710854777539	0.907124103659453	0.152912764877443	0.878467069381154	0.983764860221564
4984	3.47570435403214	1.30092893721418	1.12721355969131	1.15411043988013	0.248454893780789	0.960224561962078
4985	0.67825476702109	0.2105483614314	0.909708055700274	0.231446077796161	0.816968271833659	0.967651531145028
4986	0.941687399682096	-0.218599489072296	0.998413043575859	-0.218946948338508	0.826691374109456	0.968174360513242
4987	15.7993434167244	2.86156359694569	0.968566952708773	2.95443034572139	0.00313246856662658	0.960224561962078
4988	7.2375135294231	2.42077646052815	0.95877230526783	2.52487107442253	0.011574074152164	0.960224561962078
4989	0.221508520735579	-0.122998561103365	0.896740275265759	-0.137161856666819	0.890902859867881	0.983764860221564
4990	1.23277463696641	0.483716082172399	1.05268904404139	0.459505192830124	0.645871423887225	0.960357823831468
4991	5.12648003298978	-0.481120988368268	0.947677376289487	-0.507684366437065	0.611674713926452	0.960224561962078
4992	0.58153658541864	0.0375363021331125	0.90585391574474	0.0414374784727319	0.966947134942788	0.994400445557826
4993	10.2368797477707	1.5219547985618	0.864115867997007	1.76128555779173	0.0781900832126322	0.960224561962078
4994	6.79732074832801	-1.20205754162932	0.954271542458382	-1.25965984329009	0.207792097463247	0.960224561962078
4995	8.96566010749522	-0.0239443842750354	0.759618568331959	-0.0315215889569612	0.974853575200458	0.994400445557826
4996	1.5642888499634	0.415579260547429	1.00072111144859	0.415279797531059	0.677937088700737	0.960357823831468
4997	4.28167028719763	0.357720022513143	1.01367530352323	0.352894088738096	0.724167842604632	0.963432919274349
4998	3.3221368127121	0.909377648909035	1.15694364223422	0.78601724034967	0.431857386925893	0.960224561962078
4999	1.49555679901834	0.48488226954064	1.07673590292325	0.450326090385045	0.652475329078622	0.960357823831468
5000	0.99709521726109	0.0238285538727245	0.912490108250609	0.0261137667765054	0.979166596507886	0.994400445557826
5001	1.08645674832251	0.540182852802318	1.11016921655645	0.4865770413612	0.626558096747419	0.960357823831468
5002	0.697914831953387	0.340988383616076	0.972329456311577	0.350692228238747	0.725819256688931	0.963432919274349
5003	0.659385773618311	0.255255870417097	0.909272478912715	0.280725389074049	0.778921033825118	0.967651531145028
5004	4.95527626395187	0.662441539348016	0.981018764040896	0.675258785692708	0.499511363859732	0.960224561962078
5005	9.43675756825227	1.44092906533708	0.864074191805767	1.66759877682006	0.0953954012434506	0.960224561962078
5006	3.54049367939357	1.72939397912045	1.12779204628307	1.53343338855786	0.1251691073676	0.960224561962078
5007	5.7489094295245	1.47772596510154	0.991851798906748	1.48986569034844	0.136259554425235	0.960224561962078
5008	3.49392287682584	1.49457917752428	1.16253703133021	1.28561855428737	0.198576218087937	0.960224561962078
5009	7.33225927760187	1.5008202377797	1.0866384273272	1.38115881054498	0.167230136246535	0.960224561962078
5010	5.51138349623231	1.12219413201104	1.12133462065406	1.00076650746454	0.316939705295766	0.960224561962078
5011	26.5755102264369	-0.295912293413835	1.03348179057608	-0.28632559964979	0.77462875282839	0.967651531145028
5012	0.526006018259253	0.142902704288205	0.906262655749232	0.157683540617773	0.874706170908177	0.983764860221564
5013	6.14993101328058	1.70926963292909	1.11265030898086	1.53621458524081	0.124485759997777	0.960224561962078
5014	1.98041192554163	0.511611405970735	1.15238325466722	0.443959424001241	0.657071920233085	0.960357823831468
5015	3.80237987167565	1.05492904026177	1.1023533875933	0.95697899796446	0.338577855637766	0.960224561962078
5016	3.71620461775089	0.889664252722648	1.13042341731448	0.787018597718188	0.431270979308815	0.960224561962078
5017	6.72081767315664	2.14673870779369	0.990784217054284	2.16670660557775	0.030257232603852	0.960224561962078
5018	0.872304878127961	0.10906128428224	0.912070915310961	0.119575443588239	0.904819473302978	0.983764860221564
5019	2.52093822014476	1.03957201828815	1.14458098492224	0.908255538037597	0.363743227443669	0.960224561962078
5020	9.29798832589491	1.58298677470436	0.886172184077255	1.78631963759128	0.0740475190750627	0.960224561962078
5021	2.47148013405075	1.33271663707969	1.15949294835292	1.14939606918079	0.250392700176501	0.960224561962078
5022	0.817424781577644	-0.290627975426607	1.0640896483123	-0.273123581164009	0.784758220464107	0.967651531145028
5023	2.47978732840879	0.703372173107223	1.14166587124458	0.616092843644742	0.537833244980824	0.960224561962078
5024	1.43182291571426	0.264327204430455	1.12562492854273	0.234827070481339	0.814342955948358	0.967651531145028
5025	1.41204010120157	0.353817304155723	0.97849489137051	0.361593409711272	0.71765589018632	0.962423898398307
5026	2.02721145552765	0.187191006715357	1.15645053589851	0.161866851114318	0.871410707499283	0.983764860221564
5027	3.06410311989127	0.989821381070067	1.15149314317057	0.859598154744238	0.390010592547888	0.960224561962078
5028	3.75518795170044	-0.106827082401908	1.15535033364935	-0.0924629346533169	0.926330238889987	0.989848125171808
5029	2.10995493315496	0.876498523932873	1.13389795397242	0.772995948058826	0.439524778656099	0.960224561962078
5030	0.373757269497416	0.0352940451962592	0.902733472703719	0.0390968611040335	0.968813163533667	0.994400445557826
5031	0.877621990343933	0.582103318856058	1.01015231984469	0.576253013947	0.564444176663647	0.960224561962078
5032	1.05794289663645	0.401747804724337	1.0276734646213	0.390929432893728	0.695849397430402	0.960357823831468
5033	3.66051457830401	1.37571331738212	1.16251902799719	1.18338993534775	0.236654644273278	0.960224561962078
5034	0.443017041471157	0.0347942256023289	0.904019491135855	0.0384883577660607	0.969298313764208	0.994400445557826
5035	2.41420483189329	0.855998116908663	1.14933183500387	0.744778914877772	0.456405383496628	0.960224561962078
5036	6.3614222277426	0.866218520543262	0.927092533847128	0.934338794584766	0.35012915871884	0.960224561962078
5037	6.6572254108	2.06251537748529	0.996123027854282	2.07054281430286	0.0384015410126472	0.960224561962078
5038	4.16090870052142	1.75422314017607	1.12070094226184	1.56529103708579	0.117514683761606	0.960224561962078
5039	5.83003092173413	1.49449079808966	0.958113593198985	1.55982631777491	0.118800930393985	0.960224561962078
5040	3.26660624555272	0.947670833347885	1.15620333171487	0.81964028934453	0.412421198643578	0.960224561962078
5041	5.19023386725846	1.14167090690916	1.06892127265653	1.0680589264276	0.285493931907469	0.960224561962078
5042	3.3313766995471	0.888643595965302	1.13062785427522	0.785973556732298	0.431882979120513	0.960224561962078
5043	12.8767803347375	0.985433028970674	0.756985362866812	1.30178610751296	0.192989514192565	0.960224561962078
5044	2.67990992058105	0.796895834668068	1.14180817695197	0.697924441910515	0.485224447945556	0.960224561962078
5045	5.0893841345833	2.24499462910654	1.11630310855799	2.01109771342172	0.0443151366652049	0.960224561962078
5046	5.03504751077716	1.51927100381919	0.989139898648533	1.5359515937988	0.124550252857396	0.960224561962078
5047	3.53371615367196	0.951168824906206	1.14976138145072	0.827274980923484	0.40808122111975	0.960224561962078
5048	17.3481959610772	-0.402608422092686	0.907274862923259	-0.443755733290652	0.6572191959698	0.960357823831468
5049	3.25104627886699	0.982364135655353	1.1257272859974	0.872648418382229	0.382854740884605	0.960224561962078
5050	5.9571996947319	1.9501955033399	1.04996527637949	1.85739047491608	0.0632556206451171	0.960224561962078
5051	3.52682114825092	1.52835438530066	1.15038158402642	1.32856297990385	0.183992192444264	0.960224561962078
5052	6.47849186684261	0.762196864033401	1.02456892850567	0.74391955760855	0.456925142624875	0.960224561962078
5053	3.38347549040904	1.35687200808418	1.16241164203725	1.16729044945396	0.243093094235121	0.960224561962078
5054	0.498547608630545	-0.0955794574090085	0.903089266411024	-0.105836112734295	0.915712383867595	0.984552517669952
5055	20.4648187035265	1.7930276122404	1.00077281236778	1.79164300836489	0.0731901691541892	0.960224561962078
5056	1.70546695001887	0.719652007726185	1.09709446294471	0.655961753552711	0.511848733013849	0.960224561962078
5057	1.41469865730955	0.641746762978268	1.06874735163238	0.600466295423404	0.548195516764864	0.960224561962078
5058	1.64000720308377	0.64117812501492	1.14409194868264	0.560425344967424	0.575189348037152	0.960224561962078
5059	1.57659226435467	1.01592142507529	1.15079371939856	0.882800633988725	0.377343997897739	0.960224561962078
5060	2.47316927497468	1.28472521523596	1.16203392001363	1.10558323049717	0.268906951454392	0.960224561962078
5061	8.25553620038394	3.03585102385757	1.02976508501997	2.94810056004055	0.00319733039491419	0.960224561962078
5062	1.47394322263428	0.835638024469544	1.14309933984034	0.73102835015744	0.46476183660067	0.960224561962078
5063	3.4119893420951	1.63000951491333	1.14812237523402	1.41971757547282	0.155689919302629	0.960224561962078
5064	2.03581974312062	0.754923963899248	1.13000667206485	0.668070359726094	0.504088680978033	0.960224561962078
5065	6.86097495423731	2.9042371803154	1.00686606821463	2.8844324702144	0.00392119847567493	0.960224561962078
5066	2.76659612379199	1.53391349860703	1.15850996552352	1.32403996880067	0.18548977089775	0.960224561962078
5067	6.41385991414412	2.18474386131521	1.03475889829295	2.11135547123044	0.0347417694198886	0.960224561962078
5068	2.18859621291114	0.791445463768105	1.14193337802888	0.693074989308255	0.488262492431763	0.960224561962078
5069	5.90853477979197	1.55995564233985	1.07925831947002	1.44539598555597	0.148346690375601	0.960224561962078
5070	2.63293414656504	0.594522967876167	1.16265757019971	0.51134829644987	0.609107192180371	0.960224561962078
5071	2.91356448304495	1.10423707530952	1.14372782646192	0.965471897912486	0.334308504949123	0.960224561962078
5072	6.39143112498254	0.978167976605716	1.07829111721605	0.90714646628191	0.364329348747912	0.960224561962078
5073	3.33218664244367	1.7424167201566	1.13784033938816	1.53133674368895	0.125686188899208	0.960224561962078
5074	1.03828283170415	0.228139344946964	0.91532780710355	0.249243323732166	0.803172569104395	0.967651531145028
5075	0.595265790232995	0.138710854777539	0.907124103659453	0.152912764877443	0.878467069381154	0.983764860221564
5076	3.49231766315066	0.298049274789714	1.06972899683856	0.278621291626718	0.780535471161975	0.967651531145028
5077	1.50940875341309	0.262353479213946	1.12443530630022	0.233320207702459	0.81551276810185	0.967651531145028
5078	3.05923190107977	1.31301038573446	1.15733610311428	1.13451086698262	0.256580318007543	0.960224561962078
5079	11.5417626089398	1.21792760225599	0.909348326365513	1.33934111598776	0.180459649358654	0.960224561962078
5080	10.5344392182926	1.01011835167204	0.922807738092427	1.0946140891277	0.273685740472988	0.960224561962078
5081	0.778245252633497	0.190920527584267	0.976135064748956	0.195588227980898	0.844932475030521	0.973247772378739
5082	5.18974286893689	1.02049337013828	1.05111278827239	0.970869521828919	0.331613257141967	0.960224561962078
5083	3.42167092308549	1.50073632051193	1.09727033366646	1.36769971306643	0.171406089805877	0.960224561962078
5084	6.3394918064081	1.40936892908195	1.04293915137405	1.35134339067158	0.176585458585265	0.960224561962078
5085	6.58069921440762	0.741705815097999	1.02438628642686	0.724048950015844	0.469035683871649	0.960224561962078
5086	4.24984950841906	0.461256761383235	0.929956908513236	0.495997994273377	0.619895826055734	0.960357823831468
5087	0.96902305973041	0.236150609032256	0.914535535958025	0.258219172188729	0.79623776227503	0.967651531145028
5088	7.30226823170199	2.33097587281268	0.978520444664508	2.3821432505806	0.017212200372891	0.960224561962078
5089	1.09319965096157	0.449076150928109	0.927248485301674	0.484310471299401	0.628165545612281	0.960357823831468
5090	1.89624475711579	0.634107204881765	1.04326258226362	0.607811701159557	0.543312367743544	0.960224561962078
5091	2.75809273443935	0.877420124121447	1.1513086959955	0.762106746151842	0.445996296833184	0.960224561962078
5092	0.999140025467105	0.666671706482951	1.02063483920409	0.653193170441681	0.513631752584402	0.960224561962078
5093	4.65095818968029	2.27830155798749	1.08635575818643	2.09719655906359	0.0359761789816735	0.960224561962078
5094	2.74374978172303	1.08234575016875	1.1510704927449	0.940294931536067	0.347066298702372	0.960224561962078
5095	1.6092764894451	0.664123848310159	1.13766555947776	0.58376017694956	0.559381674319514	0.960224561962078
5096	4.90803503981047	-0.241676371282808	0.962065310137205	-0.251205784821761	0.801655012299179	0.967651531145028
5097	0.803045106154219	0.114431904023439	0.911094392669132	0.125598296887988	0.900049911166811	0.983764860221564
5098	0.99709521726109	0.0238285538727245	0.912490108250609	0.0261137667765054	0.979166596507886	0.994400445557826
5099	0.850163580715225	0.411005807118123	0.998269453809874	0.41171830466166	0.680545906788626	0.960357823831468
5100	10.8077139332241	2.0904586988932	0.922627853007281	2.26576586874047	0.0234657221711603	0.960224561962078
5101	2.84164615496322	0.91719818069932	1.15356050908168	0.79510192441442	0.426554215324909	0.960224561962078
5102	5.6350113954432	1.43592249009672	0.984853998235251	1.45800544311109	0.144839042703368	0.960224561962078
5103	6.31903964991929	1.41584313487539	1.10108455939381	1.28586230984373	0.198491119510028	0.960224561962078
5104	1.91058770983211	0.446245162403028	1.04527677531492	0.426915792009807	0.669440662773041	0.960357823831468
5105	6.90138617823449	0.862971244414628	0.992646019695913	0.86936453407529	0.384647775248011	0.960224561962078
5106	4.86678134945872	1.30083548478154	1.03353122684464	1.25863200936172	0.208163279766716	0.960224561962078
5107	9.05720793993281	2.45453243282762	0.937628212286789	2.61780991726053	0.00884960861884136	0.960224561962078
5108	5.74950640568397	1.77535124124725	1.0683806595147	1.66172162088153	0.0965686039539575	0.960224561962078
5109	0.816774310968573	0.188946786626422	0.912084761802435	0.207159240609426	0.835885498075715	0.971150936719616
5110	4.30927139737133	2.17933181770257	1.11077219120347	1.96199709982059	0.0497628219059347	0.960224561962078
5111	0.803572827182896	0.0361150537279104	0.986822645943805	0.0365973094317973	0.970806088857216	0.994400445557826
5112	11.3652784593587	0.979552866290798	0.810001249542521	1.20932266072927	0.226538908239831	0.960224561962078
5113	3.50171702227316	1.15542672975132	1.10348138635081	1.04707405493472	0.295065424435358	0.960224561962078
5114	14.1945331240376	2.30550898042458	0.925043008678703	2.49232625812467	0.012690940303431	0.960224561962078
5115	7.73179736827048	1.05100218151145	0.923951125363451	1.13750841647389	0.255325808178647	0.960224561962078
5116	2.25627282179885	0.717117079335769	1.07931362009149	0.664419558862771	0.506421818000826	0.960224561962078
5117	7.47209443488545	-0.0185177425585793	0.869382500962755	-0.0212998795559754	0.983006439918555	0.995712580055003
5118	4.18086985868866	1.36223929802996	1.07289297669963	1.26968796293214	0.204195802173835	0.960224561962078
5119	7.64970448902953	0.418946048263068	0.829098414499989	0.505303159355003	0.613345924139137	0.960224561962078
5120	1.01033342375387	0.215870530381993	1.00947422119786	0.213844520096647	0.830668305874762	0.969890875577183
5121	1.38458169157286	0.240791326301475	0.97527610797362	0.246895545100329	0.804989064118218	0.967651531145028
5122	19.2744213745024	1.29096253454067	1.05172318797469	1.22747368252542	0.219644607420223	0.960224561962078
5123	0.29076829270932	-0.121551770734376	0.898360235471129	-0.135304041669466	0.892371489675679	0.983764860221564
5124	4.00116479992266	0.568030205029267	1.15544509690335	0.491611593273981	0.622993946213774	0.960357823831468
5125	2.13741334278366	0.992447870131273	1.136158845547	0.8735115464013	0.382384315511693	0.960224561962078
5126	6.93500099617733	0.251089856688188	0.877515682101551	0.286137173169209	0.774773061181337	0.967651531145028
5127	3.13200947622426	0.638118145538468	1.15193406975027	0.55395370472618	0.579610529466172	0.960224561962078
5128	12.1271611213105	1.99548256472606	1.08899070178995	1.83241469504389	0.0668896603453476	0.960224561962078
5129	20.4162848697721	0.759992426101936	0.975346652069214	0.779202373319886	0.435860512286316	0.960224561962078
5130	6.77960484321535	2.3623044944614	1.01981714475975	2.31640005916738	0.0205364355328	0.960224561962078
5131	3.36064490005558	1.18426049810057	1.12065835870487	1.05675426315404	0.29062375290865	0.960224561962078
5132	1.59174725959211	0.51499291667425	1.00466498732686	0.512601636536084	0.608230008202287	0.960224561962078
5133	0.456746246285511	0.148193063220713	0.905331369308411	0.16368930564498	0.869975736847993	0.983764860221564
5134	1.84124191098508	0.814982410857291	1.10762762004729	0.735790978941546	0.461857912025313	0.960224561962078
5135	5.06111368243347	2.25221138476096	1.075361456482	2.09437614783868	0.0362264858228092	0.960224561962078
5136	2.13528250770435	0.927807136550442	1.1564220731203	0.802308394241383	0.422374587908552	0.960224561962078
5137	3.72306817034579	1.27760713915118	1.10012493631036	1.16132913361283	0.245508076066929	0.960224561962078
5138	1.80230788120172	0.590857307718838	1.14138636408378	0.517666345342345	0.604691083259479	0.960224561962078
5139	2.82714163033486	0.551795326369911	1.12383174050121	0.490994609320981	0.623430260263727	0.960357823831468
5140	3.08399293226885	0.550739764662432	1.11279853744386	0.494914170113401	0.620660707770409	0.960357823831468
5141	5.31842243023836	1.93822229777512	1.01362517250412	1.91216866979224	0.0558545632512352	0.960224561962078
5142	2.02422137338558	1.05073436557547	1.15394889446374	0.910555372613593	0.362529693563698	0.960224561962078
5143	4.84147264627636	2.15716618658223	1.10274856137551	1.95617229723836	0.0504448607537164	0.960224561962078
5144	2.25998681996419	1.17973134322702	1.16115575516289	1.01599749902761	0.309630577511511	0.960224561962078
5145	6.00417756837246	1.50838114563734	1.04423727892159	1.44448122671418	0.148603656783347	0.960224561962078
5146	1.85505714267272	0.490790183013225	1.0384229769254	0.472630319165677	0.63647694761375	0.960357823831468
5147	2.18345642432271	1.13981127092422	1.16179156402615	0.981080691423026	0.326552951342651	0.960224561962078
5148	2.7547344035561	1.19884438951921	1.15131965445875	1.04127848845141	0.297746317457869	0.960224561962078
5149	3.23043357049314	0.259532154501643	1.12422111706646	0.230855078740083	0.817427390063804	0.967651531145028
5150	1.16307317083728	0.170078490807083	0.938708735687048	0.181183453760661	0.856223581645957	0.977390919310389
5151	1.76148851549984	-0.492866562441304	1.14848713316565	-0.429144174286729	0.667818306582824	0.960357823831468
5152	5.44764751330368	0.172699678079121	0.93063464196459	0.185571942297944	0.852780458148422	0.977390919310389
5153	1.59187000917251	0.341691383581125	1.07474409905657	0.317928131804649	0.750539452781666	0.963432919274349
5154	1.2179899900947	0.395771032714033	0.947036233907296	0.417904847295182	0.676016688346484	0.960357823831468
5155	1.2179899900947	0.395771032714033	0.947036233907296	0.417904847295182	0.676016688346484	0.960357823831468
5156	2.52656900705476	1.00935516444093	1.16134450658752	0.869126395066705	0.384778000984717	0.960224561962078
5157	2.05454711557596	0.647023673573714	1.15527173663752	0.560061891115686	0.575437223020929	0.960224561962078
5158	1.93347077460817	0.885425497401281	1.16162881671568	0.762227558975922	0.445924200606939	0.960224561962078
5159	2.56404262333248	0.91315122168446	1.14576459013163	0.796979789347089	0.425462769209869	0.960224561962078
5160	2.1595546401964	0.617526710600595	1.07061085674106	0.576798476040444	0.564075599169742	0.960224561962078
5161	1.99422715722928	0.268362163539575	1.14835604334861	0.233692472899807	0.815223731730448	0.967651531145028
5162	1.16585447652566	0.127792064087013	1.09817097094649	0.116368095194568	0.907360819922474	0.983764860221564
5163	7.76619380490098	2.01142203727224	1.04498926359243	1.92482555309461	0.0542511860453431	0.960224561962078
5164	671.058113316096	-0.633238624432351	1.08119792691842	-0.585682425637992	0.558088946287975	0.960224561962078
5165	4.9259052648276	1.08356229274239	1.0764750471	1.00658375283429	0.314134845315474	0.960224561962078
5166	4.26926407419057	0.791477163673768	1.14292944971947	0.692498704857099	0.488624198968127	0.960224561962078
5167	7.3627791151623	1.16053362284709	0.923403468910476	1.25680015499228	0.208826009925117	0.960224561962078
5168	4.42186112072898	1.03260417723242	1.10604483108387	0.933600653619544	0.350509928040891	0.960224561962078
5169	1.55386867186611	0.352437580932603	1.15632603348587	0.304790838160188	0.760525459827014	0.963432919274349
5170	6.08394354531679	1.68072601977395	1.09891473121125	1.52944170465475	0.126154980337596	0.960224561962078
5171	12.4466447142933	1.2376341216358	0.944118812547483	1.31088810559376	0.18989556996205	0.960224561962078
5172	19.4125694994523	0.625401114154818	1.03835452180501	0.60230017881336	0.54697434184007	0.960224561962078
5173	3.01364099553065	-0.37931203679212	1.11904602734617	-0.338960174579828	0.734639732050932	0.963432919274349
5174	1.78959739573762	0.490588458741474	1.14547091829301	0.428285389796324	0.668443354582539	0.960357823831468
5175	3.13017871435289	0.52032302024225	1.10213677289768	0.472103855925471	0.636852660336321	0.960357823831468
5176	4.84449735150099	1.60606003441552	1.02389145841515	1.56858426859179	0.116744840387882	0.960224561962078
5177	29.5215251143415	0.49384410346952	1.01651804209808	0.485819319497991	0.627095275373911	0.960357823831468
5178	0.595265790232995	0.138710854777539	0.907124103659453	0.152912764877443	0.878467069381154	0.983764860221564
5179	1.74399600835395	0.574257986097754	1.02485236703317	0.56033239964129	0.575252731807223	0.960224561962078
5180	1.55108736617773	0.41802647714216	1.08317554634024	0.385926804343541	0.699550878559049	0.960357823831468
5181	0.664525562206736	0.128840362194046	0.908671335249894	0.141789838851484	0.887246010398144	0.983764860221564
5182	2.70676716376688	-0.322879270367463	1.13643563097799	-0.284115757695489	0.776321671462383	0.967651531145028
5183	5.83374911914857	1.91579208984989	1.09953210840178	1.74237030024942	0.0814436693553453	0.960224561962078
5184	3.79894809537819	1.75477333906644	1.15010871414063	1.52574562516694	0.127073227085301	0.960224561962078
5185	7.31868324620137	0.135962010688573	0.925789123873021	0.146860669652046	0.883241996314087	0.983764860221564
5186	0.58153658541864	0.0375363021331125	0.90585391574474	0.0414374784727319	0.966947134942788	0.994400445557826
5187	0.401215679126124	0.266892052553256	0.904879135427255	0.294947736226937	0.768033804891408	0.967651531145028
5188	0.304497497523674	0.038426170544167	0.901003266920888	0.0426482033472371	0.965981969707258	0.994400445557826
5189	5.39984394505105	1.21122821262194	1.14993376298651	1.05330259151296	0.292202331568176	0.960224561962078
5190	4.0072551323281	1.78843313806699	1.13872720989016	1.57055449499578	0.116286166899357	0.960224561962078
5191	5.47563574358562	0.975581271512364	1.05005953006906	0.929072346448972	0.352851594581051	0.960224561962078
5192	0.942215120710773	-0.485602916663547	1.07710354795215	-0.450841441927104	0.652103830496654	0.960357823831468
5193	6.57330374153494	1.61300579221741	0.98049923872235	1.64508622599162	0.09995203067543	0.960224561962078
5194	3.61082884438927	1.8751818237392	1.14384270063928	1.63937036332984	0.10113614999051	0.960224561962078
5195	1.98792594874561	0.315542569758061	1.16194470497174	0.271564187527957	0.78595713909397	0.967651531145028
5196	0.0829889767880956	-0.0973527583078988	0.89331597051287	-0.108979086371877	0.91321907818246	0.98411628791531
5197	1.98855964761218	0.474505307122897	1.15398864754292	0.411187153472623	0.680935307402459	0.960357823831468
5198	8.24276809839356	-0.854507137773443	0.793763597814314	-1.07652598346207	0.281692086694962	0.960224561962078
5199	6.19484729800693	2.39803985779266	1.04055958869349	2.30456754601013	0.0211908053283142	0.960224561962078
5200	2.12155330289	0.8561181748261	1.15610262579684	0.740520915464599	0.458983974917561	0.960224561962078
5201	4.19945663022355	0.546387901602204	1.09521295004942	0.498887363939177	0.617858736408546	0.960357823831468
5202	14.5488951137262	-0.582922798296955	0.781522167084942	-0.745881336253381	0.455739100555436	0.960224561962078
5203	1.82698498514205	0.627443367789862	1.03524829724003	0.606080077081631	0.544461579931638	0.960224561962078
5204	1.80332660055197	0.588881754520859	1.14628484663192	0.51373073302953	0.607440261811039	0.960224561962078
5205	3.85660949761689	1.69705917851647	1.16042905930132	1.46244112461149	0.143620366946183	0.960224561962078
5206	5.91997157761497	1.10361015497508	0.966345690315594	1.14204488728527	0.253435362044235	0.960224561962078
5207	15.3505866674966	-0.475178378362184	0.790793555939827	-0.600888025443573	0.547914569364709	0.960224561962078
5208	7.43610226267552	1.11937059943108	0.902309127090569	1.24056220404244	0.214767521652026	0.960224561962078
5209	4.57404379358213	1.56156727818239	1.12561920576549	1.38729622787524	0.165351452877086	0.960224561962078
5210	5.56950444396645	2.58465363394429	1.0702806459124	2.41493074159154	0.0157382019355191	0.960224561962078
5211	1.71653759872524	0.477613636343258	1.02119256167963	0.467701836329176	0.6399978277191	0.960357823831468
5212	1.47075694549762	0.656699382012645	1.12980655537999	0.581249399629991	0.561072378224249	0.960224561962078
5213	1.23171919490905	0.447683705504349	0.949948098664722	0.471271752776418	0.637446684704803	0.960357823831468
5214	0.304497497523674	0.038426170544167	0.901003266920888	0.0426482033472371	0.965981969707258	0.994400445557826
5215	4.56628217159282	1.37286959763263	1.0743704612194	1.27783632107163	0.201307144781987	0.960224561962078
5216	5.46528164139701	0.119790090389862	0.993117738063935	0.120620230410334	0.903991844289276	0.983764860221564
5217	5.1813968522472	0.700869521637035	0.987899186060254	0.709454498522371	0.478042478367015	0.960224561962078
5218	3.02357017530637	0.961998497196097	1.16269524985826	0.827386623720508	0.408017959742983	0.960224561962078
5219	7.61035380755419	1.4997929571848	1.05415475122433	1.42274457848138	0.154810212694015	0.960224561962078
5220	8.21477555737344	1.4211774109221	1.15287231868793	1.23272749972827	0.217677448353052	0.960224561962078
5221	3.40913776124893	2.00986400999936	1.12094222909266	1.79301301872286	0.0729708424220292	0.960224561962078
5222	11.4369082071283	0.0567717910239193	0.984927663625969	0.0576405690697289	0.954034933930493	0.994400445557826
5223	3.8494070494824	0.55460359984903	1.15889031438398	0.478564358477564	0.632248579015986	0.960357823831468
5224	0.922081908796952	0.621726734200632	1.01976431085801	0.60967689061164	0.542075865802148	0.960224561962078
5225	2.49695040914515	1.06322697141655	1.16258782206074	0.914534757066297	0.360435923212492	0.960224561962078
5226	1.84451421499503	0.834882652899407	1.14818831006059	0.727130424150853	0.467146062718788	0.960224561962078
5227	14.8194909069896	1.1997074300514	0.813385067977264	1.47495629964642	0.140224292615586	0.960224561962078
5228	0.628655059979646	0.356657017078219	0.964098208672277	0.369938470863248	0.711428336073707	0.962109640556799
5229	4.98622312354973	1.97770137861764	1.02843365382874	1.92302281363012	0.0544771848235632	0.960224561962078
5230	1.62958702498647	0.249712333389295	1.16172486975259	0.214949632129745	0.829806588330655	0.969472499853413
5231	0.817424781577644	-0.290627975426607	1.0640896483123	-0.273123581164009	0.784758220464107	0.967651531145028
5232	1.90613511455986	0.336905326617146	1.16191907915359	0.289955929514961	0.77184995302301	0.967651531145028
5233	1.34269430235453	0.730612984400988	1.05866251406701	0.690128322003418	0.490113493920943	0.960224561962078
5234	1.50120543726839	-0.0658140010327315	1.13355893730791	-0.0580596198985763	0.953701138759015	0.994400445557826
5235	2.70523749513045	0.658764763222855	1.1491971477961	0.573239121317187	0.56648279919187	0.960224561962078
5236	6.52540994715993	1.19928656915343	0.915170658305109	1.31045128935242	0.190043212450287	0.960224561962078
5237	1.15624424132493	0.435701517028247	1.11506200441229	0.39074196349995	0.695987977457748	0.960357823831468
5238	2.37330153894267	0.880099241451904	1.16010618087681	0.75863680063037	0.448069852221479	0.960224561962078
5239	6.39164097206809	0.704833182693243	0.929585012138637	0.758223479821041	0.44831720722723	0.960224561962078
5240	10.131343422524	0.655706329010287	0.824074204544446	0.795688453047461	0.426213139990108	0.960224561962078
5241	4.12505916928593	0.486534955696675	0.929644216650967	0.523356082878041	0.600726479872007	0.960224561962078
5242	3.85472416169837	0.885955662728447	1.12801551176767	0.785410886185507	0.432212700103691	0.960224561962078
5243	3.88246479319497	1.83233014274698	1.14035231953367	1.60681055438751	0.108095932271305	0.960224561962078
5244	3.57502651769542	0.741243881071943	1.14433858103299	0.647748746182117	0.517147470382478	0.960224561962078
5245	0.515463090581562	0.271263425281115	1.02647041018422	0.264268139236893	0.791573309026127	0.967651531145028
5246	4.76717588432999	1.42095818406044	1.03506015002535	1.37282667488033	0.169806236017331	0.960224561962078
5247	2.28373123142756	0.805055954527531	1.08195291981981	0.744076696665881	0.456830076455477	0.960224561962078
5248	17.547343967751	1.53917979824084	1.00733412536529	1.52797344940805	0.126519130168841	0.960224561962078
5249	6.23796545144238	0.375268618146344	0.893495822319132	0.420000417206549	0.674485148916567	0.960357823831468
5250	8.29135422818843	1.64306145524321	0.868430236138541	1.89199015288672	0.0584922928203794	0.960224561962078
5251	0.913492492571023	0.305638542630704	0.914205635826056	0.334321437818019	0.738137015171346	0.963432919274349
5252	1.12405311418063	0.31030564810185	1.09845903596412	0.282491779795407	0.777566448797862	0.967651531145028
5253	1.02520409749887	-0.296837802612488	1.08782665901253	-0.272872336923551	0.784951351758155	0.967651531145028
5254	1.89534668772138	1.21326187006423	1.1608040928634	1.04519089614117	0.295934750208933	0.960224561962078
5255	2.88610607341624	0.980536115168277	1.14472527072984	0.856568942994613	0.3916831557397	0.960224561962078
5256	2.37403803642503	0.0912680617486965	1.16029000948127	0.0786596980090347	0.937303302439684	0.994400445557826
5257	4.84817882620832	0.700372531371377	1.11301685920114	0.629255995164406	0.529181475319629	0.960224561962078
5258	3.3142524411424	1.32896969212329	1.143677348573	1.16201452602124	0.245229564534568	0.960224561962078
5259	2.26276812565257	0.97707276897012	1.15800951733661	0.843751933246073	0.398808040413143	0.960224561962078
5260	4.72155772520382	2.25125353743997	1.10811237449775	2.03161122396124	0.042193029528738	0.960224561962078
5261	5.84430359929267	1.15698437318081	1.02106551841564	1.13311472409338	0.257166078843879	0.960224561962078
5262	1.42601480517671	-0.0419746923837704	1.06404711266853	-0.039448152139149	0.968533089908086	0.994400445557826
5263	3.28941586491458	1.4075967946133	1.16249016826907	1.2108461929697	0.225954357671628	0.960224561962078
5264	3.92067490695505	1.06367436413965	1.16021523635921	0.916790549551385	0.359252405741961	0.960224561962078
5265	1.95455662996356	0.655559673787051	1.14733241799276	0.571377277854609	0.567743928150091	0.960224561962078
5266	6.84421894457378	1.8634242676054	0.924572844254666	2.01544343334849	0.0438582074156547	0.960224561962078
5267	4.08616186220967	1.0188021609529	1.15641212936234	0.881002659073358	0.378316380765588	0.960224561962078
5268	9.71754635699269	1.44090097176114	0.818325386010782	1.76079221834401	0.0782735774117725	0.960224561962078
5269	9.09853513526933	1.45218001952129	0.918858952256534	1.58041668523229	0.114011472964889	0.960224561962078
5270	0.429287836656803	-0.103979954533996	0.90187979311172	-0.115292476146115	0.908213301761812	0.983764860221564
5271	5.17576816496174	1.72696388845027	1.08545823289053	1.59099985252444	0.111609608957467	0.960224561962078
5272	2.88108903440821	0.686625856378648	1.12634131169729	0.609607273788055	0.542121992096755	0.960224561962078
5273	5.5002939761589	0.824721749646342	1.01541425010726	0.812202260859765	0.416675582463403	0.960224561962078
5274	3.10180648361427	0.57797950356576	1.16186903276354	0.49745667305636	0.61886704913463	0.960357823831468
5275	1.4734155016056	0.884616728607196	1.13783318121447	0.777457313789177	0.436889009370146	0.960224561962078
5276	0.831031236811604	0.238562821608568	0.987413240344617	0.241603830960689	0.809087153343611	0.967651531145028
5277	21.8786747769835	-0.0125841849112637	1.00174505028456	-0.0125622631304132	0.989977027821827	0.998252861019706
5278	2.07922421951629	0.865062912471161	1.12422371658267	0.769475772225043	0.441610921858081	0.960224561962078
5279	1.24630764678616	-0.304651219260357	1.04512944642969	-0.291496158969675	0.770671881095517	0.967651531145028
5280	1.71653759872524	0.477613636343258	1.02119256167963	0.467701836329176	0.6399978277191	0.960357823831468
5281	2.54735487839327	0.31189903801209	1.16076179283531	0.268702019602348	0.788158997508684	0.967651531145028
5282	0	NA	NA	NA	NA	NA
5283	0.222036241764256	0	0.894195169783507	0	1	1
5284	0.816774310968573	0.188946786626422	0.912084761802435	0.207159240609426	0.835885498075715	0.971150936719616
5285	2.03333851064019	1.2890644357824	1.16180574341461	1.10953525844499	0.267199342864042	0.960224561962078
5286	8.75864760140073	2.03421286898572	1.01251730391698	2.00906479436574	0.044530262652744	0.960224561962078
5287	2.41244434517971	0.529077917087157	1.16264494503921	0.455064049729573	0.649063160570068	0.960357823831468
5288	7.6323157323197	0.70313461277929	0.993429243912492	0.707785297330372	0.479078598083421	0.960224561962078
5289	4.16738405341054	-0.323026907710689	1.09531148294333	-0.294917850073705	0.768056635708304	0.967651531145028
5290	3.21286761793305	0.459757067010125	1.16071209858163	0.396099142562518	0.692031890822988	0.960357823831468
5291	1.71931890441362	0.523632994306004	1.13730673484417	0.460414924367569	0.645218424275547	0.960357823831468
5292	3.54290463671622	1.34091096065035	1.10080862962159	1.21811450652534	0.223180461965073	0.960224561962078
5293	7.65627413951285	0.609930514747465	0.956763028381992	0.637493816811604	0.523803236228567	0.960224561962078
5294	1.05201203651851	0.285338211097562	0.917653415021417	0.310943332664329	0.755843701461453	0.963432919274349
5295	4.75211111521494	1.78562217627934	1.13987560599924	1.56650617565767	0.117230163942474	0.960224561962078
5296	1.84398649396636	0.730718126068276	1.10802524006068	0.659477870764264	0.509588951811896	0.960224561962078
5297	9.16746333060412	2.01198149652126	0.977559493177436	2.05816782565485	0.03957402598697	0.960224561962078
5298	1.59526506276286	-0.110049762689436	1.13345469658388	-0.0970923346306782	0.922653068180385	0.988690134431294
5299	2.50638122109378	0.770900723713897	1.14450368066165	0.673567710387992	0.500586187475118	0.960224561962078
5300	2.47103843989537	1.08191366741367	1.16160074827151	0.931398907088846	0.351647256009283	0.960224561962078
5301	2.33202789762631	0.977474191351148	1.15668873014724	0.845062431987833	0.398075982267728	0.960224561962078
5302	5.16763092472574	-0.340648319803458	0.957981294980694	-0.355589740205024	0.722147828240306	0.963432919274349
5303	4.08955481617547	1.2970669612983	1.07507847555535	1.20648584339695	0.227630214329518	0.960224561962078
5304	3.06355964714709	1.39587692758051	1.15658491348965	1.20689532718257	0.227472457487472	0.960224561962078
5305	4.2479327196744	1.67766206391187	1.09717553114813	1.52907353133942	0.126246216197152	0.960224561962078
5306	4.30840688042761	0.584386203066621	1.15233465276598	0.507132369632295	0.612061944096064	0.960224561962078
5307	0.235237725549933	0.0452731220417752	0.898889601839941	0.0503656088012426	0.959831041789136	0.994400445557826
5308	0.803572827182896	0.0361150537279104	0.986822645943805	0.0365973094317973	0.970806088857216	0.994400445557826
5309	0.570465936712272	0.209561987481722	0.948741510683109	0.220884176693011	0.825182618306658	0.968174360513242
5310	2.49849684952408	1.22389932794315	1.16127151344213	1.05393038042876	0.291914792486275	0.960224561962078
5311	5.99229277752043	0.59881781410757	0.919701845150356	0.651099937730007	0.514981976715106	0.960224561962078
5312	10.1531333025086	0.898979901419024	0.813483508914087	1.10509910965382	0.269116646361339	0.960224561962078
5313	3.90976373053618	0.764567886161109	1.11730497781568	0.684296500366295	0.493787956412672	0.960224561962078
5314	0.830503515782927	0.256463412063288	0.912777714361444	0.280970282280285	0.778733193340938	0.967651531145028
5315	5.61408711199986	2.06251174770562	1.03142392346042	1.99967414056667	0.0455354622957259	0.960224561962078
5316	3.17912795078527	0.838558329630367	1.13476955264037	0.738967949641595	0.459926459447129	0.960224561962078
5317	3.43351689160587	1.44613793573599	1.16246912868916	1.24402265836229	0.213491223826995	0.960224561962078
5318	1.90229836681412	0.577152868642379	1.15073794277621	0.501550220243863	0.615983943224888	0.960357823831468
5319	0.986024568554721	0.185392126116253	1.00732543214414	0.184043924833345	0.853978996396447	0.977390919310389
5320	0.944223206209688	0.357051377980344	1.00463984563773	0.355402365863455	0.722288176705426	0.963432919274349
5321	6.3326440055287	0.98455585809464	0.938591229907348	1.04897193445099	0.294191035693714	0.960224561962078
5322	2.81857216507353	0.784785967873649	1.16169015758961	0.675555321482622	0.499323016254336	0.960224561962078
5323	0.456746246285511	0.148193063220713	0.905331369308411	0.16368930564498	0.869975736847993	0.983764860221564
5324	2.34783126384827	0.962358449778901	1.16059478295767	0.829194188971293	0.406994532660365	0.960224561962078
5325	1.97187708336286	1.30518705008861	1.15986643955436	1.12529081416485	0.260465820972467	0.960224561962078
5326	3.72009066966282	0.437248298122657	1.12713454853098	0.387929106327662	0.698068497831973	0.960357823831468
5327	1.2328606638397	0.143892512695371	1.04935124855239	0.137125212262218	0.89093182420209	0.983764860221564
5328	1.73398080170494	0.935142428006886	1.14934815228984	0.813628512947802	0.415857798440831	0.960224561962078
5329	4.41548865564673	0.417793668097396	0.992417120868966	0.420985953700167	0.673765338756261	0.960357823831468
5330	5.50363762595851	0.850520473416699	0.934035003917203	0.910587365408944	0.362512830101682	0.960224561962078
5331	5.72873641383825	0.702186647072236	0.998954283682468	0.702921703767813	0.482104544636321	0.960224561962078
5332	2.52276898201612	1.14810397394679	1.16152416568048	0.988446050344696	0.322934243860934	0.960224561962078
5333	2.32394733106201	0.257524147240089	1.15178190507401	0.223587595972469	0.82307821632007	0.968174360513242
5334	3.05907032916773	1.03769508663	1.11732706639294	0.92872992863225	0.353029066370349	0.960224561962078
5335	1.45322771564463	0.505982319528511	0.98504755164511	0.513662836564061	0.607487739050744	0.960224561962078
5336	2.52869984213407	1.22407046095648	1.16196071631279	1.05345253395552	0.292133637832808	0.960224561962078
5337	1.84741827026381	0.291962490144673	1.16364100794755	0.250904263557745	0.801888127993461	0.967651531145028
5338	0.667306867895116	0.0475644408214871	1.04779142548065	0.0453949513851655	0.963792505052109	0.994400445557826
5339	29.2246098661599	0.532109085714859	1.08508661519241	0.490383973283557	0.623862215405132	0.960357823831468
5340	2.72528366014398	0.484381294855938	1.15490082577203	0.419413757481848	0.674913771418365	0.960357823831468
5341	3.27637385341639	0.915685795467529	1.1177945438907	0.81918971645747	0.412678181153171	0.960224561962078
5342	2.3346497310272	1.27508636549093	1.16210466490782	1.09722162210929	0.272544523414919	0.960224561962078
5343	4.78137931572342	0.479738677320955	1.01265210200715	0.473744809663733	0.635681895234228	0.960357823831468
5344	11.7534888496937	1.42034648905191	0.803108357960326	1.76856145870427	0.0769670873672297	0.960224561962078
5345	4.65086689292604	0.0738436357753111	1.04602030466424	0.0705948397426319	0.9437202174566	0.994400445557826
5346	3.70198441461496	0.772992302225742	1.12083447436309	0.68965785752173	0.490409373596588	0.960224561962078
5347	2.87302733921096	0.437583349653462	1.13407382295641	0.385850850972584	0.699607132334921	0.960357823831468
5348	1.87410345970305	1.03057113483204	1.12232282566211	0.918248396332899	0.358488836767311	0.960224561962078
5349	2.8363836167944	1.55296464201468	1.15184253524742	1.3482438740475	0.177579957494992	0.960224561962078
5350	1.5517378367868	-0.0353817917559864	1.13627954900251	-0.031138280880833	0.975159260732658	0.994400445557826
5351	10.6371060607481	0.559719421687842	0.810050142738715	0.6909688575518	0.489585112082708	0.960224561962078
5352	9.40303155319545	1.75934530354761	0.921936247782203	1.90831557798044	0.0563504407773559	0.960224561962078
5353	4.75175861818926	1.02284206770341	0.983212801989842	1.04030588864727	0.298197809233646	0.960224561962078
5354	3.82620821038776	0.0131927701625785	1.04192676808806	0.0126618977135862	0.989897537248542	0.998252861019706
5355	0.531936878377196	0.139469138779287	0.906196584209849	0.153906052185019	0.877683812011386	0.983764860221564
5356	8.01615531336751	-0.845919661885818	0.977869047767772	-0.865064359912853	0.387003464904958	0.960224561962078
5357	2.11905421906951	0.191417144841856	1.1585758954825	0.165217613786224	0.868772701985754	0.983764860221564
5358	1.56719290523218	0.15112886777167	1.13467522913854	0.133191299052512	0.894042091888889	0.983764860221564
5359	6.70374061929358	0.279775256748732	0.889980761515922	0.314361016379933	0.753246860834653	0.963432919274349
5360	6.17238813561676	1.36007018836631	0.93368248273468	1.45667313408599	0.145206629199451	0.960224561962078
5361	2.4507646270611	1.07520571030612	1.14821044198448	0.936418683362443	0.349057662130242	0.960224561962078
5362	1.61920566922082	0.611223055340493	1.00932522981773	0.605575920707812	0.544796396004224	0.960224561962078
5363	4.47123527957424	0.238823144780505	0.97577949609843	0.244751140739704	0.806649127420974	0.967651531145028
5364	3.00735973801158	1.16450975386004	1.15855934362635	1.00513604267785	0.314831346828905	0.960224561962078
5365	5.378230368667	1.47378390718569	1.10377401412312	1.3352225078034	0.181803532337874	0.960224561962078
5366	4.65212062960254	0.712015462603591	1.04610824639787	0.680632683142802	0.496103941105087	0.960224561962078
5367	7.27715597174629	-1.0696978907083	0.808169832881492	-1.32360532054796	0.185634157226472	0.960224561962078
5368	2.11775327785137	0.701547222532133	1.06665857610173	0.657705509757437	0.510727381249134	0.960224561962078
5369	8.87416970423606	0.316990898632894	0.999189905049787	0.317247899554289	0.751055507003314	0.963432919274349
5370	1.6393934551818	1.04069876622006	1.14667322808421	0.907580940002228	0.364099668144872	0.960224561962078
5371	4.88213253969075	2.26935292839105	1.10929501630318	2.04576140254723	0.0407798512277596	0.960224561962078
5372	16.4060270322036	1.31911127187838	0.880081791699209	1.49885077082611	0.133912350004761	0.960224561962078
5373	4.74345142383122	1.7195508922896	1.03322857521258	1.66425022840258	0.0960624342136466	0.960224561962078
5374	2.8443907379445	0.814079099297044	1.15390435773515	0.705499631611492	0.48049936112007	0.960224561962078
5375	4.39041386057256	0.763934962545606	1.01784093559228	0.750544545647572	0.452926805577026	0.960224561962078
5376	2.74982016316386	0.272833503589332	1.13597466081031	0.240175694935585	0.810194054924271	0.967651531145028
5377	4.07586233406822	1.01721624880718	1.04403004007857	0.974317030887947	0.329899151010905	0.960224561962078
5378	4.5169961392454	1.24630925515428	1.12694620602937	1.10591725539897	0.268762335390572	0.960224561962078
5379	1.44055395288763	0.4994992003795	1.07994359524385	0.462523415648125	0.643706014490418	0.960357823831468
5380	2.78717102986119	0.877909423166357	1.14900077759882	0.764063384709809	0.444829470938529	0.960224561962078
5381	2.62078810483672	0.402164144784692	1.15180711115867	0.349159282738003	0.726969732485308	0.963432919274349
5382	1.7843715802759	1.03619337797787	1.15790701494036	0.894884791790675	0.37084867731093	0.960224561962078
5383	7.11708658843252	0.692092120038328	1.00506646516102	0.688603335230623	0.491072921648035	0.960224561962078
5384	6.29853402860139	0.516507439098249	1.03953414616817	0.496864331972304	0.619284725538039	0.960357823831468
5385	2.16379635939042	0.997826661594735	1.16123783650289	0.859278461507704	0.390186904246536	0.960224561962078
5386	3.95548786750024	0.200289053057443	1.07993791965646	0.185463487680068	0.852865516035798	0.977390919310389
5387	5.70647017802949	0.636685711978706	0.9872944604552	0.644879250801384	0.519005438989333	0.960224561962078
5388	2.8443907379445	0.814079099297044	1.15390435773515	0.705499631611492	0.48049936112007	0.960224561962078
5389	3.50675401224579	2.05362008382826	1.11920247578661	1.83489594444019	0.0665211087049184	0.960224561962078
5390	0.471003172128543	0.159953792896737	0.932133591603276	0.171599644447547	0.863752286996846	0.982183571569429
5391	4.77867145544924	2.2138433744589	1.0813415248585	2.04731190245245	0.0406274699922454	0.960224561962078
5392	6.95343356530569	1.79998747511028	0.945037725793236	1.90467261357151	0.0568226410787357	0.960224561962078
5393	2.80586167960943	0.787236692293528	1.15174047533171	0.683519168731823	0.494278841834686	0.960224561962078
5394	2.49163329692918	0.646918841226005	1.13499355800966	0.56997578238281	0.568694123771611	0.960224561962078
5395	5.78062213980632	0.289332413039864	0.921302103266817	0.314047272891193	0.753485135069742	0.963432919274349
5396	2.19028535383506	0.764173001278061	1.12999302334278	0.676263468439354	0.498873382433932	0.960224561962078
5397	1.50993647444177	0.18113798344965	1.13160651352019	0.160071527766456	0.872824729491239	0.983764860221564
5398	2.57266876226551	1.16308543078956	1.15060501149727	1.01084683202975	0.312089744462717	0.960224561962078
5399	0.498547608630545	-0.0955794574090085	0.903089266411024	-0.105836112734295	0.915712383867595	0.984552517669952
5400	7.13279972853209	0.370165540307746	0.894322046925561	0.413906312139208	0.678942720975179	0.960357823831468
5401	4.37171482129182	-0.331729992767091	1.01751646600954	-0.326019287007765	0.744409762752805	0.963432919274349
5402	3.24570921568642	0.109541675532255	1.12245808646985	0.0975908827711919	0.922257164441459	0.988690134431294
5403	1.74665456446194	0.897099260809692	1.10241313336698	0.813759591261201	0.415782688373758	0.960224561962078
5404	4.29438077266173	2.19010773746037	1.08738873531386	2.01409823951158	0.0439992203352711	0.960224561962078
5405	12.1239150418849	0.931751414851429	0.82794491850209	1.12537850529616	0.260428675556606	0.960224561962078
5406	0.996481469359119	0.348417823846492	0.915382573889445	0.380625362318261	0.70348125903375	0.960357823831468
5407	1.66524875075987	0.867286389601334	1.14792624845266	0.755524486673587	0.449934345679026	0.960224561962078
5408	2.28700353543751	0.885391895007258	1.13498871622708	0.780088720133248	0.435338655415487	0.960224561962078
5409	1.46757066836096	0.303219299187909	0.987312182338066	0.307115930110223	0.758755132795271	0.963432919274349
5410	1.12127180849225	0.28673658824353	0.930145845433236	0.308270568160175	0.757876459433572	0.963432919274349
5411	3.08616258967981	1.20097290409877	1.13129351571802	1.06159267017147	0.288420642711676	0.960224561962078
5412	0.667184118314722	0.391410506700212	0.966824147310101	0.4048414675918	0.685594045436048	0.960357823831468
5413	2.81786502079276	1.06200260358089	1.15529403009434	0.9192487591182	0.357965472789226	0.960224561962078
5414	0.650796357392382	0.0355951527504303	0.907090025025355	0.0392410364665132	0.968698216448111	0.994400445557826
5415	3.49436457098123	1.91858788171196	1.14592619778514	1.67426827785264	0.0940778859731174	0.960224561962078
5416	10.6813614526014	2.21133195528829	0.856247939073913	2.58258368210496	0.00980635771330538	0.960224561962078
5417	5.75616328144974	1.92831748877995	1.09673300878251	1.7582378512712	0.0787070473248893	0.960224561962078
5418	4.41952258879354	1.11606739083767	1.12793578210998	0.989477777493589	0.322429437287366	0.960224561962078
5419	4.25857844596788	0.886077131910921	1.07348880491851	0.825418139295998	0.40913424012089	0.960224561962078
5420	11.0018710928008	1.06300690540117	0.838500017587055	1.26774822075755	0.204887878528176	0.960224561962078
5421	4.44606717731234	1.38148660915713	1.15655281574677	1.19448639988405	0.232287757557079	0.960224561962078
5422	4.22288209711193	0.101285954498976	0.980870993110854	0.103261239459988	0.91775563755141	0.985920314378452
5423	5.30594379184409	0.837616252717334	1.09766616911854	0.763088338041762	0.445410714521806	0.960224561962078
5424	0.886034082942315	0.180754999033456	0.913028379971433	0.19797303457217	0.843066161449078	0.97257593634364
5425	3.40618123155755	1.02358819896709	1.1603757867514	0.882117854107194	0.377713078114563	0.960224561962078
5426	3.75408320547689	1.1904805126921	1.16095310244857	1.02543376660199	0.305158562381962	0.960224561962078
5427	4.90219547644678	1.42188034970151	0.998508716096766	1.42400394386113	0.154445330415233	0.960224561962078
5428	2.20074225463946	0.753701856126282	1.07455511214725	0.701408282931326	0.483048254321721	0.960224561962078
5429	2.12752088571504	0.813607171175141	1.15835214330826	0.702383274270527	0.482440173153548	0.960224561962078
5430	5.4532479269851	2.06374701911949	1.06620777791353	1.93559553950924	0.0529172571104235	0.960224561962078
5431	3.75735550948685	1.12209001114406	1.15723626783295	0.969629143446477	0.332231380792392	0.960224561962078
5432	6.0377388918657	1.27407256736658	1.05303974771151	1.20989978786216	0.226317348651893	0.960224561962078
5433	1.04146910884082	0.56211087599207	1.09444718257351	0.513602561130731	0.6075298885998	0.960224561962078
5434	3.89620974972483	1.65270944749911	1.07075512902553	1.54349897814938	0.122709755234582	0.960224561962078
5435	4.52834900981966	0.384486161966232	1.13005101992563	0.340237878809696	0.733677394750042	0.963432919274349
5436	8.34213422649217	2.37735842590794	0.962720350266679	2.46941744323718	0.0135333241932585	0.960224561962078
5437	5.75705715159505	1.46280467927693	0.976323686879595	1.49827838752142	0.134060936856196	0.960224561962078
5438	4.54441782616701	1.54570485604455	1.15003958848215	1.34404491073617	0.17893386457461	0.960224561962078
5439	22.1947401535157	-0.938792814087039	1.10921712408768	-0.846356221609171	0.397354052848719	0.960224561962078
5440	0.691983971835444	0.285542714746565	0.910358685248223	0.313659571082917	0.75377960979158	0.963432919274349
5441	4.4135917286756	1.09958315074725	1.13474977749608	0.969009355678021	0.332540521288368	0.960224561962078
5442	2.22064781873255	0.465857029781737	1.16113152243009	0.401209527760267	0.688265866551202	0.960357823831468
5443	2.52660572976186	0.857530385405282	1.14951721076461	0.745991775829861	0.455672383106195	0.960224561962078
5444	3.4719704049022	0.845855314840021	1.1094602598354	0.762402535234129	0.445819793595912	0.960224561962078
5445	1.30808801863848	0.206972587704624	1.15427843206858	0.179309066126886	0.85769502848262	0.978180188334194
5446	3.26195745528587	1.31012986754958	1.16246528048979	1.12702709451897	0.259731025595098	0.960224561962078
5447	2.06945451202806	0.290332908545867	1.16031533464119	0.250218970548769	0.802418015410966	0.967651531145028
5448	2.02474909441426	1.03045624265666	1.15787963406635	0.889951090199084	0.373492148998484	0.960224561962078
5449	3.64416354008877	1.11351080757817	1.14815776453483	0.969823870876581	0.332134292122425	0.960224561962078
5450	1.47288778057693	0.765699324498442	1.08616913076424	0.70495404703657	0.480838833988664	0.960224561962078
5451	33.4375103001078	0.409277933773357	1.0929478357955	0.374471608222238	0.708053475920006	0.962079887684718
5452	3.95050755119931	1.34099584316271	1.08645921351171	1.23428088830714	0.217098254976741	0.960224561962078
5453	2.07774385504605	0.279212582058635	1.15618075936	0.241495613724961	0.809171015643066	0.967651531145028
5454	1.2179899900947	0.395771032714033	0.947036233907296	0.417904847295182	0.676016688346484	0.960357823831468
5455	2.11852649804083	0.259533890110307	1.15442689893942	0.224816218635188	0.822122248382358	0.968174360513242
5456	0.152248748761837	-0.114865815914843	0.895500273327854	-0.128269995371391	0.897935309151685	0.983764860221564
5457	1.30715532616152	0.0292811486511347	1.12602021047106	0.0260041057690122	0.979254063629532	0.994400445557826
5458	2.94441794626401	0.683697630458072	1.13035696463824	0.604851079655957	0.545277950466803	0.960224561962078
5459	3.24585191623142	0.353977847194904	1.13468106133696	0.311962417683981	0.755069085304202	0.963432919274349
5460	1.84132793785837	0.439606865126887	1.03708755776979	0.423885969736481	0.67164897680184	0.960357823831468
5461	4.93799463288422	1.11471174306561	1.08189827703343	1.03032952979845	0.302855341470063	0.960224561962078
5462	1.49927079718368	0.694214040346898	1.13993637036033	0.608993675785129	0.54252863080585	0.960224561962078
5463	2.22555785987569	0.967488518430498	1.1588386434311	0.834877680266123	0.403786582854177	0.960224561962078
5464	7.14857374155246	2.15630420401731	0.963715579725941	2.23749024025378	0.0252543164945728	0.960224561962078
5465	2.58055313383522	0.841684424538996	1.16267886928422	0.723918226068015	0.46911593977814	0.960224561962078
5466	7.61398177884624	1.70200488093975	1.01083744080258	1.68375726129456	0.092228589984849	0.960224561962078
5467	12.8731176511718	0.979492847832442	0.91365091515382	1.07206464918556	0.283690995528114	0.960224561962078
5468	1.14093187342454	0.479770077094987	1.04162599681343	0.460597257137121	0.645087579835351	0.960357823831468
5469	8.37533047150064	2.60699962302819	0.952696157248617	2.73644393670821	0.00621071767656048	0.960224561962078
5470	12.8890857595622	2.00049820881318	0.880700057423728	2.27148640669464	0.0231175489378001	0.960224561962078
5471	17.3584892482724	2.76490236397039	0.89188634569376	3.10006132207315	0.00193480580828232	0.960224561962078
5472	8.50689726572351	1.39091375672434	0.894354232014328	1.55521571535658	0.119894702726386	0.960224561962078
5473	4.10527425514869	0.931125550794917	1.08876635325504	0.85521154103557	0.392434048166182	0.960224561962078
5474	2.32565534335298	0.538377986635287	1.12735518125469	0.477558444390257	0.632964513893607	0.960357823831468
5475	9.7975788040894	1.16653949041571	0.86454153112548	1.34931573373587	0.177235574067233	0.960224561962078
5476	6.13586608318305	2.56822005202433	1.02047265262819	2.51669659682694	0.0118460790500854	0.960224561962078
5477	1.43500919285092	0.457480265964093	1.15777134830044	0.395138700431354	0.692740529080425	0.960357823831468
5478	0	NA	NA	NA	NA	NA
5479	2.49203826837746	0.984714776432155	1.14342954705028	0.86119409715486	0.389131150590661	0.960224561962078
5480	3.07885314368042	0.65039624105449	1.10768686409749	0.587166158717979	0.557092118121774	0.960224561962078
5481	2.00996444754255	0.858681252128658	1.12006455608408	0.766635501020352	0.443298261852692	0.960224561962078
5482	3.17921397765856	0.551657361994584	1.15936197172194	0.475828408598943	0.634196629055702	0.960357823831468
5483	2.77398949704011	1.06097406559637	1.16310546278983	0.912190768196993	0.361668302849343	0.960224561962078
5484	2.25590247343312	1.27683262692574	1.16033558033405	1.10039944354559	0.271158120835154	0.960224561962078
5485	0.867079062666242	0.623264915160702	1.00146512991005	0.622353087038273	0.533709720866688	0.960224561962078
5486	2.78004310673845	0.76649992706165	1.16108109873563	0.660160541667879	0.509150810780567	0.960224561962078
5487	0.886034082942315	0.180754999033456	0.913028379971433	0.19797303457217	0.843066161449078	0.97257593634364
5488	2.39896063952615	-0.30853605420346	1.16152761434345	-0.265629547152747	0.790524527512284	0.967651531145028
5489	2.24678533617851	1.07559930131218	1.16181330579192	0.925793581421439	0.354553263470025	0.960224561962078
5490	29.8620881030257	-0.231292745308947	1.08807129954921	-0.212571313483567	0.83166134857508	0.970349224287502
5491	5.79986157076591	1.21999233801558	0.979274025235116	1.24581302738288	0.212833045744119	0.960224561962078
5492	3.67035773120643	1.65055462857416	1.16233187567251	1.42003730872404	0.155596819716891	0.960224561962078
5493	2.32039280518417	1.06010562994353	1.14736508681732	0.923947958782811	0.3555134116524	0.960224561962078
5494	5.26324645972919	1.99481719644478	1.14424517348621	1.74334770437974	0.081272897209396	0.960224561962078
5495	0.456746246285511	0.148193063220713	0.905331369308411	0.16368930564498	0.869975736847993	0.983764860221564
5496	2.04970632059793	0.936408378660918	1.15885641583987	0.808045212384885	0.419064555273012	0.960224561962078
5497	5.64498987938511	0.367031764461265	0.983367852064921	0.373239539700789	0.708970170505527	0.962109640556799
5498	7.05816934989278	-0.649034818506976	0.901503017153013	-0.719947472340866	0.471557337582218	0.960224561962078
5499	3.44349327592323	0.678438326214329	1.10410566193388	0.614468659662537	0.538905676911849	0.960224561962078
5500	2.73002057690867	1.03220152043756	1.15065500829938	0.897055601368397	0.369689248490911	0.960224561962078
5501	4.02598250478343	1.34169134300835	1.1470413691966	1.16969743118165	0.242122752282636	0.960224561962078
5502	2.87924252082134	0.543522222771567	1.15134943796666	0.47207407659959	0.636873915270002	0.960357823831468
5503	2.81848613820023	1.08410150967504	1.14076176923976	0.950331207538206	0.341943986544345	0.960224561962078
5504	5.38488304518366	1.26089516927535	0.973955050451632	1.29461330755527	0.195453659373282	0.960224561962078
5505	19.3405913943355	2.21132446915863	0.860704565003873	2.56920267310152	0.0101932822192797	0.960224561962078
5506	4.22747636393649	1.16870540038836	1.09250714450188	1.06974623119854	0.284733550600218	0.960224561962078
5507	17.3158380411016	1.22359108652807	0.889624772372156	1.37540132034026	0.169007059877665	0.960224561962078
5508	4.8384091187201	1.51349704503881	1.09871329975285	1.37751772494177	0.168352238566634	0.960224561962078
5509	3.08457522734468	1.34612082513749	1.11505541596033	1.20722325175037	0.227346178178565	0.960224561962078
5510	6.10254816819174	1.66902292832005	1.12585565036755	1.48244841847636	0.138221018831167	0.960224561962078
5511	3.33096962847427	1.12896871933815	1.10616411220203	1.02061593472846	0.307436436897081	0.960224561962078
5512	2.21851698365324	0.238537047607081	1.16333154403201	0.205046488106331	0.837535804323021	0.972107189004552
5513	0.823232892115193	0.139137586559521	0.981410068617252	0.141773139494643	0.887259201306853	0.983764860221564
5514	3.8886579242162	0.439146096355167	1.06452779484333	0.412526660630593	0.679953443641864	0.960357823831468
5515	3.23166843580259	1.72337885534079	1.15080640773021	1.49754019769484	0.134252754195281	0.960224561962078
5516	0.570993657740949	0.124010685304761	1.03249807474398	0.12010742522257	0.904398050497679	0.983764860221564
5517	12.6473328297988	1.10475411974122	0.940057600743866	1.17519832706744	0.239915379389312	0.960224561962078
5518	0.958602881633114	0.0367106529557981	1.12779849247617	0.032550720009562	0.974032868718587	0.994400445557826
5519	2.70497312460261	0.945544833443113	1.13507436019014	0.833024572314997	0.404830871118246	0.960224561962078
5520	1.50095993810761	0.567532402852296	1.08526561317783	0.522943320014049	0.601013697175991	0.960224561962078
5521	1.7175930407826	0.524727404192314	1.10803294669907	0.473566608064791	0.635808992068283	0.960357823831468
5522	2.67514048035836	0.821273626827203	1.16046215203331	0.707712548305176	0.479123783296316	0.960224561962078
5523	4.16515251933999	0.999415960217408	1.10646813618477	0.903248749361646	0.36639389022152	0.960224561962078
5524	3.35985382852607	1.09337339170545	1.12653801722639	0.970560580278868	0.331767143884315	0.960224561962078
5525	3.85859553252666	0.926822862511506	1.0644308077192	0.870721568551225	0.383906198812426	0.960224561962078
5526	2.70006308345947	0.391164246574735	1.16300919296747	0.336338052132383	0.736615958151075	0.963432919274349
5527	1.35675503320297	-0.0426345360961875	1.05699483433572	-0.0403356144337087	0.967825560659897	0.994400445557826
5528	2.41603559376466	1.10742894108004	1.16084801622605	0.953982714016541	0.340092392390675	0.960224561962078
5529	0.595265790232995	0.138710854777539	0.907124103659453	0.152912764877443	0.878467069381154	0.983764860221564
5530	13.1797554529048	1.49480740183227	1.02881282730051	1.45294397791916	0.146239309139043	0.960224561962078
5531	1.96942730370856	0.349360923143469	1.16260154195215	0.300499277299124	0.763796347601105	0.965200642461724
5532	3.32863211656582	0.979685351118919	1.12571543090929	0.870277979868844	0.384148509675252	0.960224561962078
5533	6.45541367770382	1.75839847922744	0.942474725253894	1.8657248116163	0.0620798764718384	0.960224561962078
5534	0.539735223073607	0.236523367737852	0.907085870084559	0.26075080159258	0.794284686798392	0.967651531145028
5535	5.74295969803951	0.954172950902269	0.930144142354399	1.02583342457767	0.304970108064086	0.960224561962078
5536	4.72637856921726	1.33448928018792	1.1483176349717	1.16212556486673	0.245184464394523	0.960224561962078
5537	7.37185952970981	1.36838154689353	0.926855608499289	1.47636971103744	0.139844669264344	0.960224561962078
5538	5.72743328380448	0.855902640440953	1.05968609308898	0.807694510688535	0.419266464410777	0.960224561962078
5539	2.26285415252586	0.663638473441572	1.16172904628463	0.571250650540228	0.567829748577849	0.960224561962078
5540	4.82460963874795	1.4184278609079	0.999381289365165	1.41930600062457	0.155809823454729	0.960224561962078
5541	2.70284438914785	0.27589157418477	1.15591069509598	0.238678970058203	0.811354524977679	0.967651531145028
5542	7.97779626708185	1.56691952928306	0.861134677901017	1.81959868705133	0.0688201417776704	0.960224561962078
5543	6.17411291965023	1.5117674937956	0.951433478642753	1.58893661798845	0.112074702995414	0.960224561962078
5544	0.819960588105236	0.478481707573812	1.06870543376592	0.447720852216245	0.654354670638279	0.960357823831468
5545	2.15812884977331	1.22871372145242	1.16197614057204	1.05743455355935	0.290313308722901	0.960224561962078
5546	2.51009521925912	1.03275014110475	1.16197991866921	0.888784844309133	0.374118722553013	0.960224561962078
5547	10.1816965861382	0.294193019609491	0.740097711052822	0.397505647181355	0.690994623023364	0.960357823831468
5548	2.64481473816797	1.04817054289507	1.15395750974485	0.908326809300652	0.363705582244925	0.960224561962078
5549	13.1915449484337	-0.28039895734551	0.854835240579189	-0.32801520577875	0.742900165582564	0.963432919274349
5550	5.37099646770636	1.21655705064325	1.03726915319943	1.17284607075301	0.240857539240056	0.960224561962078
5551	0.304497497523674	0.038426170544167	0.901003266920888	0.0426482033472371	0.965981969707258	0.994400445557826
5552	0.761771464837863	0.24210859408604	0.976123202404949	0.248030774690673	0.80411059585498	0.967651531145028
5553	0.595265790232995	0.138710854777539	0.907124103659453	0.152912764877443	0.878467069381154	0.983764860221564
5554	1.135123762887	0.140309156767424	1.02275069879325	0.137188033147252	0.890882169640558	0.983764860221564
5555	2.20188372357011	0.614779502599362	1.13182141732742	0.543177124224284	0.587007855329889	0.960224561962078
5556	4.8475262559747	1.66841099548363	1.05807661178625	1.57683382932641	0.114833765401751	0.960224561962078
5557	1.09486884092089	0.0301554758963805	1.04255997720563	0.028924451883532	0.976924843995199	0.994400445557826
5558	8.72306872327852	0.231066249228097	0.840735154883815	0.274838333910313	0.783440445540331	0.967651531145028
5559	1.29096376023378	0.752416005844616	1.12252870499774	0.670286650572671	0.502675075372861	0.960224561962078
5560	3.44259520652883	0.742883619238654	1.08645387130293	0.68376913080327	0.494120962162199	0.960224561962078
5561	3.72334829258913	0.760168624849353	1.08238640875638	0.702307991582007	0.482487110523621	0.960224561962078
5562	4.41031732504109	0.461395416972537	0.992005725651155	0.46511366319955	0.641850061955782	0.960357823831468
5563	1.23923321811303	0.548681799442793	1.12501684480542	0.487709852502424	0.625755372063609	0.960357823831468
5564	1.05519831365517	0.651778883305086	1.09597367313921	0.594703047417359	0.552041984453103	0.960224561962078
5565	2.05572530721371	0.199559983606191	1.16069405179875	0.171931598423313	0.863491304521542	0.982183571569429
5566	1.52387445570981	-0.583794766029048	1.13392986105102	-0.514842042776736	0.606663403549408	0.960224561962078
5567	1.9477770046174	0.600551542368735	1.15325460057755	0.520744978661244	0.602544436731452	0.960224561962078
5568	1.85505714267272	0.490790183013225	1.0384229769254	0.472630319165677	0.63647694761375	0.960357823831468
5569	3.54915127115274	0.458290726570649	1.12021206704782	0.409110685424426	0.682458434962982	0.960357823831468
5570	1.73991166182288	0.991421198266254	1.15640902886287	0.857327445152472	0.391263944820234	0.960224561962078
5571	7.29372811964225	0.781999065448868	0.926332857032269	0.844187982227243	0.398564369017254	0.960224561962078
5572	10.4258246933717	1.79429317963267	0.860948825165921	2.08408807490605	0.0371521565775336	0.960224561962078
5573	2.84745426550077	1.44094559506958	1.15431717313899	1.24830993473929	0.211917577377469	0.960224561962078
5574	15.8861334385781	2.7977010396418	0.949264398245598	2.94723055537785	0.00320634045140005	0.960224561962078
5575	0.761771464837863	0.24210859408604	0.976123202404949	0.248030774690673	0.80411059585498	0.967651531145028
5576	5.04831926972063	1.64973165855822	1.09582008648811	1.50547674650252	0.132201550855849	0.960224561962078
5577	1.34596660636449	0.733134206358916	1.12165481249843	0.653618384363631	0.513357696855428	0.960224561962078
5578	7.02323681002361	1.46398765398104	0.922528804414994	1.58692893595816	0.112528740483553	0.960224561962078
5579	3.20000502968696	1.18775377922534	1.16299401987746	1.02128967038926	0.30711721892262	0.960224561962078
5580	5.81311753940766	0.896289816861887	1.0134889326206	0.884360734501885	0.376501512152899	0.960224561962078
5581	3.57534546227041	1.32474390658614	1.13460844640744	1.16757804049559	0.242977012243343	0.960224561962078
5582	1.70877597673593	0.66737026527554	1.16209540744105	0.574281819721754	0.56577710969833	0.960224561962078
5583	2.72727599392739	1.10472332117916	1.15060268851858	0.960125795118303	0.33699190749721	0.960224561962078
5584	2.66128852596361	1.15706161529318	1.16216409424411	0.995609502155332	0.319439916078596	0.960224561962078
5585	1.76177073736773	-0.0350993153469229	1.16220493407462	-0.0302006249653981	0.975907050109753	0.994400445557826
5586	2.97972400475532	0.619140039769475	1.16317385750972	0.532285036989236	0.594528593994643	0.960224561962078
5587	2.65940319004509	0.101577928080393	1.16381715713965	0.0872799713058401	0.930448973841347	0.991906388037266
5588	3.48986998312091	0.531080983476045	1.16225316699211	0.456940878767809	0.647713540560537	0.960357823831468
5589	3.39188758300742	0.400706384820362	0.926426564947616	0.432529031421956	0.665356956854265	0.960357823831468
5590	7.14702413091712	0.903905909006691	0.95817791796019	0.943359152891943	0.345497228826905	0.960224561962078
5591	4.96960873483365	1.41375158007021	1.0302407904788	1.37225354804014	0.169984520864186	0.960224561962078
5592	3.45704734592566	0.729880978665506	1.16344275936323	0.627345843009056	0.530432559393116	0.960224561962078
5593	2.60866201407299	0.639000946211036	1.15420819042321	0.553627111220496	0.579834067826077	0.960224561962078
5594	3.04676691477646	0.681807133285336	1.16263688797376	0.586431705666579	0.557585443135387	0.960224561962078
5595	5.99674957204178	0.765822161253623	1.12901769405933	0.678308378410038	0.497576187478773	0.960224561962078
5596	12.2869689981934	0.39628852593595	0.849280924375595	0.466616539429881	0.640774251611414	0.960357823831468
5597	4.75768839870965	1.32608102812286	1.03745510239036	1.27820570265401	0.201176905940644	0.960224561962078
5598	8.73431459598788	0.54047970775531	0.845138006532503	0.639516509230051	0.522486977219264	0.960224561962078
5599	7.39679788452643	0.878892836136677	0.904683189200268	0.97149239272768	0.331303139507117	0.960224561962078
5600	3.78027002708905	0.268534859595926	1.15755059183611	0.231985419462294	0.816549338499259	0.967651531145028
5601	4.961566990601	1.46199454582707	1.09208238093865	1.33872185042531	0.180661240219628	0.960224561962078
5602	4.08492489727567	0.31742454269224	1.03607807611208	0.306371257157942	0.759321990291124	0.963432919274349
5603	16.3210551401573	1.93819013286055	1.07155343986636	1.80876665666089	0.0704872624453297	0.960224561962078
5604	3.24233411306067	1.16356687807599	1.15323977063752	1.00895486584959	0.312996280389885	0.960224561962078
5605	0.996481469359119	0.348417823846492	0.915382573889445	0.380625362318261	0.70348125903375	0.960357823831468
5606	2.39862911349207	0.779295826218032	1.16020494210656	0.671688076766056	0.501782293499849	0.960224561962078
5607	1.2179899900947	0.395771032714033	0.947036233907296	0.417904847295182	0.676016688346484	0.960357823831468
5608	1.19053158046599	0.288783405468211	0.942136031622422	0.306519861012965	0.759208860214143	0.963432919274349
5609	0.664525562206736	0.128840362194046	0.908671335249894	0.141789838851484	0.887246010398144	0.983764860221564
5610	5.47593371716901	1.45318275069247	0.968186169968407	1.50093318389364	0.133372844207549	0.960224561962078
5611	1.96407873866644	1.28217877772845	1.16137432866715	1.10401852880625	0.269585100198178	0.960224561962078
5612	13.9451800429873	1.41706879087968	0.839601458730228	1.68778743312664	0.091452040799625	0.960224561962078
5613	2.89930755720192	1.06635902979176	1.15202016973574	0.925642673458022	0.354631708785092	0.960224561962078
5614	0.761243743809186	0.269560377882962	0.911676797149106	0.295675373910909	0.767478005508296	0.967651531145028
5615	1.52248748761837	0.510109973956976	0.995018217768061	0.51266395413464	0.608186408238379	0.960224561962078
5616	9.19131054068328	1.55288502224825	0.937496701778478	1.65641651784199	0.0976374983173349	0.960224561962078
5617	8.4239418413861	1.49523975121859	1.08141455888446	1.38267026177364	0.166765994316955	0.960224561962078
5618	2.62446538029496	0.52963141900889	1.1445927203563	0.462724783750173	0.643561651238804	0.960357823831468
5619	7.75221910092583	1.12757791888723	0.988843865389527	1.14029925082567	0.254161649834478	0.960224561962078
5620	6.52387817889895	1.11742060781834	0.962182525359325	1.16133953628085	0.245503847250107	0.960224561962078
5621	3.7976083318284	1.84099195936728	1.12496688249317	1.63648547172096	0.101738023861703	0.960224561962078
5622	2.27711107836889	0.687987772427736	1.15813396727835	0.594048522766779	0.552479659440369	0.960224561962078
5623	2.65364965355469	0.62644951236584	1.14048407586096	0.549283874825631	0.582810651733884	0.960224561962078
5624	2.28291918890644	1.16465417086994	1.16167450104254	1.00256497824883	0.316070800523519	0.960224561962078
5625	1.49502907798966	0.410457166651875	0.990721193176489	0.414301389209058	0.678653396589104	0.960357823831468
5626	5.50224748761066	0.679179316627433	1.08860587761921	0.623898263449399	0.532694400831178	0.960224561962078
5627	2.90706917919123	0.876681355662332	1.12251945562882	0.780994352718122	0.434805816169025	0.960224561962078
5628	5.34304496013153	1.65099800812713	1.00986446918755	1.63487087475746	0.10207611920364	0.960224561962078
5629	5.84851069540413	0.911380771829388	0.957607731848075	0.951726621996384	0.341235644285023	0.960224561962078
5630	23.9989219267018	1.2839434972763	0.888601734447747	1.44490320860588	0.148485074955098	0.960224561962078
5631	1.24924842476204	0.562244606428097	1.11362165300003	0.504879377042861	0.613643559749955	0.960224561962078
5632	0.443017041471157	0.0347942256023289	0.904019491135855	0.0384883577660607	0.969298313764208	0.994400445557826
5633	0.559923009034581	0.325683731370411	1.02754739403418	0.316952515534849	0.75127963305938	0.963432919274349
5634	1.11020115978588	0.503308035795532	1.03032734918135	0.488493328062619	0.625200450423465	0.960357823831468
5635	3.59116877945697	1.75173692395558	1.15246880639557	1.51998641024764	0.128514391175738	0.960224561962078
5636	1.24618489720577	-0.0168704196940786	1.03718170009991	-0.0162656357053479	0.987022472647608	0.996499774016602
5637	28.2572821270859	1.15448348623738	0.928436940678342	1.2434700038905	0.213694687843769	0.960224561962078
5638	5.82578920254011	1.49064809073329	0.985137536449095	1.51313703475993	0.130244854063319	0.960224561962078
5639	5.02759956348188	1.13022833787418	0.993507126520732	1.13761472636059	0.255281394665572	0.960224561962078
5640	18.659690593095	0.644340774775311	0.856752050828279	0.752073804961872	0.452006675861413	0.960224561962078
5641	15.6749149262491	0.779159790398627	0.821817660262092	0.948093267002974	0.343081975613159	0.960224561962078
5642	27.0468954079298	1.19954057962284	1.06411942517032	1.12726123708422	0.259632046185388	0.960224561962078
5643	10.7063658327219	0.559674011356331	0.811379492616032	0.689780819517439	0.490332032335353	0.960224561962078
5644	13.7633955945719	1.8495277278133	0.945421272430947	1.95630009789989	0.0504298126747875	0.960224561962078
5645	7.71018799113552	1.59503928435958	0.890522001780628	1.79112844058905	0.0732726861715283	0.960224561962078
5646	2.70615131624036	0.339611543297422	1.14679810065153	0.296138913296488	0.767123997520935	0.967651531145028
5647	5.73556632479138	1.1759658694697	0.93408675423143	1.25894716325068	0.208049416980426	0.960224561962078
5648	2.81182926243447	0.689601260641962	1.12888852058333	0.6108674577412	0.541287330166946	0.960224561962078
5649	13.5111164672341	0.728732466428612	0.866134422533499	0.841361857316585	0.400145246800894	0.960224561962078
5650	2.41763870781529	1.34378384160041	1.16206639814219	1.15637440661629	0.2475280454518	0.960224561962078
5651	3.80154997781448	0.105555769386735	1.07033998356307	0.0986189164263015	0.921440850100953	0.988690134431294
5652	2.4427700873701	0.183281311734355	1.16262815354034	0.157643964819055	0.874737357788558	0.983764860221564
5653	1.63236833067485	0.108342544287986	1.16251313131988	0.0931968348305691	0.925747188886219	0.989848098101622
5654	4.57425257003582	0.942516312339184	1.14463969735907	0.823417460108867	0.410270637376687	0.960224561962078
5655	6.22650651383915	0.064870114634968	0.906989314630671	0.0715224684442763	0.94298194311489	0.994400445557826
5656	5.01751511066776	0.501828923646709	1.13114099917456	0.44364842580449	0.6572967885103	0.960357823831468
5657	5.41987542898095	1.53813952279396	0.96885867477481	1.58757883150653	0.112381608080336	0.960224561962078
5658	3.22124825770529	1.34923168405758	1.12099353991441	1.20360344285355	0.228742888162129	0.960224561962078
5659	2.53825867354406	1.64476301162674	1.15337060466326	1.42604901232673	0.153854194986633	0.960224561962078
5660	1.77909119076703	0.517188983945937	1.16314682951079	0.444646342855495	0.656575351318498	0.960357823831468
5661	3.34718006576907	0.925037072588324	1.11249986352927	0.83149409983185	0.405694559984413	0.960224561962078
5662	3.39405514079383	1.14493806992765	1.16258035284692	0.984824891564637	0.324710091649356	0.960224561962078
5663	3.26239914944125	1.74540888154257	1.14519510119778	1.52411486891362	0.127480019008844	0.960224561962078
5664	4.03156398752724	1.47201567225843	1.13312255556262	1.29907896108161	0.193916832473726	0.960224561962078
5665	1.53695318991509	0.0680930990336735	1.06976829407812	0.0636521940410966	0.949247171134032	0.994400445557826
5666	6.70512130479957	0.941596439671883	1.14186536234183	0.824612489988123	0.409591628122697	0.960224561962078
5667	4.05238337273024	0.651309263796722	1.03380934067926	0.630009072435717	0.528688648462509	0.960224561962078
5668	2.15228401652867	0.851853995056323	1.15965662554628	0.7345743354461	0.462598772979993	0.960224561962078
5669	2.49898784784566	-0.306418124631714	1.14405070039146	-0.267836140939267	0.78882545026608	0.967651531145028
5670	2.69071619875958	0.93729570710553	1.13819797860966	0.823490925761843	0.410228875318272	0.960224561962078
5671	8.70573046914403	1.48326642406245	0.965249145368272	1.53666691255814	0.124374897614409	0.960224561962078
5672	5.82485651006315	1.18784160871837	0.990005079652335	1.19983385250459	0.230203873929512	0.960224561962078
5673	3.3753067973469	1.70842166857191	1.12728023995244	1.51552525097397	0.129639440644315	0.960224561962078
5674	0.665053283235413	0.0421714242571258	0.964665794913038	0.0437160978232129	0.965130707276558	0.994400445557826
5675	0.650796357392382	0.0355951527504303	0.907090025025355	0.0392410364665132	0.968698216448111	0.994400445557826
5676	0.404487983136081	-0.0372515359374859	0.902324135800132	-0.0412839848337353	0.967069500436684	0.994400445557826
5677	5.76722973090701	1.44876843277767	0.957887670648566	1.51246171881171	0.130416444138329	0.960224561962078
5678	2.14443636766606	0.99689145411653	1.15759667553681	0.861173390683974	0.389142553131163	0.960224561962078
5679	2.48072002088575	0.970505024888222	1.14750433315003	0.845752819271781	0.397690650639258	0.960224561962078
5680	7.00033799353204	0.592701812183348	0.906728167374984	0.653670894441544	0.51332385873124	0.960224561962078
5681	4.9615260686448	1.2042862694343	0.998796759517301	1.20573706107768	0.227918890214401	0.960224561962078
5682	0.788702153437894	0.401459144704227	0.912280166550593	0.440061243710008	0.659892750951414	0.960357823831468
5683	2.84601062373764	0.519844409245671	1.13250340318812	0.459022381550689	0.646218093734435	0.960357823831468
5684	19.0037894223241	0.614145990619767	0.90123797799328	0.681447082364683	0.495588639864965	0.960224561962078
5685	3.1552408387769	0.682634938044647	1.11578842722763	0.611796037122173	0.540672711978594	0.960224561962078
5686	1.19118205107506	-0.0250901999190622	1.10128464038972	-0.0227826658058023	0.981823635119831	0.995211431634863
5687	5.65522015239577	1.40819605372899	1.06341911853022	1.324215475527	0.185431492650584	0.960224561962078
5688	3.82122789408683	0.972812590828483	1.0678866201672	0.910969921765827	0.362311221992768	0.960224561962078
5689	2.6787317289433	1.39999434119709	1.15725167566865	1.20975788640633	0.226371810399899	0.960224561962078
5690	2.74714483531338	0.664751675664474	1.16320780527787	0.571481443511873	0.567673335546069	0.960224561962078
5691	2.46417488730047	0.545179444624323	1.13374875984672	0.480864424229254	0.630612858746344	0.960357823831468
5692	7.00210057987017	1.44739752936223	0.952805156900201	1.51909078039744	0.128739647085763	0.960224561962078
5693	3.96573287219941	1.67834704120637	1.10208717348942	1.522880477678	0.127788610803877	0.960224561962078
5694	4.09633444152163	1.19541292230077	1.07218013283837	1.114936647013	0.264877571087468	0.960224561962078
5695	1.16307317083728	0.170078490807083	0.938708735687048	0.181183453760661	0.856223581645957	0.977390919310389
5696	2.72674827289871	0.935576610897563	1.11298270025572	0.840603012681693	0.400570370410034	0.960224561962078
5697	3.14283462576984	1.14532302917965	1.15854936247004	0.988583711908315	0.322866858617912	0.960224561962078
5698	2.94281483221338	0.354312730370771	1.12723461590444	0.314320306856872	0.753277776581736	0.963432919274349
5699	2.74263766599397	-0.427111649643288	1.16317620343437	-0.367194280954346	0.713474104966923	0.962423898398307
5700	5.90610177188017	0.659147752496081	1.01536641182443	0.649172303534949	0.516227011557806	0.960224561962078
5701	3.63979697168981	0.469717206372493	1.08943368489761	0.43115722680875	0.666354052528451	0.960357823831468
5702	6.49884750730108	0.267180498882996	0.879514586560502	0.303781771178864	0.76129415533545	0.963432919274349
5703	16.5941295530892	1.65796298284887	0.937006643088156	1.76942500363137	0.076822976039106	0.960224561962078
5704	5.69427693175952	1.3649777346163	1.07817818837517	1.26600384735415	0.205511704831916	0.960224561962078
5705	13.6369486469385	1.31625427204769	0.923979339888477	1.42454946255244	0.154287477502766	0.960224561962078
5706	8.68992812294907	1.27904546449408	0.87015569414702	1.46990414830058	0.141587715915	0.960224561962078
5707	10.3743396504117	0.489796184341784	0.84684079045927	0.578380481738664	0.563007268566697	0.960224561962078
5708	4.98523585702562	0.927315861559134	1.04529400274621	0.887134011218737	0.375006754743961	0.960224561962078
5709	12.4400455322262	1.05368148090509	0.886138985561745	1.18907022270004	0.234412034833871	0.960224561962078
5710	1.72831329208783	1.14618368503482	1.15386330142762	0.993344431369556	0.320542131789762	0.960224561962078
5711	9.49022972571956	1.21311848310614	0.811263951610828	1.49534375427061	0.134824751516732	0.960224561962078
5712	13.1120504945543	0.42656319325472	0.891703338261394	0.478368954058661	0.632387626408666	0.960357823831468
5713	5.1664034289218	1.30913426041332	1.01813845571093	1.28581162323272	0.198508812740166	0.960224561962078
5714	2.69266971021134	0.690085503099501	1.15005875631986	0.600043692817702	0.548477116838185	0.960224561962078
5715	2.20232541772549	0.851772017735289	1.14206696544478	0.745816176727925	0.455778466534369	0.960224561962078
5716	7.52894589422758	0.565893521924335	0.881635678745274	0.641867764165015	0.52095904626145	0.960224561962078
5717	1.35969581117884	0.811598737194172	1.12284543746912	0.72280539254228	0.46979945384508	0.960224561962078
5718	4.05162384321794	0.654394093460908	1.06257416441749	0.615857335303883	0.537988682263121	0.960224561962078
5719	7.68557906272843	0.645124403815083	0.867598723507841	0.74357463460382	0.457133853514499	0.960224561962078
5720	2.33137742701724	1.39742379427457	1.16176726965718	1.20284314317697	0.229037025907286	0.960224561962078
5721	1.32905112441347	0.295210207173674	0.965591361401119	0.305729958836117	0.759810260956283	0.963432919274349
5722	2.21626339899353	0.281001215536143	1.15920916419614	0.242407689841724	0.808464276410176	0.967651531145028
5723	1.64740057633189	0.281882676809537	1.07963109994024	0.261091660684043	0.794021822514337	0.967651531145028
5724	2.50075043418378	0.9940363785984	1.15549582973104	0.860268252832877	0.389641188809597	0.960224561962078
5725	6.71689069928852	2.07570044711997	0.99687101649405	2.08221566559344	0.0373227749906864	0.960224561962078
5726	12.8949117214398	0.929422028303981	0.79867828532701	1.1637001348089	0.244545554779408	0.960224561962078
5727	6.71255978296479	0.124418247989793	0.894764389507217	0.139051407777097	0.88940952606294	0.983764860221564
5728	6.25518193743726	0.518512005908441	0.980024222593507	0.52908080632565	0.596749395518185	0.960224561962078
5729	4.01195112713659	0.292519328175877	1.06269825590237	0.275260946887965	0.783115765793574	0.967651531145028
5730	2.41256709476011	0.145830626572642	1.16221017129091	0.125476983574032	0.900145945461852	0.983764860221564
5731	2.67725136447306	0.572042925255598	1.14932465386895	0.497720921003427	0.618680760141298	0.960357823831468
5732	2.00206012500824	0.81875997621456	1.16120538413197	0.705094884507965	0.48075118978851	0.960224561962078
5733	2.46222137584871	0.968770959459234	1.15471467632657	0.838969989141501	0.401486150664678	0.960224561962078
5734	3.17659214425767	0.356396768595824	1.13632978067449	0.313638500598196	0.753795614677111	0.963432919274349
5735	7.56802052493139	1.19777409450612	0.897114987749702	1.33513998858784	0.18183053364689	0.960224561962078
5736	2.8469265444721	1.4306870940947	1.159260679225	1.23413751517145	0.217151666314623	0.960224561962078
5737	12.0786483091526	1.53067066719537	1.09006484070028	1.404201484209	0.160258860026666	0.960224561962078
5738	3.05220677657283	0.705077180869022	1.13440358453406	0.621539979670132	0.534244397986453	0.960224561962078
5739	1.65058685346856	0.528420475962888	1.15861683130243	0.456078715315121	0.648333375303199	0.960357823831468
5740	2.5774014797811	1.35540841874276	1.15323093790503	1.17531395854243	0.239869132077412	0.960224561962078
5741	1.19371785760265	0.648948595563796	1.10924951433384	0.585033923547419	0.558524906842076	0.960224561962078
5742	4.2328458999702	0.665899814615378	1.05534913862468	0.630975845096317	0.52805631832717	0.960224561962078
5743	2.17319781813746	1.05326350616198	1.1294512192739	0.932544485488354	0.351055207863048	0.960224561962078
5744	4.332959135163	0.331562525879709	1.02734179589436	0.322738281655391	0.746893457660279	0.963432919274349
5745	4.97152552357831	1.34690715450774	1.13585218270578	1.18581200530793	0.235696549381075	0.960224561962078
5746	10.2051407966163	0.28891582500738	0.814639228405297	0.354654937956952	0.722848113443508	0.963432919274349
5747	2.22316367429554	0.526696704550133	1.15681734643119	0.455298069461879	0.64889481494049	0.960357823831468
5748	5.65617279583733	1.92179662379794	1.10484490135919	1.73942661221836	0.0819597505822735	0.960224561962078
5749	3.35107138756195	1.37211956047966	1.10465103894569	1.24212942558697	0.214188813323405	0.960224561962078
5750	2.41297206620839	0.458497448177465	1.16019992134781	0.395188311722023	0.692703918034677	0.960357823831468
5751	0.861234229421593	0.277593789343574	0.990855649659183	0.280155630579546	0.779358105751278	0.967651531145028
5752	0.930494001395334	0.275364958440386	1.00111448558424	0.275058409807832	0.783271363707193	0.967651531145028
5753	1.30715532616152	0.0292811486511347	1.12602021047106	0.0260041057690122	0.979254063629532	0.994400445557826
5754	3.9138459774427	1.34330893154814	1.102771496721	1.21812083060032	0.223178059087291	0.960224561962078
5755	6.01997781494288	0.859284384151823	0.972891816825316	0.883227065220664	0.3771136010995	0.960224561962078
5756	4.19333484499197	2.2248394678593	1.10542981972856	2.0126465092154	0.0441518304177992	0.960224561962078
5757	2.57511327203885	0.664596739477238	1.10393334066343	0.602026150490062	0.54715673049515	0.960224561962078
5758	3.25921287230459	1.55176269610351	1.15680435860742	1.34142189606853	0.17978351241058	0.960224561962078
5759	3.63096205630309	1.04300243130192	1.13946612950352	0.91534307540705	0.360011552243443	0.960224561962078
5760	2.28543714409398	0.600313878390537	1.16080908212688	0.517151259094749	0.605050573511947	0.960224561962078
5761	2.84806801340274	-0.393560822023709	1.11992186850572	-0.351418106112016	0.725274700818966	0.963432919274349
5762	3.66095627245939	1.78379941583243	1.1437491081087	1.55960726280444	0.118852719153207	0.960224561962078
5763	4.4964380049187	1.37063326469984	1.07546753779763	1.27445340424375	0.202502776160419	0.960224561962078
5764	10.1283344690149	1.75260495751219	0.856128759283398	2.04712776963498	0.0406455410466603	0.960224561962078
5765	1.43949851083028	0.456596892644792	0.982763690369218	0.464604967724491	0.642214374123599	0.960357823831468
5766	1.59239773020118	0.342780613082912	1.12934939132365	0.303520430184283	0.761493280321177	0.963432919274349
5767	5.87033724749097	0.822000225125856	1.09800426746268	0.748631175200598	0.454079536587954	0.960224561962078
5768	3.66426529917645	1.44925577238961	1.10807439571399	1.30790475621069	0.190905616118344	0.960224561962078
5769	3.68930855223341	1.19258202184566	1.07920929292799	1.10505166111949	0.269137204532384	0.960224561962078
5770	10.7631837396133	0.938397581088843	0.807524193020297	1.1620674516005	0.245208067268245	0.960224561962078
5771	4.01505347702451	1.56012709416241	1.16148317061202	1.34321971565058	0.179200839462048	0.960224561962078
5772	0.888938138211089	-0.217145760880285	1.07974627402895	-0.201108136330984	0.840614020097157	0.972547696773971
5773	8.22484113882052	2.97754970315335	1.01197049246818	2.94232858103515	0.00325754079821779	0.960224561962078
5774	4.01105515736673	1.70739903498952	1.12395240657326	1.51910261057681	0.128736669731418	0.960224561962078
5775	4.18586802632964	0.995838797986204	1.06075450578016	0.938802326607877	0.347832244165096	0.960224561962078
5776	2.71939162235769	1.59446035353012	1.15868622143159	1.37609330640018	0.168792747611137	0.960224561962078
5777	5.38946048966086	0.848352209125241	1.08459578356056	0.782182838974561	0.434107128385503	0.960224561962078
5778	5.90295011782606	0.850073306272271	0.951421911322191	0.893476696464688	0.371601946209263	0.960224561962078
5779	1.97935648348428	0.522673512034818	1.10714078717189	0.472093087067948	0.63686034655213	0.960357823831468
5780	1.03881055273283	0.236309667831003	1.02018122046034	0.231634991011081	0.816821527643819	0.967651531145028
5781	2.96121067863463	1.28087488053654	1.12412405619405	1.13944263845149	0.254518580404829	0.960224561962078
5782	2.13221898014809	0.298460074446326	1.11709197168887	0.267175919271087	0.789333716062442	0.967651531145028
5783	2.94151389099524	1.38384858142698	1.15601622192851	1.19708405053208	0.231273795935982	0.960224561962078
5784	2.45032293290572	0.695875425025582	1.09494076113425	0.635537053442712	0.525078208421296	0.960224561962078
5785	2.44970918500375	0.905413886133011	1.09531302764789	0.826625688984384	0.408449252298059	0.960224561962078
5786	3.281881890746	1.16690261227902	1.16218718010808	1.00405737754783	0.315350958079902	0.960224561962078
5787	7.13241470804841	1.65638851224456	0.938435537899529	1.76505305409896	0.077554849587936	0.960224561962078
5788	7.75016069123373	2.3942282408894	0.990601856564423	2.41694301804864	0.0156514670749489	0.960224561962078
5789	3.70222991377574	1.66308041615368	1.15146805449118	1.44431311808174	0.148650917405913	0.960224561962078
5790	5.22666671359678	1.49730050855999	1.02023121879114	1.46760898998378	0.142210464620297	0.960224561962078
5791	4.55610539303176	0.86271968767234	0.997600930475291	0.864794389537419	0.387151651086613	0.960224561962078
5792	2.06327815274933	0.872058253414531	1.1309770600523	0.771066261391898	0.440667657307406	0.960224561962078
5793	1.70280839391089	0.426957473150184	1.0196017434417	0.418749257635607	0.675399392486198	0.960357823831468
5794	1.92443966422686	0.291052467507072	1.10283685168457	0.263912533447259	0.791847317648498	0.967651531145028
5795	2.20126997566814	0.903625367206957	1.13075052023371	0.799137697518095	0.424210572958077	0.960224561962078
5796	1.69492402234118	0.969979010316579	1.14855622752073	0.844520265594982	0.39837874377309	0.960224561962078
5797	1.0971224255806	0.0305522567882242	1.13704339645914	0.0268699126905505	0.978563491043861	0.994400445557826
5798	4.29712535564301	2.11928428027978	1.08668071361107	1.9502363976235	0.0511479494430092	0.960224561962078
5799	5.17159252167642	-0.0315819209916236	1.03933701181162	-0.0303866028369128	0.975758729310475	0.994400445557826
5800	2.13475478667568	0.81547602334277	1.12713976959203	0.723491482904499	0.469377984878364	0.960224561962078
5801	7.55454101852692	0.987351592321608	1.04742828902213	0.942643618345833	0.345863221281987	0.960224561962078
5802	5.45759664404401	1.91319963228148	1.08692768548523	1.76019035841135	0.07837553619433	0.960224561962078
5803	8.45004370675683	1.02063469982168	0.836740381982259	1.21977464193107	0.222550316800144	0.960224561962078
5804	2.36733395611762	0.641134227890645	1.08872888386043	0.588883272405987	0.55593957970724	0.960224561962078
5805	6.6685803809988	1.99381021340038	1.06454480252008	1.8729227822826	0.0610790486918085	0.960224561962078
5806	1.20438353486074	0.140346950975204	1.03141282985699	0.13607252781087	0.891763945130816	0.983764860221564
5807	8.15181279463428	0.790535915918177	0.921277391426405	0.858086742684739	0.390844567257843	0.960224561962078
5808	1.71604660040367	0.571631122364112	1.08895207491256	0.524936896244963	0.599627059282356	0.960224561962078
5809	11.7237264806072	1.42974247970639	0.957697578884186	1.4928955770904	0.135464523083671	0.960224561962078
5810	3.20961316526314	1.66586477864888	1.15162452017374	1.44653465558163	0.148027299052773	0.960224561962078
5811	8.977715744719	-0.416146784185074	0.874078159513076	-0.476097909158258	0.634004626506999	0.960357823831468
5812	4.84405775697015	0.814374042588561	1.05844404925063	0.769406794024806	0.44165185660332	0.960224561962078
5813	3.65789274490312	1.16329043058514	1.14790121455656	1.01340639406374	0.310866086531613	0.960224561962078
5814	2.58528585135081	1.09964518995665	1.15726913398633	0.950206963672147	0.342007100964737	0.960224561962078
5815	9.7725649548389	1.2717058693546	0.893153968249449	1.42383722690848	0.154493596600234	0.960224561962078
5816	0.277039087894966	0	0.895746859427921	0	1	1
5817	1.25979135243973	0.291599438607502	0.953908729566065	0.305689034568487	0.759841423059834	0.963432919274349
5818	6.20097226246061	1.4138674622461	1.04324365978323	1.35526101595468	0.175334410801255	0.960224561962078
5819	10.1145538693755	0.868800696290731	0.919685179329502	0.944671846211691	0.344826434694534	0.960224561962078
5820	2.5888424768532	0.711789718141129	1.10461161003595	0.644380080450144	0.51932899827523	0.960224561962078
5821	1.9961492158549	1.23568291376574	1.15352603866272	1.07122238454042	0.284069448951066	0.960224561962078
5822	1.67751754206859	0.660219186445003	1.13724801094035	0.580541078193746	0.56154979363352	0.960224561962078
5823	8.42737678793997	2.03387171998353	0.920643611880114	2.20918463316116	0.027161801291666	0.960224561962078
5824	4.07102153909018	1.26401675219724	1.09386046939565	1.15555574733915	0.247862917663491	0.960224561962078
5825	0.969145809310805	-0.0164887482964309	0.999939543298361	-0.0164897452120373	0.98684368311252	0.996499774016602
5826	3.0378271011494	1.06638818577014	1.14974556442678	0.927499282244934	0.353667364273158	0.960224561962078
5827	1.09647195497153	0.431076504203068	1.02730706151981	0.419617970468663	0.67476455833589	0.960357823831468
5828	5.13317055039731	0.502774210929047	1.09080049328899	0.46092224382213	0.6448543922814	0.960357823831468
5829	1.45980904637164	0.409296067795706	1.15747482654229	0.353611204675951	0.723630276123344	0.963432919274349
5830	1.32905112441347	0.295210207173674	0.965591361401119	0.305729958836117	0.759810260956283	0.963432919274349
5831	4.74950503352956	1.23677579342877	1.00449936146021	1.23123601754301	0.218234604105517	0.960224561962078
5832	1.73383918075749	0.724444277445905	1.14935122871079	0.630307132710427	0.528493657198387	0.960224561962078
5833	1.41216285078196	0.142501594308768	1.05585830117174	0.134962801495833	0.892641285285765	0.983764860221564
5834	1.06586399091325	0.140929133188975	1.01411400311082	0.138967742045443	0.889475639783036	0.983764860221564
5835	8.56494788769499	1.830585879925	1.04564113349852	1.75068273548134	0.0800005749136028	0.960224561962078
5836	2.99410368017875	0.301788139333997	1.15472464501631	0.26135073901513	0.793822041699507	0.967651531145028
5837	3.54906524427945	0.729789224091709	1.11920920412069	0.652057918577492	0.514363809583043	0.960224561962078
5838	10.3955713259636	1.69248789611815	0.952162130748197	1.77752069890473	0.0754826083098486	0.960224561962078
5839	1.75098231052925	0.859944888612916	1.1549739709388	0.744557808444745	0.456539082007339	0.960224561962078
5840	1.4285506117043	0.456444717379342	1.12165718103376	0.406937810498092	0.684053664651928	0.960357823831468
5841	1.65099182491684	0.855776092353558	1.14595228100925	0.746781612581522	0.4551953965207	0.960224561962078
5842	5.35253244575187	1.68881016088283	1.03076549462804	1.6384038558569	0.101337475342202	0.960224561962078
5843	23.8541777320139	0.424844878871675	0.988791277073432	0.429660828045638	0.667442382083913	0.960357823831468
5844	0.235237725549933	0.0452731220417752	0.898889601839941	0.0503656088012426	0.959831041789136	0.994400445557826
5845	1.42948330418126	0.76218217915529	1.13362827967276	0.672338713511371	0.501368089283826	0.960224561962078
5846	1.20478850630902	0.398777358794654	1.04218405117974	0.382636213194053	0.701989515745571	0.960357823831468
5847	1.23765005502699	0.62616206780772	1.05778678087963	0.591954899726596	0.553880789492894	0.960224561962078
5848	4.83768837295324	1.98687931905978	1.02018127955687	1.94757476820473	0.0514658653058329	0.960224561962078
5849	1.00028149439775	0.245223619606518	1.08699956126046	0.225596797226084	0.821515032085216	0.968174360513242
5850	3.34228787596598	1.21320972168973	1.16228722646857	1.04381231597622	0.296572232332106	0.960224561962078
5851	12.2633578254675	2.09224432956817	1.03853124289354	2.01461857203139	0.0439446300000339	0.960224561962078
5852	3.6054257053	1.82880603008013	1.14449364694078	1.59791715311702	0.110061416073612	0.960224561962078
5853	4.31613285034169	1.13570920866676	1.05759236524309	1.0738629040743	0.282884131630225	0.960224561962078
5854	3.91449644805178	0.863320806882958	1.07963237913885	0.799643307818879	0.423917488074634	0.960224561962078
5855	2.12167605247039	0.442022317638434	1.1632331734953	0.379994594127883	0.703949427976611	0.960369878679914
5856	1.63779034113116	0.708462595799194	1.14773662383795	0.617269311691168	0.53705710500605	0.960224561962078
5857	2.65761125050537	0.748915122037716	1.14146158482218	0.656101906534491	0.511758557825194	0.960224561962078
5858	2.60374987330531	0.532102440958784	1.16293296998421	0.457552115807679	0.647274252095385	0.960357823831468
5859	3.34943365042877	0.715772848322661	1.10059065927412	0.650353373700933	0.51546398795324	0.960224561962078
5860	4.38085082991347	-0.0652501521527021	0.991987422248293	-0.0657771970584221	0.947555211022138	0.994400445557826
5861	11.6131678881108	1.22535565428424	1.04005811595544	1.17816075417918	0.238732525202996	0.960224561962078
5862	3.39560158117276	1.3795095138511	1.15528800307438	1.19408278297709	0.232445587317365	0.960224561962078
5863	7.09091443893831	1.39431064426406	0.905580710532211	1.53968677562116	0.123636721871311	0.960224561962078
5864	3.34248197133602	1.25013912042352	1.09678102726692	1.13982562548402	0.254358955486488	0.960224561962078
5865	3.9439262204723	1.86357031935914	1.12761167073338	1.65267030106836	0.0983979818558404	0.960224561962078
5866	15.7421467213299	0.603187208977416	0.904520349397226	0.666858638812694	0.504862432704412	0.960224561962078
5867	11.3525647946725	0.537317189555882	0.844727614280476	0.636083372287479	0.524722082600849	0.960224561962078
5868	2.00783361246324	0.659488284696589	1.1199832446233	0.588837634725869	0.555970196970971	0.960224561962078
5869	2.79364956197241	1.15092787459522	1.16164329064646	0.990775639873686	0.321795146779736	0.960224561962078
5870	3.52979337905293	0.485779455063991	0.927438951666787	0.523785909779777	0.600427454650946	0.960224561962078
5871	1.4009694524952	0.576837428233631	1.06649098003634	0.540874174307577	0.588594312702233	0.960224561962078
5872	1.66419330870252	0.964514212966887	1.14100378993919	0.845320779362433	0.397931762353911	0.960224561962078
5873	2.35630003011836	0.944999435837676	1.1624981107618	0.812904061597488	0.416273065663528	0.960224561962078
5874	2.67853553394871	-0.692213462913501	1.13965876147222	-0.607386602301282	0.543594377601494	0.960224561962078
5875	2.47582783108267	1.45859497960428	1.1613246508892	1.25597521630792	0.209124955853951	0.960224561962078
5876	1.69198324436531	0.0698896212201907	1.13936558243877	0.0613408218550838	0.95108778085526	0.994400445557826
5877	1.73450852273361	0.875932869602984	1.1511243589307	0.760936785680265	0.446694825463163	0.960224561962078
5878	5.18115135308641	0.165027261386772	0.954960127597611	0.172810630117018	0.862800281133965	0.981823103825105
5879	12.2110933140493	2.2753905559386	0.985638698841159	2.30854425522642	0.020968884351348	0.960224561962078
5880	5.63703625268461	1.45712306225051	0.965689617138332	1.50889378573673	0.131325928158899	0.960224561962078
5881	7.28696951589256	1.07686305746293	0.953981580233256	1.12880906694197	0.258978386956076	0.960224561962078
5882	0.789843622368542	-0.101721106036318	0.983476699796306	-0.10343011284089	0.917621613711961	0.985920314378452
5883	2.92790743576128	0.844713673176609	1.144212211055	0.738249133347177	0.460363070680224	0.960224561962078
5884	0.720056129366123	0.0318352647518383	0.908475143432937	0.0350425270101937	0.972045830031649	0.994400445557826
5885	1.49768763409765	0.707219077342039	1.07794917055744	0.656078316732054	0.511773735051706	0.960224561962078
5886	2.76999117738234	0.932654041928766	1.14887263425262	0.811799336255834	0.416906782999151	0.960224561962078
5887	4.98245455133724	0.118897395113194	1.01543308293008	0.117090330334826	0.906788472301216	0.983764860221564
5888	9.7089883935929	0.908791473023493	0.828551172056069	1.09684411014507	0.272709544021648	0.960224561962078
5889	2.46209862626831	1.39485830343438	1.16157237538209	1.20083632582563	0.229814697787222	0.960224561962078
5890	2.9114882220128	1.86195508104633	1.14000554704699	1.63328598344932	0.102408863319777	0.960224561962078
5891	1.71344261834283	1.30909198756186	1.12662817651879	1.1619556610122	0.245253475826398	0.960224561962078
5892	1.24924842476204	0.562244606428097	1.11362165300003	0.504879377042861	0.613643559749955	0.960224561962078
5893	1.92484463567514	0.588074353059797	1.11461780780299	0.527601792240285	0.597775748808119	0.960224561962078
5894	2.08733632809781	0.292008067562953	1.16304853132246	0.251071266330496	0.801759010649659	0.967651531145028
5895	1.90997396193014	0.680074392238998	1.0451220984995	0.650712862368322	0.51523185863355	0.960224561962078
5896	4.86808229067686	0.550855960009346	0.97407506041014	0.565516952848998	0.571722196676644	0.960224561962078
5897	8.01948428208348	0.275522615097517	0.854122637916268	0.322579689223185	0.747013577730512	0.963432919274349
5898	1.0141334487925	-0.107860359162044	1.1305078742607	-0.0954087641650264	0.923990155039381	0.988690134431294
5899	2.37210339634032	0.959915917289919	1.16217027100277	0.825968398298179	0.408822018569408	0.960224561962078
5900	5.49974840379017	1.48865927356176	1.11709103051305	1.33262127516865	0.182656119769286	0.960224561962078
5901	6.69559499684758	0.988243756557248	0.931890621737828	1.06047183382351	0.288929997273375	0.960224561962078
5902	7.82692083432049	1.67307595947487	1.0966443749162	1.52563219010969	0.12710149071524	0.960224561962078
5903	4.87628560682155	0.864962345289163	0.995998909822037	0.86843704020089	0.385155124963358	0.960224561962078
5904	2.09307617391104	0.657310991489031	1.1514158708494	0.570871922239643	0.568086465038505	0.960224561962078
5905	3.58160784842243	0.377085622321196	1.09991539455719	0.342831479754862	0.731725242137455	0.963432919274349
5906	1.71972387586191	0.897779743774586	1.14334703188918	0.78522068867504	0.432324187468545	0.960224561962078
5907	3.81660007481158	1.26349232543017	1.11556841010182	1.13259959137319	0.257382440330307	0.960224561962078
5908	3.66782192467884	0.526101959698365	0.979838320411806	0.536927316209939	0.591317821434885	0.960224561962078
5909	1.26096954407748	-0.159408559920878	1.11629779889822	-0.142801105653181	0.886447263846964	0.983764860221564
5910	7.28216227336521	1.54194120071828	0.954459785253797	1.61551196241157	0.106199871916623	0.960224561962078
5911	5.47306321435093	0.670877451847761	1.08265750977831	0.619658059717455	0.535482933311697	0.960224561962078
5912	7.56592641255918	0.915770512028063	0.867234538367093	1.05596637531568	0.290983577199363	0.960224561962078
5913	4.92196151921697	1.5561443011314	1.02961155905498	1.51138969589629	0.130689193082697	0.960224561962078
5914	5.70133038944107	0.69718007342492	0.96438651172935	0.722925989678897	0.469725355234273	0.960224561962078
5915	1.81705580536633	0.677497192606684	1.146971968391	0.590683304629573	0.554732636410499	0.960224561962078
5916	8.75568794309211	3.15217900627044	0.986833577381	3.19423566295357	0.00140201615920116	0.960224561962078
5917	1.93910156151817	0.617168528565905	1.12465211019102	0.548763944844314	0.583167456644625	0.960224561962078
5918	7.59662460273984	1.46977376927011	1.05411731275157	1.39431707599371	0.163221876618822	0.960224561962078
5919	3.16286293944332	0.291046274261504	1.13712438919231	0.25594937284586	0.797989929993518	0.967651531145028
5920	2.1595546401964	0.617526710600595	1.07061085674106	0.576798476040444	0.564075599169742	0.960224561962078
5921	2.29717611474948	1.19588302810027	1.1604815543989	1.03050584782428	0.30277260854328	0.960224561962078
5922	3.12199426957525	0.648556345608176	1.12510581116731	0.576440312698493	0.564317602823831	0.960224561962078
5923	2.29860190517256	0.749635988451666	1.13598585129109	0.659899053847966	0.50931861143321	0.960224561962078
5924	8.56563298138661	0.820030745544245	0.887077129464942	0.924418766200029	0.355268327818299	0.960224561962078
5925	5.30427460188476	1.00505750214679	1.14159878346845	0.880394685682111	0.378645534422739	0.960224561962078
5926	3.16367288233989	0.935718907958868	1.1314841555845	0.826983659771616	0.408246323119508	0.960224561962078
5927	3.92248996771579	2.40282195069008	1.09626974062107	2.19181635837984	0.0283927694452394	0.960224561962078
5928	2.10578455975059	1.41797851340377	1.16168248988496	1.2206248486574	0.222228093597852	0.960224561962078
5929	2.34508668086699	1.03181604137765	1.16220463978996	0.887809260135227	0.37464336094956	0.960224561962078
5930	5.42735482910237	1.07318858850755	0.962061234786842	1.11550964710197	0.264632086739665	0.960224561962078
5931	4.53028891978533	1.90762259793985	1.07637455136617	1.77226653632663	0.0763503233423728	0.960224561962078
5932	14.7640317957953	1.80994949456902	1.02928272295918	1.75845708297273	0.0786697677751334	0.960224561962078
5933	2.20045793314703	1.01523853685119	1.16194463764549	0.8737408857176	0.382259379724659	0.960224561962078
5934	2.0765656634083	0.561913087199809	1.06263676874765	0.528791308305698	0.59695022785724	0.960224561962078
5935	2.0560075290816	0.992100675983939	1.1617775762036	0.853950615251053	0.393132352977376	0.960224561962078
5936	5.97374165806078	0.862140263718252	1.07238908478885	0.803943527537866	0.421429590145651	0.960224561962078
5937	1.59239773020118	0.342780613082912	1.12934939132365	0.303520430184283	0.761493280321177	0.963432919274349
5938	0.844760441625958	0.322235262926272	0.98847447929928	0.325992496189382	0.744430032468974	0.963432919274349
5939	0.360028064683062	-0.112685141446388	0.90035932963082	-0.125155743643589	0.90040025313318	0.983764860221564
5940	3.22478391221609	1.33970903300578	1.11936596109007	1.19684632155611	0.231366459661769	0.960224561962078
5941	3.91671331000438	0.814737690721299	1.09487487844456	0.7441377154244	0.456793164252002	0.960224561962078
5942	6.92414439380561	1.47177138763471	0.89661032364103	1.64148387412941	0.100697011809813	0.960224561962078
5943	1.67853626141884	0.66833540530339	1.14107605043039	0.585706277027992	0.558072915161977	0.960224561962078
5944	1.75004961805229	0.504434534934878	1.14481305169709	0.440626121607448	0.659483688861225	0.960357823831468
5945	1.14925793914963	0.467727344883422	1.03402085405144	0.452338405991331	0.651025212117853	0.960357823831468
5946	0.277039087894966	0	0.895746859427921	0	1	1
5947	1.80017704612241	0.346165887111174	1.14021336279058	0.30359746553396	0.76143458270986	0.963432919274349
5948	6.55307713324232	0.806870346812458	0.909124051501699	0.887525025302831	0.374796298999896	0.960224561962078
5949	2.40904929158936	0.925492862798743	1.14032558235964	0.811604051610986	0.417018865704369	0.960224561962078
5950	2.27646060775982	1.14860221354664	1.16135197042154	0.989021625485106	0.322652561197311	0.960224561962078
5951	3.61763782293702	-0.0221778507761748	1.10707660098747	-0.0200328060013127	0.984017202407394	0.995791185549766
5952	2.24606142015524	0.0636286590453332	1.15710936458752	0.0549893216602001	0.956146971002428	0.994400445557826
5953	1.05201203651851	0.285338211097562	0.917653415021417	0.310943332664329	0.755843701461453	0.963432919274349
5954	2.59280197417933	0.318926055455089	1.15550432104257	0.276005939265837	0.782543504487539	0.967651531145028
5955	4.74779594164103	0.776695674938422	1.04209562510165	0.745320924711357	0.456077734437194	0.960224561962078
5956	1.91761073471451	0.520213115634915	1.16229579888363	0.447573772644254	0.654460834985073	0.960357823831468
5957	11.2742655301074	1.50551706721468	0.887948928384884	1.69549961612444	0.0899806830116558	0.960224561962078
5958	32.7622372150874	1.26112468053373	1.09211637087755	1.15475302281238	0.24819157951974	0.960224561962078
5959	1.63992117621047	1.00421916331813	1.15110197747676	0.872398087195889	0.382991243669957	0.960224561962078
5960	8.68037037113663	0.997226102587406	0.83530830470511	1.19384195867591	0.232539795138376	0.960224561962078
5961	4.82350172226799	1.91822352044439	1.13919427292433	1.68384231384896	0.0922121471939464	0.960224561962078
5962	15.9104884782919	1.94781836632508	1.01379447252515	1.92131484153141	0.0546920271755495	0.960224561962078
5963	3.20662098349653	1.37344819918494	1.11220843668892	1.2348838166286	0.216873747236886	0.960224561962078
5964	2.8618339409242	0.982231083039311	1.13359418659591	0.866475053113032	0.386229701206269	0.960224561962078
5965	0.747514538994832	0.198709555926464	0.910993435535162	0.218124026118511	0.827332477942099	0.968174360513242
5966	1.01339695131014	0.819301718062345	1.08479049891059	0.755262623414508	0.450091420363611	0.960224561962078
5967	5.05759377963818	1.8406181661426	1.01283967545832	1.8172848188532	0.0691735132754468	0.960224561962078
5968	2.26338187355454	0.60413069483536	1.15859286360405	0.521434848956416	0.602063880193807	0.960224561962078
5969	8.7672842221683	1.37223224573303	0.913571531608384	1.50205232787536	0.133083595228951	0.960224561962078
5970	2.18422964451218	0.139127492064153	1.15567269209351	0.120386587842724	0.904176915480414	0.983764860221564
5971	2.78357978127624	0.401336489456172	1.16361631014757	0.344904489526513	0.730166175331034	0.963432919274349
5972	4.87833251465212	2.28284275759952	1.12666523296837	2.02619437504521	0.0427448698421554	0.960224561962078
5973	2.63268864740425	1.16729173044579	1.14840274477587	1.01644804991614	0.309416074170353	0.960224561962078
5974	4.44933948132229	1.334887043229	1.15068589678242	1.16007943345933	0.246016466833473	0.960224561962078
5975	3.567547117574	1.34754982145462	1.1108153152331	1.21311779102707	0.225084788897773	0.960224561962078
5976	3.44946295837282	1.40500418023467	1.16136099551138	1.20979108620399	0.226359067486888	0.960224561962078
5977	2.28425895245623	0.963295325311878	1.13484131242331	0.848837026610253	0.395971983835555	0.960224561962078
5978	1.35650953404218	0.401883625615619	0.969729377965648	0.414428638285366	0.678560219127794	0.960357823831468
5979	2.06825636942572	0.135312283449767	1.1622178434523	0.116425921536216	0.907314992670971	0.983764860221564
5980	1.63432184212661	-0.160957144653384	1.13698415224457	-0.141564985172073	0.887423626107048	0.983764860221564
5981	13.5821377459484	1.37071948927272	0.851752786072826	1.60929263946724	0.107552367796119	0.960224561962078
5982	1.24030861113498	0.825007769662357	1.06836186969696	0.772217535146937	0.439985597575865	0.960224561962078
5983	4.84159539585676	1.63088677581328	1.07698154705097	1.51431264563357	0.129946562783031	0.960224561962078
5984	3.93746763932568	1.75611985917083	1.14859522326217	1.52892840193363	0.126282194370859	0.960224561962078
5985	4.48329109518018	2.25184419993148	1.07092192937968	2.10271555577896	0.0354906414346229	0.960224561962078
5986	2.29819693372428	0.427680332198954	1.12605562534587	0.379803912499965	0.704090977846513	0.960369878679914
5987	0.930494001395334	0.275364958440386	1.00111448558424	0.275058409807832	0.783271363707193	0.967651531145028
5988	2.90617110979682	1.53741568979118	1.14588223633996	1.34168734014223	0.179697393551335	0.960224561962078
5989	2.57340525974788	0.430287744522051	1.15196263181609	0.373525783422066	0.708757159260331	0.962109640556799
5990	5.63978503491499	1.77586438847913	1.11527083042947	1.59231671807939	0.11131355837638	0.960224561962078
5991	0.0692597719737415	0	0.892865066800151	0	1	1
5992	6.04402122001664	1.03313064306312	0.983659057756775	1.05029342729702	0.293583226143638	0.960224561962078
5993	6.48570059756255	0.682734108518061	0.91257071957152	0.748143780942946	0.454373436740912	0.960224561962078
5994	4.79456294816905	1.22155448257409	1.1145335962302	1.09602302407561	0.273068698755216	0.960224561962078
5995	1.72352390090054	0.678563807374584	1.15336011679501	0.588336459266681	0.556306478112985	0.960224561962078
5996	3.95034807891182	0.278294977949667	1.06150429881329	0.262170372989338	0.793190093647467	0.967651531145028
5997	3.92333346306304	1.21225973718034	1.15555479605601	1.04907161591806	0.29414515863978	0.960224561962078
5998	10.78935480951	0.585945601195951	0.812278330988286	0.721360620913082	0.470687668300252	0.960224561962078
5999	19.5608629411714	2.0091120744086	0.953659261489662	2.10673996000445	0.0351401263808804	0.960224561962078
6000	7.48556873830203	2.04942871891724	0.97664296288588	2.09844210914231	0.035866108772265	0.960224561962078
6001	15.0929597678961	1.8963352266916	0.838289493342269	2.26214838877545	0.0236882368065609	0.960224561962078
6002	1.4839584292833	0.644352995826411	1.07578930310142	0.598958359196163	0.549200653038509	0.960224561962078
6003	0.526006018259253	0.142902704288205	0.906262655749232	0.157683540617773	0.874706170908177	0.983764860221564
6004	1.52575979162833	0.517876927785608	1.07899856937921	0.47996071772696	0.631255325547497	0.960357823831468
6005	8.78918211107911	1.69201187842225	0.893075673479099	1.8945895948893	0.0581467943595392	0.960224561962078
6006	3.01872938032834	1.52317103812424	1.13751044120181	1.33903917094156	0.180557921301709	0.960224561962078
6007	5.5740955405346	2.60576224421242	1.04510479944906	2.49330234210586	0.0126561027503695	0.960224561962078
6008	4.86533980732013	1.60365120191707	1.10861974081866	1.4465295383725	0.14802873322852	0.960224561962078
6009	0.761771464837863	0.24210859408604	0.976123202404949	0.248030774690673	0.80411059585498	0.967651531145028
6010	1.99121820372016	0.657178112166991	1.15637408433208	0.568309270392006	0.569824985321094	0.960224561962078
6011	10.6123975039817	1.65096926835815	0.831202621336635	1.98624165273116	0.0470064978900631	0.960224561962078
6012	15.003559414503	1.39680141971441	0.869906568084784	1.60569131325179	0.108341750873845	0.960224561962078
6013	3.77606293097759	0.599784832935579	1.09477471760979	0.547861421430232	0.583787060206892	0.960224561962078
6014	34.6074428332566	0.263430300567568	1.09343788050463	0.240919310794311	0.809617655043278	0.967651531145028
6015	36.8042539237445	0.085556571509823	1.11700833848219	0.076594389282786	0.938946222546093	0.994400445557826
6016	3.33345086095471	0.846450649993686	1.1136894902787	0.760041876467613	0.447229553832287	0.960224561962078
6017	1.12179952952092	0.320580855946654	1.03132419995893	0.310843918875773	0.755919279976146	0.963432919274349
6018	3.17112082963517	1.4650959185161	1.11779599841369	1.31070062926981	0.189958926004026	0.960224561962078
6019	3.64469126111744	1.09851152762331	1.13924682975923	0.964243655481985	0.334923782142122	0.960224561962078
6020	2.89510046109046	1.6423228411137	1.14366639154116	1.43601565391859	0.150997886960548	0.960224561962078
6021	4.10669794594723	1.54647205481445	1.11480765986051	1.38720974971409	0.165377813336291	0.960224561962078
6022	2.03803660507323	0.689545695316034	1.12115152032605	0.615033456954601	0.538532625553949	0.960224561962078
6023	1.05306747857586	0.244248774319627	1.03048242139595	0.23702371748249	0.812638390568439	0.967651531145028
6024	3.11423474721048	1.09253099000811	1.13178094552452	0.965320183493443	0.334384465475923	0.960224561962078
6025	1.61140732452441	0.771710263066213	1.09880994469214	0.702314596617915	0.482482992306036	0.960224561962078
6026	8.51980077592579	1.58847501193018	1.16135489749008	1.36777742562862	0.171381755888101	0.960224561962078
6027	3.41223484125589	0.756047071813497	1.12426893949479	0.672478839585519	0.501278906821236	0.960224561962078
6028	2.91405548136653	1.25601586462086	1.15663489265764	1.0859225089906	0.277513277475334	0.960224561962078
6029	2.02103509624892	0.602148021122104	1.05678649440152	0.569791556110976	0.568819083272072	0.960224561962078
6030	1.2179899900947	0.395771032714033	0.947036233907296	0.417904847295182	0.676016688346484	0.960357823831468
6031	1.23499149891901	0.433607099255482	1.04550378876967	0.414735081702327	0.678335847728166	0.960357823831468
6032	1.32929662357426	-0.206171736988374	1.05389467149269	-0.195628408194115	0.844901023362904	0.973247772378739
6033	3.53535389080515	1.86681680367313	1.11546520188032	1.67357690811535	0.0942137799521714	0.960224561962078
6034	3.8990980532781	1.14761794937835	1.09936041287583	1.04389601075072	0.296533504077205	0.960224561962078
6035	2.58120360444429	0.504901508167479	1.15535469788377	0.437009958147304	0.662104126175127	0.960357823831468
6036	6.94535509836593	2.11095944025002	1.05224388496827	2.00615035202954	0.0448402090616567	0.960224561962078
6037	4.05053475951882	1.09331671026807	1.04749091634095	1.04374815400519	0.296601924423922	0.960224561962078
6038	13.0558505854188	0.444159224172532	0.914296499151184	0.48579342104545	0.627113639295418	0.960357823831468
6039	2.10463782093898	0.410743394008083	1.0668332700882	0.385011796617598	0.700228675560854	0.960357823831468
6040	3.679313296549	1.59006569146262	1.07703831808375	1.47633158891843	0.139854897966359	0.960224561962078
6041	2.82779420056848	1.28599168704487	1.16109952386976	1.10756370199762	0.268050286840637	0.960224561962078
6042	16.8395020646122	0.782303373374572	0.883323320294669	0.885636499570285	0.375813436572002	0.960224561962078
6043	3.68055966371999	-0.100934023093845	1.05818589495719	-0.0953840186066061	0.924009809502175	0.988690134431294
6044	5.38836622527186	0.236531910207585	0.981216880714425	0.241059764519508	0.809508796557353	0.967651531145028
6045	10.1480217875242	-0.25181624974066	1.00761162391059	-0.249913998375038	0.802653857521784	0.967651531145028
6046	2.59215150357026	0.754365362733952	1.16125940464041	0.649609690754277	0.515944371785535	0.960224561962078
6047	6.07844919866435	0.700510428042621	1.02715458670692	0.681991237841302	0.495244491401966	0.960224561962078
6048	4.75878374269621	1.93843201395779	1.03877963988153	1.86606662234818	0.0620320450676852	0.960224561962078
6049	5.91351299646835	1.12931464017219	0.99891567020638	1.13054051893977	0.258248534970933	0.960224561962078
6050	3.28740777941566	0.948067623632317	1.1459892035886	0.827291933173105	0.408071614905236	0.960224561962078
6051	7.18787500005001	1.42598971302165	0.973723945233701	1.4644702125297	0.143065516136641	0.960224561962078
6052	12.8901884061612	0.142821458125619	0.82638043263749	0.172827734642491	0.862786835983397	0.981823103825105
6053	1.61524407227014	0.645999895015886	1.16241348313295	0.555740194336683	0.578388474830838	0.960224561962078
6054	3.00327539148051	1.27726961001657	1.12915850664807	1.13116945273536	0.257983776454926	0.960224561962078
6055	3.4051257895002	0.953104322045261	1.15805677595586	0.823020375023121	0.410496406868631	0.960224561962078
6056	2.40338178197226	1.12377946296689	1.15046619765111	0.976803547345675	0.328666419541553	0.960224561962078
6057	4.04565934145823	0.99351158516311	1.04715102387967	0.948775833195644	0.342734635620756	0.960224561962078
6058	3.00431508182236	1.13206148793936	1.15648563785485	0.978880714886532	0.32763892204673	0.960224561962078
6059	2.18187326123668	1.04648224977437	1.14209106479557	0.916286171945217	0.359516818819629	0.960224561962078
6060	3.23890023713867	0.7915709967052	1.09866810000916	0.720482370152185	0.471228050619732	0.960224561962078
6061	3.23506348939294	1.15464295064156	1.12907049828116	1.0226491192528	0.306473776480501	0.960224561962078
6062	1.32905112441347	0.295210207173674	0.965591361401119	0.305729958836117	0.759810260956283	0.963432919274349
6063	1.34278032922783	0.349676469783851	0.967526549412654	0.361412790166973	0.717790888090588	0.962423898398307
6064	2.51909170655788	0.74264955912109	1.13650551350489	0.65345002755932	0.513466195830863	0.960224561962078
6065	1.79438678692491	0.829804884904344	1.11764722815062	0.74245688979825	0.457810562133847	0.960224561962078
6066	2.64506023732876	0.403362161833632	1.16366328139816	0.346631339393116	0.72886829856163	0.963432919274349
6067	3.74520946775853	1.06735037408185	1.11697484369074	0.955572437562764	0.339288292150511	0.960224561962078
6068	5.00758910114845	1.43208740792894	0.992618163132624	1.44273746050484	0.149094442375921	0.960224561962078
6069	4.4654796434593	1.33079322235425	1.02830490138875	1.29416209196025	0.195609437722331	0.960224561962078
6070	2.94825679363429	0.999435520747465	1.12452560388182	0.888761907507889	0.374131052022036	0.960224561962078
6071	7.70097955712666	1.17385108974495	0.976871057171367	1.20164384145433	0.229501547821517	0.960224561962078
6072	6.53817183641477	0.777789101731334	1.03244911835329	0.753343760874019	0.451243368466917	0.960224561962078
6073	1.54038496621254	-0.504510945830639	1.16000180055477	-0.434922554076518	0.66361864296067	0.960357823831468
6074	2.33146345389053	0.956853683077186	1.14412681331508	0.836317855627148	0.402976110711518	0.960224561962078
6075	4.4453370901927	-0.606466637515564	0.967900702339865	-0.626579396057315	0.530934977701755	0.960224561962078
6076	2.56416537291287	0.607636537397211	1.16029058714588	0.523693412778514	0.600491797979604	0.960224561962078
6077	3.17307434108693	1.16367090746558	1.1541199712201	1.00827551423046	0.313322214481813	0.960224561962078
6078	2.92648164533819	1.0271649656011	1.12301342472906	0.914650655978504	0.36037505645921	0.960224561962078
6079	4.29196669568754	1.25963778843929	1.06857214255203	1.17880462935422	0.238475980531734	0.960224561962078
6080	8.90177291403431	2.38605536914988	0.940792936369414	2.53621735124611	0.0112057160524712	0.960224561962078
6081	7.26850544333319	1.07905409481594	0.999294693965344	1.07981569534218	0.280224260499608	0.960224561962078
6082	5.04106649739295	0.877327712829509	0.996782365622752	0.880159745082758	0.37877277726092	0.960224561962078
6083	11.9196692302451	0.265369296758002	0.816015912568056	0.325201129868739	0.745028853607298	0.963432919274349
6084	1.04094138781214	0.505380015430114	1.02108537957874	0.494943934696838	0.620639696678691	0.960357823831468
6085	3.90799904457351	-0.0521662403785621	1.03713343617657	-0.0502984848033389	0.959884531195029	0.994400445557826
6086	0.221508520735579	-0.122998561103365	0.896740275265759	-0.137161856666819	0.890902859867881	0.983764860221564
6087	0.0692597719737415	0	0.892865066800151	0	1	1
6088	9.81098798473121	1.04112687766333	0.902788187174955	1.15323493644868	0.248813967385081	0.960224561962078
6089	2.84928292774759	0.307633250088618	1.12397456441914	0.273701256084562	0.784314212389452	0.967651531145028
6090	4.88565034286149	1.25864045398028	1.05594321795061	1.19195846195506	0.23327753298502	0.960224561962078
6091	4.36781091803984	1.83925244104642	1.12626420699007	1.63305592917829	0.102457234307502	0.960224561962078
6092	3.49627926010134	0.711439425839336	1.10622293801471	0.643124818145722	0.520143111813481	0.960224561962078
6093	2.5809581052835	1.29418245243087	1.16215563611	1.11360510780019	0.265448634195792	0.960224561962078
6094	5.1479194560027	1.41741434414846	1.01679181776165	1.39400644201557	0.163315659322749	0.960224561962078
6095	3.83062935283387	1.25656821967534	1.07043501164889	1.17388557549116	0.240440860860454	0.960224561962078
6096	2.7697278268815	0.672821688939341	1.16327953877203	0.578383498131136	0.563005232525453	0.960224561962078
6097	0.570465936712272	0.209561987481722	0.948741510683109	0.220884176693011	0.825182618306658	0.968174360513242
6098	3.65458371818606	0.456500531830824	0.927856852735517	0.491994568434736	0.622723183283983	0.960357823831468
6099	3.20179696922668	0.591827216131509	1.14216420950931	0.518162984975484	0.604344558068055	0.960224561962078
6100	3.11497124469285	0.678323839186193	1.15353304930305	0.588040229619798	0.556505290354285	0.960224561962078
6101	1.80558018521168	0.430427983628787	1.14622261254135	0.375518663581818	0.707274768792148	0.961430490514184
6102	1.32905112441347	0.295210207173674	0.965591361401119	0.305729958836117	0.759810260956283	0.963432919274349
6103	1.97143538920747	0.862662114972757	1.12620605114499	0.76598959319718	0.443682494409231	0.960224561962078
6104	2.57768580127354	1.37424321211439	1.16181977000896	1.18283682855886	0.23687382159849	0.960224561962078
6105	3.37807235131977	1.25426449628132	1.16085664987593	1.08046458312952	0.279935349959331	0.960224561962078
6106	3.39139658468584	0.912236731687009	1.157854954513	0.787867882873724	0.430773989157438	0.960224561962078
6107	2.54728661366896	0.347319507249586	1.14038743119774	0.304562728199134	0.760699210693657	0.963432919274349
6108	3.45285801196318	1.02222629769651	1.15998785681958	0.881238792015653	0.378188587129917	0.960224561962078
6109	23.494612374117	1.96953607726477	1.05274300860161	1.87086122745281	0.0613643183781358	0.960224561962078
6110	3.85021699237896	1.24730657801287	1.16045584350379	1.0748419123358	0.282445512177783	0.960224561962078
6111	1.36668211335414	0.699699806150175	1.13615792240964	0.61584731519207	0.537995296112616	0.960224561962078
6112	6.46611080778804	0.650658601796504	0.970751547228125	0.67026275019019	0.502690308447433	0.960224561962078
6113	0.723242406502787	0.25941789203159	1.05502308961327	0.245888355037503	0.805768658473961	0.967651531145028
6114	5.08619785744663	2.05828453566665	1.13647177659737	1.81111803922594	0.0701225817075077	0.960224561962078
6115	4.38571576613951	2.37162230416818	1.11648754831034	2.12418159768761	0.033654961406277	0.960224561962078
6116	2.53649818683048	1.20709678385934	1.16160668215801	1.03916136365264	0.298729696000891	0.960224561962078
6117	2.04954894793498	0.814710744059872	1.1304694203724	0.720683575670265	0.47110421988386	0.960224561962078
6118	2.75432943210782	0.842311922385539	1.14488039552741	0.735720452263937	0.461900840332725	0.960224561962078
6119	5.15190100391798	2.29876326095647	1.08277489701035	2.1230296964804	0.033751363454564	0.960224561962078
6120	2.13266067430347	0.584730290658443	1.15647027877192	0.505616358147468	0.613125995754476	0.960224561962078
6121	3.70745362961292	0.144768050074487	1.0747211810795	0.134702890966637	0.892846787364564	0.983764860221564
6122	5.81830980241869	2.07046727192947	0.992790178336281	2.08550337937383	0.0370236317272302	0.960224561962078
6123	0.850163580715225	0.411005807118123	0.998269453809874	0.41171830466166	0.680545906788626	0.960357823831468
6124	8.1020347349726	0.941828393097917	0.98103357131862	0.960036863806804	0.337036662125219	0.960224561962078
6125	1.01021067417347	0.401129026874558	0.915604106525186	0.438103132146146	0.66131152401088	0.960357823831468
6126	8.51672256728589	2.401248641499	1.01859250923712	2.35741831961578	0.0184025032762597	0.960224561962078
6127	1.2328606638397	0.143892512695371	1.04935124855239	0.137125212262218	0.89093182420209	0.983764860221564
6128	2.98282425501869	1.10443764117956	1.14212320913493	0.96700393823192	0.333542064922709	0.960224561962078
6129	4.80755355587649	0.818249019513943	0.994798569680263	0.822527338149406	0.41077683408142	0.960224561962078
6130	0.444072483528511	0	0.898089708255059	0	1	1
6131	10.595881812789	0.354492266885264	0.766004520643807	0.462780907072614	0.6435214181402	0.960357823831468
6132	1.52427942715809	-0.348945977059737	1.1372345553549	-0.306837297034858	0.758967217786846	0.963432919274349
6133	4.40751816801266	1.25576292417916	1.10845385085779	1.13289599130119	0.257257933631579	0.960224561962078
6134	4.20787609232744	1.88611746067539	1.1604753503273	1.62529730609394	0.104099225178851	0.960224561962078
6135	3.82533111198495	1.67120256947487	1.14152421795356	1.4640097364477	0.143191288070884	0.960224561962078
6136	5.01640826481967	1.0589961887635	0.999160362362733	1.05988610903186	0.289196415928734	0.960224561962078
6137	2.99651673712595	1.32152001116472	1.15988825836002	1.13935114149119	0.254556725674686	0.960224561962078
6138	1.86878634748708	0.539909922757141	1.03990702967015	0.519190569303486	0.603627854852449	0.960224561962078
6139	3.47696857254318	0.519407429793064	1.11222925784432	0.466996733029446	0.640502215445506	0.960357823831468
6140	5.57701319728946	0.133920269854358	0.992744221469991	0.134899067612862	0.892691676750214	0.983764860221564
6141	2.23752657797646	0.693158527850252	1.16040384990111	0.597342492365331	0.550278740024879	0.960224561962078
6142	3.76147447910047	1.80799506713232	1.12820482972146	1.60254150620743	0.109035916817551	0.960224561962078
6143	2.27061577451517	0.534184528086019	1.08127209383065	0.494033399302437	0.62128259197346	0.960357823831468
6144	2.0385643261019	0.774376756045841	1.15410259333843	0.670977398816714	0.5022349276511	0.960224561962078
6145	8.35101844604508	1.72498398794828	0.936932792748269	1.84109682284515	0.0656073711934487	0.960224561962078
6146	3.19213434879442	0.591171056680965	1.16331315117151	0.508178778934657	0.611327971720104	0.960224561962078
6147	3.46077910623998	0.632761116470148	1.161134916352	0.544950554461085	0.585787525124272	0.960224561962078
6148	5.74040502014487	1.43115499596195	0.998068890992013	1.43392405963027	0.151593935119273	0.960224561962078
6149	2.84444531199166	1.70841572955078	1.15446886231177	1.4798283308653	0.138919065933186	0.960224561962078
6150	3.85660949761689	1.69705917851647	1.16042905930132	1.46244112461149	0.143620366946183	0.960224561962078
6151	0.872304878127961	0.10906128428224	0.912070915310961	0.119575443588239	0.904819473302978	0.983764860221564
6152	2.97041384276253	1.1161436237462	1.1247149817944	0.992379084312962	0.321012637969118	0.960224561962078
6153	0.304497497523674	0.038426170544167	0.901003266920888	0.0426482033472371	0.965981969707258	0.994400445557826
6154	5.51307263715624	1.14346762870298	1.11939295132869	1.0215069045644	0.307014339532091	0.960224561962078
6155	3.65776999532273	1.57093324343093	1.15753958656631	1.35713133413511	0.174739483876532	0.960224561962078
6156	15.759611965933	1.68339595617078	0.908924225290368	1.85207513380227	0.0640150346579631	0.960224561962078
6157	0.470475451099866	0.248374778215313	0.906158907425509	0.274096271834894	0.784010638811298	0.967651531145028
6158	0	NA	NA	NA	NA	NA
6159	9.58900841663866	2.43692303633023	1.00546884440356	2.42366837112272	0.0153646290510836	0.960224561962078
6160	5.48415278502921	1.45480600781309	1.05469683523527	1.37935941325601	0.167783966484334	0.960224561962078
6161	5.50812694393786	1.14399364600238	0.948992458629834	1.20548233613372	0.228017153020846	0.960224561962078
6162	1.51787542005862	0.938123551365797	1.14296005234371	0.820784199274606	0.411769200311967	0.960224561962078
6163	2.29293439555546	0.942288306717752	1.14539777140658	0.822673424238109	0.410693732058058	0.960224561962078
6164	0.196708667214857	-0.0556263925802994	0.896456879845315	-0.0620513867771285	0.950521910079778	0.994400445557826
6165	5.45938858358372	1.29930961235623	1.03185620222342	1.2591963972853	0.207959402538073	0.960224561962078
6166	2.1595546401964	0.617526710600595	1.07061085674106	0.576798476040444	0.564075599169742	0.960224561962078
6167	0.77497294862354	0.336365900922834	0.912096208409656	0.36878335620902	0.712289211443036	0.962109640556799
6168	0.874963434235947	0.360398161602243	0.994634285293763	0.362342387479434	0.717096186479755	0.962423898398307
6169	3.40313555534134	1.46220024896525	1.16215492601301	1.25818014124984	0.20832661521916	0.960224561962078
6170	3.12359528400133	1.62003254486435	1.13294658581885	1.42992844070707	0.152737558292667	0.960224561962078
6171	5.0871630733816	1.72272868683173	1.03108108304141	1.6707984611163	0.0947614926174379	0.960224561962078
6172	5.67230768809337	1.20282475736067	1.05864185186694	1.13619611319868	0.255874496867818	0.960224561962078
6173	7.00880675980213	1.67308568898748	1.03999182565388	1.60874888409392	0.107671262020293	0.960224561962078
6174	13.5296646334057	0.486941533312468	0.821844483728435	0.592498389845456	0.553516898640797	0.960224561962078
6175	8.98006061716727	1.67373706469162	0.972665537737555	1.72077348251155	0.0852919361033398	0.960224561962078
6176	3.48288895082658	1.56948165306428	1.13180606975364	1.38670545688618	0.16553159595949	0.960224561962078
6177	4.9959749796979	1.80715887572702	1.0735771220665	1.68330606025627	0.0923158578447237	0.960224561962078
6178	2.68661610051301	0.947463775685365	1.15523473772794	0.820148273543773	0.412131585608333	0.960224561962078
6179	0.775586696525511	-0.0745590464661567	0.907546939001839	-0.0821544795778388	0.934523871059381	0.994400445557826
6180	7.92236742790639	1.0035892169914	1.08322295044815	0.92648444770875	0.354194275741201	0.960224561962078
6181	5.24450021590681	1.71002429651339	1.10243835133097	1.55112918055589	0.120870729439942	0.960224561962078
6182	0.945278648267042	0.254812702613071	1.08800450501144	0.234201881921795	0.814828254082521	0.967651531145028
6183	3.340756107705	1.52997056237534	1.12235341023238	1.36318074897511	0.172825552839656	0.960224561962078
6184	0.91954610226936	0.0829595727956932	1.07908244390987	0.0768797354306902	0.938719218610906	0.994400445557826
6185	2.62087413171001	0.0353858968550271	1.15518576062824	0.0306322135028591	0.975562851537722	0.994400445557826
6186	2.24266636656489	0.48108149764812	1.12302570800974	0.428379772802091	0.668374648668519	0.960357823831468
6187	2.67501773077796	1.21603068049534	1.16219582571918	1.0463216728066	0.295412542436986	0.960224561962078
6188	1.95622581992288	0.13533103997486	1.16346061326017	0.11631768057506	0.907400773651736	0.983764860221564
6189	1.63379412109793	-0.041029734562282	1.08418954273664	-0.0378436914810276	0.969812308540581	0.994400445557826
6190	5.46563628865211	0.782688551412398	0.951482089452472	0.822599353249828	0.410735866574287	0.960224561962078
6191	1.73611163678425	1.18564378737679	1.15087976224177	1.0302064787961	0.302913089052717	0.960224561962078
6192	0.221508520735579	-0.122998561103365	0.896740275265759	-0.137161856666819	0.890902859867881	0.983764860221564
6193	0.680913323129076	0.485026043681553	0.971643426265534	0.499181109623443	0.617651801263875	0.960357823831468
6194	12.1420328656874	2.13239538777857	0.880551151542443	2.42165987068815	0.0154498035784554	0.960224561962078
6195	9.43931015548806	1.10486570796268	1.06174317871308	1.04061483992944	0.298054341039874	0.960224561962078
6196	4.86168038320194	1.07935265687914	1.09063354664211	0.989656571817636	0.322342008625464	0.960224561962078
6197	1.76099751717826	0.663862159790552	1.10120594169301	0.602850143334609	0.54660838551485	0.960224561962078
6198	5.23288189520716	1.64011465905891	1.05272386930332	1.55797232957615	0.11923980760936	0.960224561962078
6199	5.77517287577296	1.02502851214073	1.07901405532363	0.949967710877767	0.342128659556456	0.960224561962078
6200	1.4839584292833	0.644352995826411	1.07578930310142	0.598958359196163	0.549200653038509	0.960224561962078
6201	1.09381339886354	0.168427809560426	0.926291767991506	0.181830191501789	0.855715990073244	0.977390919310389
6202	1.82601347033344	-0.222429006103455	1.16292917421911	-0.191266167393911	0.848317066240733	0.974886033520943
6203	10.8455158963138	0.161038596677155	0.799370662061143	0.201456726297565	0.840341463119504	0.972547696773971
6204	5.41448804160719	1.14907855268148	1.05574384245611	1.08840658734816	0.276415654373656	0.960224561962078
6205	10.8300126539047	0.76228121058227	1.16520646787771	0.654202694197776	0.51298122604233	0.960224561962078
6206	0.539735223073607	0.236523367737852	0.907085870084559	0.26075080159258	0.794284686798392	0.967651531145028
6207	16.0848439013839	1.25040377932686	0.971465520284115	1.28713140427378	0.198048491156165	0.960224561962078
6208	3.13389481214278	1.42788504844906	1.16138211382961	1.22947050023068	0.218895451646684	0.960224561962078
6209	4.50265318652908	1.42298310119601	1.12720136066136	1.26240364042952	0.206803579946651	0.960224561962078
6210	4.84462430033047	0.490270610946549	0.963453815873847	0.508867786778006	0.610844900873756	0.960224561962078
6211	1.34871118934577	0.486714867186228	1.0673482326285	0.456003816100038	0.648387234072658	0.960357823831468
6212	12.0138359427955	0.646945739817105	0.82635978804136	0.782886279293063	0.433693895422462	0.960224561962078
6213	5.75222055586611	2.37351107716418	1.09906108894162	2.15958066484715	0.0308051465638029	0.960224561962078
6214	2.62511585090403	-0.0507503712555568	1.14036561628673	-0.0445035965051371	0.964502985222631	0.994400445557826
6215	4.97333741408263	0.998111235674158	1.12485364057558	0.887325425878013	0.374903720394132	0.960224561962078
6216	7.19167712471319	0.964466286304735	0.904199628656029	1.06665193806625	0.286129037729951	0.960224561962078
6217	6.452348050523	2.0018854546646	0.9766167616699	2.04981680965788	0.040382310621545	0.960224561962078
6218	7.59759093685857	0.356606495351425	1.06022488112821	0.336349864730539	0.736607051381443	0.963432919274349
6219	2.59215150357026	0.754365362733952	1.16125940464041	0.649609690754277	0.515944371785535	0.960224561962078
6220	4.04997031578304	1.33747882160704	1.09660539484031	1.21965369484782	0.222596182173662	0.960224561962078
6221	2.75751570924448	1.16695379587683	1.15894762173692	1.00690814148089	0.313978919201006	0.960224561962078
6222	9.81232672825401	2.98317495384217	1.01205076152425	2.94765348464261	0.00320195756976214	0.960224561962078
6223	1.77198213901134	0.809146800543049	1.10209843294021	0.734187415895677	0.462834522008486	0.960224561962078
6224	0.221508520735579	-0.122998561103365	0.896740275265759	-0.137161856666819	0.890902859867881	0.983764860221564
6225	8.76353769157927	1.04673395174398	0.829343265634814	1.26212389382914	0.206904208689912	0.960224561962078
6226	4.09645719110202	0.847938690942738	1.0563148412754	0.802732914288063	0.422129124429843	0.960224561962078
6227	1.70333611493956	0.500985820088634	1.09715529862306	0.45662252255207	0.647942387825113	0.960357823831468
6228	2.73014332648907	0.73316660435167	1.16192513960718	0.630992978256359	0.528045115639131	0.960224561962078
6229	0.825363727194502	0.454791469777633	0.994467935404525	0.457321401310576	0.647440049311908	0.960357823831468
6230	4.47123317994969	0.995827254219923	1.05395801848643	0.944845275383939	0.344737873518747	0.960224561962078
6231	1.9132462659401	0.737017559384322	1.11305416526471	0.662157855731163	0.507870060426366	0.960224561962078
6232	3.49404562640624	1.16523656482598	1.15928572454012	1.00513319551849	0.314832717612614	0.960224561962078
6233	1.16307317083728	0.170078490807083	0.938708735687048	0.181183453760661	0.856223581645957	0.977390919310389
6234	2.17328384501075	0.663975812382467	1.07183816354066	0.619473942026024	0.535604183103441	0.960224561962078
6235	4.78897098359069	0.551343694232692	0.931589396917321	0.591831225277057	0.553963611404098	0.960224561962078
6236	3.92257701461607	1.74173368987774	1.13724088349932	1.53154333013282	0.125635166063289	0.960224561962078
6237	1.67534998428218	0.317474695471142	1.01702712859591	0.312159515262333	0.754919297964897	0.963432919274349
6238	1.15518879926758	0.622382985325643	1.11263610371059	0.559376945660873	0.575904491936066	0.960224561962078
6239	1.63965680568264	1.01821666763837	1.10981418709316	0.917465896075173	0.358898555958166	0.960224561962078
6240	6.99767733779951	0.754653924140244	0.886316089474523	0.851450101269922	0.394519370713934	0.960224561962078
6241	0.526006018259253	0.142902704288205	0.906262655749232	0.157683540617773	0.874706170908177	0.983764860221564
6242	1.57854577580644	0.557460800876904	1.08511318399645	0.513735165232983	0.607437162608819	0.960224561962078
6243	2.60547573693633	0.482004991688563	1.16233285188352	0.414687574998409	0.678370629266575	0.960357823831468
6244	1.60110989600751	0.256772852487992	1.16287512326769	0.220808621106673	0.825241450588161	0.968174360513242
6245	5.05159157373059	1.56838248162679	1.08813312524543	1.44135165563775	0.149485360783251	0.960224561962078
6246	3.57295025666326	1.4006834131072	1.10817180678629	1.26395871518262	0.20624484552793	0.960224561962078
6247	11.6212295922737	0.60613221403379	0.855260300339758	0.708710802773144	0.478503959672588	0.960224561962078
6248	5.34316770971192	1.15712022002898	0.98000718730203	1.18072625897218	0.237711486422153	0.960224561962078
6249	5.71289730634997	1.32715000587771	0.933071545220248	1.4223453846344	0.154926009695723	0.960224561962078
6250	2.09307617391104	0.657310991489031	1.1514158708494	0.570871922239643	0.568086465038505	0.960224561962078
6251	4.76984702189707	-0.911394840688294	0.994195014483027	-0.916716365915606	0.359291287833777	0.960224561962078
6252	5.35077195903829	1.38902750491493	1.10401354610723	1.25816165011078	0.208333301135623	0.960224561962078
6253	1.70873925402883	0.583949751445827	1.10444135467189	0.528728618297085	0.596993721604235	0.960224561962078
6254	22.7943013224422	0.236769187995766	0.863764952781256	0.274112983206124	0.783997796678713	0.967651531145028
6255	7.09083384098697	-0.811969490024635	0.806111896681364	-1.00726647673529	0.313806734931733	0.960224561962078
6256	2.14679485056611	0.899269942037299	1.13871310288865	0.789724768913311	0.429688522836358	0.960224561962078
6257	1.10859804573525	0.148272640085328	1.04154328455928	0.142358596405398	0.886796764522864	0.983764860221564
6258	3.22411559026696	0.836480007333829	1.11375633133366	0.751043997507236	0.452626177510863	0.960224561962078
6259	10.8292414827349	1.02195231145528	0.840713188124983	1.21557782831325	0.224145784416665	0.960224561962078
6260	4.14646186959175	1.08013417684146	1.08880481830256	0.992036551165697	0.321179695609331	0.960224561962078
6261	0.889220360078978	0.472495388512374	1.07727047825263	0.43860422990406	0.660948331556293	0.960357823831468
6262	1.34543888533581	0.639943964688106	1.06122658457262	0.603022930249928	0.546493435021297	0.960224561962078
6263	1.55652722797409	0.588763286139987	1.15999266666149	0.507557765718015	0.611763515756896	0.960224561962078
6264	4.42782768352703	0.0950751543509999	1.03447150983292	0.0919069819200294	0.926771944173316	0.989848125171808
6265	0.891351195158287	0.673278131392264	1.01584681900316	0.662775251935075	0.507474505903999	0.960224561962078
6266	1.44648481300557	0.658190360405202	1.14087224334725	0.576918550033357	0.563994478813183	0.960224561962078
6267	1.04094138781214	0.505380015430114	1.02108537957874	0.494943934696838	0.620639696678691	0.960357823831468
6268	3.18470733390453	1.66553731749292	1.13115866139151	1.47241706609401	0.14090828740924	0.960224561962078
6269	4.5286858057347	1.76513241801077	1.06281648048299	1.66080640489186	0.0967523344043891	0.960224561962078
6270	2.71681909312299	1.10189979275436	1.16232839895891	0.948010728931111	0.343123992307177	0.960224561962078
6271	7.25407436411903	2.07249290352907	0.978219217803196	2.11863850741278	0.0341210288062096	0.960224561962078
6272	9.94692559720701	2.43477149645414	1.03851386825732	2.34447663230518	0.0190538044553825	0.960224561962078
6273	0.844232720597281	0.31957042381989	0.913242360910479	0.349929479291002	0.726391622732488	0.963432919274349
6274	0.747514538994832	0.198709555926464	0.910993435535162	0.218124026118511	0.827332477942099	0.968174360513242
6275	9.85637430575324	0.142702821566261	0.843867790346555	0.169105662283492	0.865713531217214	0.982876974843964
6276	2.81798777037315	0.522241595474249	1.14265570204925	0.457041954577967	0.647640890160201	0.960357823831468
6277	7.86778530493947	1.15425504856598	0.89983079225056	1.2827467769569	0.199580806008441	0.960224561962078
6278	2.12114833144172	0.461475625728819	1.15158499840621	0.400730841724667	0.688618301132226	0.960357823831468
6279	2.24278911614528	0.229900866179188	1.12691458983629	0.204009130995975	0.838346363466099	0.972547696773971
6280	2.4151396239948	0.659415924343193	1.15268900425591	0.57206750642066	0.567276241656928	0.960224561962078
6281	1.76536198595267	0.42202342748274	1.16321327209915	0.36280829801843	0.716748092730047	0.962423898398307
6282	12.2180816652443	0.873066029676399	0.815448155267602	1.07065792477008	0.284323267936432	0.960224561962078
6283	4.73218458013026	0.777284812851857	1.00664509572366	0.772153777089713	0.440023354499536	0.960224561962078
6284	2.370115261806	0.66366257425735	1.15747850764305	0.573369241739749	0.56639471173459	0.960224561962078
6285	4.51625964176304	1.90029941163842	1.14233731395833	1.66351863711224	0.0962086633758792	0.960224561962078
6286	7.44300463760207	2.27289562673072	0.995858348874427	2.28234831720764	0.0224687840514946	0.960224561962078
6287	13.402752711355	2.1164652989748	0.850009183269782	2.48993227441763	0.0127767439460349	0.960224561962078
6288	4.31539318260291	0.541537869206682	1.08098547481535	0.500966832416678	0.616394465739235	0.960357823831468
6289	1.7647975422169	0.549311414906585	1.1480729585945	0.478463856146446	0.632320093620946	0.960357823831468
6290	6.1654700089747	2.29718438093945	1.07985560106977	2.12730700166181	0.0333945833880699	0.960224561962078
6291	5.10614014424682	1.1765702586407	1.04918632594421	1.12141211674852	0.26211248087359	0.960224561962078
6292	3.11750705122044	1.20971825101812	1.1581766143181	1.04450239804778	0.296253010298476	0.960224561962078
6293	3.04562544584581	0.977710255555526	1.16318421970103	0.840546354563529	0.40060212257875	0.960224561962078
6294	3.78534164014424	1.27419886031759	1.13675929158785	1.12090472428667	0.262328419739361	0.960224561962078
6295	1.84741827026381	0.291962490144673	1.16364100794755	0.250904263557745	0.801888127993461	0.967651531145028
6296	8.29152627296933	1.50457596474639	1.07782403188925	1.39593840945364	0.162733042965273	0.960224561962078
6297	5.05467187302935	1.58919489234843	1.03769041167757	1.53147304288885	0.125652523834525	0.960224561962078
6298	0.778245252633497	0.190920527584267	0.976135064748956	0.195588227980898	0.844932475030521	0.973247772378739
6299	1.34278032922783	0.349676469783851	0.967526549412654	0.361412790166973	0.717790888090588	0.962423898398307
6300	1.93028449747151	0.741021713221279	1.16306253746974	0.637129723766518	0.524040348785258	0.960224561962078
6301	10.9744619277677	0.249624104444153	0.820879460051329	0.304093495564555	0.761056662128822	0.963432919274349
6302	2.19137751859952	0.714906908950785	1.16149242446306	0.615507164656087	0.538219839215772	0.960224561962078
6303	4.47994744538057	0.820173796627093	1.06483002618704	0.770239171000829	0.441158032020916	0.960224561962078
6304	4.43920152509289	1.98797855408429	1.12508474365812	1.76695894712832	0.0772351037798292	0.960224561962078
6305	7.38881383399247	2.30422531071924	1.02227567838058	2.25401558449424	0.0241951875711536	0.960224561962078
6306	4.08269126358057	0.924436549229447	1.08960046701313	0.848417908413311	0.396205272672429	0.960224561962078
6307	9.65874993477228	0.266679543097672	0.822621304143624	0.324182636353302	0.745799767024632	0.963432919274349
6308	2.21276344716284	0.734669048343416	1.15556649250862	0.635765274526543	0.524929424171302	0.960224561962078
6309	1.34278032922783	0.349676469783851	0.967526549412654	0.361412790166973	0.717790888090588	0.962423898398307
6310	3.39393239121344	1.44234840833329	1.16104472240429	1.2422849701659	0.214131438725602	0.960224561962078
6311	4.8658308056417	1.87756552890053	1.12797868059956	1.66453990770689	0.0960045828140928	0.960224561962078
6312	2.67779903646634	1.00711124162298	1.1557276021379	0.87140883350021	0.383530964287953	0.960224561962078
6313	3.31208488335599	1.31304568020743	1.16033662445077	1.13160754606789	0.257799466172124	0.960224561962078
6314	12.4640658919377	1.76260464310064	1.06668710640451	1.65241018900272	0.0984509598478059	0.960224561962078
6315	7.25903370942836	0.0177688164315626	0.885958234649257	0.0200560429788173	0.983998665706006	0.995791185549766
6316	0.972209336867074	0.564940636097484	1.08696401729197	0.519741801117724	0.603243547928098	0.960224561962078
6317	7.4665349937651	0.996908196761736	0.942935945821898	1.05723851251931	0.290402747326874	0.960224561962078
6318	6.24080226201383	0.758381510834672	1.00101124335561	0.757615377318247	0.448681271770493	0.960224561962078
6319	5.39936869844498	1.02370806256955	0.979092666117518	1.04556810401711	0.295760481932771	0.960224561962078
6320	8.692360060229	2.1495194852383	1.06511003266988	2.01811964896261	0.0435788017675731	0.960224561962078
6321	10.2508093468287	2.55470581577748	1.03938144714363	2.45790977200737	0.013974827976805	0.960224561962078
6322	1.76789779248026	1.08048280509567	1.15782024852266	0.933204274561899	0.350714508130741	0.960224561962078
6323	1.66206247362321	0.58728159144674	1.10225379566035	0.532800697769343	0.594171550776733	0.960224561962078
6324	7.57050385703637	0.692842999377701	0.983014182412868	0.70481485595363	0.480925462179205	0.960224561962078
6325	2.31511241567529	0.752222707134062	1.16286897237579	0.646867983412816	0.517717388606745	0.960224561962078
6326	1.86878634748708	0.539909922757141	1.03990702967015	0.519190569303486	0.603627854852449	0.960224561962078
6327	1.08061191507786	0.0294784838660924	1.03040389736034	0.0286086688352107	0.977176698184851	0.994400445557826
6328	3.08253251876321	0.391816192839087	1.13133604653528	0.346330512528992	0.729094340155276	0.963432919274349
6329	1.90483417334172	1.02332891365075	1.12807597166305	0.90714538679706	0.364329919520577	0.960224561962078
6330	3.07941968704075	1.66659942620519	1.15339079741266	1.44495641021567	0.14847012981417	0.960224561962078
6331	3.94506768940295	-0.0448225272046989	1.04580966364837	-0.0428591633474995	0.96581380174588	0.994400445557826
6332	1.27404827828276	0.40172401514559	1.0513290026386	0.382110656262076	0.702379287935032	0.960357823831468
6333	1.30097896688279	0.44972775572238	0.96127297730306	0.467846039929399	0.639894693771088	0.960357823831468
6334	4.49430716983939	-0.148612629809636	1.03197315950648	-0.14400823164888	0.885493969479013	0.983764860221564
6335	4.20348328305592	-0.486712480777696	1.041843691554	-0.467164589778074	0.640382125932884	0.960357823831468
6336	3.00272981911178	0.431382915284082	1.11307354157988	0.387560119946596	0.698341586200134	0.960357823831468
6337	4.92498934409314	0.54697572393418	1.01608980720457	0.538314349829961	0.590360046163229	0.960224561962078
6338	0.816774310968573	0.188946786626422	0.912084761802435	0.207159240609426	0.835885498075715	0.971150936719616
6339	11.973499154619	1.63593056676354	0.840517631924326	1.94633700071009	0.0516142717636171	0.960224561962078
6340	20.5113820770181	1.29984555557739	1.02365512693885	1.26980808415864	0.204153000377175	0.960224561962078
6341	2.37648781607933	1.02889280668907	1.15214605478773	0.893022896197509	0.371844911405423	0.960224561962078
6342	4.55198852304269	1.46040953646328	1.14035172066523	1.28066587702551	0.20031105017098	0.960224561962078
6343	7.32764721004213	1.60111280565324	1.04182014573625	1.53684185529139	0.124332040986391	0.960224561962078
6344	5.71206951211335	1.47112261662226	0.992480700888377	1.4822682348437	0.13826893687143	0.960224561962078
6345	1.73676210739332	0.758370853573023	1.16276405303811	0.652213879154182	0.514263207668043	0.960224561962078
6346	5.35188407476734	1.26388632315701	1.1279693921334	1.12049700281896	0.262502029096342	0.960224561962078
6347	9.71424673251262	0.353575814363298	0.88094504030898	0.401359674196345	0.688155334554773	0.960357823831468
6348	3.49763687499118	1.85210232412865	1.14020985327458	1.62435214781698	0.104300673608033	0.960224561962078
6349	4.22708709359884	-0.668678142886422	1.08753660004929	-0.614855760124407	0.538649981208653	0.960224561962078
6350	8.18080404315583	2.11301932697709	0.917969747728941	2.30183982882302	0.0213442065284105	0.960224561962078
6351	1.88251555230143	0.587525368612456	1.04152322527814	0.564102032823665	0.572684694686263	0.960224561962078
6352	4.49195078656389	0.541227246196586	1.08097068786825	0.500686329676452	0.616591894636713	0.960357823831468
6353	2.46510757977743	0.865329009499428	1.14941404253677	0.75284360332821	0.451543901217874	0.960224561962078
6354	2.36737067882472	0.751716182272825	1.15745275666626	0.649457334602537	0.516042815271637	0.960224561962078
6355	2.63427181049028	1.3016933859788	1.16132520303448	1.12086897156589	0.262343640211252	0.960224561962078
6356	6.23288326736157	1.9761071937698	1.13923725348262	1.73458793392587	0.0828138181964757	0.960224561962078
6357	1.29318062218638	0.556384602106154	1.06260712754454	0.523603303312901	0.600554483473373	0.960224561962078
6358	6.13817107163349	1.41698137499726	1.01100110749707	1.40156263379897	0.16104589173919	0.960224561962078
6359	3.03594176523088	0.117812079516136	1.1405235404725	0.103296490896916	0.917727660581245	0.985920314378452
6360	3.06234473280224	0.365593940065819	1.16354394520392	0.314207247240453	0.753363638726702	0.963432919274349
6361	0.637067152578028	-0.0798172890353144	0.904917330368194	-0.0882039567115354	0.929714572575651	0.991437074641558
6362	0.595265790232995	0.138710854777539	0.907124103659453	0.152912764877443	0.878467069381154	0.983764860221564
6363	4.23203595707363	1.7628409493	1.12888074940043	1.56158296634633	0.118386264801564	0.960224561962078
6364	1.21811273967509	0.210120309157158	1.03375127623162	0.203260023942238	0.838931799546763	0.972547696773971
6365	0.23576544657861	-0.120735377010289	0.896369134984292	-0.134693813405795	0.892853964801531	0.983764860221564
6366	2.97685667219365	1.03427243600973	1.15613794376528	0.894592588702122	0.371004915087248	0.960224561962078
6367	1.77324635752238	0.0786408983544597	1.1467977413707	0.068574340110284	0.94532844439891	0.994400445557826
6368	0.736443890288464	0.376025856061807	0.975275800632368	0.385558480809216	0.699823687491953	0.960357823831468
6369	15.5736916749518	0.346548203977489	0.84652922548853	0.409375357097089	0.68226422131984	0.960357823831468
6370	1.47087969507801	0.253801981766101	1.15391917341283	0.219947798436746	0.825911809906897	0.968174360513242
6371	2.00853865711946	1.3246929140638	1.16172547369359	1.14028050865759	0.254169455533457	0.960224561962078
6372	2.28422013012459	0.075134938584882	1.15615478406651	0.064986920108233	0.948184414481082	0.994400445557826
6373	2.00853865711946	1.3246929140638	1.16172547369359	1.14028050865759	0.254169455533457	0.960224561962078
6374	14.0805814853313	0.432733282749209	0.864130137215965	0.500773279524054	0.616530692936732	0.960357823831468
6375	2.90347583098174	-0.208391444375055	1.12211454062603	-0.18571316637497	0.852669702667674	0.977390919310389
6376	49.9267077544742	1.15367401294265	1.05377009449256	1.09480618113214	0.273601557897767	0.960224561962078
6377	0.567807380604286	-0.0875247260035575	0.904082360071407	-0.0968105671220535	0.922876832005969	0.988690134431294
6378	5.77229817370578	1.19086634913048	1.04675011566281	1.13767969194483	0.255254256373621	0.960224561962078
6379	1.96686004435482	1.02685542923708	1.1612206962872	0.884289638068174	0.376539880403354	0.960224561962078
6380	5.53305164666352	1.81757216995556	1.0787856467078	1.68483162109393	0.0920210622316524	0.960224561962078
6381	4.36724437467951	0.757324261724733	1.04386355805104	0.725501197818135	0.468144610300663	0.960224561962078
6382	3.53637470977995	1.12249095709843	1.14115870586422	0.983641408798036	0.325291857510318	0.960224561962078
6383	8.58303316278556	0.813319213976505	0.974958277074005	0.834209250899841	0.404163079061877	0.960224561962078
6384	2.68686159967379	0.264571202218513	1.1637478609664	0.227344093246116	0.820156189146918	0.968174360513242
6385	1.15518879926758	0.622382985325643	1.11263610371059	0.559376945660873	0.575904491936066	0.960224561962078
6386	31.789801268358	0.767658026198353	1.02858628366469	0.746323413397375	0.455472071181349	0.960224561962078
6387	2.49203826837746	0.984714776432155	1.14342954705028	0.86119409715486	0.389131150590661	0.960224561962078
6388	10.0364392310504	0.967516469337594	0.898814004086559	1.07643679886903	0.281731952177711	0.960224561962078
6389	2.41763870781529	1.34378384160041	1.16206639814219	1.15637440661629	0.2475280454518	0.960224561962078
6390	4.31236637775374	1.65042093703413	1.13486416493496	1.45428941015925	0.145866085207111	0.960224561962078
6391	3.09642119586506	1.63126919379473	1.14892189829444	1.41982600924949	0.155658340935235	0.960224561962078
6392	4.15992670387827	1.30966917136402	1.06306034021783	1.23198008788067	0.217956522384288	0.960224561962078
6393	1.48129987317531	0.358211646844003	0.988903512675553	0.362231140098627	0.717179310954057	0.962423898398307
6394	2.75879777909558	1.48414535599978	1.15815256621981	1.28147655092109	0.200026331148222	0.960224561962078
6395	3.46139285414195	0.399570365296309	1.16121866808052	0.344095712788353	0.730774306969915	0.963432919274349
6396	4.35212820177372	2.08952327041888	1.09246048930354	1.91267628520917	0.0557895069597971	0.960224561962078
6397	7.82428329980897	1.98212733334548	0.889686656580054	2.2278937406623	0.0258876016866503	0.960224561962078
6398	4.53171471020842	1.5551364952316	1.14884521556961	1.35365188813582	0.17584746432829	0.960224561962078
6399	0.639725708686014	0.202823074572961	0.956526419476796	0.212041267698494	0.83207483928423	0.970349224287502
6400	2.94628333121793	1.40525498890497	1.14199333677428	1.23052818580738	0.218499378914663	0.960224561962078
6401	7.98678328525055	0.721153086595717	0.854798842526181	0.843652390151229	0.398863679315697	0.960224561962078
6402	3.15232001176563	0.324646932970124	1.11453130192906	0.291285612533464	0.77083289014154	0.967651531145028
6403	5.62554386078746	1.64527989617976	0.998185738627572	1.64827028929695	0.0992972186847149	0.960224561962078
6404	3.64048416500598	1.73107690711583	1.11967717981265	1.54605000291734	0.122092492143216	0.960224561962078
6405	6.34298965861424	-0.46760930194709	0.910362438886906	-0.513651796221769	0.607495459270065	0.960224561962078
6406	4.36668520082469	1.85311234915186	1.04297212630117	1.77676114482925	0.0756075472687746	0.960224561962078
6407	4.09110335617895	0.679385283589264	1.10940142497561	0.612389048990269	0.540280385475168	0.960224561962078
6408	4.71386217912321	1.4415895428783	1.0370211943003	1.39012543890289	0.164490789697955	0.960224561962078
6409	7.42117491525882	0.220952625570816	0.846633706082266	0.260977827817956	0.794109605734115	0.967651531145028
