baseMean	log2FoldChange	lfcSE	stat	pvalue	padj
1	4.97697608417758	-0.38448332184818	1.08968748585042	-0.352838154829427	0.724209777662848	0.915024114914031
2	0.927749418414054	0.329411570034424	1.00018276665899	0.329351375583876	0.741890116026662	0.916019906911484
3	2.0765656634083	0.789250987872779	1.06316612444212	0.742359044111684	0.457869826929425	0.905056790956463
4	2.07681116256909	0.327687066794597	1.11814146470745	0.293064050603232	0.769473194405919	0.926042177835687
5	2.64620389507503	0.0590223638080743	1.16366129124744	0.0507212573383811	0.959547637542782	0.987420893184412
6	9.44285739208578	0.735185117541628	0.885741589050133	0.830022126803416	0.406526273520552	0.905056790956463
7	1.68066709649815	0.672971114929968	1.10399033268927	0.609580623129768	0.542139650647153	0.905056790956463
8	1.45436918457528	0.908302752326786	1.07786550708713	0.842686537749428	0.399403778227625	0.905056790956463
9	3.49937642929937	0.724746900761104	1.15212335895729	0.629053213031829	0.529314219398108	0.905056790956463
10	11.5110528083653	-0.592119854195969	1.02337157430396	-0.578597128417111	0.562861042794251	0.905056790956463
11	1.94040250273632	0.537475414592441	1.15992566242297	0.46337056934296	0.64309877042132	0.905730264136523
12	7.01919132441039	1.24093041617253	1.0397465302535	1.19349320249232	0.232676272747678	0.905056790956463
13	3.17173260568987	-0.453440169722626	1.16485780879568	-0.389266540773269	0.697078984820219	0.912097229333043
14	1.16573172694527	0.509239473154083	1.03663260719972	0.491243927325132	0.623253933517894	0.905056790956463
15	8.23400354735571	0.317561177937136	1.16484929028251	0.27261996945555	0.785145359806511	0.9286690374246
16	3.49810484128282	0.543250031678484	1.12525775374815	0.482778305565064	0.629253156268631	0.905056790956463
17	1.62684244200519	0.477170163641591	1.16238224000503	0.410510542246006	0.68143147168789	0.912097229333043
18	9.70222566776652	1.40622275030145	0.863103237351886	1.62926367257749	0.103257212945283	0.905056790956463
19	2.31991549753975	0.242672675923839	1.15461732682132	0.210175848124436	0.833530428965426	0.942142862867039
20	3.34137195523152	1.04817084729908	1.12335248469089	0.933073867360077	0.350781830748983	0.905056790956463
21	4.95199680740477	-0.858523015117219	0.952417029361947	-0.901415019523927	0.367367698593336	0.905056790956463
22	4.49913020266845	1.12007530543912	1.12790218038936	0.993060679297972	0.320680384584992	0.905056790956463
23	2.21533070651657	0.418092391965392	1.12644685915022	0.371160333547202	0.710518115528564	0.914210746716922
24	0.734313055209155	0.499776953026131	0.97874686080009	0.51062943141149	0.60961056317123	0.905056790956463
25	2.29497920376147	0.662569237420193	1.15027589354536	0.576008974141005	0.564609115800099	0.905056790956463
26	2.24671189076431	0.313526127440519	1.16197594019726	0.269821531233508	0.787297557452621	0.9286690374246
27	1.11072888081456	0.592754783490894	1.10117818731794	0.538291432138358	0.590375865496511	0.905056790956463
28	10.7319757183302	1.48416698321065	0.807881270671884	1.83711027485056	0.0661936176434743	0.905056790956463
29	0.858575673313606	0.471373186095311	0.912932140225872	0.516328832478925	0.605624762016192	0.905056790956463
30	11.588228560819	1.38122727633474	0.904685352588551	1.52674879988128	0.126823487581258	0.905056790956463
31	5.46586295503206	0.574234111853689	1.07463138736116	0.534354494580478	0.593096296101127	0.905056790956463
32	2.62941634339429	0.707440651557195	1.10704234234261	0.639036669600356	0.522799077112149	0.905056790956463
33	5.41089683160845	0.140122597056316	1.02976258502982	0.136072721123634	0.891763792310904	0.960722483193289
34	5.7178618709354	0.810201142336765	1.03297380917516	0.784338513852276	0.432841506295879	0.905056790956463
35	7.40522589520381	0.138003715797005	1.05817049429864	0.130417278255783	0.896236297265828	0.960722483193289
36	0.972737057895751	0.531037310050257	1.09058821562289	0.486927423607779	0.626309764025618	0.905056790956463
37	2.23592346392583	1.06199029260887	1.15807809020924	0.917028222524254	0.359127851300507	0.905056790956463
38	9.10545567797472	-0.886362060348164	0.855037514268913	-1.03663528857682	0.299905860764684	0.905056790956463
39	7.14617339384164	0.939527008922587	0.918379476617582	1.02302700881654	0.306295075878932	0.905056790956463
40	4.08862015185125	-0.173029674389104	1.10767877444162	-0.156209253423971	0.875868083098422	0.956771073628469
41	5.0401663669602	0.720247658098452	1.0330559469714	0.69720101821203	0.485677001828246	0.905056790956463
42	2.66672838775997	0.763010362287248	1.15323128985852	0.661628217164359	0.508209519119343	0.905056790956463
43	5.66218351173221	0.499583698693114	0.945049587190328	0.528632259581634	0.597060577198958	0.905056790956463
44	4.62863956864001	2.34351690776779	1.09525109120837	2.13970743930713	0.0323784174707899	0.905056790956463
45	1.31296343669907	0.0930067242332826	1.11527789154756	0.0833933183273509	0.933538801209582	0.977607781352236
46	4.47900858180724	0.128504313994994	1.00834623861831	0.1274406638052	0.898591633539868	0.961777383763666
47	1.41321829283932	0.534393453701593	1.12927481960762	0.473218249820956	0.636057478895295	0.905730264136523
48	9.403486938028	1.45730062683405	0.933126403650479	1.56173978266283	0.118349302789422	0.905056790956463
49	1.41216285078196	0.304065415245761	1.05630921002094	0.287856446162895	0.773456627303014	0.926042177835687
50	2.2066731147574	0.928511418613883	1.13902657400402	0.815179768238321	0.414969416904732	0.905056790956463
51	3.91262699162604	-0.134947889453548	1.06460332081348	-0.126758846995172	0.899131268261449	0.961871853747564
52	3.05257502531401	1.86260957888012	1.15303098790894	1.61540288024524	0.10622347692068	0.905056790956463
53	4.80971803259756	0.395188737091669	1.02630132044798	0.385061121152187	0.700192132046441	0.912280267928552
54	4.45762882434028	0.591728270556219	0.930601902722079	0.635855427358756	0.524870656751767	0.905056790956463
55	4.66581101208524	1.49519696808962	1.03484077197776	1.44485703364011	0.148498047136211	0.905056790956463
56	22.9032129583172	0.375821136957766	0.74591004923918	0.50384243695483	0.614372103795159	0.905056790956463
57	2.27584685985785	0.905411362006442	1.16140475788296	0.779582962667424	0.435636387462597	0.905056790956463
58	10.5201808243889	-1.95153337450689	0.942894586520363	-2.06972592950054	0.0384780171424885	0.905056790956463
59	5.22020612201669	1.28147278301608	1.09131562159806	1.17424579805755	0.24029658666684	0.905056790956463
60	5.77467043647407	0.744258835063939	0.969866999997439	0.767382367959632	0.442854208673835	0.905056790956463
61	7.72540400936905	0.731614749812419	1.07258924184581	0.682101517775239	0.495174760958328	0.905056790956463
62	1.80545743563128	0.833719720710988	1.11380742368665	0.748531301714092	0.454139751857192	0.905056790956463
63	290675.351080033	-1.15797294669389	0.91557222540696	-1.26475324890856	0.205959795109106	0.905056790956463
64	10.1705707489875	-2.40057899539951	0.828477837994313	-2.89757780511201	0.00376056447583081	0.905056790956463
65	2.28175468794586	-0.982290686657135	1.14637300647256	-0.8568682977626	0.391517675029365	0.905056790956463
66	898515.183006696	-0.873227077060862	0.850979620913839	-1.02614334773744	0.304824020388622	0.905056790956463
67	7.64307055610263	1.48152393504675	0.873578966817712	1.69592445711424	0.0899001872958532	0.905056790956463
68	1.65099182491684	0.914210744903001	1.14594105820734	0.79778164710596	0.424997213453548	0.905056790956463
69	1.37629234855487	0.17641065779022	1.12290296938991	0.157102316584011	0.875164211885132	0.956771073628469
70	1.91266187123972	-0.0316007019834683	1.1626014074579	-0.0271810284941639	0.978315347184253	1
71	2.03513254980445	-0.085228958125157	1.11869727441731	-0.0761858995048948	0.939271200648817	0.979249965059995
72	6.7102201714318	0.267929949363206	0.889415378411398	0.30124276672814	0.76322938038145	0.922542149513823
73	3.79123577755508	-0.0677217860831167	1.13507220614605	-0.0596629762551008	0.952424059847834	0.984294700065826
74	2.09135031028001	1.10994941477452	1.13461371909543	0.978261937163445	0.327944790110397	0.905056790956463
75	1.95860215416298	-0.0707940628565724	1.16356676200568	-0.0608422869819196	0.95148481254129	0.983642045047941
76	2.95283003886239	0.85337666756512	1.14618991630995	0.744533393133041	0.456553846793553	0.905056790956463
77	3.69928913579987	0.884388093849228	1.1600598865073	0.762364171139421	0.445842683969325	0.905056790956463
78	3.40839809351016	1.12832127903304	1.16264312880817	0.970479462764887	0.331807556943684	0.905056790956463
79	43.682182261804	0.794614275462649	1.1043091688845	0.719557799438823	0.47179730289681	0.905056790956463
80	0.733785334180478	0.340447832538057	0.910932744980665	0.373735420549936	0.70860117005536	0.913692472804339
81	2.40255188811109	0.700843274755196	1.14798096995292	0.610500777538097	0.541530128497915	0.905056790956463
82	5.09923776932027	1.83481188606697	1.05898595895302	1.73261209986295	0.0831646371760748	0.905056790956463
83	2.60301337582294	1.10914222409487	1.15253508426866	0.962350074400278	0.335873783371891	0.905056790956463
84	2.58822872895123	0.810969867293404	1.10415190802603	0.734473093238804	0.462660453110292	0.905056790956463
85	4.28646177800947	1.31666170428568	1.10756481719087	1.18878975193989	0.234522411733447	0.905056790956463
86	4.95186443861902	1.66161242397658	1.09060972767484	1.5235628124454	0.127617958703791	0.905056790956463
87	3.93174555566142	0.548457103340312	0.976200866075867	0.561828126157068	0.574233127003072	0.905056790956463
88	1.38528673622908	0.547133441900629	1.13126656970907	0.483646787194762	0.628636564063007	0.905056790956463
89	3.41420620404771	1.55919200377718	1.16243282446479	1.34131794195941	0.179817246927741	0.905056790956463
90	48.4170201102299	1.42687292955577	1.1196930271676	1.27434296270042	0.202541896778474	0.905056790956463
91	4.38146667743999	0.963527828791351	1.10895739729246	0.868859192556744	0.384924152117736	0.905056790956463
92	2.63199935446353	1.03743215788623	1.14393502960893	0.906897796670227	0.364460846430439	0.905056790956463
93	7.61221499325902	0.927798463739571	0.851237378496266	1.08994093442954	0.275739163375985	0.905056790956463
94	1.74779603339258	1.11028816725218	1.14516588243742	0.969543525771995	0.33227407450043	0.905056790956463
95	2.67727131543766	0.716192654457238	1.16314321250888	0.615739013695848	0.538066783926915	0.905056790956463
96	5.61494845868717	0.833442853917533	1.0506795276136	0.793241737383546	0.427636994647697	0.905056790956463
97	1.01666925532009	0.446134961928145	1.09775212592512	0.406407741230443	0.684443032669099	0.912097229333043
98	1.15624424132493	0.78617829076556	1.11660705813416	0.704077844608341	0.481384296685216	0.905056790956463
99	2.7190726777827	0.861486942210806	1.16315375189413	0.740647520422748	0.458907186959793	0.905056790956463
100	0.0692597719737415	-0.110908803430439	0.894972942750804	-0.123924197182485	0.901375294041256	0.962822431880661
101	6.4302424051855	2.06270979291107	1.09587825637823	1.88224356209796	0.0598029534784614	0.905056790956463
102	1.86890909706747	0.46256802223569	1.09863487882909	0.421038901230489	0.673726675707	0.910536053835529
103	6.17388317220495	1.99665519964059	1.01351510235926	1.97003004197252	0.0488349276246238	0.905056790956463
104	5.09078685439024	0.963521954943647	0.98821731148349	0.975010196388109	0.329555202195413	0.905056790956463
105	4.68686331498993	0.245632607012122	1.02478586176479	0.239691643080551	0.810569313977044	0.933520018781345
106	1.36244039416012	0.590551353763737	1.0703788896442	0.551721787002019	0.581138980610224	0.905056790956463
107	2.29031256215457	0.741769281747266	1.16136553730434	0.638704402637085	0.523015248080709	0.905056790956463
108	4.04207019249783	0.554271495961316	0.929348736422331	0.596408510862207	0.550902356200435	0.905056790956463
109	4.55336290967503	2.12478108475597	1.09974902129927	1.93205999151124	0.0533521017200079	0.905056790956463
110	7.29505008245686	1.08808004859588	0.94362210340119	1.15308876792309	0.248873951379074	0.905056790956463
111	7.02878049942845	0.687878504633285	1.03246183999349	0.666250778467144	0.505250821236427	0.905056790956463
112	2.66128852596361	1.44007394851351	1.16212134733711	1.23917691712084	0.215279986944882	0.905056790956463
113	5.96260283382117	1.88653980454943	1.05611250696229	1.78630571280299	0.0740497724357556	0.905056790956463
114	1.76430654389532	0.464050952586885	1.16244351332943	0.399203012676089	0.689743623562756	0.912097229333043
115	2.0686812918386	1.06566849900857	1.15880163855845	0.919629782655692	0.35776625761633	0.905056790956463
116	2.3092361296045	0.806944733492544	1.16234408408592	0.6942391195006	0.487532263540533	0.905056790956463
117	1.7302668035396	0.569944229503397	1.02284390483743	0.557215257194093	0.577380366677158	0.905056790956463
118	1.86931406851576	0.906733429033462	1.11082791706365	0.816268132178661	0.414346796690554	0.905056790956463
119	6.71178866239987	0.787646062414611	1.15569265539029	0.681535924573835	0.4955324433256	0.905056790956463
120	0.678782488049767	0.355339538925877	0.965377966999953	0.368083332200075	0.712811098760731	0.914326114441684
121	4.85889697788901	1.09120834832124	1.01233638413976	1.0779108262996	0.281073553505418	0.905056790956463
122	2.28777675562698	0.487762887670899	1.16271817269654	0.419502248373476	0.674849111871376	0.910870588440445
123	5.09225146714497	1.64172988030445	1.10459032830887	1.48627942706863	0.137205226058793	0.905056790956463
124	2.02274100891534	0.826860082645047	1.15743278532645	0.714391447285497	0.474985159123072	0.905056790956463
125	2.15983476243974	0.912856179234047	1.1576690517714	0.788529483307205	0.43038705990838	0.905056790956463
126	3.90807248998771	1.59527478564282	1.06995310408444	1.49097636106949	0.135967701306345	0.905056790956463
127	1.13552873433528	0.515586777067445	1.03285622314079	0.499185429216478	0.617648758464703	0.905056790956463
128	19.3435919493465	0.536845526141031	1.02815560172388	0.522144240853151	0.601569905352638	0.905056790956463
129	0.348957415976694	-0.00453101146418192	0.930239960633013	-0.00487079856373686	0.996113680394167	1
130	8.91210179537736	0.293306292734475	0.810224063031558	0.362006395659285	0.717347251088958	0.915024114914031
131	1.16625944797394	0.737328261003361	1.10712337791473	0.665985630609773	0.505420285070754	0.905056790956463
132	3.02700195160382	0.156804223400135	1.13406788404008	0.138267052269856	0.890029363844937	0.960722483193289
133	2.29136800421193	0.908078515109542	1.15499180776192	0.786220741140292	0.431738176883078	0.905056790956463
134	2.21467813628296	-0.295462983150691	1.16157068322281	-0.254365048479805	0.799213550383984	0.929529847567444
135	1.96717371904885	1.26607926867473	1.13147401765606	1.11896450905476	0.263155280326846	0.905056790956463
136	3.67513765326367	-0.294585298911468	1.06320595083093	-0.277072658106588	0.781724315899282	0.928569964984041
137	3.85896378126784	2.37031748748642	1.0970984518407	2.16053307112916	0.0307314263037771	0.905056790956463
138	41.3872186073386	0.62611698125816	1.02943761156502	0.608212653417911	0.5430464434645	0.905056790956463
139	0.789315901339865	0.440933029212874	0.911812912485822	0.483578399883353	0.628685107323951	0.905056790956463
140	4.72943999714898	0.852542852639486	0.993526872199473	0.858097426949433	0.390838668040408	0.905056790956463
141	2.50629519422049	1.14321714506711	1.15021901394542	0.993912577697449	0.320265430416509	0.905056790956463
142	2.79359288830071	1.98443485777051	1.14781053349813	1.72888712889108	0.0838292981022682	0.905056790956463
143	3.07897589326082	0.336492206417725	1.10253445994484	0.305198811141521	0.76021473781217	0.921693462027093
144	2.11738292948564	1.18526680581512	1.16192658623503	1.02008751659235	0.307686956637267	0.905056790956463
145	2.57523602161924	0.859216269078574	1.1393251546112	0.754144912539729	0.450762211453602	0.905056790956463
146	5.5210241552665	1.28158379306501	1.00052367010904	1.28091301720562	0.200224220052244	0.905056790956463
147	0.874963434235947	0.327029383494582	0.993983658107128	0.329008812999354	0.74214902673461	0.916019906911484
148	2.64233350568753	1.34157481010121	1.15612453408501	1.16040683382173	0.245883205734203	0.905056790956463
149	16.6247699900006	0.882443949421273	0.911822281341593	0.967780638265283	0.333153935462446	0.905056790956463
150	5.64486503018017	-0.347323035872751	0.94097262656596	-0.369110669180985	0.712045236748648	0.914260935636494
151	6.36613102097854	0.0799955587070782	0.936550343313978	0.0854151186619764	0.931931374133265	0.977176512131033
152	7.41278589327658	2.56663460316691	1.10627645772159	2.32006618712014	0.0203372971406973	0.905056790956463
153	4.41647793260432	1.42686449289877	1.15673276697381	1.2335299333066	0.217378115992824	0.905056790956463
154	0.488004680952854	0.303016902531109	0.940412550922607	0.322216991078893	0.747288313343384	0.917461169800175
155	0.501206164738531	0.108781002573541	0.942182177898246	0.11545644263427	0.908083343273376	0.965631539179423
156	2.10759645025491	0.349432573088743	1.15984570270362	0.301275050874622	0.7632047641394	0.922542149513823
157	6.6722555568325	1.40800137750715	0.916138577429988	1.53688689920358	0.12432100821092	0.905056790956463
158	3.61278025621648	0.489973782655557	1.06823738635769	0.458674999501929	0.646467569745453	0.905730264136523
159	4.4088023374883	1.22612781818379	1.1178758782865	1.09683717307079	0.272712577042376	0.905056790956463
160	2.04412693747867	0.0812848131793245	1.16235259737686	0.069931287083424	0.944248350588927	0.979798405231884
161	1.40174267268467	-0.0757733599140304	1.15477395996728	-0.0656174823306347	0.947682370222634	0.981139010985149
162	8.20857617808344	1.35337816765828	1.04698430306067	1.29264418167677	0.19613415139541	0.905056790956463
163	70.3463143157008	1.28205285838442	1.13798552161796	1.12659856740675	0.259912245108892	0.905056790956463
164	2.35429194461944	0.400448797376562	1.16201417592071	0.344616103378662	0.730382997861401	0.916019906911484
165	290675.351080033	-1.15797294669389	0.91557222540696	-1.26475324890856	0.205959795109106	0.905056790956463
166	10.1705707489875	-2.40057899539951	0.828477837994313	-2.89757780511201	0.00376056447583081	0.905056790956463
167	2.28175468794586	-0.982290686657135	1.14637300647256	-0.8568682977626	0.391517675029365	0.905056790956463
168	898515.183006696	-0.873227077060862	0.850979620913839	-1.02614334773744	0.304824020388622	0.905056790956463
169	7.64254283507395	1.45627966672468	0.881194940074782	1.65261918844097	0.0984083903570833	0.905056790956463
170	1.96869080622619	0.896984197570779	1.152054891233	0.778595016953374	0.436218315361665	0.905056790956463
171	3.08584154548027	-0.236924618588745	1.10670240237576	-0.214081597799136	0.830483425961681	0.942024069586858
172	8.46500670624877	0.815167887625388	1.05615340878839	0.771827161511075	0.440216802333085	0.905056790956463
173	4.5022114923737	-0.0656608824396582	1.14471896889384	-0.0573598273671549	0.954258563404052	0.985715982802899
174	3.35944885707778	0.851506785610637	1.13146476454451	0.752570307351483	0.451708166079897	0.905056790956463
175	3.74605613336219	2.0830902146104	1.1238399677275	1.85354701241191	0.0638039943263569	0.905056790956463
176	2.16984996908875	0.919337396651303	1.15576416071862	0.795436844208499	0.426359434874032	0.905056790956463
177	0.0829889767880956	0	0.8934140914151	0	1	1
178	1.49608452004702	0.829963121822677	1.08867026590433	0.762364094819149	0.445842729507351	0.905056790956463
179	1.19158702252334	0.722472709823412	1.05394812489802	0.685491717055161	0.493033685636446	0.905056790956463
180	1.48129987317531	0.552232882568972	0.989415839521455	0.558140329384728	0.576748563358775	0.905056790956463
181	6.30311035489483	1.33881489194156	0.956002426915155	1.40043043223401	0.161384462245077	0.905056790956463
182	1.2904360392051	0.517634471980434	1.11595286355595	0.463849763628013	0.642755387035002	0.905730264136523
183	28.886983279134	0.00890819560427218	1.07275344669661	0.00830404752527593	0.993374404834584	1
184	4.9096748765682	0.845343348154845	0.981021030594529	0.861697478230962	0.388854013661849	0.905056790956463
185	1.47100244465841	0.0139594086586731	1.15697601823081	0.0120654261097124	0.990373416352314	1
186	1.34714479800224	0.387320739932877	1.15266968836542	0.336020582342311	0.736855345522642	0.916019906911484
187	5.85403868369834	1.40427790151169	0.973832787587128	1.4420113179708	0.149299180773564	0.905056790956463
188	1.05479334220689	-0.207573665210796	1.08973827627317	-0.190480292130955	0.848932785067298	0.945478283042784
189	2.73320685404533	1.42054853714189	1.16160303103334	1.22292082509306	0.221359602081658	0.905056790956463
190	15.3600077487508	2.0864529289491	1.04356902009006	1.99934349217174	0.0455712014364661	0.905056790956463
191	3.79842037434952	1.51173989354006	1.16219419839431	1.30076358635131	0.193339389612343	0.905056790956463
192	4.26636001892179	1.27153217917151	1.1580327590841	1.09801054348167	0.272199885349309	0.905056790956463
193	2.10773807120235	1.12466321124693	1.15928896833034	0.970131901510909	0.331980749325208	0.905056790956463
194	6.65268361839804	0.810348612167876	1.02447917649157	0.790985928033204	0.428952203174556	0.905056790956463
195	5.66078066414798	1.43959203338655	0.96886990414725	1.48584657983943	0.137319706258305	0.905056790956463
196	5.21718132760099	1.12677499869848	1.00659676841407	1.11939063789541	0.262973523228325	0.905056790956463
197	2.8041725386855	1.25504743149457	1.13601042045807	1.10478514007688	0.269252700949821	0.905056790956463
198	4.35253527284655	1.36133576361414	1.12925803380611	1.20551346358442	0.228005143663278	0.905056790956463
199	11.8771544916387	2.36810349785521	0.878369214801206	2.69602287733999	0.00701728470467184	0.905056790956463
200	1.2777622764481	0.771566334778725	1.12343149707701	0.686794287667934	0.49221237000304	0.905056790956463
201	8.35325627898928	2.01850358804342	1.01231143840297	1.99395513225439	0.0461569580438712	0.905056790956463
202	1.12773038963887	0.749912550343351	1.10658234986581	0.67768345522074	0.497972418786842	0.905056790956463
203	3.27633713070929	1.27706500402474	1.13998550482048	1.1202467036858	0.262608646721631	0.905056790956463
204	2.81300955369677	1.23000539137048	1.1528029813688	1.06696930112898	0.285985698705357	0.905056790956463
205	8.27358791997086	0.934504340206534	0.809423418058633	1.15453089119648	0.248282581356838	0.905056790956463
206	2.69201923960227	1.55097390292748	1.1616607782607	1.33513494812977	0.181832183043588	0.905056790956463
207	3.44838756535087	1.68518613292532	1.16217045975129	1.45003352889038	0.147049169542222	0.905056790956463
208	1.73038955311999	0.362300137612204	1.08693816511454	0.33332175577258	0.738891418734881	0.916019906911484
209	2.03120767556088	1.28201324324389	1.16187934415058	1.10339619143598	0.269855149900331	0.905056790956463
210	2.32144824724152	1.39312917979272	1.16143406154399	1.19949054872794	0.230337257591633	0.905056790956463
211	0.927749418414054	0.329411570034424	1.00018276665899	0.329351375583876	0.741890116026662	0.916019906911484
212	3.76684089548264	0.203234845142256	1.09345466375932	0.185864903116816	0.852550705829661	0.946238908218935
213	2.18762679772708	0.94551456621607	1.07559014644525	0.87906584988802	0.379365572757837	0.905056790956463
214	2.22934213319882	1.110185129939	1.13337938818986	0.979535309630161	0.327315550871387	0.905056790956463
215	3.42714223770799	0.544812256342588	1.09710373790323	0.496591377387725	0.6194772349005	0.905056790956463
216	1.55068239472945	0.406893895500302	1.07146012172284	0.37975645313429	0.704126210243881	0.912280267928552
217	2.35217896088019	1.45733767846494	1.16088619014282	1.25536653880399	0.209345730517001	0.905056790956463
218	3.1081423151805	1.28400994729528	1.13169349503884	1.13459161241465	0.25654646909812	0.905056790956463
219	1.37289729496452	0.33757357687853	1.06427277111898	0.317187084025088	0.751101649776261	0.917773862197943
220	4.34811413040044	0.549653934411068	1.13929869255409	0.482449368197595	0.629486758066277	0.905056790956463
221	2.79600804487246	0.936776607225838	1.11664588170541	0.838920039534052	0.401514181605375	0.905056790956463
222	3.47426281189355	0.50836463464585	0.927122177791869	0.548325395318041	0.583468492917205	0.905056790956463
223	2.19294390994305	0.971143023023426	1.1382470455487	0.853191780133527	0.393552960968912	0.905056790956463
224	7.2717756477186	-0.163915798148956	0.848185702594288	-0.193254611163095	0.846759571231523	0.945478283042784
225	1.135123762887	0.0710238471691223	1.02197607959857	0.0694965846921	0.944594351103466	0.979798405231884
226	9.04494544749774	2.33589642953402	1.02432274451823	2.2804301105631	0.0225821914814016	0.905056790956463
227	4.99396689419899	1.31040040575382	1.0552345809727	1.24180957427107	0.214306829390887	0.905056790956463
228	2.76846360837045	1.03219684737847	1.1513077270842	0.896542968570711	0.369962842136786	0.905056790956463
229	4.71096022347898	1.69319237435275	1.11516175149898	1.51833792010603	0.128929232889837	0.905056790956463
230	4.13866352489534	1.07726061719008	1.06242583749401	1.01396312022217	0.310600350424783	0.905056790956463
231	4.23703412471462	1.47619041556836	1.14278324429122	1.29175013979482	0.196443687438266	0.905056790956463
232	7.84342294632503	0.977460323626907	0.935844540314079	1.044468692737	0.296268596547223	0.905056790956463
233	10.9970827216405	0.832159119991592	0.802655012166355	1.036758143135	0.299848587163287	0.905056790956463
234	3.72241769973672	1.95626111551056	1.13139571521448	1.72906887413809	0.0837967690973591	0.905056790956463
235	3.48031432196734	0.00640246005479561	1.06579384843936	0.00600722181327158	0.995206959289405	1
236	1.73292535964758	0.599789436128298	1.09937941320619	0.545570918395766	0.585360919368565	0.905056790956463
237	4.5549974765518	1.4829684291073	1.15565203380337	1.28323092568504	0.199411184318089	0.905056790956463
238	3.17053853455934	0.662567244528768	1.16346138090077	0.569479361674899	0.569030872707686	0.905056790956463
239	1.24606214762538	0.503826373194337	0.953055292504308	0.528643382138355	0.597052859973846	0.905056790956463
240	2.71011291319104	1.1702261024133	1.1344169666003	1.03156611445993	0.302275421275409	0.905056790956463
241	5.22920042049983	1.12827755384758	1.00133541553588	1.12677284388645	0.25983853489994	0.905056790956463
242	2.05099049007357	0.71098142752285	1.16048395542235	0.61265942040887	0.540101559645319	0.905056790956463
243	6.08315037416273	1.00978051586449	1.04183497102372	0.969232694187895	0.332429102110184	0.905056790956463
244	0.934735720589351	0.610541208673572	1.07970565537395	0.565470047910528	0.571754091386653	0.905056790956463
245	3.66160674306846	1.36697057497	1.11864592666193	1.22198681673036	0.221712612434626	0.905056790956463
246	1.30437402047314	0.313071430780458	1.10977371922272	0.282103842754296	0.77786388676093	0.926566765057318
247	2.14582543538204	0.831981765058368	1.07011261672359	0.777471223174327	0.436880805983243	0.905056790956463
248	4.45374067280381	0.56745579866931	1.05568610737138	0.537523222771451	0.590906248181197	0.905056790956463
249	1.55068239472945	0.406893895500302	1.07146012172284	0.37975645313429	0.704126210243881	0.912280267928552
250	6.65621927290884	0.831420712523011	0.964934326633218	0.861634506696374	0.388888676123284	0.905056790956463
251	1.25517928487998	0.751337393083062	1.11837439194912	0.671812050143259	0.501703356393304	0.905056790956463
252	1.92709822033485	0.504765502346584	1.14541141470364	0.440684889173366	0.65944113757374	0.905730264136523
253	3.26815268593165	1.63207383740847	1.16214944209225	1.40435797522753	0.16021227838595	0.905056790956463
254	6.02149802177176	1.88644902475338	1.04208148649114	1.81027016524913	0.0702539013226792	0.905056790956463
255	3.42800885427626	0.277167317573464	1.1191784108966	0.247652487641732	0.804403296149774	0.930234517797497
256	2.39532008677501	1.12162124137086	1.14026641822284	0.983648403080188	0.325288417333135	0.905056790956463
257	0.165977953576191	0	0.895718417091679	0	1	1
258	1.96575002825032	0.130583012253379	1.11007573741498	0.117634326967155	0.906357404782682	0.965364304944372
259	5.61020636123259	-1.00562237463907	0.933005745217329	-1.07783084916034	0.281109249793587	0.905056790956463
260	1.79164220394363	0.796504245826355	1.15171500448621	0.691581027184482	0.489200479888508	0.905056790956463
261	2.46815223596665	0.769065195288474	1.15542008602716	0.665615220463109	0.505657075251818	0.905056790956463
262	2.7444002523321	1.03329830055176	1.15949781939118	0.891160193034532	0.372843236511592	0.905056790956463
263	2.88029796287869	0.600226693987919	1.16328778702816	0.515974379410714	0.605872303542718	0.905056790956463
264	2.2989019783805	0.563092913761025	1.15804620774193	0.486243908055275	0.626794243583147	0.905056790956463
265	4.7487685360472	1.52653760190835	1.03068661879847	1.48108801847833	0.138583120224467	0.905056790956463
266	4.80980924016074	1.54409316704926	1.10989871399538	1.39120187056608	0.164164220185996	0.905056790956463
267	1.4734155016056	0.702362976833092	1.13698859397367	0.617739685829563	0.536746947219819	0.905056790956463
268	1.11391515795122	0.451702944668567	1.10858939751797	0.407457391961251	0.683672082066182	0.912097229333043
269	2.39924286139404	1.18302928114235	1.15857570080369	1.0211065883064	0.307203942035279	0.905056790956463
270	1.16625944797394	0.737328261003361	1.10712337791473	0.665985630609773	0.505420285070754	0.905056790956463
271	16.6962570551567	-0.127244227588209	0.902523528545892	-0.140987158299595	0.887880087198785	0.960722483193289
272	3.83311058531431	0.877877461026768	1.09491898243666	0.80177389844235	0.422683759833538	0.905056790956463
273	3.89640277446301	1.47732082789307	1.13457715173621	1.30208935164291	0.192885842830608	0.905056790956463
274	4.80692303623202	0.898921172934934	1.08026259959514	0.832132088319852	0.405334391343159	0.905056790956463
275	2.3126993587281	0.181392082599182	1.16118280004083	0.156213201394994	0.875864971273158	0.956771073628469
276	3.62159732026315	1.16178044847492	1.09139744832874	1.06448888097911	0.287107288788441	0.905056790956463
277	2.24396730778303	0.190647918966379	1.16293645042708	0.163936661282191	0.869781005982957	0.955302506217267
278	6.6319146079931	1.79898940441793	0.939888760629648	1.91404502295862	0.0556144032191245	0.905056790956463
279	5.69732368757329	0.747711349904296	1.05114450971831	0.711330690491521	0.476879337569991	0.905056790956463
280	0.571521378769626	0.38381235788338	0.951360510769047	0.403435241991618	0.686628065220031	0.912097229333043
281	2.26963167824747	1.27300065254935	1.16038950129706	1.09704599285535	0.272621287171817	0.905056790956463
282	4.16844159509245	0.986778122264872	1.02101731671992	0.966465608472695	0.333811248043199	0.905056790956463
283	2.11338670945241	0.163665750111668	1.16144400275242	0.140915747744883	0.887936501386077	0.960722483193289
284	5.90499702565662	2.42112382395517	1.0936357905286	2.21383009309245	0.02684046911703	0.905056790956463
285	8.9944592235283	1.48906366695762	0.987814356862892	1.50743270394105	0.131699781270471	0.905056790956463
286	3.02585838304863	0.956414775816007	1.11671154235007	0.856456425446515	0.391745365434383	0.905056790956463
287	5.34688590712636	1.66936983641704	1.11846213116104	1.49255820998081	0.135552869315491	0.905056790956463
288	1.1350010133066	0.326858598930058	0.932170909742107	0.350642350575482	0.725856680162606	0.915024114914031
289	4.50988498786516	0.917529775550713	1.04582792012951	0.877323848302973	0.380310762402226	0.905056790956463
290	1.52567376475503	0.604247507325878	1.13233125779281	0.533631393788162	0.593596583644798	0.905056790956463
291	8.46611882197783	0.904939091625572	1.14183607548981	0.792529778179746	0.428051835657868	0.905056790956463
292	7.11462002807003	0.846558489474723	0.86637467204121	0.977127467819668	0.328506050786796	0.905056790956463
293	6.2911804591257	1.96691001772132	1.01104605749358	1.94542078784953	0.0517243548187351	0.905056790956463
294	8.8815001807976	1.38296141896412	0.886356807756342	1.56027618546175	0.118694628594254	0.905056790956463
295	5.30261696439185	2.27150294172795	1.06888037361921	2.12512363197078	0.0335762981566567	0.905056790956463
296	4.80197417275723	0.185324497359017	1.06687562781717	0.173707686750884	0.862095196217898	0.949596855175955
297	19.4619540299567	0.356127668275978	0.917754800615482	0.38804228322984	0.697984742963687	0.912145638137132
298	7.39657125673269	2.43169112609222	0.957039586625963	2.54084696189541	0.0110584311526955	0.905056790956463
299	2.7938383874615	1.01511256716595	1.12815004155996	0.899802800842249	0.368225203580383	0.905056790956463
300	15.7572430710483	-0.197542928251198	0.81073899368716	-0.243657860038028	0.807495812615462	0.931658677143232
301	9.84139765417034	0.759589745347079	0.798517597705941	0.951249850384391	0.34147755804285	0.905056790956463
302	4.36719717013786	1.99343012776439	1.12675748472317	1.7691740723197	0.0768648296246089	0.905056790956463
303	3.8068324669479	0.564072854850493	0.928507861962749	0.607504662004814	0.543516049690038	0.905056790956463
304	2.34596587889435	0.438976803424406	1.15948725088327	0.378595627584524	0.704988169563298	0.912280267928552
305	7.31548546720317	1.5519336852518	0.930725401295882	1.66744528847176	0.0954258948927339	0.905056790956463
306	3.87151689406899	1.32242329705695	1.11435460310304	1.1867167716403	0.235339357265589	0.905056790956463
307	2.370115261806	0.725630095554882	1.15747454245228	0.626908038960001	0.530719517425415	0.905056790956463
308	28.5050408017002	-0.619613597452236	1.01678907740337	-0.609382625386354	0.542270851628322	0.905056790956463
309	2.00734261414166	0.389013958111629	1.14740777766777	0.339037233042242	0.734581681571188	0.916019906911484
310	7.15315328565421	0.971506106342564	1.01651996996657	0.955717678989139	0.339214888235231	0.905056790956463
311	1.15200252213091	0.565525289704287	1.03473379900193	0.546541816117126	0.584693551800214	0.905056790956463
312	1.82420157982912	0.167903444461469	1.163693628297	0.144284922060789	0.885275484173408	0.960387946770846
313	2.71616652288938	0.703098669836295	1.13111472780336	0.621598015262098	0.53420622641198	0.905056790956463
314	0.971804365418791	-0.20514711484504	1.08099313122623	-0.189776520237766	0.849484255657496	0.945478283042784
315	0.742374750406407	0.185662453358101	0.970022528607587	0.191400145751882	0.848212105882582	0.945478283042784
316	5.66901651271637	0.714125270434345	1.04066193981516	0.686222146801278	0.49257303412149	0.905056790956463
317	7.31951523968709	1.40059842304426	0.908161961897745	1.54223418487765	0.123016695778692	0.905056790956463
318	7.87112685511453	0.497403242604173	0.96370813576361	0.516134734309415	0.605760309915541	0.905056790956463
319	1.01731972592916	0.00526621839623992	1.12804227987863	0.00466845834608835	0.996275122693218	1
320	1.5839489148957	0.713366336837708	1.0943255298987	0.651877633617614	0.514480114619644	0.905056790956463
321	1.12498580665759	0.611732714102241	1.10802171030779	0.552094519819751	0.580883596380316	0.905056790956463
322	3.90256655228265	1.83221182793227	1.11448063692131	1.64400507934678	0.100175153185608	0.905056790956463
323	12.9896124761906	-0.0180341455540329	0.715747233406374	-0.0251962490559762	0.979898428827575	1
324	1.7577252131683	0.49397449934683	1.02615693802009	0.481382994203525	0.630244320829762	0.905056790956463
325	0.705713176649798	0.0835784893602972	0.908442419249388	0.0920019668713345	0.926696476884169	0.974242818076055
326	3.72086706010869	0.755555365475923	1.12110924535284	0.673935540722555	0.500352295397484	0.905056790956463
327	2.4980918780758	0.915731327789385	1.15876736640914	0.790263304210154	0.429374012671926	0.905056790956463
328	75.93915923678	-0.275885089701193	1.03794372649365	-0.265799660096391	0.790393505006048	0.9286690374246
329	0.830503515782927	0.260333272383785	0.912411251424876	0.285324487151198	0.775395554192778	0.926042177835687
330	5.9688526385141	2.4591234571676	1.05118781706067	2.33937591099924	0.0193159871108799	0.905056790956463
331	1.10611681325481	0.520478156237101	1.0989421319322	0.473617437273041	0.635772738598306	0.905730264136523
332	2.42842713465377	0.339934823610341	1.16286457186594	0.292325376346173	0.770037858236455	0.926042177835687
333	2.71947764923098	1.46451490709039	1.16162823651533	1.2607432060051	0.207401381897244	0.905056790956463
334	0.570465936712272	0.200587285296414	0.948124218499758	0.211562241932611	0.83244856906819	0.942024069586858
335	0.850691301743902	0.446547852463066	1.07545387919317	0.415218040589593	0.677982293316327	0.912097229333043
336	2.32002245681844	1.25751007815845	1.16088679271012	1.08323230659103	0.278705323353187	0.905056790956463
337	16.8693871743133	0.905865146956927	1.15748412573155	0.782615611582929	0.433852871070189	0.905056790956463
338	2.96578602348728	1.53938095292718	1.16194369898862	1.32483265262085	0.185226662179237	0.905056790956463
339	12.3230903200671	1.23127223654945	0.909615614763453	1.35361818395086	0.175858222512152	0.905056790956463
340	0.944223206209688	0.39005868650268	1.00443034778774	0.388338213159115	0.697765761844851	0.912097229333043
341	6.34579091526722	0.775890456877819	0.979317855193534	0.79227643278748	0.42819951023506	0.905056790956463
342	9.3104176184838	2.01407478755363	1.06162890510526	1.89715519035716	0.0578074588993395	0.905056790956463
343	4.19803083980046	0.723599269172668	1.02380652907228	0.706773446569396	0.479707278433857	0.905056790956463
344	2.13148248266572	0.649662165453142	1.06764115935642	0.608502360329344	0.542854340984666	0.905056790956463
345	3.34624737329211	0.971519032539976	1.11652189564202	0.870129852654018	0.384229445186763	0.905056790956463
346	2.71475960383334	1.7559315393484	1.15072634815003	1.52593320051403	0.127026501293075	0.905056790956463
347	1.4839584292833	0.578763970789652	1.0751938371904	0.538288028419158	0.590378214989244	0.905056790956463
348	4.37361902857738	0.333175240580293	1.04012821622224	0.320321317491405	0.748724764804017	0.917461169800175
349	2.95353508351862	0.512774575224296	1.11618526235975	0.459399162949193	0.645947549246462	0.905730264136523
350	4.74023052361201	1.09825367732938	1.14247697665839	0.961291736960554	0.336405501449335	0.905056790956463
351	6.25317385193834	2.3739793170053	1.04943433860593	2.26215136066436	0.0236880532540764	0.905056790956463
352	0.456868995865906	-0.422269772770833	0.931510109572899	-0.453317434165524	0.650320180624198	0.905730264136523
353	2.88291979627958	1.12506881296872	1.15775781928368	0.971765246780896	0.331167348849972	0.905056790956463
354	6.25113329358629	0.0673345348349102	0.913172781042933	0.0737369052524841	0.941219732561992	0.979529672503265
355	3.84418123402068	0.957493850613577	1.10269308710013	0.868323073586689	0.385217494205112	0.905056790956463
356	0.708985480659755	0.340034962438358	0.966675402719589	0.351757127037393	0.725020413819233	0.915024114914031
357	0.362686620791048	-0.14575465061127	0.931223085730433	-0.156519584667452	0.875623483157424	0.956771073628469
358	2.28038338237885	1.07030381475589	1.15628029148777	0.925643914053694	0.354631063851201	0.905056790956463
359	1.9731413018739	0.844505917642364	1.160976503103	0.727409999586733	0.466974830640852	0.905056790956463
360	0.947004511898069	-0.353184005652587	1.08621278455396	-0.325151766463159	0.745066211647617	0.916530361951744
361	1.35161524461454	-0.354294371225291	1.12756419873312	-0.314212150069468	0.75335991525246	0.91912785080324
362	2.62328718865721	1.62698571751292	1.15960721492529	1.40304897776765	0.160602234348837	0.905056790956463
363	5.05928502018666	0.650764847316646	1.05641073036223	0.616014991719658	0.53788462534392	0.905056790956463
364	2.66394708207159	1.3696018055346	1.16193595957391	1.17872400303097	0.238508094503029	0.905056790956463
365	3.23413079691598	0.6042754758719	1.1579894387079	0.521831595067189	0.601787589212605	0.905056790956463
366	6.46699317607182	0.753356114041593	0.89865252245669	0.838317475571211	0.401852423652425	0.905056790956463
367	2.86162414444352	0.930813476319224	1.15754504757087	0.804127215845768	0.421323508127634	0.905056790956463
368	0.736443890288464	0.18740623718236	0.973411477258147	0.192525197781966	0.847330832113812	0.945478283042784
369	1.32149827887785	0.067896398816735	1.04976007673039	0.0646780157883382	0.948430367024292	0.98143660349406
370	9.73938548157293	0.80970666008839	0.821434911262872	0.98572223920158	0.324269433241847	0.905056790956463
371	4.0993045726991	0.611847951471619	1.01640294346169	0.601973809115285	0.547191571459203	0.905056790956463
372	1.19319013657398	0.392846216999814	1.04088272187378	0.377416407001761	0.705864175877826	0.912371547995742
373	44.0800625452337	1.30790266431247	1.11358152513163	1.17450104441871	0.240194393850705	0.905056790956463
374	4.02202090783276	0.983038692081188	1.07681943850552	0.912909497107063	0.361290142231377	0.905056790956463
375	4.40831133916673	0.673204308955954	1.11039647919467	0.606273814416452	0.544332943933105	0.905056790956463
376	7.55286972894304	1.83856504751448	1.00164776564365	1.83554050692963	0.0664256429595312	0.905056790956463
377	2.48649350834075	0.669802707385185	1.16290843862853	0.575972007026721	0.564634102778844	0.905056790956463
378	0.803167855734613	0.0769375327293921	0.979763608842754	0.0785266282958466	0.937409149301977	0.977627519002861
379	1.64078042327323	0.32526201284089	1.16216138156243	0.279876803687626	0.779572024279572	0.927391877785505
380	1.05201203651851	0.32560702668295	0.917512617553745	0.35488016235796	0.722679370606551	0.915024114914031
381	5.55591374044799	1.16268066240993	0.977839936965408	1.18902963405049	0.234428005876409	0.905056790956463
382	3.18423101666659	-0.492287799126366	1.16263095311601	-0.42342567760386	0.67198471371962	0.909739678000445
383	4.2258228750878	1.1306158977966	1.13359995128638	0.997367630894493	0.318586097084279	0.905056790956463
384	4.83689730142372	1.5918192929712	1.04097271150887	1.52916524647788	0.1262234837556	0.905056790956463
385	1.46757066836096	0.592669247113144	0.988238238339833	0.599723046649951	0.548690826174444	0.905056790956463
386	2.2701247761936	0.525832186649077	1.12431686401083	0.467690384695689	0.64000601818845	0.905730264136523
387	2.29349883929123	0.643989086062635	1.15569140024432	0.557232740441343	0.577368422994659	0.905056790956463
388	4.2559398408245	0.981817049038499	1.12138944142979	0.875536198902197	0.381282222966399	0.905056790956463
389	3.0482472792467	1.28768468206602	1.15721648316171	1.11274312179502	0.265818769781014	0.905056790956463
390	9.07037270101139	1.11974044409669	0.828471223876746	1.35157433574697	0.176511524937947	0.905056790956463
391	0.277039087894966	0.240955354699223	0.900621756445233	0.267543342113206	0.789050847767828	0.9286690374246
392	3.94466271795466	1.72517683289092	1.10580466065299	1.56010993105435	0.118733905105004	0.905056790956463
393	0.443017041471157	0.190837799117265	0.904861489647028	0.210902774955875	0.832963138729094	0.942024069586858
394	0.279697644002952	-0.141596885952733	0.924109661623126	-0.153225198083125	0.878220687106609	0.957609560408077
395	0.470475451099866	-0.00204358568996457	0.903365512871812	-0.00226219139522825	0.998195033951655	1
396	2.4783090635631	1.12814637122376	1.14325135840437	0.986787693651474	0.323746728939179	0.905056790956463
397	2.9125090409876	0.77480539059216	1.16315071650816	0.666126392388912	0.505330316329233	0.905056790956463
398	1.96550452908953	0.631259571343875	1.05065250002122	0.600826221163633	0.547955737585665	0.905056790956463
399	0.77497294862354	0.147397686419232	0.910543400988588	0.161878814627837	0.871401286240408	0.955302506217267
400	2.41445243067863	1.08344622980815	1.14733806715475	0.944312980475716	0.345009734668237	0.905056790956463
401	4.34292191799428	0.224783649859525	1.0814791635586	0.207848340896255	0.835347386175536	0.942696529535781
402	2.19032207654217	0.589120645533654	1.16325270462125	0.506442532386347	0.612546022829899	0.905056790956463
403	8.99007592197305	0.861455713449263	0.808951911811328	1.06490348915843	0.286919605934149	0.905056790956463
404	2.932205828627	-0.0553868997900661	1.14000187219929	-0.048584920025801	0.96125008784841	0.988621591315136
405	3.37932086872018	0.818447184443566	1.1413619443363	0.717079440492028	0.473325080801326	0.905056790956463
406	1.67534998428218	0.722905190840096	1.01838099835189	0.709857304888858	0.477792628835959	0.905056790956463
407	0.872304878127961	0.411991066191707	0.913377911597387	0.451063093337986	0.651944076422152	0.905730264136523
408	3.07586306153835	1.73117374550945	1.13261386361388	1.52847656304128	0.126394258210106	0.905056790956463
409	2.2610233906545	0.155529795937591	1.15565856402459	0.134581095817744	0.892943088965157	0.960722483193289
410	5.32821100909363	1.20064927606387	0.988332377730806	1.21482337634282	0.224433463057131	0.905056790956463
411	0.608994995047349	0.171369175197221	0.907289767060489	0.188880313014482	0.850186623776507	0.945478283042784
412	4.81202400248879	0.462252423456231	0.986562847892241	0.468548379298712	0.639392482426102	0.905730264136523
413	0.38748647431177	-0.00462246458683213	0.901863708392018	-0.00512545803076362	0.995910494075657	1
414	3.15946788585297	0.629638023035018	1.15177460771627	0.546667741081269	0.584607020477406	0.905056790956463
415	3.49240578964851	-0.0113758179865779	1.13282048016897	-0.0100420306533309	0.991987753445159	1
416	0.470475451099866	-0.00204358568996457	0.903365512871812	-0.00226219139522825	0.998195033951655	1
417	3.21079135690089	1.27865078292875	1.11558478898076	1.14617086532434	0.251724460342868	0.905056790956463
418	5.42538244628356	-0.00870598383028726	0.996523870572251	-0.0087363525223815	0.993029487874167	1
419	5.09401195385855	1.64281911403216	1.03247080265689	1.59115309585961	0.111575125712277	0.905056790956463
420	0.401215679126124	-0.131371265022361	0.900149035079589	-0.145943904734337	0.88396567166208	0.960198504098536
421	6.32560419993811	2.01630003324675	0.998129336646146	2.02007892085589	0.0433752019520703	0.905056790956463
422	9.97334225545553	1.98860099375512	1.06666871895707	1.8643098446718	0.0622782051184332	0.905056790956463
423	2.95226559512662	1.23650311200143	1.16303149870755	1.06317250510887	0.287703728682393	0.905056790956463
424	31.141380216213	0.90058096713785	1.0689183334315	0.842516157662627	0.399499099392945	0.905056790956463
425	0.667184118314722	0.105692613639777	0.96404093801564	0.109634984855864	0.912698863986236	0.967012634892695
426	3.06993220142041	1.6809484044256	1.14048474002204	1.47388943090384	0.140511363893079	0.905056790956463
427	4.55511812650765	0.350992342113788	0.997370273360783	0.351917789700177	0.724899917313734	0.915024114914031
428	3.10087169151276	1.43639299316385	1.11410244529464	1.28928268601366	0.197299827982855	0.905056790956463
429	4.14065273902721	0.252101081392372	1.0727851948383	0.234996793957779	0.81421122160534	0.93468348711132
430	3.57703460319433	1.05955416572737	1.1588350203786	0.914327015575698	0.360545039175468	0.905056790956463
431	1.70558969959927	0.380819229536507	1.13566223913964	0.335327896281037	0.73737775248978	0.916019906911484
432	0.697914831953387	0.192966812014131	0.97070253953811	0.198790879959942	0.842426330354799	0.945478283042784
433	1.97866719054356	0.318957841406115	1.16269519082215	0.274326275642869	0.783833893708191	0.9286690374246
434	8.46747954023102	-0.0550504070669964	0.965209163204973	-0.0570346917182196	0.954517560113376	0.985715982802899
435	4.58780342222994	1.5678946857444	1.12501488760859	1.39366572212855	0.163418571896999	0.905056790956463
436	1.13091666677553	0.624948488859944	1.11256458355611	0.561718841401919	0.574307595102032	0.905056790956463
437	1.45694171380997	0.619181029511472	1.13269494206494	0.546644119715662	0.584623251817045	0.905056790956463
438	2.6534901812672	1.58070890683757	1.16106916828003	1.36142527079517	0.173379334546355	0.905056790956463
439	0.318226702338028	-0.132984563848838	0.899272099020233	-0.147880228902605	0.882437291688039	0.959902732121837
440	2.25627282179885	0.772497670112969	1.07926678439615	0.715761553381987	0.474138595916441	0.905056790956463
441	2.20126997566814	0.933991718596551	1.13065280878926	0.826064120953896	0.408767719221167	0.905056790956463
442	3.17295159150654	1.42628126228265	1.16122595156127	1.22825472541757	0.219351360942461	0.905056790956463
443	2.68874693559232	1.35494559989965	1.16222279126579	1.16582260310346	0.243686176521996	0.905056790956463
444	2.98069341993938	1.24054427785937	1.14538463885905	1.08308094571192	0.278772495684245	0.905056790956463
445	1.4839584292833	0.578763970789652	1.0751938371904	0.538288028419158	0.590378214989244	0.905056790956463
446	9.97122078402701	-0.00451982201673861	0.888707544949351	-0.00508583734033248	0.995942106400806	1
447	0.747637288575226	-0.0719551621089556	0.969247668285397	-0.0742381585877267	0.940820883445206	0.979529672503265
448	0.608994995047349	0.171369175197221	0.907289767060489	0.188880313014482	0.850186623776507	0.945478283042784
449	4.38509254910749	1.92863334167212	1.0423084621213	1.85034796488841	0.064263413639192	0.905056790956463
450	5.68130207576759	0.148710725776618	0.953540645398897	0.155956357491617	0.876067421879197	0.956771073628469
451	4.47135592953009	0.927632615488583	1.03341146400294	0.897641111794312	0.369376913719527	0.905056790956463
452	10.1890227267076	1.73067620226698	1.02495744959297	1.6885346830293	0.0913086369917147	0.905056790956463
453	0.664525562206736	0.297517513859367	0.909359755365917	0.32717251022358	0.743537411413714	0.916019906911484
454	1.26943621072301	0.782055632271639	1.12638288265158	0.694307099581118	0.487489639611897	0.905056790956463
455	0.720056129366123	0.407069581971236	0.91051416588725	0.447076604870356	0.654819750228268	0.905730264136523
456	5.36543492696147	1.69626266418199	1.07097409698085	1.58385031810188	0.113227785497351	0.905056790956463
457	8.79454642783673	1.06456675249853	0.937951400523127	1.13499137791658	0.256378930977601	0.905056790956463
458	3.97189240016508	2.45408223708634	1.09789997147388	2.23525120762308	0.0254008613652452	0.905056790956463
459	14.1033900757005	0.840071991697294	0.916006082477203	0.917103071439705	0.359088631741838	0.905056790956463
460	8.06352562760213	0.714328948562288	0.936123848364216	0.763070986611982	0.445421061952771	0.905056790956463
461	11.6846676522238	1.45266630508529	0.883701543466148	1.6438426704422	0.100208704735316	0.905056790956463
462	2.16552222302144	0.541182179946977	1.16256921966903	0.465505340061426	0.64156961366985	0.905730264136523
463	2.60313612540333	0.765380768041499	1.16264249241541	0.65831136659336	0.510338075586522	0.905056790956463
464	1.92722096991524	0.149192340148504	1.14887163297025	0.129859886750609	0.896677281217555	0.960722483193289
465	2.94151389099524	1.68715102041652	1.15540712742985	1.46022209865497	0.144229043770677	0.905056790956463
466	0.708985480659755	0.340034962438358	0.966675402719589	0.351757127037393	0.725020413819233	0.915024114914031
467	5.26994634078751	1.1711655524707	0.984557111776689	1.18953541492099	0.234229043507976	0.905056790956463
468	5.74218227860095	1.03099639215052	1.02294621544668	1.00786959918545	0.31351706786538	0.905056790956463
469	4.85750264029207	-0.608124950743858	0.971085733983031	-0.62623198906399	0.531162788074072	0.905056790956463
470	34.1719416869406	-0.390241332961658	1.08623676038372	-0.35925992121994	0.719400653856322	0.915024114914031
471	1.34649432739317	0.766288975390326	1.12815711347938	0.67923959015513	0.496986066091573	0.905056790956463
472	4.83330605283877	1.11206133893767	1.03705696239577	1.07232425918884	0.283574414250517	0.905056790956463
473	8.9894411138884	0.488820375053445	0.834649526874516	0.585659440656385	0.558104395290741	0.905056790956463
474	22.3354483853783	1.3729365311852	1.04598039678723	1.3125834245099	0.189323357975701	0.905056790956463
475	8.78233323956785	1.45250952111274	0.884764457717743	1.64169063126643	0.100654134226769	0.905056790956463
476	9.25024353093853	2.35359866790294	0.999828960100794	2.35400129604735	0.0185725463297425	0.905056790956463
477	6.16195220580396	1.09141924099741	1.01472368307834	1.07558270216617	0.28211392695681	0.905056790956463
478	1.30796526905809	0.791909077553613	1.13191492316178	0.699618903637713	0.484165333864456	0.905056790956463
479	15.8374718409169	0.392997543081285	0.802628581759685	0.48963811159039	0.624390002727492	0.905056790956463
480	4.72412288493301	1.08289499611763	1.00476933093903	1.07775482667806	0.281143183847917	0.905056790956463
481	2.63587492454091	1.16965595097123	1.16214292970057	1.00646479970634	0.314192036091134	0.905056790956463
482	2.90036299925927	1.13536434109499	1.13849699064311	0.997248434054837	0.318643936659446	0.905056790956463
483	0.58153658541864	0.321852916309572	0.907525538762181	0.354648880458574	0.722852652034297	0.915024114914031
484	0.885420335040344	-0.00155796977356484	0.910136666950807	-0.00171179761253268	0.998634183780772	1
485	1.09913051107951	0.267438373034637	1.0384756474755	0.257529749190335	0.796769853007029	0.9286690374246
486	3.89990379692557	1.44107189691024	1.1329751976651	1.27193596106965	0.203395873442422	0.905056790956463
487	0.429287836656803	0.28209519273214	0.905022615408083	0.311699606097623	0.755268827343101	0.919701640610371
488	1.7854291219578	-0.192328372812202	1.0981470887561	-0.175138990743087	0.860970421544298	0.949596855175955
489	3.09262117082643	1.35449666532464	1.1588399911717	1.16883838635489	0.242468751337292	0.905056790956463
490	1.38396794367089	0.338287577874712	0.973855412360681	0.347369407800161	0.728313813142715	0.915024114914031
491	1.05201203651851	0.32560702668295	0.917512617553745	0.35488016235796	0.722679370606551	0.915024114914031
492	6.97611306558164	-0.62578589431504	0.929766072274473	-0.673057356012346	0.500910802225695	0.905056790956463
493	7.15431260592491	1.77094797543009	0.993978664447836	1.78167604474072	0.0748020755502533	0.905056790956463
494	2.42830438507338	0.705722980803782	1.16151066272853	0.607590617503201	0.543459025173984	0.905056790956463
495	2.74464575149289	0.285465139405579	1.15524883718676	0.247102728188619	0.804828722404953	0.930234517797497
496	4.38754232876179	2.23917709410989	1.07598232874223	2.0810537815499	0.0374289836258271	0.905056790956463
497	0.875491155264624	0.524316988380167	1.07570881650247	0.48741534915082	0.625964018344745	0.905056790956463
498	4.08693298277459	1.18199813301184	1.04705993869702	1.12887341911175	0.258951235300505	0.905056790956463
499	1.42682474807328	0.773148538569311	1.0806257745744	0.715463721817862	0.474322549971867	0.905056790956463
500	6.1760863820666	1.47005193968622	1.01967846786468	1.44168184973512	0.149392146213851	0.905056790956463
501	6.0896268066494	1.71166206074766	0.972342146667943	1.76034955042651	0.0783485575767855	0.905056790956463
502	2.96643649409635	1.21384601985484	1.15033980525249	1.05520648273873	0.291330899918025	0.905056790956463
503	1.17671634877834	0.329937648298923	1.03538049881806	0.318663185829329	0.749981933792861	0.917461169800175
504	0.982752264544764	0.287636826250416	0.914657952286173	0.314474744937681	0.753160494851759	0.919059943421892
505	1.14624898564052	-0.0114983223275235	1.05591630352988	-0.0108894258844996	0.991311666920928	1
506	2.47660105127213	0.311168896735348	1.14545853598068	0.271654439651054	0.785887736103357	0.9286690374246
507	2.83934224611033	0.168308392401791	1.13949403435861	0.14770449631755	0.882575983014572	0.959902732121837
508	5.98884314988293	0.681705194745735	0.915077394147146	0.744969987354006	0.456289863634054	0.905056790956463
509	4.08015545705298	0.870725618782407	1.0837114256932	0.803466308593585	0.42170526255403	0.905056790956463
510	3.68043691413959	0.785361039673903	1.05908441387277	0.741547160345853	0.458361748166506	0.905056790956463
511	3.54401358218886	0.153117167288741	1.16393712002597	0.131551064618786	0.895339393795597	0.960722483193289
512	3.62205896538313	0.550254087818216	1.11088489939369	0.495329523444364	0.620367534037535	0.905056790956463
513	2.25243397442857	0.388534913209589	1.1542798143306	0.336603749269333	0.736415629476924	0.916019906911484
514	2.37067970554178	0.152864186245009	1.16078482380464	0.131690372849616	0.89522920054964	0.960722483193289
515	15.4294889708814	1.90634473226276	1.02046024549658	1.8681224875498	0.0617449997491438	0.905056790956463
516	1.41216285078196	0.304065415245761	1.05630921002094	0.287856446162895	0.773456627303014	0.926042177835687
517	2.23571468747214	1.27629778858125	1.16197198002482	1.09838947110754	0.272034457979288	0.905056790956463
518	0.905694147874612	0.396634720048115	1.00176255343201	0.395936860176354	0.692151607923042	0.912097229333043
519	2.35114029056533	1.04256890838396	1.15094781607029	0.905835081162607	0.365023149677052	0.905056790956463
520	3.01751656560803	1.02652691788169	1.12753097604698	0.910420147817673	0.362600976231892	0.905056790956463
521	1.19445435508502	0.536032568507441	1.10602170800936	0.484649229419016	0.627925186375957	0.905056790956463
522	3.75770599607906	-0.0682865780034917	1.05423738330491	-0.064773436310351	0.94835439177592	0.98143660349406
523	2.36421902477061	1.45305417158157	1.15900220480433	1.25371130922644	0.209946955824924	0.905056790956463
524	3.19706215208654	1.32659966881298	1.11602271666355	1.18868518445482	0.23456357280385	0.905056790956463
525	7.87648171903029	1.23917104644206	1.0019881354167	1.23671229492825	0.216193912541811	0.905056790956463
526	1.07325526453683	0.771305281944579	1.10208979151434	0.699857024249138	0.484016598395337	0.905056790956463
527	0.138519543947483	0.0454418622127057	0.897504263602248	0.0506313608253168	0.959619272541021	0.987420893184412
528	4.59790885500134	2.28966916723234	1.10001426394926	2.08149043359856	0.0373890388246078	0.905056790956463
529	4.82628302795637	1.55888978813847	1.11471932067599	1.39845946797901	0.161975136027744	0.905056790956463
530	1.4079557546705	0.926224216347765	1.13693620215433	0.814666834069229	0.415263042703067	0.905056790956463
531	11.822815768208	2.27717671491748	0.965355360176283	2.35889995421132	0.018329196502156	0.905056790956463
532	37.1677220857213	0.670016658064298	1.06928373894761	0.626603242581554	0.530919342282915	0.905056790956463
533	8.12971972179018	0.704718003524585	0.896671956468408	0.785926222450577	0.43191071106108	0.905056790956463
534	7.27450764924079	1.59261496774406	0.889413401207544	1.79063522719783	0.0733518501771371	0.905056790956463
535	0.664525562206736	0.297517513859367	0.909359755365917	0.32717251022358	0.743537411413714	0.916019906911484
536	3.1473396954647	1.80132018359614	1.13495078913247	1.5871350554089	0.112482059856933	0.905056790956463
537	2.38060678569295	1.19707890789765	1.16054547137989	1.03147953907771	0.302315998400302	0.905056790956463
538	0.789315901339865	0.440933029212874	0.911812912485822	0.483578399883353	0.628685107323951	0.905056790956463
539	2.49416910345677	0.918403754150277	1.14361491887303	0.803070805560422	0.421933810704893	0.905056790956463
540	7.92892152735437	-0.676609125587714	0.823633216373517	-0.821493247403068	0.411365368838741	0.905056790956463
541	3.56272109287068	0.285702643583696	1.07514637379926	0.265733718260245	0.790444293293376	0.9286690374246
542	1.85611258473008	1.05064047491654	1.12093392351092	0.937290283468087	0.348609259657302	0.905056790956463
543	1.06112917377311	0.44807854913418	1.10287115746805	0.406283677018875	0.684534177473226	0.912097229333043
544	4.9062084771882	1.09591327593771	1.14065183276358	0.960778078340104	0.336663763167413	0.905056790956463
545	1.62300569425946	0.934203466394317	1.13892471308934	0.82025041309384	0.412073368155772	0.905056790956463
546	2.2321234388872	0.77283566418414	1.16310035775181	0.664461719948206	0.506394841514354	0.905056790956463
547	1.98861422165933	0.557355098579676	1.13445333991789	0.491298389248885	0.623215418941296	0.905056790956463
548	0.393417334429713	-0.00471195269266696	0.901768848244961	-0.00522523338640213	0.995830885926005	1
549	2.5958287790285	1.71920918512043	1.15968684528165	1.48247709467024	0.138213393863881	0.905056790956463
550	12.6923592916122	1.19695713968578	0.87991408301749	1.36031137901675	0.173731408997255	0.905056790956463
551	2.24916167041861	0.155619343071282	1.15806913809418	0.134378283603501	0.893103453048351	0.960722483193289
552	1.24658986865405	0.747821286415392	1.05205819492921	0.710817414872862	0.477197387523505	0.905056790956463
553	1.78579737069898	0.651305328284252	1.0303478120815	0.632121814252695	0.527307281886258	0.905056790956463
554	1.37289729496452	0.33757357687853	1.06427277111898	0.317187084025088	0.751101649776261	0.917773862197943
555	5.73576671903507	1.89005772347529	1.13212580472379	1.66947676273169	0.0950229318300087	0.905056790956463
556	3.71051715716919	1.18684492839138	1.06773100889234	1.11155798464878	0.266328245918701	0.905056790956463
557	1.13524651246739	-0.264675770677905	1.03043821818393	-0.256857486462776	0.797288790572917	0.928935162772492
558	24.4897373677544	1.17105052191512	1.08323551881899	1.08106732245253	0.279667167938909	0.905056790956463
559	1.21019164539829	0.525013147551464	1.05042911195682	0.499808260810125	0.617210093364077	0.905056790956463
560	7.91493630295848	0.6658650136767	0.938659608694274	0.70937857292374	0.478089580893104	0.905056790956463
561	2.67705735829409	-0.283947637191966	1.15575340827617	-0.245681851473387	0.805928522107123	0.930690217093721
562	3.67227242032655	0.916853816860785	1.13163519437375	0.810202635459897	0.417823723044023	0.905056790956463
563	2.19424485116119	0.453701236892198	1.15760014332697	0.391932602555014	0.695108012904893	0.912097229333043
564	1.99422715722928	0.775076631834244	1.14935245072199	0.674359402416	0.500082846583198	0.905056790956463
565	0.736443890288464	0.18740623718236	0.973411477258147	0.192525197781966	0.847330832113812	0.945478283042784
566	2.43295107571568	1.45827115518321	1.1577959007974	1.2595235085725	0.20784130447229	0.905056790956463
567	7.63240804910095	2.28570364639502	0.986422744205217	2.31716437989948	0.0204947790779592	0.905056790956463
568	3.03627856114592	1.60428453693884	1.13781519591485	1.40996933658364	0.158548737304359	0.905056790956463
569	2.68821921456364	1.1034319252976	1.14961466774094	0.959827632911034	0.337141972516101	0.905056790956463
570	1.57801805477776	0.518307338890611	1.00252884707597	0.516999925141639	0.605156211080147	0.905056790956463
571	8.49246511587748	2.20360210612685	1.09444506272583	2.01344241129705	0.044068107655318	0.905056790956463
572	3.50434095529859	0.801494890807309	1.08815173085556	0.736565377860617	0.461386696009645	0.905056790956463
573	2.34637085034264	0.950768658565775	1.15629868708844	0.822251784233893	0.410933611904142	0.905056790956463
574	2.7868520852862	0.862449305092139	1.14939219085671	0.750352501046058	0.453042430299798	0.905056790956463
575	1.55321820125704	0.63571000683778	1.08234684098898	0.58734407748343	0.556972643804284	0.905056790956463
576	3.05134752951007	1.30964606194525	1.15506173072021	1.13383209495535	0.256864985413497	0.905056790956463
577	0.99709521726109	0.524264293654385	0.914771455080284	0.57310959009797	0.566570494303048	0.905056790956463
578	2.15547029366533	1.37358208157597	1.16196686896207	1.18211811219964	0.237158838635768	0.905056790956463
579	2.81325505285756	0.576389948440712	1.16355122849445	0.495371354801902	0.620338011060074	0.905056790956463
580	0.902544593445049	-0.340919207167355	1.07379314523277	-0.317490578777583	0.750871387037974	0.917773862197943
581	2.39503786490712	0.379185877868187	1.13423286675531	0.33431043040828	0.738145320470257	0.916019906911484
582	3.05576130245067	1.87597242980565	1.14394889810243	1.63990929395316	0.101024028150987	0.905056790956463
583	2.06561776428233	0.616801860337092	1.15018883789565	0.536261385969955	0.591777913589561	0.905056790956463
584	6.23546944868722	0.665614128558479	0.919984862913562	0.723505522091419	0.469369362714417	0.905056790956463
585	4.74369692299201	0.849729361014604	0.986899904182518	0.861008656919937	0.389233275177002	0.905056790956463
586	3.42830155797869	-0.531172183757434	1.0966155720201	-0.484374102748651	0.628120394146009	0.905056790956463
587	7.60553086391621	1.2113220708142	0.878371540541042	1.37905432371827	0.167878005349658	0.905056790956463
588	3.13086590766907	1.77647046011886	1.13186891989839	1.56950193515194	0.116531028912351	0.905056790956463
589	0.820488309133913	0.448916605800972	1.06921558124786	0.419856026861349	0.674590632902949	0.910870588440445
590	5.46264518648305	0.949728888261695	1.0338424445745	0.91863986939768	0.358283970882057	0.905056790956463
591	1.97935648348428	0.37221550440518	1.10640390728164	0.336419188286932	0.736554781718732	0.916019906911484
592	2.00669214353259	0.519364414521863	1.05524507154216	0.492174214813296	0.622596191108124	0.905056790956463
593	5.71747055157807	0.386662197230408	0.935259814924628	0.413427574947791	0.679293375070895	0.912097229333043
594	1.61177557326559	-0.579748152281214	1.14616822877351	-0.505814188290308	0.612987097251023	0.905056790956463
595	3.60841578744207	0.846433139366211	1.12517418603668	0.752268537503242	0.451889584447454	0.905056790956463
596	0.900291008785346	0.465284449964757	0.999621193660937	0.465460769454812	0.641601524517618	0.905730264136523
597	1.06586399091325	0.00308452506770954	1.01289257095855	0.00304526378823226	0.997570234795256	1
598	11.5849865914515	0.391997065531345	0.802161795335435	0.488675810554435	0.625071231837039	0.905056790956463
599	6.29493858076735	-0.039048550606707	0.841088230621446	-0.0464262240096448	0.962970535306623	0.989734262525478
600	3.29284764121203	0.665283964605707	1.12821597863221	0.589677842900488	0.555406652654823	0.905056790956463
601	1.27364330683448	0.193464640195975	1.03977873653609	0.186063278078259	0.852395138860498	0.946238908218935
602	7.52819159601003	1.56055103985652	1.03334155252905	1.51019867152072	0.130992737583768	0.905056790956463
603	6.4952405576055	1.44442824661032	1.03395870531001	1.39698833153809	0.162417080017273	0.905056790956463
604	215.686944846822	0.774824021029734	1.13775605305253	0.681010677948873	0.495864733929767	0.905056790956463
605	0.872832599156638	0.613926705562713	1.00175312931173	0.612852296238416	0.539974008122048	0.905056790956463
606	2.78280656108678	1.23198959202278	1.15216719203664	1.06928022299007	0.284943419411203	0.905056790956463
607	0.927749418414054	0.329411570034424	1.00018276665899	0.329351375583876	0.741890116026662	0.916019906911484
608	1.81665083391804	0.611270970615903	1.14108984849171	0.535690481712617	0.592172482994821	0.905056790956463
609	6.29573903223585	0.596411558496599	1.10114000696754	0.541630995806858	0.588072734679424	0.905056790956463
610	3.74733820321329	0.234371836618179	1.0537657575882	0.222413600869511	0.823991924998859	0.941179270415884
611	5.56643671716108	1.49304992638626	0.988272811484414	1.5107669755112	0.130847831482585	0.905056790956463
612	1.03893330231322	0.25812112864531	1.08973974000453	0.23686493129473	0.812761576629766	0.934079119655156
613	5.70361859718332	0.72532012523648	0.939246060677295	0.7722365369448	0.439974345248897	0.905056790956463
614	2.20519275028717	0.975808161225039	1.16149842605889	0.840128698698351	0.400836230654351	0.905056790956463
615	9.23971108509538	2.22421808468542	0.930729286463017	2.38975835082825	0.0168594615854198	0.905056790956463
616	4.20971733603335	1.96923441327235	1.15968363764704	1.69807898408212	0.0894928555046806	0.905056790956463
617	3.03569626607009	1.25784035419183	1.14889611521845	1.09482514348364	0.273593248779538	0.905056790956463
618	5.58286013015866	1.45456223580756	1.10300099174436	1.31873157566904	0.187258866614428	0.905056790956463
619	3.40104144296913	1.23548586825515	1.12478277187062	1.09842175676324	0.272020366303738	0.905056790956463
620	79.259659351178	0.6210824670074	1.10338127611118	0.562890163585498	0.573509678652065	0.905056790956463
621	1.95561207202091	0.607853327935422	1.16317902184605	0.52257934206096	0.601267019386077	0.905056790956463
622	2.42948257671113	0.512286604116289	1.15216633035052	0.444629035427928	0.656587860877329	0.905730264136523
623	7.40346836177828	0.404303953767501	0.866240466020187	0.466734087850935	0.640690138196519	0.905730264136523
624	2.36842612088208	0.774544303523436	1.16171655559973	0.666723995444469	0.50494844866633	0.905056790956463
625	5.1698373048438	1.66589262997226	1.10564356440613	1.50671761099343	0.131883055479297	0.905056790956463
626	7.09322152701331	0.875419111396562	1.1393387927535	0.768357153258069	0.442275028339991	0.905056790956463
627	1.23224691593773	0.457499174071516	1.04427677952855	0.438101452641757	0.661312741439056	0.905730264136523
628	0.747514538994832	0.276666074612693	0.911053337706125	0.303677142887474	0.761373873449879	0.921693462027093
629	3.72074850977739	1.36245106644437	1.16014068944922	1.17438434737704	0.240241111966764	0.905056790956463
630	2.56661515256717	1.10973595748759	1.16230216229529	0.95477406262078	0.339691966713181	0.905056790956463
631	6.15139142678622	2.50502543617972	1.11038270859072	2.25600184224685	0.0240705157578386	0.905056790956463
632	1.45436918457528	0.908302752326786	1.07786550708713	0.842686537749428	0.399403778227625	0.905056790956463
633	1.95762015751982	0.811052881389299	1.15647473296294	0.701314830555222	0.483106560414227	0.905056790956463
634	7.14447472290344	1.62043724674698	0.941297796080188	1.72149265991582	0.0851614629831453	0.905056790956463
635	1.4839584292833	0.578763970789652	1.0751938371904	0.538288028419158	0.590378214989244	0.905056790956463
636	16.4434849473707	1.22859657474144	0.837129227795669	1.46763072408376	0.142204557626253	0.905056790956463
637	1.48182759420399	0.793840703699043	1.07740526264631	0.736807895061903	0.461239181331001	0.905056790956463
638	15.1664455073483	2.02640348974968	0.834987842240463	2.42686586227696	0.0152298856549429	0.905056790956463
639	3.09597950170968	1.49502047432279	1.16184315154932	1.28676618038259	0.198175798045122	0.905056790956463
640	0.277039087894966	0.240955354699223	0.900621756445233	0.267543342113206	0.789050847767828	0.9286690374246
641	0.858575673313606	0.471373186095311	0.912932140225872	0.516328832478925	0.605624762016192	0.905056790956463
642	3.10430556743476	1.62477602685403	1.16127347041309	1.39913299343354	0.1617731054608	0.905056790956463
643	0.556736731897918	0.282049639933598	0.941960194222334	0.29942840649063	0.764613190582237	0.923071079489453
644	2.668311550846	0.994098936299155	1.13835795794579	0.873274464644709	0.382513495413686	0.905056790956463
645	0.77497294862354	0.147397686419232	0.910543400988588	0.161878814627837	0.871401286240408	0.955302506217267
646	0.48420465591422	-0.11970443501619	0.901798865624921	-0.13273961587126	0.894399311139344	0.960722483193289
647	1.80675837684942	0.325740685754196	1.16345578080455	0.279976850971457	0.779495265171976	0.927391877785505
648	2.33381983716603	0.708073762094732	1.14842073088262	0.616563026993203	0.537522987883037	0.905056790956463
649	5.24564168483746	1.93283825734616	1.08437107727466	1.78245095046609	0.0746757231381475	0.905056790956463
650	3.11742102434715	1.33728233771705	1.16158012725014	1.15126137779479	0.249624721165581	0.905056790956463
651	3.56504593412896	1.50204706887343	1.08721354131173	1.38155662323815	0.167107880472739	0.905056790956463
652	5.27327531846916	0.436889188970436	0.958882568739309	0.455623246488708	0.648660923712333	0.905730264136523
653	7.03165310187109	1.58042659949781	1.00282655597629	1.57597202634827	0.115032250153296	0.905056790956463
654	1.92697547075445	0.813523792572252	1.11414262603505	0.730179219035338	0.465280643268981	0.905056790956463
655	1.89636750669618	0.368691152220851	1.10032528188136	0.33507468954131	0.737568745150109	0.916019906911484
656	2.51807088758308	1.23413036684	1.15670991846356	1.06693160241876	0.286002723025125	0.905056790956463
657	7.23807480290247	1.14774168853432	0.938194359338485	1.22335172569529	0.221196878178442	0.905056790956463
658	1.1350010133066	0.326858598930058	0.932170909742107	0.350642350575482	0.725856680162606	0.915024114914031
659	3.86581266174479	1.68591061463976	1.15764663217787	1.45632576278313	0.145302586909709	0.905056790956463
660	2.76237117634047	1.09238806542062	1.1398213019188	0.958385374603606	0.337868467392691	0.905056790956463
661	1.62247797323078	0.691268732387249	1.08914213747723	0.634691018371971	0.525629952616169	0.905056790956463
662	1.82698498514205	0.540394853320423	1.03466887377717	0.522287726069942	0.601470013723368	0.905056790956463
663	0.664525562206736	0.297517513859367	0.909359755365917	0.32717251022358	0.743537411413714	0.916019906911484
664	2.68265450356233	1.27605229562514	1.13485255585607	1.12442122021971	0.260834373961912	0.905056790956463
665	0.138519543947483	0.0454418622127057	0.897504263602248	0.0506313608253168	0.959619272541021	0.987420893184412
666	2.39572295859874	0.576651238984061	1.15310232005733	0.500086791045041	0.617013966542765	0.905056790956463
667	3.3960244039611	0.688391342333387	1.10141561781184	0.625005975220325	0.531967136436545	0.905056790956463
668	2.82935849228746	0.696101724080315	1.12991593956228	0.616065053786193	0.537851585323761	0.905056790956463
669	2.03346126022058	0.48839445719435	1.16033561288824	0.420907926783931	0.673822316705129	0.910536053835529
670	3.377683131587	0.688609939103526	1.10015995479658	0.625918018649252	0.531368715220994	0.905056790956463
671	9.26883240209796	1.46898536023717	1.15652348248512	1.27017339680872	0.204022871675605	0.905056790956463
672	3.10372117273439	0.462243007480944	1.14638107288272	0.403219329431684	0.68678688112589	0.912097229333043
673	3.27477073936576	0.889607566847401	1.11303784883171	0.799260840753228	0.424139180152477	0.905056790956463
674	5.54450839545113	1.33939435055226	1.04137306774452	1.28618109305748	0.198379867940078	0.905056790956463
675	4.6828880659483	1.56219927708248	1.11703834967465	1.39851892957614	0.161957292277764	0.905056790956463
676	4.00628361751949	0.817808633573248	1.05464713664462	0.775433417640637	0.438083594933956	0.905056790956463
677	4.34134187455979	1.80850722951313	1.13841227654777	1.58862238818912	0.112145670568964	0.905056790956463
678	0.761243743809186	0.213059072088144	0.910922230100683	0.233893811181438	0.815067417931941	0.935162599217318
679	2.86126949718842	1.72038944684118	1.15907639662878	1.48427614594259	0.13773567593832	0.905056790956463
680	1.5517378367868	0.655124629867266	1.13864556405184	0.575354307389583	0.565051699805599	0.905056790956463
681	3.1853210818065	2.16789646734997	1.12558079179806	1.92602475375123	0.0541012830640893	0.905056790956463
682	2.2538943879342	1.04761889687215	1.15246302870091	0.909026034486376	0.363336383512834	0.905056790956463
683	1.55545183495214	0.698777131991754	1.16066059537795	0.6020512239103	0.547140040796408	0.905056790956463
684	3.642210028637	1.31358211438081	1.10761678675348	1.18595359883542	0.235640624459338	0.905056790956463
685	2.79216919750217	0.572250869823007	1.1365614244675	0.503493130686813	0.614617608747989	0.905056790956463
686	1.1419873154819	0.779867858042213	1.11528919905401	0.699251690685877	0.484394751873599	0.905056790956463
687	0.930494001395334	0.452998821903361	1.00181621804285	0.452177568844255	0.651141066299678	0.905730264136523
688	1.20777858845109	0.0158643926327917	1.10247680012456	0.0143897745793828	0.988519017250498	1
689	1.34649432739317	0.766288975390326	1.12815711347938	0.67923959015513	0.496986066091573	0.905056790956463
690	10.2151979958534	2.06902289937548	0.891727696281021	2.32024070577195	0.020327859705307	0.905056790956463
691	5.02043593767904	1.6093183417518	1.04699833372609	1.53707822630864	0.124274154252077	0.905056790956463
692	0.767174603927129	0.26601651697245	0.980678308495981	0.271257674068907	0.786192857609778	0.9286690374246
693	1.71204828074589	0.542222599138531	1.16221107397616	0.46654399642182	0.640826163076582	0.905730264136523
694	0.913492492571023	0.247119793063274	0.913536626401713	0.270508905632654	0.78676876652747	0.9286690374246
695	1.30437402047314	0.313071430780458	1.10977371922272	0.282103842754296	0.77786388676093	0.926566765057318
696	2.10463782093898	0.941211442866035	1.06844910866717	0.880913686230823	0.378364539194558	0.905056790956463
697	2.47128393905616	0.687700446282979	1.15042567380365	0.597779119453442	0.549987324937074	0.905056790956463
698	3.82474779688212	-0.46556656396167	1.12452112835868	-0.414013176116306	0.678864457259386	0.912097229333043
699	5.04933807826196	0.747264381368329	0.990627438927623	0.754334426853005	0.450648435128502	0.905056790956463
700	3.6330928913824	1.29175612449735	1.13921838665038	1.13389683631729	0.256837824345628	0.905056790956463
701	6.27741145053891	0.624094552971558	0.995065937585491	0.627189143350552	0.530535258904867	0.905056790956463
702	3.0078328849931	0.867475326034854	1.15306895942949	0.752318687395819	0.451859432419593	0.905056790956463
703	5.15304457247318	1.25981913319177	1.12245950610304	1.12237379285567	0.261703542502269	0.905056790956463
704	2.95916587042862	1.40379938495976	1.12871276496977	1.24371711610558	0.213603694284835	0.905056790956463
705	13.1333315248773	1.41795896604234	0.865930033956132	1.63749830868457	0.101526392046932	0.905056790956463
706	1.4412044234967	0.473365494601699	1.13025277526541	0.418813830818101	0.675352196028111	0.910870588440445
707	0.872304878127961	0.411991066191707	0.913377911597387	0.451063093337986	0.651944076422152	0.905730264136523
708	5.73489800284226	0.764754468595138	0.957628970385811	0.79859161767739	0.424527249685342	0.905056790956463
709	5.36187933045176	1.46492137941228	1.09362469441042	1.33951015087679	0.180404652103808	0.905056790956463
710	2.32606031480127	1.07427556370588	1.1372173251981	0.944652829237146	0.34483614654812	0.905056790956463
711	4.46832912468092	2.40130058352539	1.10580636492221	2.17153803748842	0.0298905250799874	0.905056790956463
712	2.54783218603769	1.14600499052767	1.15590869813594	0.991432102185718	0.32147463132685	0.905056790956463
713	2.7294068290067	0.98613293558481	1.15078379282495	0.856922857041673	0.391487519707154	0.905056790956463
714	2.99283946166771	0.882292340245592	1.16315824627004	0.758531646983451	0.448132774873061	0.905056790956463
715	1.80295835181079	0.003822240180458	1.16253237681251	0.0032878569721542	0.997376674410151	1
716	2.4717434845516	1.29553769389553	1.1572602814295	1.11948687316498	0.262932487914789	0.905056790956463
717	4.78386791770937	1.22986455270296	1.11521075169014	1.10280908863106	0.270110080378638	0.905056790956463
718	1.80190081012889	1.10855752496273	1.15152487886978	0.962686560494269	0.335704843187444	0.905056790956463
719	0.983279985573442	0.45869274540114	1.01106473424815	0.4536729745027	0.650064221335877	0.905730264136523
720	8.59518340376298	1.29746944550066	0.855165490111742	1.51721445790699	0.129212547189612	0.905056790956463
721	3.19493131700723	1.51506828844536	1.11361239811628	1.36049876151537	0.173672144546435	0.905056790956463
722	11.0053720646584	1.11054414155759	0.797721756015246	1.39214473365368	0.163878574416171	0.905056790956463
723	2.68624575214728	1.78115447472739	1.147946603874	1.55160045660355	0.1207578538463	0.905056790956463
724	14.5609389622701	2.47995911658723	0.880610200405843	2.81618259184859	0.00485980377881765	0.905056790956463
725	4.5401268028068	0.456372877059726	0.966861372091037	0.472014799880489	0.636916224797839	0.905730264136523
726	5.84780775037245	2.1041158554227	1.02779104780005	2.04722142689068	0.0406363485402337	0.905056790956463
727	3.28253236135507	1.32413999278482	1.15808833684034	1.14338427446521	0.252879078673796	0.905056790956463
728	0.432474113793466	0.141476670493825	1.01527358046123	0.139348322675306	0.889174906363685	0.960722483193289
729	5.51340733344673	1.33783882301391	0.973930421733466	1.37364928044114	0.169550589878902	0.905056790956463
730	5.37300455320528	1.84204604483552	1.06204658878163	1.73443054597886	0.0828417191608939	0.905056790956463
731	7.4160015742197	0.60247743608081	1.01080351555424	0.596038128884486	0.551149755187448	0.905056790956463
732	12.4520384005407	1.28756851304163	0.860705624961108	1.49594527524996	0.134667916591285	0.905056790956463
733	1.89216041058472	1.0615259698901	1.15990210571262	0.915185828753993	0.360094082894286	0.905056790956463
734	3.9221877948833	0.888048474979533	1.06856465858568	0.831066672329332	0.405935965895271	0.905056790956463
735	2.4955560715482	0.647622371849143	1.16066910739402	0.557973299817729	0.576862616647831	0.905056790956463
736	1.34543888533581	0.459798636627063	1.06001147380093	0.433767603456539	0.664457209260174	0.905730264136523
737	4.11743604859252	0.354949537706419	1.03801319590939	0.341950891477302	0.732387849723161	0.916019906911484
738	5.72894617173272	0.798233275364127	0.93446721475621	0.85421217861814	0.392987436478605	0.905056790956463
739	1.65611274213822	-0.159034814801017	1.14663109190919	-0.13869745546165	0.889689228913121	0.960722483193289
740	1.30159271478476	0.592961458014292	0.964416557360226	0.614839566460087	0.538660676567526	0.905056790956463
741	5.66095481751912	0.847300935331149	1.03590295875672	0.817934660933946	0.413394497353293	0.905056790956463
742	7.2614331142846	1.40328123271569	1.04354181903532	1.34472927401503	0.178712677414349	0.905056790956463
743	6.20227320367876	1.0415336227495	0.980907338351007	1.06180633177891	0.288323614748003	0.905056790956463
744	3.2842582249861	0.768729332688759	1.14941493331032	0.668800544007913	0.50362271966961	0.905056790956463
745	0.886034082942315	0.356115473631872	0.913601194189703	0.389793135009768	0.696689520525138	0.912097229333043
746	1.88696604794914	0.930513611185437	1.16295501540428	0.80012863684324	0.423636270988068	0.905056790956463
747	4.43133392526568	1.64931596223268	1.06382277014403	1.55036723082115	0.121053399079155	0.905056790956463
748	1.22509904185039	0.309200201144841	1.14992587096356	0.268887072595168	0.788016585315193	0.9286690374246
749	4.29765517629623	0.928140264936228	1.10577090262945	0.839360361833693	0.401267120063072	0.905056790956463
750	0.874963434235947	0.327029383494582	0.993983658107128	0.329008812999354	0.74214902673461	0.916019906911484
751	0.99709521726109	0.524264293654385	0.914771455080284	0.57310959009797	0.566570494303048	0.905056790956463
752	1.2179899900947	0.329529685412164	0.946428342372515	0.348182393382362	0.72770320955259	0.915024114914031
753	2.0765656634083	0.789250987872779	1.06316612444212	0.742359044111684	0.457869826929425	0.905056790956463
754	1.45650001965459	0.680396454287186	1.07236433022159	0.634482549551597	0.52576595167163	0.905056790956463
755	9.00324059386055	0.872538320197326	0.892413458076458	0.977728778405055	0.328208484396479	0.905056790956463
756	1.96089246152978	1.02058898030473	1.15831185266578	0.88110035130514	0.378263507130937	0.905056790956463
757	5.08542253763262	1.72572286162108	1.0473681981391	1.64767544468816	0.0994192895326825	0.905056790956463
758	1.10766535325829	0.194166527235348	1.01995455900268	0.190367821312752	0.849020911434944	0.945478283042784
759	1.80350392417952	0.814163267244993	1.15396862369987	0.705533279262489	0.480478429202309	0.905056790956463
760	2.73412067515525	0.895231433622428	1.1493858525519	0.778878069218275	0.436051543812555	0.905056790956463
761	6.96849941401829	0.220919588197973	0.897381369907423	0.246182498997905	0.805540962512423	0.930578853151775
762	1.90217561723373	0.797723064658599	1.12131870565559	0.71141510494307	0.476827041482399	0.905056790956463
763	2.47769531566113	0.871917829084718	1.14230308542241	0.763298147586019	0.445285606583549	0.905056790956463
764	3.58483294789074	0.866752588787716	1.15987526738788	0.747280861277179	0.454894042666997	0.905056790956463
765	3.19011047299379	1.8527598071367	1.12582851880589	1.64568562279967	0.0998285005468491	0.905056790956463
766	11.6441661514994	1.65299818172398	0.912959443746936	1.81059322300212	0.0702038420224749	0.905056790956463
767	3.1208160779375	1.07313787229647	1.14849169122213	0.934388886309252	0.350103328461531	0.905056790956463
768	4.85847415510068	2.39532113523718	1.09286677789422	2.19177779367818	0.0283955553113873	0.905056790956463
769	2.51206658205094	0.0447107761264642	1.15403944554379	0.0387428491280004	0.969095410373816	0.994290957875109
770	1.2455711493038	-0.0728905618240236	1.03743443171866	-0.0702604035449931	0.943986397980441	0.979798405231884
771	7.36559504393324	1.00175186155831	0.871065516832432	1.15003044225779	0.250131333163815	0.905056790956463
772	4.23142010954711	0.62314489839485	1.01747432959453	0.612442869829624	0.540244785578532	0.905056790956463
773	2.20507000070677	1.39787723974176	1.16092058583138	1.20411099329476	0.228546681471237	0.905056790956463
774	2.7719814115412	0.53418569772856	1.15788836345733	0.461344732866593	0.644551296122684	0.905730264136523
775	1.19371785760265	0.592658364738536	1.10863985502829	0.534581507286163	0.592939273992942	0.905056790956463
776	2.48423992368105	1.40333547286204	1.16216324410639	1.20752009666344	0.22723191032405	0.905056790956463
777	2.39769642101511	0.272719377265837	1.15994847022733	0.235113355692766	0.814120752876853	0.93468348711132
778	1.57866852538683	0.445021820617958	1.12920988795947	0.394100180456382	0.693507077783307	0.912097229333043
779	20.3173183644252	1.6943796730447	1.06169074490622	1.59592582037095	0.110505355977323	0.905056790956463
780	0.304497497523674	-0.00476257312255688	0.899810281474357	-0.00529286364093696	0.995776925536291	1
781	1.64780554778018	0.797768294704626	1.0924074467767	0.730284562832808	0.465216262266123	0.905056790956463
782	2.35168796255861	0.574319513022126	1.15269673346195	0.498239906776906	0.618314957899658	0.905056790956463
783	3.21026363587221	1.20402337431164	1.12467499569292	1.07055227414372	0.284370792593882	0.905056790956463
784	2.16221319630439	0.882708671213427	1.12877627164477	0.78200498485604	0.434211644039449	0.905056790956463
785	3.08151169978841	0.571599131297952	1.1083205086757	0.515734507142651	0.60603985027441	0.905056790956463
786	3.74146401676705	1.71318882166855	1.12342225353907	1.52497319353569	0.127265783951341	0.905056790956463
787	2.88214447646557	0.702359696433075	1.11824769395867	0.628089554959581	0.529945275120312	0.905056790956463
788	2.61381965400147	1.06646752921768	1.15740581583453	0.921429212318856	0.35682638308526	0.905056790956463
789	2.17958295386988	0.00685653243084279	1.1616268120455	0.00590252597455904	0.995290493001568	1
790	1.77336910710277	0.410201357618846	1.1523012766534	0.355984468584627	0.72185219657909	0.915024114914031
791	3.28880211701261	1.21626646335352	1.1625798178954	1.04617888994091	0.295478447408331	0.905056790956463
792	2.64666125175485	1.66288663862449	1.15045991761351	1.44541032083408	0.148342666131832	0.905056790956463
793	3.38453093246639	1.86764198727829	1.14778164201014	1.62717534321897	0.103699862878749	0.905056790956463
794	1.6093992390255	0.591514549458487	1.15794566652074	0.51083100577232	0.609469396068037	0.905056790956463
795	5.0982642826644	-0.270624066387411	0.940484892947739	-0.28774950923369	0.773538489113192	0.926042177835687
796	1.38396794367089	0.338287577874712	0.973855412360681	0.347369407800161	0.728313813142715	0.915024114914031
797	1.49768763409765	0.525969805707886	1.07683930092912	0.488438530479031	0.625239255662458	0.905056790956463
798	4.81929252653198	1.34457012176434	0.999384265822563	1.3453985296213	0.178496569848931	0.905056790956463
799	2.70300386143535	1.4202635273047	1.16176374913643	1.22250632141037	0.221516214842794	0.905056790956463
800	2.23147296827813	0.933501447210293	1.13238969422555	0.824364131862503	0.409732688769707	0.905056790956463
801	2.53213161843152	0.45376785275185	1.14347227466723	0.396833279481048	0.691490407943609	0.912097229333043
802	3.61029902373604	0.170001970016957	1.06505774249349	0.159617608730728	0.873182307070217	0.956356773873548
803	1.54994589724708	0.349380233107499	0.998765130159293	0.349812205650167	0.726479638313719	0.915024114914031
804	1.55108736617773	0.846432752010191	1.08478262954894	0.780278674228164	0.435226862545569	0.905056790956463
805	1.06839979744085	0.181712810815692	1.02552854463599	0.17718942272854	0.859359603649317	0.949021583370199
806	5.88995951011862	0.610061599307003	1.02314399450724	0.596261721304258	0.551000398679436	0.905056790956463
807	4.29774120316953	1.09211752707664	1.12030042451058	0.974843446617232	0.329637922227975	0.905056790956463
808	2.5244560233155	0.112738770291271	1.15108072276494	0.0979416717365122	0.921978609776384	0.971519573479549
809	8.97071164180852	0.236761839319206	0.925204475681625	0.255902176807755	0.798026373729698	0.929529847567444
810	4.06485986089509	0.611656728025555	1.0514826689475	0.581708806135438	0.560762838906967	0.905056790956463
811	0.608994995047349	0.171369175197221	0.907289767060489	0.188880313014482	0.850186623776507	0.945478283042784
812	5.58540958877721	0.360746511063193	0.988203208769539	0.365052964675532	0.715071870245128	0.915024114914031
813	4.07941895957061	0.994319752726753	1.09743364203012	0.906040889075884	0.364914210457866	0.905056790956463
814	2.13221898014809	0.688853340509492	1.11808583929669	0.616100585750017	0.53782813551575	0.905056790956463
815	1.19371785760265	0.592658364738536	1.10863985502829	0.534581507286163	0.592939273992942	0.905056790956463
816	1.23224691593773	0.457499174071516	1.04427677952855	0.438101452641757	0.661312741439056	0.905730264136523
817	1.89951706112574	0.901544999361371	1.11237753222546	0.810466746445075	0.417671969633563	0.905056790956463
818	1.54860613369729	0.788221652331455	1.14315663252692	0.689513256454727	0.490500333902756	0.905056790956463
819	4.72972011939232	0.498863210222296	1.03756121058614	0.480803643324788	0.630656060609873	0.905056790956463
820	1.68899316222324	0.649883303014033	1.094408791563	0.593821347218795	0.552631609566616	0.905056790956463
821	3.36381542547674	0.552010173411851	0.92664987915355	0.595705223547956	0.551372168026887	0.905056790956463
822	7.99481137739225	2.07789747610822	0.976757541180463	2.12734213814922	0.0333916659850247	0.905056790956463
823	3.87584464013631	1.60663186259048	1.08551714126308	1.48006125515534	0.138856900207108	0.905056790956463
824	6.07413818575333	1.03047984075825	0.992748066531627	1.03800740137268	0.299266609313324	0.905056790956463
825	24.5597891300749	0.549066252526767	0.953221771340652	0.576011028110003	0.564607727487705	0.905056790956463
826	1.63346259506385	0.537857959649547	1.08864153469948	0.494063419873118	0.621261390947648	0.905056790956463
827	0.747514538994832	0.276666074612693	0.911053337706125	0.303677142887474	0.761373873449879	0.921693462027093
828	3.20061877758893	1.010864385579	1.1631943933701	0.869041659193565	0.38482434509289	0.905056790956463
829	6.84233052758993	-0.354967284679925	0.830789157253713	-0.427265187058192	0.669186186213979	0.907950221897078
830	2.60653117899369	0.611281456854713	1.15473503722857	0.529369454590918	0.596549183299546	0.905056790956463
831	1.88783266451741	0.527329373944086	1.12212769024072	0.469937047744504	0.638399994510344	0.905730264136523
832	3.88122992788552	0.790057422808748	1.09980987167682	0.718358184587113	0.472536462706321	0.905056790956463
833	10.4181490982557	0.5034944901716	0.839257859070264	0.599928239849162	0.548554061025222	0.905056790956463
834	39.0319026645222	0.66603123104518	1.03623969236607	0.642738582542054	0.520393741278519	0.905056790956463
835	13.4108080570737	0.302025084044232	0.869630139946286	0.347302916689257	0.728363759806436	0.915024114914031
836	11.8023782928028	0.190077857529198	0.921919219731426	0.206176260849157	0.836653230571274	0.943670448666576
837	0.723242406502787	0.454728949995594	1.05616575317143	0.430546955939581	0.666797817366827	0.906997038146281
838	5.66060334052043	1.65015035166467	1.01273980847776	1.62939220701218	0.103230017466903	0.905056790956463
839	0.872427627708355	0.141490446931346	0.99027128351372	0.142880490716951	0.886384566625172	0.960722483193289
840	1.28724976206844	0.376556567089119	0.958202881942174	0.392982085720593	0.694332712693597	0.912097229333043
841	0.622846949442097	-0.385173512026731	0.94731475869242	-0.406595071482246	0.684305417651222	0.912097229333043
842	3.69915068510884	0.543518929497329	1.11242189071336	0.488590645360985	0.625131537152746	0.905056790956463
843	4.66600510745529	0.916029710838965	1.02027942134428	0.897822392254116	0.36928024471377	0.905056790956463
844	3.77713832399954	0.867629733267224	1.14668730031825	0.75664022181673	0.44926543726578	0.905056790956463
845	0.0692597719737415	-0.110908803430439	0.894972942750804	-0.123924197182485	0.901375294041256	0.962822431880661
846	3.34114430741078	0.194219814335207	1.08314649364771	0.179310753877006	0.857693703328225	0.948328579276607
847	46.6374316312334	0.780942519150372	1.15821618313913	0.674263173420501	0.500144012585144	0.905056790956463
848	13.1322404307447	1.17908263641778	1.02819965988462	1.14674482245023	0.251487099730065	0.905056790956463
849	5.06771598415208	1.59270117923479	1.13937883618242	1.39786796863041	0.162152719071533	0.905056790956463
850	5.30858029736292	0.415609277575799	0.948061812617264	0.438377827315339	0.661112416826844	0.905730264136523
851	0.304497497523674	-0.00476257312255688	0.899810281474357	-0.00529286364093696	0.995776925536291	1
852	1.63726262010249	0.977353676801914	1.14585348066823	0.852948211347184	0.393688024305809	0.905056790956463
853	3.8128346728555	2.04336032889936	1.09864025917075	1.85989937274069	0.0628997641177258	0.905056790956463
854	2.45025265774793	0.46284254423665	1.15874212524173	0.399435330911178	0.689572465259261	0.912097229333043
855	48.8382052374893	0.66447842817606	1.09053560699684	0.609313830665214	0.542316441383772	0.905056790956463
856	8.86924396198228	1.25242388949403	1.05196789898152	1.19055333409564	0.233828980659319	0.905056790956463
857	6.0391836042607	1.81462828318788	1.0096559593666	1.79727387963547	0.0722921508145518	0.905056790956463
858	2.68647447956556	0.888234132631821	1.1630625014599	0.763702837566244	0.445044349419221	0.905056790956463
859	2.73586541015332	1.31499669975858	1.16041158993427	1.13321575824063	0.257123658185612	0.905056790956463
860	5.12162456589379	1.11116266955027	1.03387997291361	1.07475016313438	0.28248659845463	0.905056790956463
861	4.15893943735416	0.323667133519267	1.14271936368578	0.283242888678544	0.77699065345686	0.926389639602706
862	0.503864720846517	0	0.899592840214504	0	1	1
863	3.59755391518939	0.581736685156597	1.14658174070321	0.507366081723762	0.611897979957493	0.905056790956463
864	1.21390564356363	0.635645721670817	1.12317522901961	0.565936378623357	0.571437030557657	0.905056790956463
865	2.87003725706889	1.58570476810817	1.15764401091857	1.36976890404325	0.170759051837266	0.905056790956463
866	6.19406988753406	0.783912824273228	0.959054666847783	0.81738075145371	0.413710872240134	0.905056790956463
867	6.04567465826046	1.98660931727774	0.948209791258764	2.0951158020004	0.0361606995561743	0.905056790956463
868	1.81943213960642	0.0843357762031704	1.15048516173608	0.0733045318688924	0.941563785494942	0.979529672503265
869	1.60600418543514	0.643398241099364	1.08684768307532	0.591985658265211	0.553860192154238	0.905056790956463
870	2.51169833330976	1.31073101925492	1.16223055246403	1.12777195236871	0.259416241432663	0.905056790956463
871	1.67526395740889	0.699764358653747	1.09363014041048	0.639854675540579	0.522267082774774	0.905056790956463
872	11.0506461252571	1.70731562861553	0.905200345176337	1.88611906492693	0.0592789117435885	0.905056790956463
873	6.48339663810479	1.0722480966199	1.06795358551728	1.00402125257208	0.315368369836583	0.905056790956463
874	1.69884679696021	0.692822774136265	1.16257165288385	0.595939848023701	0.551215411681557	0.905056790956463
875	4.85406038216007	1.97068703714016	1.11165133138903	1.7727564223557	0.076269077230442	0.905056790956463
876	2.01008719712294	0.507185202858028	1.14837963891508	0.441652904380285	0.658740394423605	0.905730264136523
877	3.2036823051452	1.53766458003615	1.15752774561657	1.32840408003965	0.184044652320877	0.905056790956463
878	4.57089423915257	0.870146031423922	1.13045321062613	0.769732018313228	0.441458873010763	0.905056790956463
879	2.47954182924801	1.24213903148908	1.15645292141652	1.07409390255818	0.282780597119973	0.905056790956463
880	29.1588185156888	1.78436234807192	1.11021526539104	1.60722195388246	0.108005687759208	0.905056790956463
881	0.77497294862354	0.147397686419232	0.910543400988588	0.161878814627837	0.871401286240408	0.955302506217267
882	9.05690894632243	0.488385237978412	0.827381563151061	0.590278125268357	0.55500420228505	0.905056790956463
883	5.43388368540678	1.55726943143081	1.08571242925528	1.43432956045183	0.151478238466848	0.905056790956463
884	2.37657384295262	0.929451905500096	1.15867917236244	0.802165023476715	0.422457505796253	0.905056790956463
885	8.95397768273414	1.36375466717484	0.882663775790294	1.54504433577078	0.122335539694193	0.905056790956463
886	1.90016753173482	0.775134982699507	1.16217368360616	0.66697000081288	0.504791295714749	0.905056790956463
887	2.33848647877293	0.729079979142546	1.15039738533898	0.633763591984968	0.526235116868618	0.905056790956463
888	3.4858769333441	1.31034911974729	1.09365909649608	1.19813305987712	0.230865220297614	0.905056790956463
889	2.53698918515206	-0.228432329155264	1.15752023128659	-0.197346295106532	0.843556553359719	0.945478283042784
890	6.31057615353016	1.85089494055627	0.986300803342969	1.87660289262955	0.060572540632986	0.905056790956463
891	2.73332960362573	0.970668141133259	1.15525401830683	0.840220527911166	0.400784750703592	0.905056790956463
892	0.138519543947483	0.0454418622127057	0.897504263602248	0.0506313608253168	0.959619272541021	0.987420893184412
893	3.04048565725739	0.942930919243788	1.14522673059971	0.823357413907034	0.41030477293163	0.905056790956463
894	1.47619680729398	-0.14702847591974	1.15756899456763	-0.127014870482651	0.898928628932237	0.961871853747564
895	7.34649630308517	1.13700996887306	0.99566410491867	1.14196139366292	0.253470067375396	0.905056790956463
896	1.29076756523918	0.0153596200547323	1.11309834364429	0.0137989784482517	0.988990357536715	1
897	1.46822113897003	0.571537654007168	1.12573059585735	0.507703757995389	0.6116611125656	0.905056790956463
898	3.1783347796312	1.98271749418286	1.1391110710849	1.74058311301856	0.0817566798256789	0.905056790956463
899	3.39826013728075	1.82799344502702	1.14776897071502	1.5926492976093	0.111238887763826	0.905056790956463
900	6.00172358946907	-0.140354651562702	0.962031345212791	-0.145894052476697	0.884005026789021	0.960198504098536
901	2.08188277562428	0.771273656390981	1.13305486876028	0.680702830600662	0.496059544903458	0.905056790956463
902	4.33040766611098	1.0526338789892	1.13058030652849	0.931056266335795	0.351824459505563	0.905056790956463
903	3.45384317886274	0.542489799977848	1.1154730441505	0.486331608659344	0.626732071906144	0.905056790956463
904	24.6099900541641	1.36032859018246	0.96704382975473	1.40668762710319	0.15952003623643	0.905056790956463
905	3.35380021882773	1.74759179506851	1.15535191236205	1.51260561943907	0.130379865933304	0.905056790956463
906	2.37423423141963	1.40113458801343	1.16101326150059	1.20682048558386	0.227501284979246	0.905056790956463
907	2.43840351897114	-0.0542569780223568	1.16243953636313	-0.0466750969191119	0.962772178487581	0.989709364378695
908	8.80501382676386	0.538799612062201	0.97919094394233	0.550249790804779	0.582148056903831	0.905056790956463
909	16.2239886355244	0.73095471917671	0.982759132903479	0.743778098522643	0.457010732212617	0.905056790956463
910	8.18588715807256	0.76328144119967	0.829133290384235	0.920577487421777	0.35727106029228	0.905056790956463
911	1.79556497856266	0.634617708015028	1.16304746766	0.54565073710349	0.58530604090597	0.905056790956463
912	22.2825375013904	0.968842583164337	0.992088230524725	0.976568971745494	0.328782586510914	0.905056790956463
913	4.45426629420793	1.77250584181584	1.04061395454998	1.70332699659247	0.0885068911497343	0.905056790956463
914	1.02721218299778	0.389218626003626	1.01718623518797	0.382642442985575	0.701984895974795	0.912280267928552
915	2.78555114406806	1.3021233733523	1.15232460425227	1.12999702388307	0.25847747853182	0.905056790956463
916	7.86055350360338	1.85873435579462	0.982466657890091	1.89190578720134	0.0585035345850927	0.905056790956463
917	3.20102374903721	1.58867669313882	1.1608450209549	1.36855192937985	0.171139379005699	0.905056790956463
918	0.138519543947483	0.0454418622127057	0.897504263602248	0.0506313608253168	0.959619272541021	0.987420893184412
919	3.51900285258991	1.36226838992564	1.08933763785212	1.25054743597373	0.21109963839002	0.905056790956463
920	4.71914466825663	1.1891223292549	1.07502596075183	1.10613359366994	0.268668700246871	0.905056790956463
921	9.17615344582129	1.00143716428899	0.815633807740024	1.22780242160853	0.219521146406009	0.905056790956463
922	6.01235781390101	0.785376895014778	0.947175433170449	0.829177856087242	0.407003773330602	0.905056790956463
923	1.4734155016056	0.702362976833092	1.13698859397367	0.617739685829563	0.536746947219819	0.905056790956463
924	4.0189238278258	1.79276650496524	1.11182069884189	1.61246009076161	0.10686185775287	0.905056790956463
925	2.13148248266572	0.649662165453142	1.06764115935642	0.608502360329344	0.542854340984666	0.905056790956463
926	1.66480705660449	1.11004557627541	1.14164399273517	0.972322005230318	0.330890379812027	0.905056790956463
927	2.45588554428248	0.217742282590283	1.1631895659461	0.187194150433407	0.851508411052598	0.946235576544282
928	0.792502178476528	0.534004832980491	1.06518297811442	0.50132685552841	0.616141107920626	0.905056790956463
929	6.01800645215107	0.223737490414554	0.982010072632074	0.227836247967266	0.819773545880508	0.938005952843383
930	9.88653326407799	3.30412079400976	0.979419747576917	3.37354928995882	0.000742057597796414	0.905056790956463
931	3.03875979362636	1.73931300845137	1.14982210595653	1.51268009150376	0.130360938951209	0.905056790956463
932	2.18701304982511	0.729044436254513	1.07299276047345	0.679449538814059	0.496853070344973	0.905056790956463
933	4.42892194791604	2.08199042784407	1.10371612220315	1.88634594164319	0.0592483521430021	0.905056790956463
934	0.443017041471157	0.190837799117265	0.904861489647028	0.210902774955875	0.832963138729094	0.942024069586858
935	2.54202407550014	0.775200178263969	1.16304333782721	0.666527336558409	0.50507409667834	0.905056790956463
936	3.6409772629521	0.535370357906827	0.980365991345714	0.546092339629145	0.585002465210544	0.905056790956463
937	1.63354862193715	0.601031856258083	1.01076921093663	0.594628179959238	0.552092039051433	0.905056790956463
938	2.36749132878057	1.62341347743709	1.15821928758029	1.40164603961022	0.161020971525336	0.905056790956463
939	1.34278032922783	0.463728924596675	0.967713254986018	0.47920075725673	0.631795815585596	0.905056790956463
940	10.7756256046956	0.736359933601009	0.811265498534174	0.907668247856581	0.364053524563288	0.905056790956463
941	9.13431853102557	1.51969476148506	0.932764250169293	1.62923778565618	0.10326269082192	0.905056790956463
942	7.1879452752078	0.283301093529457	0.85772330269756	0.330294271635699	0.741177620871714	0.916019906911484
943	4.27375129254537	2.19235596746595	1.11778690323835	1.96133624496266	0.0498398118539912	0.905056790956463
944	0.650182609490411	-0.0985244108976325	0.904152929749347	-0.108968745945385	0.913227279805818	0.967012634892695
945	2.9517231930143	0.99455878768151	1.12798984487252	0.881708990734672	0.377934197785233	0.905056790956463
946	8.31240336083671	0.490674977408099	0.827273042437484	0.59312337310348	0.553098589333531	0.905056790956463
947	8.71860145588831	1.99005558917379	1.00041306500498	1.98923390626039	0.0466753910577611	0.905056790956463
948	2.23571468747214	1.27629778858125	1.16197198002482	1.09838947110754	0.272034457979288	0.905056790956463
949	2.43916625732606	1.04632702691924	1.16079688764704	0.901386830076853	0.367382681268199	0.905056790956463
950	2.64502351462166	1.09013224066603	1.16179319261358	0.938318667725756	0.348080669071411	0.905056790956463
951	1.17717062439282	-0.368419357752306	1.04730773941249	-0.351777556765674	0.725005091207557	0.915024114914031
952	4.02742296732447	0.184287767727658	1.0483137738903	0.175794473293778	0.860455411694664	0.949596855175955
953	0.736443890288464	0.18740623718236	0.973411477258147	0.192525197781966	0.847330832113812	0.945478283042784
954	1.45980904637164	0.301079522880942	1.15716139290658	0.26018801242987	0.794718750607154	0.9286690374246
955	10.4258446949411	0.908285399371568	1.0306688767853	0.881258200213196	0.37817808472026	0.905056790956463
956	0.476406311217809	-0.00212296732646403	0.93822747634609	-0.00226274265035585	0.998194594114825	1
957	5.13065777589965	2.09445506617801	1.12947382302546	1.85436353059313	0.0636871686567688	0.905056790956463
958	1.94135514617788	0.587859601487513	1.16237268376298	0.505741067128676	0.613038434724185	0.905056790956463
959	18.9270680926033	1.9742758818818	0.975040940650966	2.02481331764768	0.0428865370489595	0.905056790956463
960	5.73781780982654	1.45479453078005	0.986304404869967	1.47499547157741	0.140213760890277	0.905056790956463
961	2.37069755688183	0.973114634411246	1.16185985956776	0.837549061014357	0.402284011870196	0.905056790956463
962	5.6095453195979	2.13867320384647	1.14190831836384	1.8728939700788	0.0610830280271071	0.905056790956463
963	0.443017041471157	0.190837799117265	0.904861489647028	0.210902774955875	0.832963138729094	0.942024069586858
964	0.444072483528511	0.389218754070361	0.904851434807929	0.430146584398112	0.667089015073332	0.906997038146281
965	4.82892163309976	1.87914955514765	1.06131766462869	1.7705816248758	0.0766302998094686	0.905056790956463
966	1.68846544119456	0.446780038327671	1.01732280229888	0.439172342660627	0.660536663602636	0.905730264136523
967	4.94318372563884	0.669348045150367	0.968661451225303	0.691003078840062	0.489563606216229	0.905056790956463
968	3.00391011037407	0.840764716903925	1.15113341224835	0.730379909016608	0.465157995588188	0.905056790956463
969	8.07288719338566	0.83069700189245	0.898722043267641	0.924309143316592	0.35532538365788	0.905056790956463
970	1.91921384876514	0.302834367396284	1.16333497137775	0.260315708585321	0.79462025649338	0.9286690374246
971	0.695783996874078	0.509263068395519	0.968610253971811	0.525766753250106	0.599050277062683	0.905056790956463
972	1.68119481752683	0.914754435346125	1.14755034427743	0.797136648433595	0.425371673964737	0.905056790956463
973	2.94216436160431	1.28625560496503	1.1357949132276	1.13247170768696	0.257436172468457	0.905056790956463
974	1.00241232947706	0.334408028610539	1.02160212272653	0.327336857638908	0.743413118199425	0.916019906911484
975	2.08673824272026	1.39950054940754	1.16188544443026	1.20450820355513	0.228393213235936	0.905056790956463
976	2.72069256357583	0.439516313192013	1.14216880604118	0.384808542193864	0.700379269826784	0.912280267928552
977	1.59526506276286	0.149950325601994	1.1342078953118	0.132207090271376	0.894820493125922	0.960722483193289
978	0.748042260023509	0.417770375623471	0.976915025289111	0.427642491730368	0.66891142476576	0.907950221897078
979	1.30690982700074	0.474388925484911	1.06474576799469	0.445541968556832	0.65592813744708	0.905730264136523
980	0.747514538994832	0.276666074612693	0.911053337706125	0.303677142887474	0.761373873449879	0.921693462027093
981	1.42842786212391	0.464972037753962	1.06969076832127	0.434678929204626	0.663795494821004	0.905730264136523
982	2.81087871861746	1.38761966710603	1.15350752513299	1.20295675309622	0.228993056446285	0.905056790956463
983	3.51496990984958	1.02821249997876	1.12358235615656	0.915119834647433	0.360128723332639	0.905056790956463
984	7.94468184969758	1.1168096844683	0.848811684357539	1.31573316561211	0.188263618399269	0.905056790956463
985	3.43242262721686	0.900771352597402	1.0959496319859	0.821909443926885	0.411128437673717	0.905056790956463
986	40.0338430188594	1.2465725976135	1.10152913421662	1.13167465016714	0.257771242868857	0.905056790956463
987	7.19271154517408	-0.656367339361691	0.875295727750892	-0.749880661531678	0.453326582530002	0.905056790956463
988	1.89636750669618	0.368691152220851	1.10032528188136	0.33507468954131	0.737568745150109	0.916019906911484
989	3.90355064855035	0.540156625452556	0.928865245342604	0.581523130681162	0.560887933520496	0.905056790956463
990	4.05902239715595	1.16195517411075	1.13443976814937	1.02425462041609	0.305715025962094	0.905056790956463
991	3.81885365947128	0.853160212836325	1.11382933964337	0.765970317418192	0.443693963955066	0.905056790956463
992	2.07595191550633	0.566922469279404	1.06228748688607	0.533680831486821	0.59356237332018	0.905056790956463
993	1.16307317083728	0.505658461772778	0.939957950195382	0.53795859875186	0.590605631497005	0.905056790956463
994	15.7472351061275	0.527001083660954	0.922038679095865	0.571560711723853	0.567619618645894	0.905056790956463
995	0.816774310968573	0.318824155783137	0.912435261769228	0.349421125138162	0.726773176044975	0.915024114914031
996	15.675268869916	-0.818140693946482	0.79199928539466	-1.03300685876098	0.301600688926181	0.905056790956463
997	24.6210218805388	1.20553443756898	1.00217122267959	1.20292262468447	0.22900626423786	0.905056790956463
998	5.22598161990516	1.89874874072511	1.10307455704123	1.72132402891978	0.0851920415146488	0.905056790956463
999	2.86004200138448	1.16715962394167	1.15915240602251	1.00690782150609	0.313979072980396	0.905056790956463
1000	1.54320299460802	0.878723697233762	1.14674794422222	0.766274490973478	0.443512993222311	0.905056790956463
1001	0.23576544657861	-0.0289255383231846	0.898382173923274	-0.032197364510101	0.974314657907307	0.997404901201187
1002	6.22418685327076	0.624564062082547	0.948959991385438	0.658156368816679	0.510437657793847	0.905056790956463
1003	17.1268597020909	-0.223763191905026	0.905062205712352	-0.247235151896446	0.804726242257768	0.930234517797497
1004	36.6693832698326	1.06701367957841	0.989084226592248	1.07878950132959	0.280681576083963	0.905056790956463
1005	1.02560906894715	0.755892581378822	1.03629109129758	0.72942109386692	0.465744118527468	0.905056790956463
1006	3.85514488486216	0.891704047399978	1.07806623260795	0.827132898173483	0.408161739469258	0.905056790956463
1007	5.28877861148318	0.0698247257085914	0.950992511784949	0.073423002645452	0.941469513530425	0.979529672503265
1008	4.53084809364015	1.25767751181883	1.11548655320147	1.1274698993092	0.259543860127045	0.905056790956463
1009	1.49502907798966	0.512606635157781	0.990850362873387	0.517340109430109	0.604918759500834	0.905056790956463
1010	3.09642119586506	1.65073814663364	1.14906180675268	1.43659647978269	0.150832684443418	0.905056790956463
1011	1.25836556201665	0.627690891190338	1.12328527946632	0.558799178324991	0.576298783309246	0.905056790956463
1012	0.653454913500368	0.19404921463682	0.960394339809253	0.202051601715354	0.839876383663732	0.945478283042784
1013	1.06574124133286	0.279631727334357	0.919853820566685	0.303995831818242	0.761131066707916	0.921693462027093
1014	3.42740558820883	0.38651656802883	1.08119901197079	0.357488828374247	0.720725888085016	0.915024114914031
1015	12.2957304754884	1.50037401090584	1.15446421236775	1.29962799611488	0.193728499567023	0.905056790956463
1016	1.0245536268898	0.419763683771273	0.91547369851634	0.45852074663812	0.646578360781686	0.905730264136523
1017	5.65400523805092	2.21833870670105	1.13215490992012	1.95939503266172	0.0500665419553106	0.905056790956463
1018	0.443017041471157	0.190837799117265	0.904861489647028	0.210902774955875	0.832963138729094	0.942024069586858
1019	3.82992430817765	0.928944809155158	1.12009769379794	0.829342667428733	0.406910533612484	0.905056790956463
1020	1.33223740155014	0.73654543886973	1.12049896945643	0.657337006947039	0.510964246135712	0.905056790956463
1021	1.41256782223024	0.740227412389057	1.06948160481904	0.692136647375347	0.488851519203253	0.905056790956463
1022	18.1492519616318	2.34982926158286	0.89834204431591	2.61574004740284	0.0089034313048198	0.905056790956463
1023	2.89652625151354	1.49494760954232	1.16215956483752	1.28635314355592	0.198319843301097	0.905056790956463
1024	3.07623340990409	1.46265083462097	1.16164195694546	1.25912362744456	0.207985681488978	0.905056790956463
1025	2.53728925836	1.32332751862412	1.16110569536159	1.13971322672051	0.254405794871626	0.905056790956463
1026	6.50212401056013	2.55533722121125	1.12018644559558	2.28117134541173	0.0225383096543077	0.905056790956463
1027	3.89316719316015	0.731952088265817	1.12934810716503	0.648119108379446	0.516907915895146	0.905056790956463
1028	10.7140278769567	2.0340212223266	1.02960137881727	1.97554244212759	0.0482066231146112	0.905056790956463
1029	6.34026712622211	0.532209189424522	0.949514966450714	0.560506372441836	0.57513409430186	0.905056790956463
1030	2.73982490747945	0.296778637388498	1.13285472635185	0.261974135328206	0.793341382992288	0.9286690374246
1031	1.92549510628421	0.811186353540087	1.15326051596142	0.703385178208272	0.481815740854787	0.905056790956463
1032	6.2175173960459	1.60418816911476	0.951047316361617	1.68675957706483	0.0916495910939401	0.905056790956463
1033	3.76397146329642	1.59259398676848	1.07956051133617	1.47522438070407	0.140152228783448	0.905056790956463
1034	3.07962846349444	1.20922610998488	1.14882600111983	1.05257550647894	0.292535587835522	0.905056790956463
1035	3.05287509852195	1.05878433751009	1.12604337297326	0.940269587231283	0.347079295426365	0.905056790956463
1036	3.52620003084344	0.208238083130977	1.09257692967465	0.190593520213708	0.848844067253034	0.945478283042784
1037	2.3853416028331	0.681215186157132	1.16037728415204	0.587063531371127	0.557161039138387	0.905056790956463
1038	7.57610217109324	1.37364974845036	0.945353357699794	1.45305428627522	0.146208682043576	0.905056790956463
1039	4.83605063582005	1.19157864183347	1.0406640907405	1.14501754450428	0.252201889770358	0.905056790956463
1040	4.13139290122761	1.18570949341898	1.04123161900657	1.13875671058689	0.254804641980586	0.905056790956463
1041	1.38461841427996	0.172887378291531	1.11432727495738	0.155149552718382	0.876703417693661	0.956771073628469
1042	4.07971903277855	0.175661818232179	1.05112195329217	0.167118399232359	0.867276889106182	0.953482571290769
1043	2.79257416895046	1.10445630134637	1.13549610800931	0.972664101229412	0.330720272637878	0.905056790956463
1044	6.13954233861429	0.636585439241732	0.991111184241047	0.642294678300097	0.520681868954205	0.905056790956463
1045	3.8816548502984	0.761053206601147	1.15285128004492	0.660148641697733	0.509158446540727	0.905056790956463
1046	2.59546053028732	0.508615697596087	1.14825090114407	0.442948224198494	0.657803185147704	0.905730264136523
1047	3.87021175360176	2.06747858740502	1.11154698805089	1.86000107024748	0.0628853745422001	0.905056790956463
1048	1.75098231052925	1.08866918070285	1.15524966244784	0.942367019087534	0.346004766644216	0.905056790956463
1049	2.82878356671714	0.857854389131196	1.15832174480619	0.740601126567584	0.458935324748639	0.905056790956463
1050	4.16041770219985	1.53711358497802	1.08920361643686	1.41122703026494	0.158177682413272	0.905056790956463
1051	2.75534815145807	1.30701912908153	1.15190233258369	1.13466141365467	0.256517210550409	0.905056790956463
1052	2.07647963653501	0.784383378502978	1.1231282369925	0.698391646356779	0.484932299144917	0.905056790956463
1053	1.52248748761837	0.433200166671332	0.994419257477605	0.435631312863114	0.663104248256216	0.905730264136523
1054	4.26832928208906	1.10241884065855	1.07261749615411	1.0277837575942	0.304051558257411	0.905056790956463
1055	1.04094138781214	0.325347751710461	1.01962454635772	0.319085836911893	0.749661423260401	0.917461169800175
1056	2.21260397487535	0.960200642249418	1.14428133286783	0.839129866641215	0.401396437802351	0.905056790956463
1057	2.98835014368835	0.559085637786978	1.13774206572158	0.491399285155547	0.62314406973888	0.905056790956463
1058	0.706240897678475	0.191886842545168	0.962937817322092	0.199272309274135	0.842049738771281	0.945478283042784
1059	0.709513201688432	0.545776210588743	1.05105455093314	0.519265351264782	0.603575712031699	0.905056790956463
1060	3.30166470525869	1.3861405062361	1.13357002271882	1.22280977659545	0.22140155197527	0.905056790956463
1061	6.30919858767572	1.34660299360517	0.924705594665564	1.45625050975515	0.145323381174583	0.905056790956463
1062	2.79495050319055	-0.0699670333158789	1.12696896421906	-0.0620842592274607	0.950495732131933	0.982778459569699
1063	5.41279992967594	0.253216008704736	0.961889973897473	0.263248412579593	0.792359118434716	0.9286690374246
1064	1.57814080435815	0.307251637873922	1.07294059682857	0.28636407158244	0.774599289661059	0.926042177835687
1065	13.0025641500773	1.50769119959397	0.962477413759352	1.56646917427918	0.117238819676531	0.905056790956463
1066	5.72518076977664	0.959097188777001	1.01840045233511	0.941768227398045	0.34631131536956	0.905056790956463
1067	1.3100961041374	0.461998065594075	1.12815378551452	0.409516921829384	0.682160351055658	0.912097229333043
1068	9.83970333255653	-0.391302041732735	0.836368972210107	-0.467858152005231	0.639886031570385	0.905730264136523
1069	2.49073522753477	0.803243428455752	1.14470868313178	0.701701175410131	0.482865539844314	0.905056790956463
1070	6.56863709992804	1.49425024374264	0.958181602700805	1.5594645519501	0.118886468231632	0.905056790956463
1071	3.12514382400481	1.40357050107557	1.12293764060178	1.24990956783976	0.211332583903576	0.905056790956463
1072	8.55039717122946	-0.802102129748109	0.90039791403274	-0.890830728556023	0.373019987294592	0.905056790956463
1073	3.12919671770974	1.28421527415639	1.14278750634705	1.12375683757816	0.261116196853791	0.905056790956463
1074	8.12529654661259	0.731257028401446	1.0487720947206	0.697250653485644	0.485645944075696	0.905056790956463
1075	0.947004511898069	-0.353184005652587	1.08621278455396	-0.325151766463159	0.745066211647617	0.916530361951744
1076	1.19331288615437	0.00380212768517148	1.10138454615746	0.00345213458681299	0.997245600582173	1
1077	6.59227553355352	1.54879291560522	0.951208646584381	1.62823679238688	0.103474686140731	0.905056790956463
1078	2.55971277764062	-0.140156009616528	1.13856842368321	-0.123098451266663	0.902029137664064	0.963277402232811
1079	1.89951706112574	0.901544999361371	1.11237753222546	0.810466746445075	0.417671969633563	0.905056790956463
1080	1.58459938550477	0.537384723621008	1.15982205262284	0.463333769525902	0.643125143768001	0.905730264136523
1081	3.43032641522011	1.54689098151484	1.1118136272481	1.39132219969603	0.164127744920961	0.905056790956463
1082	3.59496670487106	0.539945494514584	1.06694552599277	0.506066599803374	0.612809896806243	0.905056790956463
1083	1.19077707962678	-0.115653671468258	1.0377255726779	-0.111449187061863	0.911260157335675	0.96675841119266
1084	5.74728744410682	0.801120651607559	0.91835981949891	0.872338526357434	0.383023725917192	0.905056790956463
1085	3.20429605304717	1.77762317704345	1.15705135923968	1.5363390422112	0.124455248747998	0.905056790956463
1086	3.93567150053686	2.00214367180178	1.09533648229509	1.82788002058202	0.0675675601940066	0.905056790956463
1087	3.21908069991888	1.96256028391621	1.14481208252121	1.71430780114941	0.0864722111655161	0.905056790956463
1088	0.431946392764789	-0.00331714231889999	0.938076257987709	-0.00353611158011362	0.997178597044796	1
1089	0.553464427887961	0.00165600272107801	0.904526176746961	0.00183079579524571	0.998539237117025	1
1090	4.15925838192915	0.467164273713469	1.09846856394252	0.425286884894336	0.670627553069124	0.908529313621198
1091	4.27482668556733	-0.396035886435419	1.1197641338803	-0.35367795275157	0.723580247171719	0.915024114914031
1092	9.48735922290147	0.779513873900808	0.883059878660715	0.88274180804483	0.377375787813126	0.905056790956463
1093	6.83330566853036	1.43871611474045	0.99185604868764	1.45052915354407	0.146911015464443	0.905056790956463
1094	2.11600854285329	0.65261274132797	1.15810162684412	0.563519406415452	0.573081249210569	0.905056790956463
1095	2.33570517308455	1.43089290934032	1.16010451132995	1.23341724419288	0.217420134615695	0.905056790956463
1096	1.32063903181509	0.414388561734933	1.06722743951049	0.388285145596521	0.697805028729535	0.912097229333043
1097	1.34543888533581	0.459798636627063	1.06001147380093	0.433767603456539	0.664457209260174	0.905730264136523
1098	3.82198536256079	0.683932981975855	1.14961405997103	0.594923988658499	0.551894281397919	0.905056790956463
1099	0.886034082942315	0.356115473631872	0.913601194189703	0.389793135009768	0.696689520525138	0.912097229333043
1100	1.41256782223024	0.740227412389057	1.06948160481904	0.692136647375347	0.488851519203253	0.905056790956463
1101	0.747514538994832	0.276666074612693	0.911053337706125	0.303677142887474	0.761373873449879	0.921693462027093
1102	7.76527699191681	-0.0268699451608529	0.991168267870084	-0.0271093678357899	0.978372503055306	1
1103	3.04773530993353	0.925158617614985	1.13358093239607	0.816138125805857	0.414421140346625	0.905056790956463
1104	2.3678616771463	1.20392510432591	1.13994581094752	1.05612485502729	0.290911176275527	0.905056790956463
1105	1.22126229410465	0.620789615285748	1.0440285442951	0.594609810888734	0.552104320514671	0.905056790956463
1106	3.74628486078048	1.20242290677727	1.15397621514074	1.04198240050435	0.297419838636419	0.905056790956463
1107	5.10242404645693	1.80899204883101	1.04123959765683	1.73734465429657	0.0823263540322419	0.905056790956463
1108	11.7500885262224	1.61195197070583	0.852173825208512	1.8915764871227	0.0585474311391696	0.905056790956463
1109	5.17004608129749	1.35526032226244	1.10763590528488	1.22356120435972	0.221117802315576	0.905056790956463
1110	6.07035176220079	0.597499707651351	0.912695842403191	0.654653697203323	0.512690743199271	0.905056790956463
1111	0.546193804220227	0.203461276371231	0.938386705208586	0.216820288738006	0.828348399925441	0.942024069586858
1112	0.664525562206736	0.297517513859367	0.909359755365917	0.32717251022358	0.743537411413714	0.916019906911484
1113	3.71616789504379	1.3498769503909	1.15732600042213	1.16637572291519	0.243462569608745	0.905056790956463
1114	3.43983385180505	1.09005289598979	1.12443459148398	0.969423125404906	0.332334118779215	0.905056790956463
1115	10.2954213680637	1.15583508538102	0.935969407090164	1.23490690681269	0.216865152646621	0.905056790956463
1116	2.56735165004954	0.969061859971232	1.1577399472617	0.837028956514168	0.402576291784924	0.905056790956463
1117	3.01299052492158	1.48633203031086	1.16126705405706	1.27992267163538	0.200572333243251	0.905056790956463
1118	3.84025845940165	1.16590681494539	1.13640900678005	1.02595703482579	0.304911836653335	0.905056790956463
1119	1.7188258064675	0.814326330774657	1.15093494025072	0.707534633188963	0.479234298116906	0.905056790956463
1120	2.59162378254158	0.825373104200943	1.16069015744698	0.71110545644361	0.477018888991568	0.905056790956463
1121	1.26616390671306	0.550339499940964	1.12554170736745	0.488955226037925	0.624873395877204	0.905056790956463
1122	4.2752977329243	0.606806351019385	1.02886768939028	0.589780743701831	0.555337654224335	0.905056790956463
1123	3.59348844002537	1.64412720747587	1.10922815860665	1.48222635236842	0.138280076931383	0.905056790956463
1124	1.31074657474647	-0.00863717677490032	1.14834285749919	-0.00752142682692342	0.993998826242571	1
1125	6.83844545711879	1.52093701844674	0.968500930963476	1.57040325912098	0.116321324731005	0.905056790956463
1126	1.66366558767384	0.539554554599666	1.09339043381095	0.493469247502998	0.621681063807536	0.905056790956463
1127	6.72701080417787	1.07472106433356	0.889906107694708	1.20767916417341	0.227170695528524	0.905056790956463
1128	3.50555796926799	1.07287865593798	1.14275545522623	0.938852359908954	0.347806551666589	0.905056790956463
1129	3.56082416589954	0.944922460496567	1.14956051017834	0.821985839049024	0.4110849564793	0.905056790956463
1130	3.63646799400815	1.42523382370988	1.07872371415862	1.32122229724183	0.186427253755619	0.905056790956463
1131	4.83432267256448	0.622432554283658	0.985588346235394	0.631534003685346	0.527691423056954	0.905056790956463
1132	2.13544197999185	0.0763458974636708	1.16319677054942	0.0656345507455371	0.947668780892523	0.981139010985149
1133	3.83340855889771	1.22340235304396	1.09822688057744	1.1139796108439	0.265287933778535	0.905056790956463
1134	1.14946671560332	0.368309827310262	1.03151254101848	0.357058021753768	0.721048369595744	0.915024114914031
1135	0.76136649338958	-0.157709098502202	0.970850251075488	-0.162444309333489	0.87095598037611	0.955302506217267
1136	5.22170214901136	0.51561274528271	1.14421353508617	0.450626329327489	0.652258887023251	0.905730264136523
1137	1.38458169157286	0.5915054993127	0.976509306075905	0.605734626011563	0.544690986949715	0.905056790956463
1138	9.84622484766229	0.727392755073444	0.834412129661995	0.871742786586884	0.383348712902287	0.905056790956463
1139	1.67311425096253	0.0122992782142927	1.14170491632235	0.0107727294841744	0.991404771715669	1
1140	0.429287836656803	0.28209519273214	0.905022615408083	0.311699606097623	0.755268827343101	0.919701640610371
1141	0.927221697385377	0.19109833626092	0.913268007678394	0.209246721284707	0.834255641283582	0.942211213469374
1142	2.16838955558312	0.220688014423652	1.16112727290482	0.190063586975743	0.849259303317867	0.945478283042784
1143	6.52382468444935	0.342709223812982	0.893656021319322	0.383491204263396	0.70135559068747	0.912280267928552
1144	2.16765305810075	0.185669907158142	1.16053432014702	0.159986571646258	0.872891652235872	0.956356773873548
1145	3.53445582141074	1.89001877498995	1.120213212412	1.68719557495705	0.0915657520011331	0.905056790956463
1146	11.1466393618436	1.34857531214938	0.87753969800429	1.53676843932681	0.12435002467269	0.905056790956463
1147	4.08653011095085	0.756877122188047	1.02110847992965	0.741230865343699	0.458553471841089	0.905056790956463
1148	4.44393634223303	1.3668588988031	1.15678404291672	1.18160248420845	0.2373634673788	0.905056790956463
1149	2.4508506539344	1.20837605968118	1.14289387435984	1.05729507068888	0.29037694223656	0.905056790956463
1150	1.32957884544215	0.74203244148578	1.06088449539991	0.699446965907502	0.484272745429786	0.905056790956463
1151	4.97284641576106	0.790969459055969	1.11802965383164	0.707467334471147	0.479276105418807	0.905056790956463
1152	2.67792178604674	0.433539199026671	1.15389658126843	0.375717552217808	0.707126887597226	0.912846682211137
1153	2.88230604837761	0.834117354036401	1.15853805090272	0.719974068513733	0.471540961789016	0.905056790956463
1154	9.76393983593287	1.26938489011307	0.820919289876509	1.54629682328944	0.122032898830037	0.905056790956463
1155	5.78887900997117	0.778769785459615	0.981839195453402	0.793174472017272	0.427676178494314	0.905056790956463
1156	3.24613203847476	0.0943944871734125	1.10289030105019	0.0855882829720495	0.931793713112969	0.977176512131033
1157	4.56488783399587	0.944364269032557	1.05695201037543	0.893478852173353	0.371600792275352	0.905056790956463
1158	1.38474116386035	-0.231177664577247	1.11815601392415	-0.206749024016723	0.83620586882905	0.943421523323041
1159	1.16944572511061	0.632016180670464	1.11895972668494	0.564824779300049	0.572192950974496	0.905056790956463
1160	1.92549510628421	0.811186353540087	1.15326051596142	0.703385178208272	0.481815740854787	0.905056790956463
1161	2.19560246605104	0.854952684034749	1.14255781924523	0.748279579058438	0.45429153930966	0.905056790956463
1162	2.55071838996641	-0.306285828240732	1.15759108798507	-0.264588965326142	0.79132612166108	0.9286690374246
1163	5.12020087509526	0.2234328865089	1.06144229182364	0.210499325521526	0.833277978024978	0.942024069586858
1164	4.9388728405051	0.216326563762426	0.951505760661621	0.227351817199725	0.82015018355237	0.938005952843383
1165	0.679310209078444	0.452141426250189	0.973812338246728	0.464300367218836	0.642432560929725	0.905730264136523
1166	3.98310574941645	1.55716454185893	1.10029081023116	1.41522998045561	0.157001076974486	0.905056790956463
1167	0.650796357392382	0.368957803165529	0.90898313414344	0.405901704120405	0.684814825880233	0.912097229333043
1168	38.8787455548361	-0.334151579273959	0.993377558319161	-0.336379231114662	0.736584909105589	0.916019906911484
1169	0.86454325613865	-0.251454173343935	1.11525994076692	-0.22546687471893	0.82161609209696	0.939472666209241
1170	2.91655456518702	0.285171641245378	1.13789700329163	0.250612876578858	0.802113425306654	0.929529847567444
1171	1.29689462035172	0.64389577667177	1.13121848057442	0.569205496311204	0.569216691108443	0.905056790956463
1172	2.45669548717905	1.31990022682611	1.16152919666701	1.13634700755999	0.255811364593592	0.905056790956463
1173	3.2221421278506	0.887199689155592	1.12198452468963	0.790741467134776	0.429094872754068	0.905056790956463
1174	2.04780421293691	0.833100133181029	1.16114766939518	0.717479916757678	0.473078024048594	0.905056790956463
1175	5.48976782022371	2.79641366844288	1.04174725922794	2.68434943665257	0.00726711073436294	0.905056790956463
1176	21.0258523705088	-1.02429415081554	0.830726615797517	-1.23300991124763	0.217572066407976	0.905056790956463
1177	3.57375809993528	0.828441850083731	1.1048509019375	0.749822305101036	0.453361733056071	0.905056790956463
1178	5.3276444657333	0.561851319863618	0.983286688501	0.571401328253664	0.567727628928221	0.905056790956463
1179	4.67804308068686	1.41280898510114	1.0971829048902	1.28766952055504	0.197861027807421	0.905056790956463
1180	3.51949595053603	0.807964643349799	1.14528765555693	0.705468743533173	0.480518576768556	0.905056790956463
1181	3.2714617126487	1.37001986046237	1.13851063289038	1.2033439309954	0.228843255475352	0.905056790956463
1182	7.52134794377486	1.71098435534892	1.07758481760515	1.5877955288489	0.112332582853274	0.905056790956463
1183	1.77365132897066	1.13679254989404	1.12173514246222	1.01342331791333	0.310858006242462	0.905056790956463
1184	1.7314261238103	-0.440823942187398	1.14137738170142	-0.386221024925406	0.699332983868547	0.912280267928552
1185	1.37682006958355	0.302002825053324	1.15450152437618	0.261587203374641	0.793639710806358	0.9286690374246
1186	11.4985092538853	-0.264117895703451	0.929355572214996	-0.284194665206516	0.776261203542464	0.926123733618584
1187	3.71419653225197	0.693747254589417	1.12194176770288	0.618345153518822	0.536347843384814	0.905056790956463
1188	2.66088355451532	0.87151645965367	1.16139149182865	0.750407132982729	0.453009536231558	0.905056790956463
1189	0.792502178476528	0.534004832980491	1.06518297811442	0.50132685552841	0.616141107920626	0.905056790956463
1190	1.64841929568215	1.13167414845732	1.10059792867415	1.02823576073835	0.303838940550206	0.905056790956463
1191	2.33264164552828	1.00702795712428	1.15637233174285	0.870850961650495	0.383835535300715	0.905056790956463
1192	1.18104409484565	0.852515642377513	1.11768381109744	0.762752071661875	0.445611269551028	0.905056790956463
1193	11.0978097047352	0.0406806062462248	0.849984066959147	0.0478604338923214	0.961827472413077	0.989026199951483
1194	0.916678769707686	0.241074019016438	1.07560381880335	0.224129009958929	0.822656919940039	0.939990292971701
1195	8.18583683387937	-0.035965117928338	0.904414656897426	-0.0397661820870037	0.968279537679105	0.993772850278137
1196	1.44567487010901	-0.149777579840891	1.13200450826463	-0.132311822742209	0.894737656395521	0.960722483193289
1197	1.32957884544215	0.74203244148578	1.06088449539991	0.699446965907502	0.484272745429786	0.905056790956463
1198	7.73057090145922	1.55198879115605	1.15416353324092	1.34468707982657	0.178726308748225	0.905056790956463
1199	6.55772802313372	1.59318493891231	1.05387061307936	1.51174624203354	0.130598429925955	0.905056790956463
1200	38.079304189631	0.926343374879412	1.09471686882851	0.846194483027121	0.397444259124583	0.905056790956463
1201	8.22994210507729	0.517971118187716	0.826896844441022	0.626403549209167	0.531050282183771	0.905056790956463
1202	3.10050554239613	1.03563989674218	1.13097446985107	0.915705813305021	0.35982121515086	0.905056790956463
1203	1.45335046522502	0.137232164688685	1.06015173266702	0.129445776920489	0.897004927605309	0.960722483193289
1204	1.23604694097636	0.91074137955169	1.121616912989	0.811989698982561	0.416797542306942	0.905056790956463
1205	2.80348534536933	-0.0575903055636082	1.13134443526006	-0.0509043079797089	0.959401772691093	0.987420893184412
1206	0.864948227586933	0.451526493796697	1.07775102596329	0.418952506580195	0.675250842401667	0.910870588440445
1207	1.32076178139548	0.0020946089423315	1.12020872345456	0.00186983809220128	0.998508085924393	1
1208	1.63632992762553	0.315230955726389	1.13207358400006	0.278454475205185	0.780663507089145	0.927827068380908
1209	2.02696595636686	0.950891737243243	1.12911880102901	0.842153842781344	0.39970184624994	0.905056790956463
1210	6.65611539469549	1.80655197359757	1.02888120192063	1.7558411702199	0.0791155324048606	0.905056790956463
1211	3.53350737721827	1.711982150541	1.1535567748194	1.48409006640269	0.137785028176543	0.905056790956463
1212	3.46522960188769	0.703832975484952	1.12652336301873	0.624783292198128	0.532113297813022	0.905056790956463
1213	5.41904553511978	0.76403925430996	0.949590864730059	0.804598361976823	0.421051487690794	0.905056790956463
1214	2.94969833577288	1.01468477840886	1.14232421890978	0.888263385833897	0.374399089911845	0.905056790956463
1215	9.386608089593	2.36139479905505	0.892742802790899	2.64510090887637	0.00816665589055482	0.905056790956463
1216	4.64669861914622	1.17424677785501	1.10499926584812	1.06266747331613	0.287932776451431	0.905056790956463
1217	0.67825476702109	0.228224397057415	0.909378776125165	0.250967367008357	0.801839339245663	0.929529847567444
1218	2.44002550438882	0.541625524064221	1.1614919203731	0.466318804775016	0.640987320443712	0.905730264136523
1219	1.45968629679125	0.770386385614653	1.13615550302921	0.678064211774405	0.497730980866563	0.905056790956463
1220	2.63097853548873	1.40173429745542	1.15992889202155	1.20846571466329	0.226868175929406	0.905056790956463
1221	8.80540728006241	1.04483068041418	1.00488756866632	1.03974883657967	0.298456604922718	0.905056790956463
1222	7.29112413758142	-0.325366909821445	0.863476450637858	-0.376810403550779	0.706314508763286	0.912400370188517
1223	0.470475451099866	-0.00204358568996457	0.903365512871812	-0.00226219139522825	0.998195033951655	1
1224	6.9310981725229	0.271631222688971	1.00950282993465	0.269074255796347	0.787872540975045	0.9286690374246
1225	1.35650953404218	0.422614522592213	0.969516930871786	0.435902158214194	0.662907719194186	0.905730264136523
1226	2.0111426391803	0.740851721199242	1.16303695649058	0.636997575240198	0.524126423017504	0.905056790956463
1227	7.38349462215196	1.13224459922136	0.886792852713613	1.27678588720766	0.201677849341419	0.905056790956463
1228	0.889220360078978	0.436913507521755	1.07658946524888	0.405831119126501	0.684866691827153	0.912097229333043
1229	3.15566576118979	1.80770283560912	1.13368513193475	1.59453695271111	0.110815820999221	0.905056790956463
1230	4.65285721627598	0.318756469908346	0.989818073486335	0.322035410795868	0.747425868350393	0.917461169800175
1231	5.55342825811359	1.82997786850796	0.990495092633581	1.8475385512939	0.0646691261925711	0.905056790956463
1232	5.73215132023643	1.59974602981086	0.967292253892272	1.65383938863737	0.098160150502511	0.905056790956463
1233	1.07947044614721	0.232213377101729	0.922544566240455	0.251709657830454	0.801265491441374	0.929529847567444
1234	3.07304713276742	1.09521648480811	1.13005823645845	0.969168180429763	0.33246128427492	0.905056790956463
1235	0.451606457697087	-0.12614352226905	0.900928309317254	-0.140015049992873	0.888648099348947	0.960722483193289
1236	2.66947297074125	0.790575134543107	1.16312782480151	0.679697551451855	0.496695986729207	0.905056790956463
1237	4.13707826218476	2.29228690577094	1.08889272406217	2.10515402951675	0.0352779023849534	0.905056790956463
1238	1.83937442640661	1.00971609932293	1.1554047360326	0.873906837867102	0.382168990590107	0.905056790956463
1239	1.90887969754114	0.168771428734637	1.16370852395764	0.145028952920843	0.884688012327782	0.960239467370376
1240	2.91569531812426	0.766901147795153	1.14802020526369	0.668020601274176	0.504120442215613	0.905056790956463
1241	4.73737894276584	1.09319560222363	1.01675218601582	1.07518392117489	0.282292392649877	0.905056790956463
1242	1.58500435695306	1.07502989456522	1.14888745129558	0.93571384503585	0.349420540268941	0.905056790956463
1243	6.94334701286702	1.71903794922333	1.01607189796731	1.6918467607089	0.0906751951903711	0.905056790956463
1244	3.47883605712165	1.00730009699658	1.1341915982201	0.888121635336875	0.374475325937468	0.905056790956463
1245	6.50999160142165	1.38187218933814	0.908390499023866	1.52123144267038	0.128201767601234	0.905056790956463
1246	4.53039171840113	1.16836513514845	1.02832034110798	1.13618790608535	0.255877930929631	0.905056790956463
1247	6.6572044398084	0.35241539976043	0.920626003881333	0.382799745254486	0.701868250388266	0.912280267928552
1248	2.26882173535091	0.062164014968521	1.15367971355568	0.0538832522043137	0.957028180084317	0.987395337319812
1249	4.32760847049634	1.65585093294535	1.06661247699065	1.5524391179233	0.120557189632648	0.905056790956463
1250	3.07741160154183	1.19160131012504	1.14420623728109	1.04142179206833	0.297679832936125	0.905056790956463
1251	1.43962126041067	0.195766680282231	1.0583937916616	0.184965824463966	0.853255841134515	0.946238908218935
1252	9.85947982589757	1.47182968247645	0.830697724769604	1.77179934239577	0.076427871779684	0.905056790956463
1253	6.51583433504175	2.23040723537798	1.0034454371006	2.22274889387371	0.0262327369447366	0.905056790956463
1254	6.6506756220902	1.0772659249559	0.913535551077029	1.17922715069581	0.238307737529874	0.905056790956463
1255	7.47731084811018	1.00949604925643	0.987895884421469	1.02186481913284	0.306844885453095	0.905056790956463
1256	5.2540758190593	1.2215712912698	1.01418721461668	1.20448303199277	0.228402936473834	0.905056790956463
1257	5.1513858643484	1.11691257782622	1.11517889766753	1.00155462066428	0.316558747291536	0.905056790956463
1258	1.74460975625592	0.766215031244115	1.02767538399798	0.745580796402166	0.455920686959446	0.905056790956463
1259	4.30244246785898	2.07079885894094	1.08070717855994	1.91615166441322	0.0553457937496811	0.905056790956463
1260	1.52468439860637	1.19158586485655	1.10776184788751	1.0756697092691	0.282074999005382	0.905056790956463
1261	1.56453434912419	0.0709203826181422	1.07814374395017	0.0657800808251222	0.94755291508166	0.981139010985149
1262	0.942620092159056	0.783200929547072	1.02404643847217	0.764809973574611	0.444384707931726	0.905056790956463
1263	19.549140801829	1.22185046280359	1.0094796733571	1.21037648904829	0.226134459298244	0.905056790956463
1264	1.26257265812811	0.0911457235908381	1.10694662963508	0.082339763409267	0.934376535128344	0.977627519002861
1265	0.429287836656803	0.28209519273214	0.905022615408083	0.311699606097623	0.755268827343101	0.919701640610371
1266	1.91336901552049	0.559627888604684	1.14491774588158	0.488793095065335	0.624988187000244	0.905056790956463
1267	3.61948643614844	0.916847418181251	1.13262207318376	0.809491038439703	0.418232755480114	0.905056790956463
1268	1.10754260367789	0.416026680452049	0.928524038214197	0.448051599452591	0.654115957623533	0.905730264136523
1269	1.84664505007434	0.69193618013747	1.11782199859974	0.619003903129693	0.535913787601274	0.905056790956463
1270	6.79514378830461	-0.120701413864817	0.90683465197921	-0.133101898567043	0.894112793669011	0.960722483193289
1271	3.75288506287454	1.7638577750332	1.16091995250665	1.5193620983296	0.128671376741165	0.905056790956463
1272	8.30147643270233	1.57354236704759	0.948603870641907	1.65879817250039	0.0971564687375026	0.905056790956463
1273	1.46757066836096	0.592669247113144	0.988238238339833	0.599723046649951	0.548690826174444	0.905056790956463
1274	2.05708292210355	0.734632619464286	1.13595513536288	0.646709184715826	0.517820177597548	0.905056790956463
1275	3.45155497112049	0.795454426784884	1.10029794381412	0.722944572655919	0.469713937852802	0.905056790956463
1276	2.636206450575	0.50090734138987	1.16365010477071	0.430462163270781	0.666859484471884	0.906997038146281
1277	3.90224760770766	1.3859282026796	1.10629993576105	1.25275990522967	0.210293097345413	0.905056790956463
1278	2.10534286559521	1.15460304984495	1.16076034557382	0.994695463406942	0.319884401554763	0.905056790956463
1279	6.14928054267151	2.19110499640416	1.13941366726118	1.92301098307073	0.0544786705407559	0.905056790956463
1280	3.27285605024565	1.42701059109895	1.15131218128779	1.23946451213847	0.215173523249979	0.905056790956463
1281	4.91563928913684	1.74652165364397	1.15174858077501	1.51640877427323	0.129416021771977	0.905056790956463
1282	3.26419108898097	1.55804904386832	1.11088928432945	1.40252414515708	0.160758785525616	0.905056790956463
1283	2.17381156603943	1.01920350083801	1.12990661670955	0.902024544122134	0.367043829737436	0.905056790956463
1284	4.21033635381628	2.08127352236592	1.09968549256532	1.89260796512899	0.0584100237336496	0.905056790956463
1285	1.80876646234834	0.471061380269103	1.16311715792675	0.404999081183503	0.685478186330253	0.912097229333043
1286	5.39510912791091	2.50696015635478	1.11235529959205	2.25374047058004	0.0242124997602256	0.905056790956463
1287	4.25940833982905	2.01276690145084	1.1193422051977	1.79816939994266	0.0721501671414233	0.905056790956463
1288	1.80110973859937	1.02218958253101	1.12053791317779	0.912231144086977	0.361647052420897	0.905056790956463
1289	9.1370452626668	1.08587327869904	0.893912441847295	1.21474232583121	0.224464383962995	0.905056790956463
1290	4.99937003328826	1.28975539770626	1.04504272399748	1.23416523371667	0.217141339482881	0.905056790956463
1291	1.65491459953587	0.77360366673525	1.16264137250003	0.66538460184998	0.505804531115379	0.905056790956463
1292	0.221508520735579	0.0138005876971983	0.898902599025228	0.0153527064135354	0.987750793789063	1
1293	12.1052212724851	1.25570631191697	0.957545639533398	1.31138011607348	0.189729373209499	0.905056790956463
1294	2.7363731802174	1.89748081253194	1.14963798870704	1.65050288105561	0.0988401245452181	0.905056790956463
1295	1.46757066836096	0.592669247113144	0.988238238339833	0.599723046649951	0.548690826174444	0.905056790956463
1296	2.19294390994305	0.971143023023426	1.1382470455487	0.853191780133527	0.393552960968912	0.905056790956463
1297	1.811952739485	0.305653413559927	1.1632473094589	0.262758753942105	0.792736528267191	0.9286690374246
1298	8.57439235173458	1.22454762278896	0.834210497377022	1.46791202776668	0.142128120612423	0.905056790956463
1299	9.47056966078726	2.56827095024294	0.937270530870934	2.74015971445986	0.0061409335038943	0.905056790956463
1300	4.89668426886076	1.86270919114145	1.09629206126921	1.6990994069454	0.0893004551284305	0.905056790956463
1301	3.21274486835265	1.21513598998124	1.16126934867642	1.04638600111698	0.295382853327591	0.905056790956463
1302	0.443017041471157	0.190837799117265	0.904861489647028	0.210902774955875	0.832963138729094	0.942024069586858
1303	2.44414447400244	1.03648391389648	1.14890891710408	0.902146287200053	0.366979163288453	0.905056790956463
1304	1.58790841222183	-0.0944665866954384	1.16266268863808	-0.0812502092125229	0.935242970296573	0.977627519002861
1305	4.52356176886178	0.693811396338926	1.07885905139516	0.643097349409731	0.520160934304483	0.905056790956463
1306	1.61140732452441	0.613199521601709	1.09789195075858	0.558524471536586	0.576486298795009	0.905056790956463
1307	3.63256517035372	1.1376443205371	1.15832297538582	0.982147764234896	0.326027057228665	0.905056790956463
1308	0.955821575944733	0.592625618439268	1.01126957467277	0.586021406439555	0.557861129696091	0.905056790956463
1309	3.5480455049022	-0.40421004450363	1.0961542753581	-0.368752878668998	0.712311930491334	0.914326114441684
1310	4.77381598835325	2.03263008434067	1.1141566171258	1.82436656848502	0.0680966726763855	0.905056790956463
1311	4.54948733959765	1.80063311366913	1.04522417964589	1.72272431956097	0.0849383902691008	0.905056790956463
1312	2.59407356219588	0.994842877807188	1.1623159322474	0.855914343257435	0.392045160632388	0.905056790956463
1313	1.26244990854772	0.455440463164693	1.04968025304402	0.433884949101347	0.664371989798031	0.905730264136523
1314	1.43435872224185	0.49158534151862	1.08381316947806	0.453570186599001	0.650138215783305	0.905730264136523
1315	1.60887151799682	0.440216196480265	1.13050021378661	0.389399480965831	0.696980655928553	0.912097229333043
1316	2.36672020821565	0.713807491629984	1.08824020119975	0.655928250806239	0.51187029009047	0.905056790956463
1317	0.373757269497416	0.104810272236251	0.902808757473078	0.116093548460485	0.90757840182444	0.965364304944372
1318	5.71354469589371	0.757367851131841	0.982504463916435	0.770854361427367	0.440793261174635	0.905056790956463
1319	31.2356213556184	1.32084149212518	1.07477321843156	1.22894901870808	0.219090921111948	0.905056790956463
1320	2.97710217135444	0.749793943721696	1.16370406604407	0.644316682909401	0.519370099638886	0.905056790956463
1321	1.13552873433528	0.515586777067445	1.03285622314079	0.499185429216478	0.617648758464703	0.905056790956463
1322	1.24658986865405	0.747821286415392	1.05205819492921	0.710817414872862	0.477197387523505	0.905056790956463
1323	12.1186871267986	1.30396001492662	0.916067579633313	1.42343211780137	0.154610927394311	0.905056790956463
1324	1.27290680935211	0.131728113766505	0.958478372094334	0.137434623045975	0.890687265456859	0.960722483193289
1325	0.360028064683062	0.208653482468978	0.903170664007368	0.231023316837133	0.817296687738699	0.935872778920563
1326	22.198229782649	1.82121787832465	1.03906118510838	1.75275325883209	0.0796443694437648	0.905056790956463
1327	1.51558511269182	-0.419015664213997	1.1605628567315	-0.361045213349386	0.718065648030558	0.915024114914031
1328	2.54704111450817	0.908412117002252	1.10175144536412	0.824516383277381	0.409646210689176	0.905056790956463
1329	5.03184548192499	1.67192657636313	1.09667035850765	1.52454797687638	0.127371881618892	0.905056790956463
1330	13.990065954485	1.28137668213483	0.845068794403521	1.51629866186133	0.129443849866901	0.905056790956463
1331	3.11305445594819	0.437626686103065	1.12040950724301	0.39059529865998	0.696096401259727	0.912097229333043
1332	3.56606675310376	1.07483055198637	1.09567626357193	0.980974570428669	0.326605281924563	0.905056790956463
1333	5.89360743237526	1.94774194741744	1.06641300027184	1.82644242607783	0.0677836461543913	0.905056790956463
1334	6.81388793250244	0.680468872457738	0.870718478866102	0.781502734780457	0.434506868883363	0.905056790956463
1335	2.83919954556534	1.37628900517431	1.15670805999547	1.18983264038093	0.234112177788228	0.905056790956463
1336	8.98653807864662	0.0994858129400659	0.847896697137086	0.117332469009466	0.906596596175245	0.965364304944372
1337	4.87470244373552	0.79497913236747	1.02932954936456	0.772327125805567	0.439920703359064	0.905056790956463
1338	2.25998681996419	1.19058766244341	1.161142784798	1.0253585330167	0.30519404659021	0.905056790956463
1339	3.74758580199862	0.629554342970072	1.0932895176406	0.575834975833937	0.564726730162297	0.905056790956463
1340	1.48207309336477	0.156219152263367	1.13044608345115	0.13819248396743	0.89008829503123	0.960722483193289
1341	3.35788246573425	0.494850023798795	1.10083820406657	0.449521121242691	0.653055775177842	0.905730264136523
1342	3.25049860687372	0.907273712460469	1.09997978176499	0.824809444228774	0.409479784018148	0.905056790956463
1343	1.37023873885653	0.381045817131501	0.971569521505231	0.392196141086389	0.694913295170202	0.912097229333043
1344	1.97143538920747	0.853849151797246	1.12597859137958	0.758317394606134	0.448260996396904	0.905056790956463
1345	2.9399107769446	1.9211804625929	1.15390380905368	1.66493987412042	0.0959247519830026	0.905056790956463
1346	1.66100703156585	0.524911977824759	1.01370604103946	0.517814787101899	0.604587500211231	0.905056790956463
1347	0.941564650101702	0.44243509196333	0.914354173968622	0.483877150188974	0.628473057664364	0.905056790956463
1348	3.11386439884475	1.65300588716967	1.13643709772757	1.45455114979529	0.145793563224143	0.905056790956463
1349	3.76953407467318	0.359317461550392	1.07491260112256	0.3342759785076	0.738171315278682	0.916019906911484
1350	4.03400639767603	0.870696856874168	1.08901268635118	0.799528662784913	0.423983933468592	0.905056790956463
1351	5.94154843129193	1.73640779310848	1.03327340940023	1.68049209174597	0.0928616116931586	0.905056790956463
1352	1.35650953404218	0.422614522592213	0.969516930871786	0.435902158214194	0.662907719194186	0.905730264136523
1353	1.37289729496452	0.33757357687853	1.06427277111898	0.317187084025088	0.751101649776261	0.917773862197943
1354	3.05165910457955	1.03363310210673	1.12648559098354	0.917573300874859	0.358842301099628	0.905056790956463
1355	2.25954512580881	1.10386679701224	1.13414560853749	0.973302536025954	0.330402962411385	0.905056790956463
1356	3.14663465080847	1.86894127658331	1.15681068362213	1.61559821589078	0.106181209906401	0.905056790956463
1357	3.0932349187284	1.61547714213924	1.15849783781107	1.39445848702801	0.163179197030016	0.905056790956463
1358	1.46769341794135	0.406547821453055	1.06359760684523	0.38223837552524	0.702284559467252	0.912280267928552
1359	5.6969480693266	0.674287645791937	1.05695501245127	0.637953023400819	0.523504260242472	0.905056790956463
1360	3.79817277556418	1.36527310059388	1.07915946586275	1.26512637268338	0.205826030381998	0.905056790956463
1361	3.24743507931745	0.604029965991171	1.10130462798414	0.548467654309968	0.583370833259301	0.905056790956463
1362	3.15337545382298	0.50740636837619	1.09706947145194	0.462510699258316	0.643715131476999	0.905730264136523
1363	2.25243397442857	0.388534913209589	1.1542798143306	0.336603749269333	0.736415629476924	0.916019906911484
1364	3.39310249735227	0.87010271278827	1.15536140120041	0.753100035957787	0.451389802820405	0.905056790956463
1365	5.95962644235627	0.470108196085713	0.9599033016987	0.489745368365525	0.624314093718408	0.905056790956463
1366	0	NA	NA	NA	NA	NA
1367	6.54256882864718	1.39145290776921	0.94798421251276	1.46780177285967	0.142158075776393	0.905056790956463
1368	8.11445144610241	2.19008072146004	1.03006763022699	2.1261523585373	0.0334905754854431	0.905056790956463
1369	9.24455607035682	2.54601476999442	0.961858295957877	2.64697490336552	0.00812153800482219	0.905056790956463
1370	2.52595525915279	1.37747928322826	1.16098611121818	1.18647352446183	0.235435350983164	0.905056790956463
1371	4.72409143210687	0.939381206530689	1.00913839579194	0.930874506854429	0.35191848299642	0.905056790956463
1372	11.7551013659813	0.732749938086375	0.816930321377651	0.896955246869383	0.369742798083525	0.905056790956463
1373	8.0236641246179	2.26090388153601	1.01289201168602	2.23212727067776	0.0256065525185086	0.905056790956463
1374	2.84880978076607	0.807526631863598	1.13053789551348	0.714285328309872	0.475050762676148	0.905056790956463
1375	5.02299169517123	1.61144236679402	1.10538002475527	1.45781752040507	0.144890847691717	0.905056790956463
1376	25.199227483755	0.80221045315876	0.887609225714468	0.903787871867862	0.36610789394097	0.905056790956463
1377	2.37129345344375	0.560111630147666	1.15857388564585	0.483449210350043	0.628776814114058	0.905056790956463
1378	2.20352356032784	0.393215989222817	1.15420663313735	0.340680756749751	0.733343926863554	0.916019906911484
1379	6.21491024372865	1.34056590433908	1.04314874673968	1.28511481083495	0.198752166707026	0.905056790956463
1380	6.79446288489639	1.61803219464292	1.01989615037534	1.58646759677194	0.112633277005315	0.905056790956463
1381	6.58074748958113	1.09866980702839	0.965987809103615	1.13735369812575	0.255390455087969	0.905056790956463
1382	0.152248748761837	-0.124943057915868	0.897093032401155	-0.139275474675627	0.889232469353242	0.960722483193289
1383	0.733785334180478	0.340447832538057	0.910932744980665	0.373735420549936	0.70860117005536	0.913692472804339
1384	0.77497294862354	0.147397686419232	0.910543400988588	0.161878814627837	0.871401286240408	0.955302506217267
1385	2.30506048631918	1.56367116697983	1.16182024559121	1.34588046034964	0.178341071328516	0.905056790956463
1386	2.4774109941687	1.48151968961222	1.15555838350093	1.2820812091932	0.199814159933055	0.905056790956463
1387	2.34589770336111	0.901592538579813	1.16198052788741	0.775910195516779	0.437802012291948	0.905056790956463
1388	0.836434375900871	0.333161795123046	0.991061723526987	0.336166544640016	0.736745279811845	0.916019906911484
1389	4.55147239306663	0.381715644130171	0.970639074801711	0.393262185749271	0.694125844277019	0.912097229333043
1390	1.95795168355391	0.217666848085121	1.15472662124067	0.188500762068907	0.850484118180247	0.945478283042784
1391	0.235237725549933	-0.130673756193927	0.898365488631798	-0.145457230768005	0.884349881453493	0.960198504098536
1392	4.93357876031907	2.35142035238568	1.07264580828326	2.19216849982294	0.0283673420744425	0.905056790956463
1393	3.25352751134743	0.661576687072947	1.16317299270445	0.568768954594398	0.569512945747764	0.905056790956463
1394	1.77791299912928	0.860804711158502	1.15128211159979	0.747692248915736	0.454645807512946	0.905056790956463
1395	4.78104778968934	1.16459592326016	1.02894224795845	1.13183798757498	0.257702553769728	0.905056790956463
1396	6.54116508881325	0.182618544936614	0.893061156987798	0.204486046120925	0.837973695206483	0.944659818983432
1397	14.2554489283414	0.401104291705591	0.824142349238328	0.486692974916641	0.626475924381835	0.905056790956463
1398	12.3112443009419	1.56865742740894	0.822543605434931	1.90708117727022	0.0565100762853328	0.905056790956463
1399	3.81313157580703	0.640435657980419	1.15035133143692	0.556730487876638	0.577711583228097	0.905056790956463
1400	2.95761733042514	1.82429772411704	1.14279103878668	1.59635284334565	0.110410038223013	0.905056790956463
1401	4.38681841273851	1.22819136328701	1.02324949128393	1.20028533974243	0.230028541417396	0.905056790956463
1402	2.36603091527493	0.914236714304601	1.15234367687368	0.793371571912414	0.427561368529088	0.905056790956463
1403	1.64993638285949	0.59218775805769	1.09188577632595	0.542353212119239	0.58757520480331	0.905056790956463
1404	4.21862359720972	1.18002399439963	1.03365239455774	1.14160621173284	0.253617740861292	0.905056790956463
1405	24.9955974841085	0.110083519907459	1.07706178049519	0.102207247440205	0.918592175258711	0.969239635991745
1406	4.41728577587634	1.37388808829909	1.03113321941279	1.33240599995555	0.182726811572045	0.905056790956463
1407	3.44946295837282	1.35468723947235	1.16133312678558	1.16649323800997	0.243415080958489	0.905056790956463
1408	2.37432025829292	-0.810286392231843	1.15203255775119	-0.703353726229365	0.481835336478428	0.905056790956463
1409	3.67955879570978	0.238041800129701	1.05856141399344	0.224872923746279	0.822078133576669	0.939779943207654
1410	2.13058441327131	1.05213713901597	1.1620348644686	0.905426481758021	0.365239491639463	0.905056790956463
1411	7.22556261205751	1.37132377883307	1.01197586183757	1.35509534421403	0.175387181868045	0.905056790956463
1412	13.8322147013829	0.198884612791935	0.819053384677129	0.242822527215775	0.808142883572325	0.931954587488641
1413	1.23830052563607	0.112265260583359	1.14876234093024	0.0977271421453882	0.92214896239955	0.971538944729783
1414	3.54654728909191	1.49509178386418	1.09188810786031	1.36927197310904	0.170914275426953	0.905056790956463
1415	4.05143282891323	1.00536862189904	1.11553949188668	0.901239829885978	0.367460817953836	0.905056790956463
1416	3.36838867070484	1.09547801513718	1.13508535164286	0.965106292272776	0.334491575644868	0.905056790956463
1417	7.44805210044356	0.815718458416315	1.01893527616298	0.800559640537795	0.423386623484661	0.905056790956463
1418	12.903449733875	1.70413750312389	0.842748691700143	2.02211824225559	0.0431641378627897	0.905056790956463
1419	3.65439069344788	1.79513097966782	1.1075179759915	1.62085945201995	0.105047784660017	0.905056790956463
1420	1.23298341342009	0.534067127353997	1.11249604212186	0.480062047084117	0.631183274176059	0.905056790956463
1421	3.20581314022451	1.20754489070727	1.16248126022538	1.03876503821933	0.29891402497362	0.905056790956463
1422	3.18917778051683	1.14533898580112	1.10649232769403	1.03510793263975	0.300618508352393	0.905056790956463
1423	8.89950357765911	1.50717565416381	0.895455068125373	1.68313934200972	0.0923481199896709	0.905056790956463
1424	1.58185480252349	0.382044680796412	1.15935785690662	0.329531281925133	0.741754153509217	0.916019906911484
1425	3.89378094106212	0.992353734348671	1.12721020035576	0.880362628048856	0.378662895151363	0.905056790956463
1426	6.0355220299131	1.661147014016	1.02878143530069	1.61467436815719	0.106381231104459	0.905056790956463
1427	3.38696184075364	0.809061759931354	1.12194221090064	0.721126054506744	0.470831962086085	0.905056790956463
1428	4.19618222658904	1.83751003430501	1.05708492943067	1.73828041924187	0.0821614148468297	0.905056790956463
1429	2.93452758881994	1.01730725069709	1.12379381631519	0.905243680760532	0.365336305576169	0.905056790956463
1430	4.23179045791284	0.660837028656487	1.08178927181219	0.610874082296518	0.541282944198979	0.905056790956463
1431	6.01527975909605	0.272714048407274	0.940580230855335	0.289942356282862	0.771860337094244	0.926042177835687
1432	0.265968439188598	0.00442798236788965	0.899349399376064	0.00492353958423904	0.996071599652791	1
1433	0.597924346340981	0.00308604765048109	0.955406355040578	0.00323008909685348	0.997422766261188	1
1434	0.62599650387166	0.351881047709456	0.95014615401526	0.370344126766632	0.71112609902997	0.914210746716922
1435	1.08052588820457	0.472010130346739	1.03063313187374	0.457980745766056	0.646966274336935	0.905730264136523
1436	1.40702306219354	0.252552796608725	1.12468349585262	0.224554550271287	0.82232582548156	0.939779943207654
1437	2.71543002540701	0.806740270649804	1.13490948542897	0.710841067950786	0.477182728401658	0.905056790956463
1438	3.84454948276186	2.14134907311168	1.1332411793878	1.88957929879364	0.0588142479511529	0.905056790956463
1439	1.52575979162833	0.733860513223313	1.07965096558684	0.679720147172215	0.496681676607319	0.905056790956463
1440	3.93174555566142	0.548457103340312	0.976200866075867	0.561828126157068	0.574233127003072	0.905056790956463
1441	3.72002249412957	1.90104285572712	1.13919751699451	1.6687561440114	0.0951657174001368	0.905056790956463
1442	2.74419147587841	1.27668271520887	1.1618107780805	1.09887318941743	0.271823382459657	0.905056790956463
1443	2.91449717552191	1.66689342133717	1.15031543016738	1.44907507768946	0.147316617099531	0.905056790956463
1444	4.70108771737496	0.923553546275201	1.13625558650579	0.812804405314573	0.416330209397319	0.905056790956463
1445	0.470475451099866	-0.00204358568996457	0.903365512871812	-0.00226219139522825	0.998195033951655	1
1446	1.05201203651851	0.32560702668295	0.917512617553745	0.35488016235796	0.722679370606551	0.915024114914031
1447	1.09913051107951	0.267438373034637	1.0384756474755	0.257529749190335	0.796769853007029	0.9286690374246
1448	1.12445808562891	0.514807906020295	1.1018292568806	0.467230201780785	0.640335187791631	0.905730264136523
1449	2.3518967390123	0.445276103195513	1.15719341152193	0.384789697868992	0.700393232467839	0.912280267928552
1450	2.40852157056069	0.824727905742724	1.0916539300891	0.755484758503465	0.449958174016936	0.905056790956463
1451	2.99716720773502	1.30302643721804	1.14074521128596	1.14225895872851	0.253346395272694	0.905056790956463
1452	0.804100548211573	0.665958951378239	0.999797134500777	0.666094078886082	0.505350968953851	0.905056790956463
1453	2.90970778433462	1.69036297906466	1.1620411506236	1.4546498445064	0.145766224375875	0.905056790956463
1454	3.12611323918887	1.28222282735534	1.11647532431663	1.14845603787988	0.250780351503731	0.905056790956463
1455	6.23861900311679	1.12324408019521	0.940374232274773	1.19446497111908	0.232296135117417	0.905056790956463
1456	3.99324370564585	1.02685017151098	1.12531199306639	0.912502646233146	0.3615041771504	0.905056790956463
1457	4.74251873135426	1.1719405471473	1.02378260231162	1.14471621660806	0.252326731602037	0.905056790956463
1458	6.52866649945438	1.78186419097378	1.04557468249359	1.70419599939453	0.0883444763693305	0.905056790956463
1459	0.221508520735579	0.0138005876971983	0.898902599025228	0.0153527064135354	0.987750793789063	1
1460	1.27364330683448	0.193464640195975	1.03977873653609	0.186063278078259	0.852395138860498	0.946238908218935
1461	2.03027498308392	0.620128614513462	1.16268095200126	0.533360947769951	0.593783745181845	0.905056790956463
1462	0.748569981052186	0.515423458309276	0.987205355772786	0.522103587967066	0.601598208465343	0.905056790956463
1463	1.36244039416012	0.590551353763737	1.0703788896442	0.551721787002019	0.581138980610224	0.905056790956463
1464	3.12702706029878	0.680386688527726	1.12074556893304	0.607083987113559	0.543795176375897	0.905056790956463
1465	1.95034953385209	1.01490777358578	1.16115016154514	0.874053853840268	0.382088926369795	0.905056790956463
1466	1.88267292496438	1.12786806340993	1.15930369808413	0.972884038301484	0.33061093885611	0.905056790956463
1467	0.38748647431177	-0.00462246458683213	0.901863708392018	-0.00512545803076362	0.995910494075657	1
1468	0.872832599156638	0.613926705562713	1.00175312931173	0.612852296238416	0.539974008122048	0.905056790956463
1469	1.49502907798966	0.512606635157781	0.990850362873387	0.517340109430109	0.604918759500834	0.905056790956463
1470	1.25889328304532	0.681035159262151	1.11454411911871	0.61104369722094	0.541170652046271	0.905056790956463
1471	3.87160082131774	0.341174807661796	1.03951721209382	0.328205058745101	0.74275662318746	0.916019906911484
1472	3.07471632272675	1.71019749005084	1.16145848088968	1.4724568447258	0.14089755247579	0.905056790956463
1473	1.94131842347078	1.0394409496889	1.11595294606675	0.931437972678402	0.351627056051606	0.905056790956463
1474	2.43597998018939	0.757926814021764	1.09355224674167	0.69308697072323	0.488254973795887	0.905056790956463
1475	0.360555785711739	0.321269638769848	0.902999298316632	0.355780607325784	0.72200487320281	0.915024114914031
1476	2.48501314387051	0.630945742808641	1.15027300655757	0.548518255415623	0.58333609784285	0.905056790956463
1477	1.06125192335351	-0.118579658883448	1.1348833733857	-0.104486206833473	0.91678351371597	0.967800033551222
1478	1.05225753567929	-0.266702025067029	1.0200359213613	-0.261463365634319	0.793735197134122	0.9286690374246
1479	1.17946093175962	0.452153114778682	1.03869032358733	0.435310799100426	0.663336847349135	0.905730264136523
1480	1.86151572381935	1.20994922488573	1.15376989584663	1.04869196989914	0.294319911269526	0.905056790956463
1481	1.24658986865405	0.747821286415392	1.05205819492921	0.710817414872862	0.477197387523505	0.905056790956463
1482	7.78993821636435	2.23759935358697	1.0721447474799	2.08703102715048	0.0368853299647983	0.905056790956463
1483	13.2377556837901	1.05087321145893	0.868094213552201	1.21055202886195	0.226067138941911	0.905056790956463
1484	1.57087018069042	0.606127509179532	1.15919029971138	0.522888700268151	0.601051708477905	0.905056790956463
1485	1.51014525089545	0.415945357693199	1.13781893590787	0.365563750581557	0.714690628348986	0.915024114914031
1486	1.9455968653719	0.629573205631164	1.16256044926959	0.541540189180453	0.588135304523066	0.905056790956463
1487	6.97467889294856	0.855055395214632	0.925813522189634	0.923571944804119	0.355709226340339	0.905056790956463
1488	2.13679959488169	0.552661881589666	1.13743490129233	0.48588440618601	0.627049125110248	0.905056790956463
1489	1.49360328756658	0.740823621805314	1.1451250508315	0.646936874944256	0.517672799011988	0.905056790956463
1490	1.26269540770851	-0.338753436031518	1.11351776240802	-0.304219157940463	0.760960930201137	0.921693462027093
1491	0.900291008785346	0.465284449964757	0.999621193660937	0.465460769454812	0.641601524517618	0.905730264136523
1492	0.58153658541864	0.321852916309572	0.907525538762181	0.354648880458574	0.722852652034297	0.915024114914031
1493	1.47075694549762	0.868964601963184	1.13036791379958	0.768744929287914	0.442044747127852	0.905056790956463
1494	0.58153658541864	0.321852916309572	0.907525538762181	0.354648880458574	0.722852652034297	0.915024114914031
1495	0.265968439188598	0.00442798236788965	0.899349399376064	0.00492353958423904	0.996071599652791	1
1496	0.764516047819143	0.466613173375972	0.970677546951489	0.480708732618177	0.630723523785997	0.905056790956463
1497	0.248966930364287	0	0.897218166705372	0	1	1
1498	0.531936878377196	0.180932966423427	0.906004652580394	0.199704235412159	0.841711901122404	0.945478283042784
1499	0.512804534473576	0.390472065313262	0.94874849533404	0.411565411943849	0.680657987653823	0.912097229333043
1500	0.514935369552885	-0.000483225496102076	0.94557172089327	-0.000511040554010624	0.999592248649759	1
1501	0.360028064683062	0.208653482468978	0.903170664007368	0.231023316837133	0.817296687738699	0.935872778920563
1502	1.23499149891901	0.566461961181973	1.04584634870467	0.541630194419634	0.588073286857751	0.905056790956463
1503	0.304497497523674	-0.00476257312255688	0.899810281474357	-0.00529286364093696	0.995776925536291	1
1504	1.14093187342454	0.464025413737772	1.04116657037783	0.445678364000278	0.655829595454729	0.905730264136523
1505	1.05253975754718	0.517962962318664	1.02199764655893	0.506814241757452	0.612285162593743	0.905056790956463
1506	0.570465936712272	0.200587285296414	0.948124218499758	0.211562241932611	0.83244856906819	0.942024069586858
1507	1.01626428387181	-0.212584843808799	1.09313534822291	-0.194472573002414	0.84580586932194	0.945478283042784
1508	0.498547608630545	0.343918351660414	0.9064214091196	0.37942434743952	0.704372773230197	0.912280267928552
1509	1.39582966390677	0.487359375981951	1.07854316060052	0.451868217967834	0.651363921548256	0.905730264136523
1510	6.50967265684666	1.17772529658592	0.892764853963412	1.31918868821665	0.187106039031895	0.905056790956463
1511	1.66811608332155	0.629129533434705	1.16273734842529	0.541076223522656	0.588455045713928	0.905056790956463
1512	0.235237725549933	-0.130673756193927	0.898365488631798	-0.145457230768005	0.884349881453493	0.960198504098536
1513	1.41469865730955	0.520495139017799	1.06786363841061	0.487417232215619	0.625962684157917	0.905056790956463
1514	3.85725996822596	1.27723928838345	1.12867730048952	1.13162485666142	0.257792185307	0.905056790956463
1515	0.595265790232995	0.247911173957115	0.907439045934768	0.273198706918918	0.784700473915494	0.9286690374246
1516	0.692511692864121	0.274392831346688	0.964390789168845	0.284524525149366	0.77600844198031	0.926082129845086
1517	9.21022253937861	-0.285367619991495	1.01078482203943	-0.282322818634849	0.777695990204741	0.926566765057318
1518	45.9945337458911	-0.740855567580322	0.821858898471107	-0.901438883193363	0.367355015364354	0.905056790956463
1519	1.92475860880185	0.80502659607414	1.12161977827588	0.717735735109456	0.47292024497607	0.905056790956463
1520	1.40114677612275	-0.0196155690638605	1.09083030564786	-0.017982236982507	0.985653023955513	1
1521	4.41899276814032	-0.0999833779652343	1.01282329146911	-0.098717494756867	0.92136257790795	0.971030491356004
1522	5.81809785570859	1.47171541803302	1.10144580258641	1.33616689498216	0.181494728965844	0.905056790956463
1523	5.56746173538498	1.13412757513447	1.14436440794527	0.991054569034364	0.321658935103264	0.905056790956463
1524	0.443017041471157	0.190837799117265	0.904861489647028	0.210902774955875	0.832963138729094	0.942024069586858
1525	6.05562378900078	1.5747099535966	0.987978127956325	1.59387127005934	0.110964870483424	0.905056790956463
1526	3.84393573485989	1.92375341165528	1.13408029142801	1.69631147476598	0.089826908529496	0.905056790956463
1527	3.3785979727239	0.548621603308442	1.07772968316493	0.509053069501921	0.61071502603817	0.905056790956463
1528	1.70386383596824	0.995887845412165	1.10958653677086	0.897530577750537	0.369435864450975	0.905056790956463
1529	0.695256275845401	0.410467029142492	0.960136547036931	0.427509014638835	0.669008620614149	0.907950221897078
1530	5.86827985782586	1.89188231770318	1.06668898204102	1.7736025679043	0.0761289126455613	0.905056790956463
1531	1.09372737199025	0.328289240085452	1.02406009926039	0.320576146187664	0.748531616851206	0.917461169800175
1532	1.830257289152	0.850392877513966	1.1070935568623	0.768130996917847	0.442409363208058	0.905056790956463
1533	9.90626150454353	0.85670756964658	0.804310163946263	1.06514577093398	0.286809969326845	0.905056790956463
1534	1.51533961353103	0.46387736941161	1.15839640535142	0.400447866782602	0.688826674410618	0.912097229333043
1535	3.06516276119772	1.44292187338889	1.15908827593225	1.24487660116168	0.213177113138341	0.905056790956463
1536	2.90960288609427	0.576939554426724	1.11685240609077	0.516576363430274	0.605451919195144	0.905056790956463
1537	3.01367771823775	0.682172506884242	1.12845740225509	0.604517729708715	0.545499485305091	0.905056790956463
1538	3.39785516583246	1.25167156085671	1.14320586785403	1.09487853067644	0.273569855956752	0.905056790956463
1539	6.97449737007192	0.936501943982179	0.880183594641151	1.06398477509001	0.287335596647937	0.905056790956463
1540	9.8561267069679	-0.120648359556062	0.85804483955549	-0.140608455402592	0.888179268160974	0.960722483193289
1541	5.15728629166719	1.38163207490337	1.06766702703615	1.29406644573336	0.195642470456861	0.905056790956463
1542	10.4259358904857	2.06198719174061	1.03525379172113	1.99176975561955	0.0463963260982923	0.905056790956463
1543	1.35703725507086	0.631112013143443	1.06155895624623	0.594514331427351	0.552168159737491	0.905056790956463
1544	1.37363379244689	0.377894166563172	1.11512349799195	0.338881000394721	0.734699377948128	0.916019906911484
1545	3.19261165643883	1.49196645667914	1.15465508645143	1.29213171464421	0.196311534483393	0.905056790956463
1546	2.9066988308255	1.78782080933896	1.1418019169709	1.56578893656256	0.117398037127905	0.905056790956463
1547	1.77608223725791	-0.0338850961644785	1.16206658180323	-0.0291593413794738	0.976737508312415	0.999565053728393
1548	1.93081221850019	0.555492128436874	1.16276920421287	0.4777320610352	0.632840921891964	0.905056790956463
1549	4.04933871654102	0.619123082974775	1.08725856080078	0.569435004051642	0.569060967510362	0.905056790956463
1550	1.05201203651851	0.32560702668295	0.917512617553745	0.35488016235796	0.722679370606551	0.915024114914031
1551	1.41256782223024	0.740227412389057	1.06948160481904	0.692136647375347	0.488851519203253	0.905056790956463
1552	0.498547608630545	0.343918351660414	0.9064214091196	0.37942434743952	0.704372773230197	0.912280267928552
1553	4.1072456179405	2.10146938444857	1.12943217137394	1.86064239864194	0.0627946931794838	0.905056790956463
1554	3.607765316833	1.1238010691721	1.15559655497588	0.97248565196316	0.330808999442705	0.905056790956463
1555	27.0988557064615	1.06854715681775	0.955627490446083	1.11816284849545	0.263497448235606	0.905056790956463
1556	2.26486223802478	0.91181859887623	1.14533971910215	0.796111916550852	0.425966988434884	0.905056790956463
1557	2.23150969098523	0.370758729384614	1.1633847483712	0.318689693932892	0.749961830536866	0.917461169800175
1558	5.10717461531258	0.795989371301067	0.981184291267071	0.811253684334011	0.41722000188793	0.905056790956463
1559	2.37326481623557	1.20149762953428	1.14572708307362	1.04867699060674	0.294326807726646	0.905056790956463
1560	25.8735604606508	0.986024069534083	1.02523463933902	0.961754540570135	0.336172918235905	0.905056790956463
1561	1.2179899900947	0.329529685412164	0.946428342372515	0.348182393382362	0.72770320955259	0.915024114914031
1562	0.830503515782927	0.260333272383785	0.912411251424876	0.285324487151198	0.775395554192778	0.926042177835687
1563	1.85848891897018	0.166434707620055	1.16309068400834	0.143096931226785	0.886213628527674	0.960722483193289
1564	2.86604103703566	0.578869617365142	1.16368943633816	0.497443389351972	0.618876414500759	0.905056790956463
1565	1.3284373765115	0.241615678388336	0.965786256224718	0.250175105341443	0.802451936293559	0.929529847567444
1566	9.80477388271839	0.865854470292131	0.836271909393012	1.03537433287768	0.300494127732707	0.905056790956463
1567	2.33137742701724	1.03288398709711	1.1617864603453	0.889048050009224	0.373977256712544	0.905056790956463
1568	5.28510343564949	2.57344586076426	1.09451726345135	2.35121541404418	0.0187121973890275	0.905056790956463
1569	5.33482589227133	1.99116371878465	1.09824055755347	1.81304879435552	0.0698242958406071	0.905056790956463
1570	4.60333086545766	0.740652247039534	1.06671581442755	0.694329489656063	0.487475601337595	0.905056790956463
1571	14.5997827080037	-0.267524980507373	1.15417735338057	-0.231788450643045	0.816702327848901	0.935872778920563
1572	6.86276689377703	0.413306809657237	0.908460399019283	0.454953028336092	0.649143031757386	0.905730264136523
1573	1.3179804757071	0.569383031926185	1.05633688108975	0.539016522209084	0.589875454146174	0.905056790956463
1574	0.531936878377196	0.180932966423427	0.906004652580394	0.199704235412159	0.841711901122404	0.945478283042784
1575	2.83118925415883	1.30549743257784	1.14451487457922	1.14065571498825	0.25401322214301	0.905056790956463
1576	1.55597955598082	0.768216885841824	1.15995948669061	0.662279066343569	0.507792390228275	0.905056790956463
1577	3.3407918103851	0.78270271456344	1.15468672847738	0.6778485413057	0.49786772996616	0.905056790956463
1578	2.79993081949148	1.12560183832663	1.15863535916476	0.971489286446476	0.331304685610281	0.905056790956463
1579	8.52825485378973	-1.01229742556137	1.07345647633524	-0.943026054505104	0.345667576316172	0.905056790956463
1580	1.46809838938963	0.848935528261279	1.07741113006213	0.787940187894959	0.430731692594026	0.905056790956463
1581	1.07947044614721	0.232213377101729	0.922544566240455	0.251709657830454	0.801265491441374	0.929529847567444
1582	2.2977059354027	0.134899447571819	1.12962535454437	0.119419635040177	0.904942906094897	0.965364304944372
1583	4.91270168141737	1.88660272801783	1.02563029309678	1.83945690831872	0.0658480104244756	0.905056790956463
1584	5.38590386415846	1.19658444228214	0.991990716248181	1.20624560561187	0.227722804105208	0.905056790956463
1585	0.476406311217809	-0.00212296732646403	0.93822747634609	-0.00226274265035585	0.998194594114825	1
1586	5.33808249517065	1.74683964449708	1.02750099487767	1.70008559914343	0.0891148256476206	0.905056790956463
1587	13.6340666422589	1.0380316273931	0.829924944375121	1.25075361865967	0.211024381468603	0.905056790956463
1588	2.56219401012106	0.231338005215675	1.16422148092376	0.198706181775755	0.842492588096975	0.945478283042784
1589	29.0477793323926	-0.0457539300067707	1.07053911789367	-0.0427391481936628	0.965909472320857	0.991818062407201
1590	4.40209615755635	0.889893930457984	1.0356245439207	0.859282387310943	0.39018473886148	0.905056790956463
1591	4.50552051909075	1.18980924452967	1.11676228928246	1.06540958263745	0.286690622234789	0.905056790956463
1592	1.86098800279067	0.93154106665548	1.11765630647645	0.833477215900365	0.404575642382245	0.905056790956463
1593	1.78898364783565	0.942449105091519	1.14614489999293	0.822277449471991	0.41091900803402	0.905056790956463
1594	4.32168180962749	1.72019378206132	1.15212862367171	1.49305706560718	0.135422249874301	0.905056790956463
1595	0.77497294862354	0.147397686419232	0.910543400988588	0.161878814627837	0.871401286240408	0.955302506217267
1596	0.733785334180478	0.340447832538057	0.910932744980665	0.373735420549936	0.70860117005536	0.913692472804339
1597	3.21774303599364	0.765977536616281	1.16066853344473	0.659945121750604	0.509289046868125	0.905056790956463
1598	2.62700118682255	1.69170572563707	1.15249802375583	1.46785997959809	0.142142260979163	0.905056790956463
1599	2.30150596044133	0.428193266743676	1.16274377327153	0.368261070570085	0.712678577127879	0.914326114441684
1600	1.58713519203237	0.793125471360965	1.14559595448937	0.692325656574518	0.488732841392403	0.905056790956463
1601	2.93570578045769	1.04964835548758	1.16294215496996	0.902580021716297	0.366748833614456	0.905056790956463
1602	4.3249520140129	0.676061895444674	1.01633559833862	0.665195528474865	0.505925440137435	0.905056790956463
1603	4.38593613364582	0.166269358945654	0.972357847024252	0.170996058143095	0.864226865093874	0.950456278779483
1604	7.23490739713285	1.8528783097893	1.03873569159487	1.78378226990968	0.0744590516823101	0.905056790956463
1605	0.443017041471157	0.190837799117265	0.904861489647028	0.210902774955875	0.832963138729094	0.942024069586858
1606	1.18011140236869	0.209648258619003	1.14214245622709	0.183557013817302	0.854360988034838	0.946671455793935
1607	1.61811140483182	-0.0854531854775253	1.16122347643049	-0.0735889234173959	0.941337485073793	0.979529672503265
1608	5.69728486524164	1.4261509293142	1.02073721365023	1.39717736381354	0.162360241956966	0.905056790956463
1609	1.2179899900947	0.329529685412164	0.946428342372515	0.348182393382362	0.72770320955259	0.915024114914031
1610	1.05201203651851	0.32560702668295	0.917512617553745	0.35488016235796	0.722679370606551	0.915024114914031
1611	1.83050278831279	0.211789078981488	1.14526766596865	0.184925398031176	0.853287549801683	0.946238908218935
1612	1.52894606876499	0.8406901236777	1.14016264837827	0.737342277326373	0.460914228435629	0.905056790956463
1613	0.0692597719737415	-0.110908803430439	0.894972942750804	-0.123924197182485	0.901375294041256	0.962822431880661
1614	2.32366510919412	1.14236862385123	1.14738416122205	0.995628720057041	0.319430574995904	0.905056790956463
1615	2.79016111200326	0.410059590493348	1.12794948421444	0.363544286541283	0.716198336675426	0.915024114914031
1616	6.14336543426907	1.98057869409998	1.02502911657383	1.93221700932758	0.0533327266277577	0.905056790956463
1617	4.77916455339537	1.57216057013991	1.13497264430059	1.38519688384977	0.165992273299789	0.905056790956463
1618	3.21422523282289	1.30179699454511	1.15935982990728	1.12285846116405	0.261497611757399	0.905056790956463
1619	3.42200454874412	1.42029980080904	1.16116230151806	1.22317078237228	0.22126519858156	0.905056790956463
1620	2.05115206198561	0.68296254784566	1.12265927832269	0.608343565169691	0.542959632670962	0.905056790956463
1621	7.4065864633817	2.41910559966233	0.96438690187815	2.50843887961471	0.0121265945228936	0.905056790956463
1622	0.850286330295619	-0.205191542879143	1.0705573449768	-0.191667960471177	0.848002304477489	0.945478283042784
1623	3.96385065593243	2.05997638144099	1.13796415485754	1.8102295864485	0.0702601912663744	0.905056790956463
1624	3.46813365715646	-0.0295438920132136	1.10020174084069	-0.0268531587585369	0.978576853925737	1
1625	6.67696623272463	-1.13961740596022	0.907868553145982	-1.25526696790099	0.209381862143252	0.905056790956463
1626	0.978140196985017	0.442440600585832	1.09056448189981	0.405698707347486	0.684963992185224	0.912097229333043
1627	1.35969581117884	0.596715979974826	1.12164713719788	0.531999735197962	0.594726178905858	0.905056790956463
1628	3.47385364119617	0.987080813394633	1.10283457250678	0.895039780219229	0.370765823282977	0.905056790956463
1629	2.06593670885732	0.943393893618307	1.15808384127891	0.814616230700953	0.41529201692034	0.905056790956463
1630	55.3397700162672	0.129416089995359	1.11342106182435	0.116232838081318	0.907468012098059	0.965364304944372
1631	1.19158702252334	0.722472709823412	1.05394812489802	0.685491717055161	0.493033685636446	0.905056790956463
1632	15.5967268425098	0.930943352831106	0.824705559077576	1.1288190586133	0.258974171111556	0.905056790956463
1633	5.36404268898907	0.724367063802369	0.968332014022283	0.748056506769278	0.454426074637058	0.905056790956463
1634	0.235237725549933	-0.130673756193927	0.898365488631798	-0.145457230768005	0.884349881453493	0.960198504098536
1635	1.28990831817642	0.333416968418204	1.05409768350849	0.316305569810616	0.75177058392804	0.918064821977451
1636	0.443017041471157	0.190837799117265	0.904861489647028	0.210902774955875	0.832963138729094	0.942024069586858
1637	3.04849277840749	0.618046385239706	1.1637522430146	0.531080725257045	0.595362840365223	0.905056790956463
1638	0.304497497523674	-0.00476257312255688	0.899810281474357	-0.00529286364093696	0.995776925536291	1
1639	1.67948680523586	-0.353085208348938	1.13579503636273	-0.310870533014177	0.755899046567465	0.920293773510912
1640	21.638270059873	0.72231328199211	0.986235098809153	0.732394621591019	0.463927740612725	0.905056790956463
1641	14.0992197112618	0.65078709721072	0.829531080550997	0.784524067233804	0.4327326656298	0.905056790956463
1642	21.8175176638024	1.14126546962651	1.04552015635633	1.09157672636734	0.27501919046537	0.905056790956463
1643	1.75825293419698	0.706037685279986	1.10052471073638	0.641546417260876	0.521167733337779	0.905056790956463
1644	14.4150008748338	1.14303544035316	1.00487789345728	1.13748690044374	0.25533479767147	0.905056790956463
1645	27.5275811900414	0.692577956648758	1.02140532691887	0.678063779770918	0.497731254764876	0.905056790956463
1646	5.74913605731824	0.020749257673601	0.910907944928425	0.0227786548455579	0.981826834572785	1
1647	1.0141334487925	0.21760075161636	1.1320689799197	0.192215099500204	0.8475737187439	0.945478283042784
1648	0.67825476702109	0.228224397057415	0.909378776125165	0.250967367008357	0.801839339245663	0.929529847567444
1649	0.817424781577644	0.108357321887803	1.06699881696622	0.101553366475039	0.919111196160574	0.969296911424373
1650	3.99884303972971	1.88401937705399	1.12624077902278	1.67283889213169	0.0943590162174568	0.905056790956463
1651	4.43233587287344	0.324562662611268	1.01581545836327	0.319509473831219	0.749340208507912	0.917461169800175
1652	1.39901594104344	0.466682870982271	1.13408044660757	0.411507730671385	0.680700273821443	0.912097229333043
1653	1.16245942293531	0.234514885794723	0.937329373818847	0.250194747273594	0.802436747178221	0.929529847567444
1654	17.1351268444445	0.682648621478699	0.87103187183784	0.783724044492585	0.433202050721875	0.905056790956463
1655	3.89031034243302	-0.531613947687556	1.03522765966918	-0.513523709226858	0.60758503031762	0.905056790956463
1656	0.691983971835444	0.157898621573121	0.909079525920826	0.173690658595773	0.8621085792963	0.949596855175955
1657	1.19077707962678	-0.115653671468258	1.0377255726779	-0.111449187061863	0.911260157335675	0.96675841119266
1658	16.4717836731246	0.565732836220429	0.841283889672484	0.672463651289782	0.501288572921762	0.905056790956463
1659	14.7649476063543	1.55199769181042	0.815156994948112	1.90392488984188	0.0569199670044465	0.905056790956463
1660	20.9611934249191	1.52743745478503	0.946492261037826	1.61378757931967	0.106573509591021	0.905056790956463
1661	0.221508520735579	0.0138005876971983	0.898902599025228	0.0153527064135354	0.987750793789063	1
1662	1.16331866999807	0.0102806281927006	1.039165566284	0.00989315709282359	0.992106531459872	1
1663	0.304497497523674	-0.00476257312255688	0.899810281474357	-0.00529286364093696	0.995776925536291	1
1664	2.5509638891272	1.1299243086912	1.16087380954556	0.973339478761715	0.330384607433956	0.905056790956463
1665	23.6478378675724	0.154793218127824	0.990161777841685	0.156331239593227	0.875771933420399	0.956771073628469
1666	4.5816238926948	0.254875466374631	0.98950130793438	0.25757971650052	0.796731285488923	0.9286690374246
1667	2.99401765330546	0.704562930781897	1.14670891278019	0.614421779520042	0.538936647295081	0.905056790956463
1668	1.34395852086557	0.470756407103138	1.12376684182843	0.418909323162794	0.675282403132626	0.910870588440445
1669	3.88965987182395	1.73281623267447	1.09440805645097	1.58333651005255	0.113344785547591	0.905056790956463
1670	1.55599950694542	0.0932566052470235	1.13586249401126	0.0821020200409039	0.934565586789132	0.977627519002861
1671	10.6705750970806	-0.577021067454057	0.832124209241781	-0.693431414499802	0.488038853459627	0.905056790956463
1672	1.09817786763795	0.399896271979914	1.13865056431719	0.351201926659315	0.725436864814962	0.915024114914031
1673	1.23233294281102	0.54915627590416	0.952279536387558	0.576675498023791	0.564158687269177	0.905056790956463
1674	0.895151220196921	0.431830725448324	1.07256902010111	0.402613461096999	0.687232605389019	0.912097229333043
1675	1.79561955260981	0.48711975456907	1.15330731263921	0.422367697863939	0.6727566517441	0.910443114860294
1676	2.76026029222576	0.718894909250671	1.16328582269195	0.617986478668741	0.536584251691683	0.905056790956463
1677	3.90608435545339	0.901071419103288	1.0636797781263	0.847126586058211	0.396924567833814	0.905056790956463
1678	13.8273382543296	0.946378971500963	0.970936741697586	0.974707136786598	0.329705551822341	0.905056790956463
1679	1.59187000917251	0.254888920999256	1.07407783157047	0.237309544529533	0.812416658104889	0.934079119655156
1680	4.84147054665182	0.881866868524787	0.982578448065899	0.897502759459713	0.369450701603038	0.905056790956463
1681	3.45280660817243	1.82236998977826	1.11590281687401	1.63309023171326	0.102450020736872	0.905056790956463
1682	2.92290926812029	1.57730466812917	1.16171441528681	1.35773874144426	0.174546599040666	0.905056790956463
1683	0.761894214418257	-0.0855181754744578	1.05341484364956	-0.0811818591602331	0.935297326185154	0.977627519002861
1684	3.58088710265557	0.0387298646848046	1.109284797406	0.0349142661788678	0.972148104783531	0.996303756633715
1685	0.456868995865906	-0.422269772770833	0.931510109572899	-0.453317434165524	0.650320180624198	0.905730264136523
1686	3.27698760131836	0.927941967876033	1.11887143692502	0.829355310406607	0.406903381550339	0.905056790956463
1687	2.29031256215457	0.741769281747266	1.16136553730434	0.638704402637085	0.523015248080709	0.905056790956463
1688	6.16693042248034	0.997931997594784	0.942469288058921	1.05884829377315	0.289668875551541	0.905056790956463
1689	4.63745873231122	0.513546439813404	0.966014453032166	0.53161361944582	0.594993629986205	0.905056790956463
1690	5.0409626191796	1.71014175723169	1.05549605356991	1.62022562893309	0.10518381792952	0.905056790956463
1691	9.94008407891307	-0.296773574404142	0.990765531697567	-0.299539663936082	0.764528312988286	0.923071079489453
1692	3.74422537149083	1.4119841623894	1.07776576171952	1.31010300432688	0.190160992244895	0.905056790956463
1693	11.6375806304889	0.506385682265213	0.855048679881897	0.59223023692073	0.553696424334474	0.905056790956463
1694	1.47153016568708	0.0998049515092817	1.15981116134539	0.0860527599971593	0.931424476320234	0.977176512131033
1695	2.86817187211497	0.381318856507593	1.16376304506508	0.327660220974166	0.743168583415381	0.916019906911484
1696	1.36022353220752	0.692989729964495	1.12797498500673	0.614366221925001	0.538973351410457	0.905056790956463
1697	1.08008419404919	0.511629334537384	0.926974408268291	0.551934692019355	0.58099309868235	0.905056790956463
1698	1.66279897110557	0.909742809237228	1.14886300183105	0.791863614536537	0.428440204762681	0.905056790956463
1699	5.50865676459109	2.40077206245802	1.08625796643808	2.21013068408632	0.0270960938814576	0.905056790956463
1700	3.15643898137925	0.807995588348257	1.10095359166292	0.733905220407911	0.463006505191186	0.905056790956463
1701	6.21829271585991	2.06492340167808	1.03547507154495	1.99417973297723	0.0461324161784646	0.905056790956463
1702	2.81353727472544	1.49129245912708	1.16225843299679	1.28309885029777	0.199457446529431	0.905056790956463
1703	1.05806564621684	0.0948405638676029	1.0909334290141	0.0869352440261295	0.930722984878079	0.977029892007481
1704	3.46924577288552	1.0397249430109	1.15718962278171	0.898491416222313	0.368923619425514	0.905056790956463
1705	13.1419996370572	-0.247940262239048	0.801583570244721	-0.309313054112815	0.757083401802313	0.920807538648472
1706	2.29860190517256	1.15746995281571	1.13681016109175	1.01817347559958	0.30859552229738	0.905056790956463
1707	3.86641172856312	1.94678970814478	1.09946605124589	1.77066832208118	0.0766158732069442	0.905056790956463
1708	4.89296817107087	0.825069330443683	0.99491600136575	0.829285416367901	0.406942921157291	0.905056790956463
1709	1.93028449747151	0.46473272520235	1.1632524180897	0.399511505822215	0.689516347557725	0.912097229333043
1710	2.2585610295411	1.13899347426393	1.16101795465227	0.981030026021485	0.326577934879982	0.905056790956463
1711	5.26722380839538	2.23446429728877	1.09318769108017	2.04398962366739	0.0409545722370537	0.905056790956463
1712	6.23505082514798	1.74602449012245	1.11231187592593	1.56972565690625	0.116478949587845	0.905056790956463
1713	3.15677260703788	1.08644345345171	1.15504746702053	0.940605026609178	0.346907305014385	0.905056790956463
1714	0.304497497523674	-0.00476257312255688	0.899810281474357	-0.00529286364093696	0.995776925536291	1
1715	0.957952411024042	0.325186745153427	1.00703344637232	0.322915536047844	0.746759210042862	0.917377330861649
1716	2.43597998018939	0.757926814021764	1.09355224674167	0.69308697072323	0.488254973795887	0.905056790956463
1717	2.45032293290572	0.932046049076392	1.09541297769621	0.850862704800708	0.394845624329267	0.905056790956463
1718	6.89201934257	-0.208154606532973	0.874995311588996	-0.237892253565294	0.811964663826585	0.934079119655156
1719	9.97629449670674	1.71322208116348	0.835729810474832	2.04997124631714	0.0403672367945635	0.905056790956463
1720	26.8907752973053	0.720848228815832	0.983413531997583	0.733006212911868	0.463554640055966	0.905056790956463
1721	2.29770383577815	1.50596378334417	1.15954675123683	1.2987521044217	0.194029016385695	0.905056790956463
1722	3.00500227513853	0.508590891292572	1.16195498475477	0.43770274921615	0.661601776316288	0.905730264136523
1723	4.11231513137114	1.42733913816534	1.05700510743641	1.35036162845714	0.176900012837396	0.905056790956463
1724	3.17553460257577	1.41179192673227	1.11961987446679	1.26095647186026	0.207324530240799	0.905056790956463
1725	5.13047625302301	0.264315669964644	0.948020798789846	0.278807880905192	0.780392266105395	0.927827068380908
1726	3.75698516112112	1.50328448044762	1.08091558617283	1.39075104446432	0.164300933014572	0.905056790956463
1727	1.62566425036744	0.782689594913236	1.14507983103661	0.683524042340952	0.494275763334544	0.905056790956463
1728	1.84504193602371	1.1664947342705	1.15404192292817	1.01079060569198	0.312116660349443	0.905056790956463
1729	1.35675503320297	-0.113655196531704	1.0562596160536	-0.107601573329428	0.914311748902925	0.96744209105867
1730	2.6316132543823	1.36001418926084	1.15674422429327	1.17572593897476	0.239704409793349	0.905056790956463
1731	0.830503515782927	0.260333272383785	0.912411251424876	0.285324487151198	0.775395554192778	0.926042177835687
1732	0.304497497523674	-0.00476257312255688	0.899810281474357	-0.00529286364093696	0.995776925536291	1
1733	3.81996367557579	1.10116642666628	1.07997893342111	1.01961843198002	0.307909459899986	0.905056790956463
1734	9.23317904956887	1.57929228690698	0.90816923576956	1.73898456884936	0.0820374772659705	0.905056790956463
1735	1.511416838912	0.470523427649389	1.07860007833711	0.436235298976428	0.662666019557232	0.905730264136523
1736	2.20862452658462	0.0531558721149461	1.15400739637015	0.0460619856355724	0.963260844898095	0.989734262525478
1737	5.75258568495575	-0.234733009166293	0.950553140599433	-0.2469435943563	0.804951877437158	0.930234517797497
1738	3.07753435112223	0.76468603990245	1.13917284989397	0.671264277386547	0.502052187339925	0.905056790956463
1739	1.81399227781006	0.642970650883865	1.09766933600533	0.585759873026775	0.55803689274475	0.905056790956463
1740	6.76489359115297	1.50685678174064	1.05459725178651	1.42884573157003	0.153048578105404	0.905056790956463
1741	2.44030772625671	1.45573717945113	1.16208784045466	1.25269117253785	0.210318119783832	0.905056790956463
1742	6.55112782103966	1.04705393039104	1.09451902018674	0.95663383740229	0.338752103554306	0.905056790956463
1743	3.28454044685399	1.70629954211971	1.15626620801245	1.47569783696501	0.140025026900873	0.905056790956463
1744	1.74744563599145	0.466843079868102	1.11892562175712	0.417224407762679	0.67651427388724	0.911871997442393
1745	0.803167855734613	0.0769375327293921	0.979763608842754	0.0785266282958466	0.937409149301977	0.977627519002861
1746	3.19028462636493	0.84629238267369	1.16087651914736	0.729011543187449	0.46599460153387	0.905056790956463
1747	3.15036650031387	0.13367652384883	1.09864548046285	0.121673939615637	0.90315725303563	0.964081535925327
1748	1.71972387586191	0.879489657298736	1.14312571553628	0.769372646722534	0.441672121941806	0.905056790956463
1749	1.76418379431492	0.921759881608422	1.15080852581439	0.800967199088244	0.423150635185951	0.905056790956463
1750	0.304497497523674	-0.00476257312255688	0.899810281474357	-0.00529286364093696	0.995776925536291	1
1751	4.91045019638222	1.26178909968096	1.06759147425169	1.1819025630243	0.237244364899282	0.905056790956463
1752	2.6372965157149	1.12412677654567	1.15030988686164	0.977238211533241	0.328451234676116	0.905056790956463
1753	5.22929064662222	1.47976762086945	1.06113171192304	1.39451832816092	0.163161138774422	0.905056790956463
1754	1.73632041323793	0.457372275489935	1.14338432635714	0.400016219346945	0.689144570615754	0.912097229333043
1755	0.567807380604286	0.397298219065378	0.90752079603052	0.437784148642272	0.661542762758739	0.905730264136523
1756	2.11958194009819	0.409144751893959	1.16036387314486	0.352600388001637	0.724388046669243	0.915024114914031
1757	2.13229032593774	0.66912574496626	1.16317228247555	0.575259361873871	0.565115901068276	0.905056790956463
1758	11.9431870645196	1.14206533739098	0.88516476926632	1.29022909298299	0.196971127739327	0.905056790956463
1759	2.76013754264537	1.08265504642656	1.15660914289835	0.936059560893261	0.349242522405323	0.905056790956463
1760	3.72467128439642	1.22371863135667	1.12144065457488	1.09120230871295	0.27518387224547	0.905056790956463
1761	22.604915744352	0.707852761162607	0.844082067387595	0.838606562692876	0.401690126736945	0.905056790956463
1762	2.23052032483657	0.982832925595361	1.16142924850792	0.846227117887724	0.397426056726492	0.905056790956463
1763	4.78409136628101	1.91709145032272	1.02913665535508	1.86281524455201	0.0624882644811402	0.905056790956463
1764	1.47288778057693	0.487401448736355	1.08459902411075	0.449384000816312	0.653154670744271	0.905730264136523
1765	3.02388911988136	1.41269880366086	1.15512465181202	1.22298385844747	0.221335793015153	0.905056790956463
1766	3.39021629342355	0.26783797982196	1.0983951041139	0.243844841276884	0.807350990011807	0.931658677143232
1767	1.47035197404934	0.313227040932934	1.12198693752196	0.279171735835654	0.780113033196859	0.927772212202663
1768	3.03427257527156	0.0394328924090471	1.1638588635862	0.0338811634664554	0.972971913940039	0.996672200667992
1769	2.10455179406569	0.969623838945949	1.12589568441711	0.861202198716954	0.389126689316478	0.905056790956463
1770	3.78564171335218	0.556251269796747	1.10057163702389	0.505420320753436	0.613263649257125	0.905056790956463
1771	4.80716643576826	1.18192430160225	1.00694641344006	1.17377080431163	0.240486841146519	0.905056790956463
1772	5.13752132849456	0.412200892496579	1.01161628323399	0.407467633062243	0.683664561774457	0.912097229333043
1773	1.11338743692254	0.353761670567603	1.10722222124421	0.319503766976492	0.749344535334757	0.917461169800175
1774	3.31310360270624	0.365490321821248	1.12479068497892	0.324940743822125	0.745225919550995	0.916550462425839
1775	3.94857501073915	1.24797743309762	1.13537471641054	1.09917669916331	0.271691000092552	0.905056790956463
1776	4.91231456130914	-0.205697772139539	0.981058699887875	-0.209669178982918	0.833925882429209	0.942211213469374
1777	11.36512107773	2.35710457747986	0.89678203663981	2.62840297996132	0.0085786822653223	0.905056790956463
1778	14.6675736752961	1.19371872371048	0.915584792296103	1.30377736038721	0.192309503893289	0.905056790956463
1779	1.30097896688279	0.333544980478376	0.960460177583993	0.347276220568975	0.728383813670813	0.915024114914031
1780	6.8319858053403	0.530324040592423	1.03377389307845	0.512998097691541	0.607952651376102	0.905056790956463
1781	4.66018022517524	0.810186828836926	0.996359067515288	0.813147443779844	0.416133527772593	0.905056790956463
1782	1.19053158046599	0.416223054912767	0.942392261189075	0.441666461042022	0.658730582924486	0.905730264136523
1783	6.26264563644804	-0.0478639392803082	0.922848691479005	-0.0518654246598096	0.958635924302814	0.987420893184412
1784	2.46074101137847	0.646482690865687	1.14353276273787	0.565338145028624	0.571843788057973	0.905056790956463
1785	10.3125309453848	2.28024054416994	0.907466105823876	2.51275560545563	0.0119792290083057	0.905056790956463
1786	2.33028316262824	0.236536172306466	1.15343813322261	0.205070532604643	0.837517018727866	0.944311516883113
1787	1.17680237565163	0.460010216382163	0.940917780503092	0.488895231777004	0.624915871639479	0.905056790956463
1788	7.50382928494749	0.696425801017377	0.865134291907655	0.804991557416745	0.420824551706008	0.905056790956463
1789	1.25731011995929	0.349798365355022	1.06276845306975	0.329138830141832	0.742050755617145	0.916019906911484
1790	0.982875014125159	0.00316621982394765	1.00143092990309	0.00316169565908458	0.997477336050552	1
1791	15.9794302751128	0.434561360967894	0.849257718731037	0.511695509364597	0.60886412946598	0.905056790956463
1792	1.60098714642711	0.209056104599354	1.16127792022167	0.180022457121589	0.857134937979345	0.94787470307939
1793	12.2716922734026	0.754434165717265	0.859078920686805	0.878189590677093	0.379840839997044	0.905056790956463
1794	1.75650819919891	0.539885979717998	1.16236918826346	0.464470312160089	0.642310824744863	0.905730264136523
1795	0.0829889767880956	0	0.8934140914151	0	1	1
1796	11.1977120638498	0.36999034542312	0.925173023257032	0.399914757696441	0.689219302239848	0.912097229333043
1797	3.40325620529718	0.0246028338824671	1.08944542261551	0.0225828971068612	0.981982986481089	1
1798	2.84863245713852	1.27749767962996	1.12824018215768	1.13229230781945	0.257511562974543	0.905056790956463
1799	6.99530520280851	0.603250822640288	1.0596790320647	0.569276926679303	0.569168222614801	0.905056790956463
1800	4.56138578254063	1.08972883653237	1.02027689423806	1.06807166043505	0.285488188210475	0.905056790956463
1801	1.19690413473932	0.453458271676528	1.11635512335535	0.406195360409689	0.684599062803559	0.912097229333043
1802	0.62325192089038	0.200932945395659	0.951791266190249	0.211110305939176	0.832801198483761	0.942024069586858
1803	1.20797478344568	0.61171208056539	1.1151541143269	0.548544880663973	0.583317821176956	0.905056790956463
1804	0.62325192089038	0.200932945395659	0.951791266190249	0.211110305939176	0.832801198483761	0.942024069586858
1805	2.67727131543766	0.716192654457238	1.16314321250888	0.615739013695848	0.538066783926915	0.905056790956463
1806	1.54279802315974	0.300232319822066	1.15920106842744	0.258999347049738	0.795635744287518	0.9286690374246
1807	4.89406243545988	1.37288770376379	1.08054251585836	1.27055408150525	0.203887331499292	0.905056790956463
1808	2.9643602330642	1.68488744927787	1.14175079209348	1.47570508463456	0.14002308038465	0.905056790956463
1809	6.64226349090561	1.23356890984433	1.04098169365987	1.18500538228234	0.2360153188588	0.905056790956463
1810	74.6490690024546	-0.136311791103822	1.15657771452302	-0.11785787447931	0.906180271838627	0.965364304944372
1811	3.76270724478537	1.90989578959463	1.10002103289006	1.73623570140001	0.0825221670479511	0.905056790956463
1812	6.53081200665164	0.648731002407325	0.910611838860927	0.712412220797408	0.476209550131729	0.905056790956463
1813	6.9908998120779	-0.0805941342273676	0.861569237944585	-0.0935434213269245	0.925471855667606	0.973435599421357
1814	1.53760366052416	0.283961664282288	1.13604076806575	0.24995728345715	0.802620383060892	0.929556541468892
1815	1.73183109525858	0.0078640941490604	1.16011859898929	0.00677869845023749	0.994591422585616	1
1816	5.82606932478345	1.13059509060055	0.939986950423315	1.20277743227329	0.229062460170914	0.905056790956463
1817	5.93486331154264	-0.123957347232782	0.931366523169932	-0.133091907588529	0.894120695020281	0.960722483193289
1818	6.36725028924475	1.04549915105568	0.980523922888296	1.06626582651445	0.286303492881325	0.905056790956463
1819	5.46986123610363	0.834590927513725	0.961877892937814	0.86766827020494	0.38557596077645	0.905056790956463
1820	3.92732758347172	0.999311935645109	1.0520451568233	0.949875515479369	0.34217550919681	0.905056790956463
1821	2.33926179858694	0.781952589704707	1.08614228290157	0.719935686156849	0.471564594670665	0.905056790956463
1822	2.39373482406443	-0.124903461806603	1.14624183917822	-0.108967809006301	0.913228022949846	0.967012634892695
1823	2.1872585489859	0.236612064365107	1.12377693364876	0.210550739457569	0.833237854712757	0.942024069586858
1824	5.01508947226147	0.787287955442408	1.09145362523195	0.721320573996076	0.470712301477686	0.905056790956463
1825	4.45695630314206	1.62430488122973	1.02817354555283	1.57979641496842	0.11415349690121	0.905056790956463
1826	2.59716644295374	0.299066064621677	1.13742209478905	0.262933229442093	0.792602043764729	0.9286690374246
1827	2.56142078993159	0.828173355930761	1.16035683878754	0.713722993002842	0.475398485602459	0.905056790956463
1828	2.44014825396921	0.182242284679689	1.16014969120879	0.157085146908763	0.875177743302416	0.956771073628469
1829	6.24575112548862	2.00628581864542	1.03634160412713	1.93593098130537	0.0528761546732869	0.905056790956463
1830	14.4940806874547	-0.383936892279291	0.863291695640915	-0.444735996208388	0.656510552710079	0.905730264136523
1831	5.80573883827748	1.78401841020956	0.96646420215023	1.84592290768805	0.0649033999627972	0.905056790956463
1832	10.7744799365159	0.530692965269388	0.850975827445925	0.623628719116714	0.532871445324477	0.905056790956463
1833	2.70300386143535	1.4202635273047	1.16176374913643	1.22250632141037	0.221516214842794	0.905056790956463
1834	0.747514538994832	0.276666074612693	0.911053337706125	0.303677142887474	0.761373873449879	0.921693462027093
1835	2.95189734638543	0.355279535963013	1.16406262047667	0.305206549642089	0.760208844358113	0.921693462027093
1836	4.89937954767585	1.20621398770879	1.05663929532043	1.14155700346446	0.253638204836427	0.905056790956463
1837	5.79748729756415	1.76143230141413	1.00454831940999	1.75345701882085	0.0795235910694118	0.905056790956463
1838	0.969145809310805	0.0716809810828729	1.00007598012311	0.0716755351668868	0.942860126182978	0.979636727886848
1839	8.68941718262858	0.958517074662212	0.923379997866539	1.03805267265574	0.299245533452012	0.905056790956463
1840	6.87323954629693	1.51593478401753	1.03850628313159	1.45972615538373	0.144365350537071	0.905056790956463
1841	2.97701614448114	0.550298852147059	1.16296473265588	0.473186191029485	0.636080348756227	0.905730264136523
1842	3.11197906292623	0.803442074132455	1.10905046290153	0.724441403712569	0.468794788748207	0.905056790956463
1843	7.83281077248224	0.502904674272248	0.842489312942871	0.59692706666577	0.550556075381275	0.905056790956463
1844	3.55640302345343	0.210199939034264	1.10578224703679	0.190091620296442	0.849237336396947	0.945478283042784
1845	1.02773990402646	0.594928318435348	1.09300144195197	0.544306984053815	0.586230241717592	0.905056790956463
1846	0.794633013555837	0.102571826633872	0.991918518339769	0.103407512550076	0.917639549960011	0.968543774623469
1847	4.70425194392248	2.66970292422038	1.05800627067211	2.52333374406601	0.0116248015089405	0.905056790956463
1848	1.29330337176678	0.175865682387045	1.11587576302777	0.157603281847307	0.8747694173563	0.956771073628469
1849	0.803045106154219	0.378250198386025	0.912251589066764	0.414633641551643	0.678410116908346	0.912097229333043
1850	0.850163580715225	0.264297593485547	0.996825891235778	0.265139174061674	0.790902250360284	0.9286690374246
1851	4.27556108342514	0.478577206011793	1.02199964831689	0.468275313792867	0.639587719684848	0.905730264136523
1852	10.3360739425775	0.328568633673232	0.919029183716111	0.357517083782539	0.720704739154264	0.915024114914031
1853	1.81390625093676	0.505762369049165	1.14072486706387	0.443369285313253	0.657498648391679	0.905730264136523
1854	0.858575673313606	0.471373186095311	0.912932140225872	0.516328832478925	0.605624762016192	0.905056790956463
1855	3.34468098194857	0.600084545505722	1.09470557308972	0.548169809542514	0.583575310027293	0.905056790956463
1856	3.76830130898828	0.693561266082166	1.05313100223098	0.658570742493486	0.510171455765571	0.905056790956463
1857	6.42951955979409	0.819962874833213	0.908950423886485	0.902098566968284	0.367004510067551	0.905056790956463
1858	1.03881055273283	0.581388166616861	1.02187546739728	0.568942288141687	0.569395305873508	0.905056790956463
1859	3.24143604366626	1.08145372945352	1.10736449124071	0.976601415349558	0.328766518142419	0.905056790956463
1860	4.76837402693234	1.29793289229438	1.0116024929945	1.28304635593799	0.199475835971994	0.905056790956463
1861	0.360028064683062	0.208653482468978	0.903170664007368	0.231023316837133	0.817296687738699	0.935872778920563
1862	4.11512998951021	2.01068985020014	1.15273238311488	1.74428156929791	0.0811100038453788	0.905056790956463
1863	1.05847061766513	0.67945983154973	1.0996280479021	0.617899691487521	0.536641462380475	0.905056790956463
1864	4.06167358375843	0.680075149965443	1.08185260987992	0.628620889532194	0.529597281063796	0.905056790956463
1865	19.3822835996206	1.98856629847214	0.873120271267763	2.27753994943303	0.0227540018322927	0.905056790956463
1866	2.44861492061475	0.380159624264027	1.15396837300929	0.329436779339678	0.741825571940499	0.916019906911484
1867	0.927344446965771	-0.156092204170785	0.994584557242246	-0.156942115211996	0.87529046796914	0.956771073628469
1868	6.86465222969555	0.806511536283826	0.902681966383886	0.893461447462704	0.371610108943683	0.905056790956463
1869	7.49504885441685	0.974165072942709	0.963551255936387	1.01101531126749	0.312009101595808	0.905056790956463
1870	2.56472981664865	0.434393415584968	1.15654832877562	0.375594693950091	0.707218236044159	0.912846682211137
1871	6.97240433729726	1.34562803649844	0.90989151318065	1.47888843560549	0.139170134611729	0.905056790956463
1872	1.52375170612941	0.693079834473878	1.13149963173532	0.61253209018808	0.540185773187583	0.905056790956463
1873	1.81022687585398	1.19831647913234	1.15917832926908	1.03376370043765	0.301246645291716	0.905056790956463
1874	2.09740391997835	0.95040071116654	1.16041372374664	0.819018847948443	0.412775660160175	0.905056790956463
1875	9.40375127893532	0.364832157219995	0.900728220882607	0.405041330738481	0.68544713064833	0.912097229333043
1876	3.56224785669808	-0.116703976982679	1.07352058135996	-0.108711448116659	0.913431361391117	0.967012634892695
1877	13.2647556185552	-0.0641221520357173	0.872263376324645	-0.0735123745604239	0.941398397243659	0.979529672503265
1878	0.940950902199731	0.132165690225476	0.912826114649264	0.144787367609721	0.884878756310332	0.960283464452886
1879	0.720056129366123	0.407069581971236	0.91051416588725	0.447076604870356	0.654819750228268	0.905730264136523
1880	4.52727151717316	0.0343158751224287	1.01883780903587	0.0336813915012655	0.97313121798367	0.996672200667992
1881	1.47362427805929	0.505555142440787	1.12483294402352	0.449449089419819	0.653107726035303	0.905730264136523
1882	4.38827882624415	1.8489670819831	1.04472667068362	1.76980939978609	0.0767588974801748	0.905056790956463
1883	6.01764030303443	0.24465456403381	0.904936198269667	0.270355594683487	0.786886698747387	0.9286690374246
1884	1.25991410202012	0.249653389524111	1.03888379803263	0.240309253062651	0.810090522254246	0.933136704283134
1885	2.91090592693697	1.12096474744676	1.15187973203158	0.973161273937609	0.330473154487194	0.905056790956463
1886	2.82726437991525	0.217647225959558	1.1239470825851	0.193645438768314	0.846453516563232	0.945478283042784
1887	3.14093041848427	0.172101169285364	1.15530347512518	0.148966200648463	0.881580303309901	0.959636110856495
1888	13.5566517787091	0.835114145297438	0.853270183410324	0.978721818169808	0.327717448621408	0.905056790956463
1889	2.0765656634083	0.789250987872779	1.06316612444212	0.742359044111684	0.457869826929425	0.905056790956463
1890	6.09610850901703	2.17570205624994	1.03482648734405	2.10248006101392	0.0355112444731744	0.905056790956463
1891	5.47093974877712	2.03709060503037	1.13416457805769	1.79611552365616	0.0724761460505727	0.905056790956463
1892	1.41571737665981	-1.01897904389132	1.12376603969194	-0.906753726221032	0.364537045143749	0.905056790956463
1893	3.23307325523407	-0.726603249502386	1.09602879814401	-0.662941750009487	0.50736786131636	0.905056790956463
1894	3.19178176257767	0.892987188104812	1.11552486277307	0.800508547953784	0.423416213014852	0.905056790956463
1895	3.17671489383807	0.0601872271975508	1.1319047555911	0.0531734025325479	0.957593747330596	0.987420893184412
1896	5.41545848578393	0.576772400866675	1.13904871707787	0.506363241728882	0.612601674217637	0.905056790956463
1897	5.82041751627699	0.158762213138459	1.02328277719417	0.155149892753773	0.876703149630499	0.956771073628469
1898	34.0162939619743	1.1891803734645	1.0840099739472	1.09701977107678	0.272632749414446	0.905056790956463
1899	3.1035848216679	1.44416596532317	1.13595221913093	1.27132632957752	0.203612579190867	0.905056790956463
1900	6.6352740184739	-0.48546143618287	0.902213095762339	-0.538078463350914	0.590522880220386	0.905056790956463
1901	5.7016807868422	-0.166757162553116	0.959626875161471	-0.173772918276238	0.862043928633437	0.949596855175955
1902	1.94728600629582	0.618069234315465	1.16308296425493	0.531405973013626	0.595137483296581	0.905056790956463
1903	2.13530035904441	-0.827437348176917	1.16415603702319	-0.71076154902114	0.477232011663116	0.905056790956463
1904	3.86554931124395	1.8183918510157	1.15546328459156	1.5737339950689	0.115548959135458	0.905056790956463
1905	2.49837200031914	0.502362367906035	1.15720761111743	0.434116024713093	0.664204189358271	0.905730264136523
1906	5.16743789998756	-0.207496112403755	1.07326646625412	-0.193331403642893	0.846699433691664	0.945478283042784
1907	0.539735223073607	0.0956846938731382	0.905450201396456	0.105676373726093	0.915839126401857	0.96744209105867
1908	5.51907484306384	1.43857774088027	0.98055013196843	1.46711289303726	0.142345347380362	0.905056790956463
1909	3.60128678472178	1.41841487804102	1.15175114437842	1.23152895047178	0.218125095743805	0.905056790956463
1910	3.52459691679281	0.457732086764249	1.07857266377298	0.424386879195553	0.671283688047048	0.909027031917979
1911	2.87058492906217	1.00830004522648	1.15865779267064	0.870231099816288	0.384174123428197	0.905056790956463
1912	3.02143934022706	1.21124840376947	1.15582886929211	1.04794787182579	0.294662624545191	0.905056790956463
1913	0.817952502606321	0.207034869999764	1.0725162287666	0.193036584852292	0.846930316328208	0.945478283042784
1914	5.93202422296449	2.41021886370584	1.02858024185549	2.34324826166014	0.0191166579940015	0.905056790956463
1915	3.73911913535309	0.418367570827983	1.14810340823569	0.364398858000861	0.715560188124513	0.915024114914031
1916	6.05799802361633	1.64461568309513	0.947085624913833	1.73650157898317	0.0824751854207277	0.905056790956463
1917	0.470475451099866	-0.00204358568996457	0.903365512871812	-0.00226219139522825	0.998195033951655	1
1918	0.969145809310805	0.0716809810828729	1.00007598012311	0.0716755351668868	0.942860126182978	0.979636727886848
1919	0.470475451099866	-0.00204358568996457	0.903365512871812	-0.00226219139522825	0.998195033951655	1
1920	1.2179899900947	0.329529685412164	0.946428342372515	0.348182393382362	0.72770320955259	0.915024114914031
1921	0.982752264544764	0.287636826250416	0.914657952286173	0.314474744937681	0.753160494851759	0.919059943421892
1922	7.24365838527082	1.97560977360644	1.1004154032781	1.79533089751486	0.0726009950660597	0.905056790956463
1923	0.747514538994832	0.276666074612693	0.911053337706125	0.303677142887474	0.761373873449879	0.921693462027093
1924	8.6647421783128	1.32672467904868	1.03948586831974	1.2763277688356	0.2018396779155	0.905056790956463
1925	1.42193045864564	-0.0783904101025941	1.15488037945899	-0.0678775148464439	0.945883138016232	0.980228708273265
1926	1.97261358084522	0.766566942869612	1.16208031583533	0.659650570123105	0.509478093996392	0.905056790956463
1927	1.74411875793434	0.312402323505353	1.08796966087928	0.287142495547968	0.774003214826839	0.926042177835687
1928	0.595388539813389	-0.164213143954913	0.951087934678915	-0.172658213785827	0.8629200909781	0.950163303758696
1929	1.8407141899564	0.502105105742699	1.03637998006864	0.484479742371563	0.628045437683641	0.905056790956463
1930	2.04440915934655	1.14083324608882	1.16169823215615	0.982039237480286	0.326080518182574	0.905056790956463
1931	1.85097279614165	1.22622798265022	1.15855845146626	1.05840838768068	0.289869297110762	0.905056790956463
1932	0.816774310968573	0.318824155783137	0.912435261769228	0.349421125138162	0.726773176044975	0.915024114914031
1933	3.74394524924748	1.7946193172948	1.14271590246764	1.57048599167947	0.116302090843344	0.905056790956463
1934	6.52612868249331	-0.449997327608848	0.927513745090891	-0.485165130964988	0.627559214277391	0.905056790956463
1935	8.80174570571481	1.14802984109357	0.828866348466319	1.38506026118421	0.166034041735456	0.905056790956463
1936	3.38938639956238	-0.0539103585308358	1.07418734283315	-0.0501871101819615	0.959973283195068	0.987626198819773
1937	5.71942616265438	1.52606231046107	1.03545070160083	1.47381455061236	0.140531529520195	0.905056790956463
1938	5.6762671854195	0.93507700148301	0.983558696720073	0.950707878036422	0.341752687909272	0.905056790956463
1939	1.26456079266242	0.92418526968108	1.12388255632255	0.822314809035829	0.410897750484072	0.905056790956463
1940	7.61762443122193	1.71172596077144	1.09648762392383	1.56109920752772	0.118500345050681	0.905056790956463
1941	1.72790832063955	0.0948483090453909	1.14897551108871	0.0825503312559875	0.934209096319194	0.977627519002861
1942	5.94549114790987	1.60486026193882	1.01918038498289	1.57465772064065	0.115335471818039	0.905056790956463
1943	3.01816703621711	0.969174191971402	1.16317418246331	0.833215013351601	0.404723476832018	0.905056790956463
1944	4.09045288556988	1.6097960565794	1.1312915362608	1.42297189095941	0.154744303925035	0.905056790956463
1945	6.12633977523106	1.7584754092397	1.02584228491438	1.71417715481135	0.0864961952142915	0.905056790956463
1946	0.88460829251923	0.258675543071465	0.979418071729739	0.264111466326755	0.791694028659523	0.9286690374246
1947	2.17647012214742	1.07917651497109	1.15722803071781	0.932553037366108	0.351050790530888	0.905056790956463
1948	0.969550780759087	0.523975679436752	1.0108997214125	0.518326069676445	0.604230786840632	0.905056790956463
1949	0.47153089315722	0.199630189026415	0.905057067973812	0.22057193528507	0.825425755250173	0.941807398414127
1950	1.76038376927629	0.490833025834043	1.10233224057783	0.445267776597692	0.656126251786628	0.905730264136523
1951	2.96328693966679	0.598764621358665	1.16292742583521	0.51487703192539	0.606638951685397	0.905056790956463
1952	0.443017041471157	0.190837799117265	0.904861489647028	0.210902774955875	0.832963138729094	0.942024069586858
1953	3.26551198116371	0.388084238384856	1.12175162976226	0.345962714105533	0.729370736240733	0.915506443250013
1954	2.25627282179885	0.772497670112969	1.07926678439615	0.715761553381987	0.474138595916441	0.905056790956463
1955	6.14647508676943	0.928478172883672	0.906325021093902	1.02444283372319	0.305626159090774	0.905056790956463
1956	9.31601065369402	1.60323212500276	0.838058803434049	1.91303058739234	0.0557441367961478	0.905056790956463
1957	0.830503515782927	0.260333272383785	0.912411251424876	0.285324487151198	0.775395554192778	0.926042177835687
1958	2.67591370054782	0.29342600990115	1.14932705498135	0.25530244731419	0.79848950987995	0.929529847567444
1959	4.57997465370007	1.4831025397588	1.11115756475802	1.33473648274337	0.181962608598699	0.905056790956463
1960	3.28531366704345	0.902438675089045	1.1324259823707	0.796907426302441	0.425504797578182	0.905056790956463
1961	0.81730203199725	0.477572998691237	0.98848016244294	0.483138677776758	0.628997272935777	0.905056790956463
1962	2.1872585489859	0.236612064365107	1.12377693364876	0.210550739457569	0.833237854712757	0.942024069586858
1963	1.70664514165662	0.610721331366909	1.16191977295851	0.525614027388377	0.599156408469607	0.905056790956463
1964	3.96897157315381	1.08020938927341	1.09922539895328	0.982700536488722	0.325754846604433	0.905056790956463
1965	2.97011376955459	-0.336803507460276	1.11580289592303	-0.301848569035717	0.762767503924432	0.922542149513823
1966	3.17409306043718	1.78554057526817	1.15702828944114	1.54321254852862	0.122779213633744	0.905056790956463
1967	1.32905112441347	0.505162470236629	0.966199111023963	0.522834749559297	0.601089255245292	0.905056790956463
1968	4.98956570271748	0.299416132662044	1.12849636843548	0.265323080372113	0.790760585898515	0.9286690374246
1969	1.6265602201373	-0.545899438385641	1.16114438441179	-0.47013915385052	0.638255602257446	0.905730264136523
1970	10.1238578216857	0.260123687215278	0.841336393437727	0.309179169288523	0.757185238647742	0.920807538648472
1971	1.92509013483593	0.388393898283716	1.15028264746875	0.337650836634279	0.735626327602466	0.916019906911484
1972	1.85889389041846	0.677107205666923	1.1629727529728	0.582221039947925	0.560417803086144	0.905056790956463
1973	8.16552204848403	0.973453879290325	0.8698475481474	1.11910860858732	0.263093807729943	0.905056790956463
1974	16.9286369678798	0.895677151340568	0.863627698284003	1.03711026536116	0.299684471617948	0.905056790956463
1975	4.44928807753155	2.13863606629427	1.08061006235207	1.97910064028027	0.0478046764106822	0.905056790956463
1976	0.443544762499834	0.316140767630777	0.9418629619628	0.335654740018606	0.737131239763257	0.916019906911484
1977	1.74992686847189	0.731482766358421	1.10984356514515	0.659086369764874	0.509840307810361	0.905056790956463
1978	1.82772148262441	0.597072323893421	1.09748995101603	0.54403443360977	0.586417777839632	0.905056790956463
1979	1.83397128731734	1.09594400236026	1.1574663783637	0.94684737530742	0.343716556912228	0.905056790956463
1980	0.87169113022599	0.0724145094381462	0.911112122633676	0.0794792513887573	0.936651434391322	0.977627519002861
1981	2.37616887150434	0.40064134890768	1.16308512149675	0.344464340143997	0.730497109391467	0.916019906911484
1982	0.639848458266408	-0.19985366781375	1.0372845360877	-0.192670054224015	0.847217377268296	0.945478283042784
1983	1.85530264183351	0.230066944098253	1.10297356146223	0.208587904675838	0.834769953557099	0.942211213469374
1984	2.54769158511724	0.873015492243659	1.16031229959273	0.752396999109711	0.45181235070598	0.905056790956463
1985	0.816774310968573	0.318824155783137	0.912435261769228	0.349421125138162	0.726773176044975	0.915024114914031
1986	1.57814080435815	0.307251637873922	1.07294059682857	0.28636407158244	0.774599289661059	0.926042177835687
1987	1.99357668662021	0.781704349711428	1.05491285613843	0.741013198543147	0.458685437690042	0.905056790956463
1988	2.65021577763269	0.098732922194462	1.14661261127082	0.0861083518739899	0.931380284451512	0.977176512131033
1989	12.1739899955324	1.54236183378519	0.823031437861256	1.8740011168871	0.0609302711729891	0.905056790956463
1990	3.06626750742126	0.176284614116629	1.13475312807629	0.155350630683415	0.876544902560073	0.956771073628469
1991	3.47897665804209	1.34947816561143	1.12826383925554	1.19606613157243	0.231670753061331	0.905056790956463
1992	5.12864969040074	1.75835435099742	1.10529202599476	1.59085048081742	0.111643229090442	0.905056790956463
1993	1.59341644955144	1.13227418155644	1.1059572836002	1.0237955826563	0.305931837267631	0.905056790956463
1994	2.97898750727296	1.24507847415088	1.15606542948764	1.07699654569092	0.281481808908394	0.905056790956463
1995	2.14635315641072	1.10571601089237	1.12945788557208	0.978979406861474	0.327590154734803	0.905056790956463
1996	2.94159991786853	1.8127867855193	1.15958403291684	1.56330781906282	0.117980210065868	0.905056790956463
1997	7.2533325967557	3.12733659409507	1.05831176160399	2.95502394243001	0.0031264478718747	0.905056790956463
1998	2.59150103296119	1.13309021833275	1.14684487863513	0.98800652070858	0.323149454700716	0.905056790956463
1999	4.00998401419874	1.4589095568627	1.11561546340987	1.30771722400078	0.190969239082213	0.905056790956463
2000	6.8104268030034	2.63079505901569	1.05129110312656	2.50244204596772	0.0123339817030961	0.905056790956463
2001	10.7691282012173	-0.266818926153474	0.825746369090164	-0.323124552697052	0.746600916435777	0.917359150254453
2002	8.26094138849289	2.3028412087328	1.06346176068729	2.1654198522799	0.030355547096355	0.905056790956463
2003	2.46744719131042	0.953520835258145	1.15934262831436	0.822466811769468	0.41081126783287	0.905056790956463
2004	1.84197840846744	0.72618969356232	1.14410198728853	0.634724615139738	0.52560803673578	0.905056790956463
2005	2.32382458148162	0.157965798691367	1.15647863058605	0.136592060167439	0.891353252744786	0.960722483193289
2006	0.277039087894966	0.240955354699223	0.900621756445233	0.267543342113206	0.789050847767828	0.9286690374246
2007	1.32141225200456	-0.427459438241372	1.15338455010759	-0.370613112687784	0.710925714036921	0.914210746716922
2008	0.781026558321877	-0.343948689242422	1.06294897529389	-0.323579679962836	0.746256274011243	0.917111949202975
2009	3.63682264126324	0.662024457352076	1.10664835081099	0.59822477200361	0.549689964471581	0.905056790956463
2010	1.23870549708435	0.713977651057297	1.12593535329249	0.634119577975295	0.526002786803591	0.905056790956463
2011	15.4462144555017	1.89931326216606	1.07067157701893	1.77394572054889	0.0760721290952472	0.905056790956463
2012	0.830503515782927	0.260333272383785	0.912411251424876	0.285324487151198	0.775395554192778	0.926042177835687
2013	4.58826399671806	2.04978300816956	1.14121096395402	1.79614731448737	0.0724710912291174	0.905056790956463
2014	2.85153861203184	1.00813256026668	1.11976860322061	0.900304364104471	0.367958299280924	0.905056790956463
2015	4.33549704131514	0.718304104395506	1.01763830386848	0.705854036414432	0.480278913852124	0.905056790956463
2016	1.60621296188883	0.504167133614919	1.07837536938624	0.467524711642726	0.640124516240574	0.905730264136523
2017	6.86218879795029	2.12188489027133	1.08443113620372	1.95668016108375	0.0503850837954495	0.905056790956463
2018	3.24838772275901	0.658511576416272	1.13440855005001	0.580488904449145	0.561584967001721	0.905056790956463
2019	6.02145919944011	1.20118751442974	0.929195686030133	1.29271748942535	0.196108786577555	0.905056790956463
2020	6.55340027706641	1.3674269279666	1.09905271845156	1.24418683927478	0.213430806297895	0.905056790956463
2021	1.55055964514905	0.596060008122438	0.999705189766472	0.596235784533313	0.551017723047155	0.905056790956463
2022	2.61406515316226	0.287504827274909	1.16334892160103	0.247135508476028	0.804803354061929	0.930234517797497
2023	3.7964122888506	1.35976366440047	1.14576334744261	1.18677532095569	0.235316255825539	0.905056790956463
2024	3.61397629919428	0.851207030681585	1.08004676583712	0.788120531078883	0.430626207006111	0.905056790956463
2025	2.20720083578608	1.18553807128168	1.16072439290464	1.02137775214231	0.307075501753751	0.905056790956463
2026	4.54209606597407	1.12946970849358	1.07075695793801	1.05483293862375	0.291501737187522	0.905056790956463
2027	2.3356863017175	0.157220586682244	1.16200237802779	0.135301432815556	0.892373552273449	0.960722483193289
2028	1.99913929799697	0.0066729825561869	1.15665902400665	0.00576918730385362	0.995396880056564	1
2029	5.60998491412874	0.983628042010459	0.979500469437556	1.00421395670721	0.315275496313612	0.905056790956463
2030	2.36950151390403	0.39709522304693	1.15770443587206	0.343002247156298	0.731596769613039	0.916019906911484
2031	5.47176227313278	1.8251467578164	1.12800987923974	1.61802373490426	0.105657482682039	0.905056790956463
2032	3.54985631580897	0.912419474022493	1.07250008093875	0.850740704116177	0.394913406794231	0.905056790956463
2033	4.53716505383933	0.855451266484024	1.07673750999563	0.794484503922868	0.426913426632711	0.905056790956463
2034	1.15200252213091	0.565525289704287	1.03473379900193	0.546541816117126	0.584693551800214	0.905056790956463
2035	1.97984748180585	0.818111869767833	1.05414112887184	0.776093302272905	0.437693898031042	0.905056790956463
2036	6.60293911118705	0.515991002298745	0.878432309706489	0.587399844697372	0.556935198104798	0.905056790956463
2037	10.5873909736318	1.05947116601197	0.841427268521391	1.25913576330102	0.20798129877016	0.905056790956463
2038	2.73468511889102	0.121190614722465	1.13455591567298	0.10681766587994	0.914933632315162	0.96744209105867
2039	3.16833952394679	1.5931106723513	1.14414283196893	1.39240541288867	0.163799666277287	0.905056790956463
2040	4.50564326867115	0.857381026608934	1.10799229788379	0.773814969875235	0.439040218611116	0.905056790956463
2041	4.22096530836726	2.17030650214855	1.12212474180395	1.93410449061084	0.0531002819210882	0.905056790956463
2042	3.94547266085123	0.441557324882762	1.03985535890574	0.424633408003417	0.671103935158097	0.908976156242736
2043	4.14160430287122	2.1049568227677	1.09580151373828	1.92092892405919	0.0547406686992795	0.905056790956463
2044	14.92129542437	2.7079910414776	1.03166668479961	2.62487010715441	0.00866820284993694	0.905056790956463
2045	10.4834860956104	0.593320106092827	0.813420200563054	0.729414029405868	0.465748438549001	0.905056790956463
2046	2.88554162968047	1.44302561691315	1.15854240651844	1.24555269517464	0.21292865831375	0.905056790956463
2047	6.68350035891	0.965928824018399	1.0160038634574	0.950713731275987	0.341749715780631	0.905056790956463
2048	8.23747709927286	0.581965674886118	0.858944675505079	0.677535691741623	0.49806613246541	0.905056790956463
2049	1.19584869268196	0.191617208701131	1.05408819883623	0.181784796483526	0.855751616369854	0.947000187545867
2050	2.37277381791399	0.597204900789586	1.16100350987565	0.514386817705273	0.606981573792227	0.905056790956463
2051	2.54397548732735	-0.121399432836	1.13521422029249	-0.106939668888856	0.914836842397773	0.96744209105867
2052	6.46354354843431	0.931566693294138	0.913869600427689	1.01936500881326	0.308029711672711	0.905056790956463
2053	0.608994995047349	0.171369175197221	0.907289767060489	0.188880313014482	0.850186623776507	0.945478283042784
2054	6.03568360182514	0.950629189648177	1.12508947066001	0.844936526772856	0.398146279044551	0.905056790956463
2055	1.92484463567514	1.00381231860869	1.11579541872011	0.89963832237286	0.368312756182441	0.905056790956463
2056	7.87854017932726	1.41800838641545	0.883087054552651	1.60574020319409	0.108331003958208	0.905056790956463
2057	2.31535791483608	-0.0117129758384924	1.16211404849575	-0.0100790243897781	0.991958238207722	1
2058	4.86611302750959	0.884624729067385	1.06973956418058	0.82695336200359	0.408263496220015	0.905056790956463
2059	8.76103231785082	-0.491660739322261	0.841409102832551	-0.584330188094134	0.558998185616285	0.905056790956463
2060	14.6297958044928	-0.487983506498186	0.876525277160284	-0.556724967566396	0.57771535547126	0.905056790956463
2061	13.0675381522836	1.17076017052146	0.961701913359905	1.21738363442698	0.223458286775071	0.905056790956463
2062	7.41385918667399	1.29362492323829	0.980098147652077	1.31989324368921	0.186870663663803	0.905056790956463
2063	7.34718242576948	1.1602158768713	0.903234359560412	1.28451255711303	0.198962672753578	0.905056790956463
2064	0.858575673313606	0.471373186095311	0.912932140225872	0.516328832478925	0.605624762016192	0.905056790956463
2065	2.09421764284169	0.994990636465084	1.16298450631986	0.855549348300116	0.392247097212416	0.905056790956463
2066	3.27318757627973	0.697164351589055	1.14049717402929	0.611281086410784	0.541013510046012	0.905056790956463
2067	2.63191332759024	0.73761827130686	1.13860588296887	0.647825803765871	0.51709762392383	0.905056790956463
2068	2.76078801325444	0.864311734972603	1.15500857379382	0.748316293561028	0.454269398874333	0.905056790956463
2069	3.20837829995369	0.557354230943831	1.10052959675133	0.506441837265526	0.612546510701607	0.905056790956463
2070	2.01049216857123	1.06755423128798	1.15354982514488	0.92545133987073	0.354731183993493	0.905056790956463
2071	1.60600418543514	0.643398241099364	1.08684768307532	0.591985658265211	0.553860192154238	0.905056790956463
2072	1.95443388038316	0.722338956792308	1.1161448860356	0.647173109718725	0.517519912685358	0.905056790956463
2073	5.15231855682536	0.0732739797829719	1.00972677328473	0.0725681260729622	0.942149791531486	0.979636727886848
2074	2.97644960112082	0.0453267297342231	1.10394771368054	0.0410587649872516	0.967249047636472	0.992874624524722
2075	1.19077707962678	-0.115653671468258	1.0377255726779	-0.111449187061863	0.911260157335675	0.96675841119266
2076	0.781149307902271	-0.792755498194495	0.983763069226996	-0.805839864285017	0.420335189048023	0.905056790956463
2077	6.64569311697365	0.645986282749418	0.868254613656109	0.744005586137058	0.456873095609021	0.905056790956463
2078	5.89952259138257	1.4403666444006	1.01257921653617	1.42247304791401	0.154888970346927	0.905056790956463
2079	1.2224404857424	0.555747757150257	1.14749062885127	0.484315726139398	0.628161816841557	0.905056790956463
2080	1.14411815056121	0.452777663579882	1.11273626329883	0.406904743301503	0.684077952057721	0.912097229333043
2081	1.33436823662944	0.349654759701198	1.06988875919202	0.32681412595199	0.743808474645856	0.916019906911484
2082	3.57939098646983	0.589622623278412	1.09126248661812	0.54031237260403	0.588981627208764	0.905056790956463
2083	3.42191852187082	1.43887674963251	1.15965242296333	1.24078277347592	0.214686006650371	0.905056790956463
2084	1.16743763961169	0.482668643552158	1.14439838003317	0.421766276476351	0.673195623115204	0.910458984255447
2085	4.84009616001947	0.637762125891826	0.988392499467373	0.645251887519892	0.518763965944866	0.905056790956463
2086	2.27278333230158	0.457179872945825	1.155724416824	0.395578622628897	0.692415910046181	0.912097229333043
2087	2.50916252678216	0.985366956548696	1.16158167152281	0.848297610668136	0.396272247918036	0.905056790956463
2088	1.3158496406278	0.801899741799017	1.0611605501168	0.755681825630208	0.449839983247801	0.905056790956463
2089	2.38433546494194	1.23622802644576	1.14006839068278	1.08434549764632	0.278211639440921	0.905056790956463
2090	0.913492492571023	0.247119793063274	0.913536626401713	0.270508905632654	0.78676876652747	0.9286690374246
2091	3.95960893673841	-0.0521436849416266	1.15341254734393	-0.0452081825030453	0.96394137222599	0.990156512744782
2092	3.88628266957365	0.315448320939321	1.06244045972386	0.296909175523407	0.766535850835588	0.924267011390402
2093	2.01061491815162	0.652362118318367	1.16280563223294	0.561024216115666	0.574781028943556	0.905056790956463
2094	4.34869432585172	1.77063588641154	1.04863690819275	1.68851188869854	0.0913130087490216	0.905056790956463
2095	10.7319074536059	0.301609269830875	0.803132332467548	0.375541187470575	0.707258020877476	0.912846682211137
2096	3.10041951552284	1.06405038394689	1.15767824835125	0.919124450564996	0.358030481641348	0.905056790956463
2097	0.886156832522709	0.0733840922000307	0.989369339443135	0.0741725958895541	0.940873051082999	0.979529672503265
2098	2.8272664795398	1.44948562221469	1.16228244955362	1.24710273545934	0.212359830079534	0.905056790956463
2099	1.84410924354675	0.502582762437926	1.14208688396722	0.440056504888774	0.65989618304744	0.905730264136523
2100	2.25456480950788	0.0731190936517221	1.15800795482222	0.063142134168627	0.949653323003415	0.982066272073897
2101	2.97428941283992	1.37253018966805	1.1490016013233	1.19454158121913	0.232266185440663	0.905056790956463
2102	2.16548550031434	1.05407397854058	1.13669714729635	0.927312944391303	0.353764075456055	0.905056790956463
2103	2.84639672381887	0.0792175899358547	1.12816455941509	0.0702181160316947	0.944020055406569	0.979798405231884
2104	2.636206450575	0.50090734138987	1.16365010477071	0.430462163270781	0.666859484471884	0.906997038146281
2105	1.59607500565942	1.16545452210638	1.14532613612444	1.01757437060683	0.30888027236763	0.905056790956463
2106	4.08387155484287	0.590614169108847	0.929457553172086	0.635439635831865	0.525141724490541	0.905056790956463
2107	11.8778500671649	1.02592274152216	0.923548102572046	1.11084927646433	0.266633231881606	0.905056790956463
2108	2.08302424455492	1.32791375623597	1.15894502945913	1.14579529009731	0.25187986444447	0.905056790956463
2109	7.97388499432436	1.30199796892531	0.889882006219484	1.46311304175779	0.143436449809883	0.905056790956463
2110	2.7444002523321	1.03329830055176	1.15949781939118	0.891160193034532	0.372843236511592	0.905056790956463
2111	5.06628501303912	0.791736365702077	0.97040011450691	0.815886513064132	0.414565046555493	0.905056790956463
2112	1.2179899900947	0.329529685412164	0.946428342372515	0.348182393382362	0.72770320955259	0.915024114914031
2113	0.816897060548967	0.00454592727669267	0.979137055182274	0.00464278953863758	0.99629560321642	1
2114	0.277039087894966	0.240955354699223	0.900621756445233	0.267543342113206	0.789050847767828	0.9286690374246
2115	0.941564650101702	0.44243509196333	0.914354173968622	0.483877150188974	0.628473057664364	0.905056790956463
2116	1.3433080502565	0.685717541607988	1.06106607901672	0.646253381545694	0.518115273586438	0.905056790956463
2117	1.3434307998369	0.385238283650708	1.11460053570388	0.345629013543786	0.729621538626841	0.915506443250013
2118	0.62599650387166	0.351881047709456	0.95014615401526	0.370344126766632	0.71112609902997	0.914210746716922
2119	1.22416634937343	-0.346078765462344	1.11585841900357	-0.310145767212459	0.75645010978916	0.920438818401618
2120	1.98254276062094	0.370731151840169	1.16259659724535	0.318882020400351	0.749815978784073	0.917461169800175
2121	0.608994995047349	0.171369175197221	0.907289767060489	0.188880313014482	0.850186623776507	0.945478283042784
2122	4.19677920274851	0.194103684562709	1.04834581181216	0.18515234417466	0.853109546572905	0.946238908218935
2123	0.664525562206736	0.297517513859367	0.909359755365917	0.32717251022358	0.743537411413714	0.916019906911484
2124	5.05676496537457	-0.0662784688438262	0.99328635702364	-0.0667264463819157	0.946799480058627	0.980701405705575
2125	3.09233684933399	1.77935586428434	1.13239077530155	1.57132670372602	0.116106781530573	0.905056790956463
2126	2.42870935652166	1.30426650510515	1.16211933937748	1.12231718457058	0.261727602107522	0.905056790956463
2127	6.92159493518706	0.682135080375743	0.991235724574414	0.688166359892464	0.491348025467865	0.905056790956463
2128	3.06488053932983	0.445770172792088	1.16205460705133	0.38360518523584	0.701271096261771	0.912280267928552
2129	2.02937691368951	0.456413088450488	1.16320702877265	0.392374768343749	0.694781326310839	0.912097229333043
2130	7.92836963381399	1.24392895921571	0.917663429578825	1.35553942667916	0.175245755908781	0.905056790956463
2131	2.83904217290239	1.43169610842668	1.15021073431766	1.24472504534224	0.213232836423491	0.905056790956463
2132	1.5839489148957	0.713366336837708	1.0943255298987	0.651877633617614	0.514480114619644	0.905056790956463
2133	5.40058571241438	1.31416311039236	1.03908134547992	1.26473554366947	0.205966143999414	0.905056790956463
2134	2.8468405175988	1.3350823894555	1.15458621300063	1.15632975209862	0.247546303191141	0.905056790956463
2135	4.12662346100491	1.06397985548006	1.10282672347312	0.964775184381893	0.334657427940911	0.905056790956463
2136	5.94549744678351	0.902990023446071	1.05017940971102	0.859843580150315	0.3898752726326	0.905056790956463
2137	8.5509133903966	0.606011896055798	0.830728810145752	0.729494256915771	0.465699379559273	0.905056790956463
2138	5.0754933578569	1.93077606056689	1.0322978699123	1.87036718455199	0.0614328456829387	0.905056790956463
2139	6.93811493711786	0.211029266143374	0.834360406234259	0.252923394454704	0.800327410933551	0.929529847567444
2140	1.73317085880837	-0.151705205377434	1.14178271267471	-0.132866966449382	0.894298592182704	0.960722483193289
2141	1.70664514165662	0.610721331366909	1.16191977295851	0.525614027388377	0.599156408469607	0.905056790956463
2142	4.64976214670249	1.60499076193515	1.09279415818962	1.468703643689	0.141913188750862	0.905056790956463
2143	1.47721552664424	0.994638562917477	1.14127373821315	0.871516210015262	0.383472358897832	0.905056790956463
2144	54.9814877572141	0.317927669938265	1.11576553852948	0.284941288254231	0.775689123111221	0.926046790672276
2145	8.60104710837468	1.94436195745055	0.931612651875744	2.08709269194197	0.0368797565486791	0.905056790956463
2146	0.0692597719737415	-0.110908803430439	0.894972942750804	-0.123924197182485	0.901375294041256	0.962822431880661
2147	0.608994995047349	0.171369175197221	0.907289767060489	0.188880313014482	0.850186623776507	0.945478283042784
2148	2.38449493722943	0.426818648134863	1.16219284632615	0.367252861247679	0.713430412293998	0.91475343477648
2149	3.79674381488469	0.762208336790715	1.15680302381895	0.658892068136578	0.509965079675108	0.905056790956463
2150	0.608994995047349	0.171369175197221	0.907289767060489	0.188880313014482	0.850186623776507	0.945478283042784
2151	7.06176269810227	0.997373610101395	0.921585063354157	1.08223716915659	0.2791471564717	0.905056790956463
2152	2.42214377751015	1.13138080440128	1.16058701834784	0.974834964130359	0.329642130518774	0.905056790956463
2153	1.20704209096872	-0.0961006017519019	1.10329077782928	-0.0871036028606884	0.930589161604218	0.977029892007481
2154	3.75207511997798	0.886948137943702	1.15962232084343	0.764859490888893	0.444355218116553	0.905056790956463
2155	3.62013690675751	0.625401936059506	1.10828221576862	0.56429844958378	0.572551036402847	0.905056790956463
2156	13.6381121664583	0.784570660309898	0.851717873003012	0.921162611679894	0.356965535156475	0.905056790956463
2157	5.13723700700212	0.579901549772042	0.951753335156239	0.609298153577624	0.542326830741726	0.905056790956463
2158	8.88559812881476	0.953621987970195	0.931123179999119	1.02416308438492	0.305758251844203	0.905056790956463
2159	4.85532250104656	0.486288329349601	0.97910886475061	0.496664208502968	0.619425866031068	0.905056790956463
2160	6.75219885740438	0.059106666301634	0.866735368667229	0.0681945936884077	0.945630730566296	0.980126014998433
2161	4.30632851977091	-0.0543422125050175	1.01075589511878	-0.0537639332775114	0.957123245013432	0.987395337319812
2162	5.78256204977199	1.33410052539432	0.959593722978759	1.39027641953828	0.164444955480299	0.905056790956463
2163	0.443139791051551	-0.287183958386777	0.935220282702427	-0.307076272508682	0.758785317559016	0.921693462027093
2164	2.4174592845632	0.375896538845978	1.14390915557019	0.328606985105046	0.742452767683844	0.916019906911484
2165	3.78521679093929	0.536373423130106	1.04574299315903	0.512911323947585	0.60801335184764	0.905056790956463
2166	3.55122972100052	0.185446081593646	1.16418632087537	0.159292441655049	0.873438475413621	0.956473479499705
2167	2.92709749286471	0.317026824127689	1.16235675943189	0.272744853553084	0.785049353211664	0.9286690374246
2168	2.98217378440962	1.43786022606318	1.1598403808798	1.23970526441965	0.215084429264695	0.905056790956463
2169	2.67897722810409	0.573679617388256	1.14118225227159	0.502706396148656	0.61517071207106	0.905056790956463
2170	4.61371222122331	0.638405628106952	0.987863313649293	0.646248948904277	0.518118143793074	0.905056790956463
2171	2.69314504600849	0.249012575298625	1.13936718620443	0.218553402549849	0.826997954573149	0.942024069586858
2172	2.50928527636256	0.594755698686723	1.16071377513673	0.512405135035693	0.608367497881332	0.905056790956463
2173	3.81471473889306	0.844279732197182	1.08774796748239	0.776172199292893	0.437647318505363	0.905056790956463
2174	3.01751656560803	1.02652691788169	1.12753097604698	0.910420147817673	0.362600976231892	0.905056790956463
2175	2.29571570124384	0.611634105811184	1.16184734776976	0.526432415570992	0.598587798241482	0.905056790956463
2176	2.53593164347015	0.689332521526878	1.14875362146464	0.600069944195685	0.548459622224627	0.905056790956463
2177	5.64083627772325	1.61010923781655	0.964712869584042	1.6690035849846	0.0951166693362839	0.905056790956463
2178	2.52681450621555	0.793322913297586	1.14877693629032	0.690580467135262	0.489829225975202	0.905056790956463
2179	6.87228900247992	0.63621779028252	0.965276160811287	0.659104426393166	0.509828713458034	0.905056790956463
2180	2.53865837511138	0.266582638472521	1.14188506874757	0.23345838015459	0.815405484488118	0.935382605837527
2181	5.57338839625383	1.17841122664532	0.949592380344644	1.24096533527115	0.214618554857815	0.905056790956463
2182	2.06827632039032	0.468851704708182	1.15549537911425	0.405758182319673	0.68492028745015	0.912097229333043
2183	1.16997344613928	0.709686369292177	1.11747496256566	0.63508033116266	0.525376024341675	0.905056790956463
2184	1.37669732000315	0.76496097195856	1.13060894295078	0.676592005333059	0.49866485292841	0.905056790956463
2185	2.54704111450817	0.908412117002252	1.10175144536412	0.824516383277381	0.409646210689176	0.905056790956463
2186	1.45375543667331	0.580812567124188	1.0712779284244	0.542167958205234	0.587702806385114	0.905056790956463
2187	0.971681615838397	0.256436772866014	1.00982580734204	0.253941591709742	0.799540682173719	0.929529847567444
2188	4.26109538112842	0.581362368952889	1.02075085820923	0.569543845373602	0.568987124555658	0.905056790956463
2189	2.27663793138737	0.818268980275266	1.1622616346212	0.704031653373772	0.481413061477659	0.905056790956463
2190	1.2179899900947	0.329529685412164	0.946428342372515	0.348182393382362	0.72770320955259	0.915024114914031
2191	5.16029422514932	1.38290719530739	1.04671291491738	1.32119053428947	0.186437841700103	0.905056790956463
2192	1.9029488374232	0.168271018175599	1.16372945942856	0.144596337930834	0.88502958875497	0.960284141362953
2193	2.26338187355454	0.95062257769149	1.15777148430269	0.821079626316792	0.41160091413683	0.905056790956463
2194	0.512276813444899	0.261655481921597	0.906366431288591	0.288686201175388	0.772821523195321	0.926042177835687
2195	1.52322398510074	0.50639992972186	1.07166056227638	0.472537618297891	0.63654309720273	0.905730264136523
2196	3.87707740582121	1.37139713864711	1.07009526697472	1.28156546521713	0.199995121304765	0.905056790956463
2197	1.56286305954032	0.82207672496741	1.14899766803854	0.715472927260836	0.474316863692625	0.905056790956463
2198	1.19053158046599	0.416223054912767	0.942392261189075	0.441666461042022	0.658730582924486	0.905730264136523
2199	0.77497294862354	0.147397686419232	0.910543400988588	0.161878814627837	0.871401286240408	0.955302506217267
2200	2.05761064313223	0.972229401374356	1.16011922828288	0.838042657747668	0.402006746088239	0.905056790956463
2201	3.76515385418326	0.469342286630054	0.977378844356643	0.480205080496701	0.631081574635589	0.905056790956463
2202	4.17199822059484	0.896696361876715	1.09201040515651	0.82114269025504	0.411564995870241	0.905056790956463
2203	1.5539546987394	0.667692121005133	1.12698910273118	0.592456590207509	0.553544881202985	0.905056790956463
2204	5.11970987677368	1.57774050552954	1.10422783085753	1.42881791369475	0.153056575431666	0.905056790956463
2205	9.13312141741591	1.82573688672925	0.944391744707882	1.93324104849517	0.0532065102053378	0.905056790956463
2206	2.41244434517971	1.03644756323282	1.16205525221292	0.89190902176045	0.37244169860093	0.905056790956463
2207	2.88897340597792	0.767311433260883	1.1446585731598	0.670340878278435	0.502640513873399	0.905056790956463
2208	8.09127986058481	0.893948157000335	0.847815574879633	1.05441346383292	0.291693660721201	0.905056790956463
2209	4.21290361317001	0.15457715681471	1.09116164001118	0.141662931637815	0.88734625584838	0.960722483193289
2210	1.17733009668031	0.693094837716741	1.04245965998562	0.66486490012122	0.50613690756879	0.905056790956463
2211	2.57254601268512	1.16250147762773	1.16095566159541	1.00133150307411	0.316666567325708	0.905056790956463
2212	6.17489872129879	-0.6436685336982	0.917936576971243	-0.701212425614417	0.483170456510644	0.905056790956463
2213	2.86053090008151	0.50415116147901	1.13036780772165	0.446006298158092	0.655592696475677	0.905730264136523
2214	0.811634522380148	0.257538641311769	0.980081343608904	0.262772720847279	0.792725762446704	0.9286690374246
2215	48.2197805606957	0.684525747149501	1.11151974348241	0.615846683033153	0.53799571337519	0.905056790956463
2216	5.914829689402	0.209811151165252	0.947572760742995	0.221419567823729	0.824765757601363	0.941390374637657
2217	2.61948716361857	1.30508611555696	1.16201313443138	1.12312509806147	0.261384368165659	0.905056790956463
2218	1.10872079531564	0.422736709538896	1.10830271453192	0.381427117335389	0.702886342436509	0.912280267928552
2219	1.5437307156367	0.959853684316701	1.14834997792322	0.835854663447275	0.403236670036744	0.905056790956463
2220	9.43068191693048	0.943498201147385	0.980090605316749	0.962664263925336	0.335716035973625	0.905056790956463
2221	4.91191060988785	1.87504393215377	1.06056280464233	1.76797066986158	0.0770658071052741	0.905056790956463
2222	6.64365777789769	2.55953147315977	1.08061346475564	2.36859113516466	0.0178559806320116	0.905056790956463
2223	3.79171419441756	1.27737470432952	1.09856606427915	1.16276548663252	0.244924663699071	0.905056790956463
2224	2.29942969940918	0.653025631429309	1.15339814602744	0.566175378102069	0.571274565916075	0.905056790956463
2225	3.11678630545358	1.32375127811881	1.13542968764768	1.16585931521774	0.243671330634862	0.905056790956463
2226	2.35409574962485	0.009551476622936	1.14071476375666	0.00837323836458517	0.993319200451457	1
2227	6.71386072418293	-0.226396478052693	0.867214133501045	-0.261061794667373	0.794044853704383	0.9286690374246
2228	3.56156066338191	0.796972450245895	1.14797265967564	0.694243406869185	0.487529575274622	0.905056790956463
2229	1.31822597486789	-0.143245729069562	1.11671171762418	-0.128274582247887	0.89793167933899	0.961241788793049
2230	1.95541587702631	0.0805704272798406	1.15250749007466	0.0699088101150831	0.944266240830424	0.979798405231884
2231	14.8755901171338	1.21067855291157	0.885479519747168	1.36725754341248	0.171544594386201	0.905056790956463
2232	4.336393011085	0.73358337519482	1.12626431567959	0.651342109469372	0.514825671379091	0.905056790956463
2233	1.09647195497153	0.450276833494863	1.02703614913729	0.438423549037777	0.661079278697033	0.905730264136523
2234	4.43221522291759	0.689392984733757	1.01647499155476	0.67821932704836	0.497632640060313	0.905056790956463
2235	2.72025086942045	0.681062712601081	1.14397448048289	0.595347819571636	0.551610997418244	0.905056790956463
2236	2.11020043231574	0.279505309177651	1.15850327750369	0.241264150568414	0.809350393987519	0.932484122701149
2237	8.89875030843424	0.450567822523307	0.910058476602615	0.495097660323262	0.620531185280661	0.905056790956463
2238	2.96578602348728	1.53938095292718	1.16194369898862	1.32483265262085	0.185226662179237	0.905056790956463
2239	2.70006308345947	0.582063066609515	1.16302925727253	0.500471559911174	0.616743076816932	0.905056790956463
2240	6.70302197315127	0.710691360223052	0.918250772732909	0.773962169514853	0.438953163041508	0.905056790956463
2241	2.55402741668347	1.57635908266873	1.16037668401291	1.35848910477693	0.174308537435387	0.905056790956463
2242	3.58974298903389	1.74928882373771	1.11887097753651	1.56344105697444	0.117948889492707	0.905056790956463
2243	2.62332391136431	0.908153819792185	1.14768965068952	0.791288672200341	0.428775557189009	0.905056790956463
2244	2.95054500137655	1.48834564267363	1.14055559098152	1.30493038168602	0.191916554761288	0.905056790956463
2245	2.03566027083313	-0.0450354818901225	1.15474834028618	-0.0390002568689221	0.968890183819073	0.994239959093954
2246	2.82076907606153	0.860119000624787	1.12800236751272	0.762515244113691	0.445752548433921	0.905056790956463
2247	5.58426811984656	0.00845862051094559	0.985509272550619	0.00858299434266472	0.993151845410037	1
2248	4.69105255976135	1.38423146002886	1.03808559418009	1.33344636298721	0.18238536624152	0.905056790956463
2249	0.473747755109823	0.271122103865785	0.90572124786974	0.299343870427536	0.764677684494939	0.923071079489453
2250	1.74897422503033	0.89459353670765	1.16287099886719	0.769297314645493	0.441716831017873	0.905056790956463
2251	0.913492492571023	0.247119793063274	0.913536626401713	0.270508905632654	0.78676876652747	0.9286690374246
2252	1.71666034830564	0.410389470693903	1.08610003171596	0.377856052582483	0.705537531194958	0.912280267928552
2253	3.22008581778305	0.642374902085395	1.12508635287192	0.57095608745556	0.568029409852786	0.905056790956463
2254	5.45467053818608	1.61895226448743	0.967460159068567	1.67340458344671	0.094247676165853	0.905056790956463
2255	2.95853217156205	1.52241887052652	1.12369753607933	1.35482976659214	0.175471800463396	0.905056790956463
2256	0.152248748761837	-0.124943057915868	0.897093032401155	-0.139275474675627	0.889232469353242	0.960722483193289
2257	2.65878944214312	0.505825266039646	1.16366437059072	0.434683125842265	0.663792448244531	0.905730264136523
2258	4.48682884931552	0.914493494251935	1.07899716402838	0.847540220437391	0.39669407860337	0.905056790956463
2259	4.42204054398108	0.632279527905711	1.11029432721254	0.569470195793118	0.56903709131498	0.905056790956463
2260	10.4865821466246	1.48672160563545	0.972154587651693	1.52930575498978	0.126188663610204	0.905056790956463
2261	2.42895485568245	0.437710271036753	1.15821772087928	0.377917090324312	0.705492186104665	0.912280267928552
2262	1.67853626141884	1.05231089141663	1.14201142645246	0.921453907589627	0.356813495130551	0.905056790956463
2263	3.61351885332339	1.18939380823187	1.16049378090801	1.02490321602693	0.305408857005559	0.905056790956463
2264	2.4508506539344	1.20837605968118	1.14289387435984	1.05729507068888	0.29037694223656	0.905056790956463
2265	2.20135600254143	0.909314922793235	1.07606443658283	0.845037612878345	0.398089838952587	0.905056790956463
2266	1.50928600383269	0.689342931470288	1.07813054287279	0.639387257904282	0.522571036146027	0.905056790956463
2267	3.31233038251678	0.940297268349608	1.1478083173031	0.819211060047847	0.412666005777952	0.905056790956463
2268	1.03840558128455	0.134776935229364	1.0101101602155	0.133427957204796	0.89385493642652	0.960722483193289
2269	6.8241381564777	1.58948350712952	1.01982901076494	1.55857843849462	0.119096189567798	0.905056790956463
2270	1.35663228362257	0.194339878515496	1.04923805438541	0.185220005796806	0.853056478216529	0.946238908218935
2271	1.56481657099208	0.794511596104058	1.08501764963417	0.732256840588669	0.464011816822261	0.905056790956463
2272	2.61920494175069	0.384542707631278	1.16242367775354	0.330811144843875	0.740787142067158	0.916019906911484
2273	3.33913832153641	1.09031534348345	1.16288080809273	0.937598536234941	0.348450763911261	0.905056790956463
2274	2.32030677831087	0.935577888770648	1.16225852869529	0.804965389086796	0.420839652742377	0.905056790956463
2275	11.7761662889313	-0.113268210831465	0.748912168786692	-0.151243651194733	0.879783517643657	0.958823052897357
2276	5.83460626658678	2.18237430606284	1.01843032829341	2.14288031830302	0.0321227097519862	0.905056790956463
2277	3.1586946656635	1.22502908043849	1.1587162768976	1.0572295434724	0.290406839663752	0.905056790956463
2278	5.79043066962619	1.82909131217296	1.10575109604027	1.6541618803029	0.0980946258203821	0.905056790956463
2279	0.887089524999669	0.636979563010286	1.01254301539952	0.629088891358314	0.529290862628615	0.905056790956463
2280	1.93804611946082	0.702649964332633	1.04815203499236	0.670370271558699	0.502621780877891	0.905056790956463
2281	0.290891042289714	-0.384202378895995	0.897381182679782	-0.428137324819628	0.668551143772253	0.907950221897078
2282	3.21814800744192	1.29415056054883	1.14610128719266	1.12917643057432	0.258823414326667	0.905056790956463
2283	1.68960691012521	0.950316367915753	1.09844460271972	0.865147286957206	0.386957953368516	0.905056790956463
2284	1.50034619020564	0.360731892058808	1.0891376779122	0.331208716193076	0.740486836874241	0.916019906911484
2285	2.24585264370155	0.714589917110693	1.16312779121504	0.614369222804153	0.538971368848165	0.905056790956463
2286	3.28981873673831	0.805301571708362	1.09479609666904	0.735572198474695	0.461991086983526	0.905056790956463
2287	5.75712532712829	1.05269011280913	0.985983939426502	1.06765442185745	0.28567642507694	0.905056790956463
2288	4.35909665260896	1.4008974467546	1.04318901496613	1.34289896332936	0.179304692177356	0.905056790956463
2289	6.73730823269477	0.13885901742477	0.898728705484441	0.154506044568723	0.877210745572522	0.956998002806337
2290	5.10992021832085	1.14199841277681	0.986263132785191	1.15790439165239	0.246903055157865	0.905056790956463
2291	3.61828829354609	1.62886436572709	1.12326945321018	1.45011008807547	0.147027822384013	0.905056790956463
2292	4.73491658165245	2.22429322388759	1.06206857544115	2.09430283064696	0.0362330123489721	0.905056790956463
2293	3.87744775418694	1.358267944291	1.10135310489925	1.23327199809843	0.217474301442934	0.905056790956463
2294	5.33503783898143	2.64758409480374	1.03725239652692	2.55249744774634	0.0106953693142939	0.905056790956463
2295	1.6991657415352	0.901795968291967	1.15335887025427	0.781886706340721	0.434281158245623	0.905056790956463
2296	3.16274018986293	0.796042029387413	1.14261529475451	0.696684205998174	0.48600044509495	0.905056790956463
2297	5.06087028289723	0.796031447865263	1.05804207395699	0.752362753295972	0.451832939258923	0.905056790956463
2298	1.75098231052925	1.08866918070285	1.15524966244784	0.942367019087534	0.346004766644216	0.905056790956463
2299	3.27253710567066	0.969552089183915	1.16132571865303	0.834866630103098	0.403792805206802	0.905056790956463
2300	2.25639557137924	0.568508111263494	1.12371133909283	0.50592006281831	0.612912767404974	0.905056790956463
2301	3.58965169227963	2.01448004549192	1.15114125328389	1.74998510369181	0.0801208841882009	0.905056790956463
2302	4.52753906692309	1.5410521496633	1.15551450075987	1.33365020399995	0.18231852144401	0.905056790956463
2303	1.62312844383985	0.521782857181649	1.15806916197205	0.450562776659311	0.652304699657217	0.905730264136523
2304	0.844760441625958	0.33357177246008	0.988107875297164	0.337586391930903	0.735674898426735	0.916019906911484
2305	2.47765649332949	0.452354920562086	1.14234708329409	0.395987285455895	0.692114407940453	0.912097229333043
2306	5.66732947141699	1.59005195523383	1.14018956320786	1.39455052610753	0.163151423025259	0.905056790956463
2307	2.43275488072108	0.693222023669968	1.14995362165438	0.602826071083341	0.546624401087396	0.905056790956463
2308	2.80037251364687	0.988895503052393	1.15129948855566	0.858938541085422	0.390374424428301	0.905056790956463
2309	5.43327310776122	2.22940141757589	1.04273598248347	2.13803058015334	0.0325142613822925	0.905056790956463
2310	10.327787719211	1.99280573787387	0.85562500253565	2.3290644055143	0.019855653996254	0.905056790956463
2311	1.12179952952092	0.575544357003605	1.03239367980362	0.557485354921083	0.577195862369905	0.905056790956463
2312	4.12016487985829	0.927970826300939	1.14474716140577	0.810633874087419	0.417575957882575	0.905056790956463
2313	7.3559063104057	0.0323450548590902	0.844938776701903	0.0382809450234305	0.969463683317867	0.994509198884969
2314	4.28376649919439	1.99146510556279	1.14447048928305	1.74007554079471	0.0818457544594373	0.905056790956463
2315	4.60030406060849	2.11202914088637	1.13023081995232	1.86867063223021	0.0616686522639326	0.905056790956463
2316	5.5081783477286	0.770116801332188	1.06442884125465	0.723502381262464	0.469371291646311	0.905056790956463
2317	2.73712962866436	1.23179970395078	1.14316852840076	1.07753115428572	0.281243040321151	0.905056790956463
2318	3.32148424247848	0.264631637967	1.09132952474968	0.24248554810033	0.808403953712719	0.932033629591599
2319	1.62640074784981	0.732069872102696	1.15944430662368	0.631397185634982	0.527780855739491	0.905056790956463
2320	1.41522637833823	0.738727138883408	1.12622731969196	0.655930757465072	0.511868677184319	0.905056790956463
2321	0.944223206209688	0.39005868650268	1.00443034778774	0.388338213159115	0.697765761844851	0.912097229333043
2322	1.05201203651851	0.32560702668295	0.917512617553745	0.35488016235796	0.722679370606551	0.915024114914031
2323	1.78002388324399	1.17701152363996	1.15696942061272	1.01732293236983	0.308999830790843	0.905056790956463
2324	3.23277318202613	0.221149880421461	1.11345541632661	0.198615837849219	0.842563263622679	0.945478283042784
2325	2.16307244336714	0.533312003929213	1.15601178924501	0.461337859086644	0.644556226940784	0.905730264136523
2326	3.21422523282289	1.30179699454511	1.15935982990728	1.12285846116405	0.261497611757399	0.905056790956463
2327	4.04949818882851	2.03363958619849	1.12555521477333	1.80678793852688	0.0707953500414361	0.905056790956463
2328	3.08730405861045	1.33075851385909	1.15781793913802	1.14936767593169	0.250404402889698	0.905056790956463
2329	2.28753125646619	1.28620776337003	1.15927036311997	1.10949766705709	0.267215550301442	0.905056790956463
2330	3.00140892692904	1.38795720033854	1.11847680402531	1.24093516767035	0.214629699940784	0.905056790956463
2331	12.1074076599994	1.55458968851164	1.06024442183724	1.46625594673516	0.142578572075912	0.905056790956463
2332	3.56525681020719	0.25837781013047	1.09119497960455	0.236784273168216	0.812824152845354	0.934079119655156
2333	1.9959330698957	0.655190365549625	1.16212803510343	0.56378500970533	0.572900454797983	0.905056790956463
2334	7.42809616155242	1.53676212951558	0.931037333576619	1.65059130723797	0.0988220550729519	0.905056790956463
2335	3.45644716092357	0.432195082864005	1.08113372810108	0.39976098389153	0.689332570185063	0.912097229333043
2336	10.3283993674884	0.352082679780019	0.866727955819006	0.406220518694729	0.684580579025798	0.912097229333043
2337	9.06199415189801	2.17295771929123	0.948854703496287	2.29008478461922	0.022016402219102	0.905056790956463
2338	1.752160502167	0.778563084345361	1.16298231212639	0.6694539342751	0.503205956713388	0.905056790956463
2339	1.27744333187311	0.604875597065333	1.14496609446821	0.528291274289894	0.597297186927296	0.905056790956463
2340	15.1610150477889	0.403897808027545	0.904197282356931	0.446692127822728	0.655097366520656	0.905730264136523
2341	3.03640131072632	1.018984960888	1.11804530022794	0.911398635350692	0.362085372387819	0.905056790956463
2342	0.667711839343399	0.259164884135024	1.04647906544213	0.247654150659505	0.804402009326695	0.930234517797497
2343	4.55823832773562	2.01584605784998	1.10717009257882	1.82071939204452	0.0686495228582435	0.905056790956463
2344	18.3369117146772	1.48322901211256	0.924443906883859	1.60445539320202	0.108613709369276	0.905056790956463
2345	1.87499942947291	-0.719045543054205	1.16450313242079	-0.617469822996045	0.536924879785682	0.905056790956463
2346	1.30690982700074	0.474388925484911	1.06474576799469	0.445541968556832	0.65592813744708	0.905730264136523
2347	0.955293854916056	0.389523775514863	0.914602161803306	0.425894221315688	0.670184925883178	0.908502468170408
2348	8.63624299874469	0.62478046007553	0.861227347277768	0.725453577444309	0.468173814444708	0.905056790956463
2349	3.40778434560819	0.894976582603246	1.16277306014767	0.769691535930135	0.441482892064751	0.905056790956463
2350	0.665053283235413	0.440684912223396	0.967405431081417	0.455532807719278	0.648725970447788	0.905730264136523
2351	0	NA	NA	NA	NA	NA
2352	1.19371785760265	0.592658364738536	1.10863985502829	0.534581507286163	0.592939273992942	0.905056790956463
2353	5.17719395538483	0.501580754979589	0.959835964846859	0.522569244485036	0.601274047807197	0.905056790956463
2354	3.51646704606231	1.00829620662017	1.07871928801929	0.934716026512855	0.349934665344335	0.905056790956463
2355	3.29983394338733	0.806488057810421	1.09752393567422	0.734825028954824	0.46244606187301	0.905056790956463
2356	5.63464104707747	1.47253615492481	0.97272410125558	1.51382715101238	0.130069684451413	0.905056790956463
2357	0	NA	NA	NA	NA	NA
2358	2.4875289994335	1.38031632111558	1.1442742431553	1.20628103741058	0.227709146688362	0.905056790956463
2359	13.3109309188047	2.21041718799396	0.864005859967381	2.55833587526526	0.0105174453799219	0.905056790956463
2360	1.78657059088845	0.276242254041017	1.14465123453531	0.241333120261005	0.809296943096807	0.932484122701149
2361	1.75228325174739	0.327046558325354	1.16364219625926	0.281054227301746	0.778668807948521	0.927007390915251
2362	2.87515817429027	0.569756707907227	1.1336988370798	0.502564428287511	0.615270544010835	0.905056790956463
2363	0.775500669652217	0.265710541477346	0.975988203364147	0.272247697832273	0.785431568803623	0.9286690374246
2364	0.886034082942315	0.356115473631872	0.913601194189703	0.389793135009768	0.696689520525138	0.912097229333043
2365	1.19053158046599	0.416223054912767	0.942392261189075	0.441666461042022	0.658730582924486	0.905730264136523
2366	0.761243743809186	0.213059072088144	0.910922230100683	0.233893811181438	0.815067417931941	0.935162599217318
2367	0.96902305973041	0.338374350916994	0.914696642649453	0.369930679899382	0.711434141235208	0.914210746716922
2368	1.76217570881601	0.74597651378987	1.16255515100793	0.64166978499309	0.521087611555379	0.905056790956463
2369	1.8728685943936	-0.23922657743775	1.16416135175489	-0.205492629588788	0.837187255968683	0.944106214042651
2370	3.15717757848617	1.5882121159572	1.15938647759006	1.36987289972409	0.170726580643066	0.905056790956463
2371	2.6788544785237	1.02651823800044	1.14511736854871	0.896430589731967	0.370022835864999	0.905056790956463
2372	2.2492476972919	0.501409581367871	1.16079161393643	0.431954861964853	0.665774219829935	0.906752148992921
2373	0.540262944102284	0.205912986288192	0.943463510128294	0.21825219955798	0.827232615869191	0.942024069586858
2374	1.70305389307168	0.178315372076833	1.09097094170555	0.16344649088276	0.870166900575618	0.955302506217267
2375	1.21084211600736	0.30311526165445	1.14592693637403	0.264515347386436	0.791382840333011	0.9286690374246
2376	0.304497497523674	-0.00476257312255688	0.899810281474357	-0.00529286364093696	0.995776925536291	1
2377	0.373757269497416	0.104810272236251	0.902808757473078	0.116093548460485	0.90757840182444	0.965364304944372
2378	0.29076829270932	0.118197902780855	0.900576879735805	0.131246876796937	0.895580014329501	0.960722483193289
2379	4.29455492603286	1.03889943072035	1.15492755311359	0.899536449640983	0.368366989976581	0.905056790956463
2380	0.982752264544764	0.287636826250416	0.914657952286173	0.314474744937681	0.753160494851759	0.919059943421892
2381	1.34543888533581	0.459798636627063	1.06001147380093	0.433767603456539	0.664457209260174	0.905730264136523
2382	3.46940314554846	1.26451739652813	1.08955689302414	1.1605795022033	0.245812945264173	0.905056790956463
2383	3.25405523237611	0.729665276040576	1.16039970567836	0.628805119882396	0.529476647747187	0.905056790956463
2384	3.59988094526329	1.08110207719712	1.12380556302892	0.962001001564097	0.336049100827765	0.905056790956463
2385	8.29735536346416	2.08167815844001	0.940034188724794	2.21447068990535	0.0267964167979304	0.905056790956463
2386	0.595265790232995	0.247911173957115	0.907439045934768	0.273198706918918	0.784700473915494	0.9286690374246
2387	2.75150930408779	0.809994362634678	1.13108022135902	0.716124592525766	0.473914419780199	0.905056790956463
2388	5.99568993073533	1.27051238131102	0.942938814796558	1.34739641785256	0.177852593679634	0.905056790956463
2389	4.92868447089143	1.18049989874756	1.00142304295821	1.17882238385524	0.238468909212434	0.905056790956463
2390	1.53695318991509	0.456023963830036	1.07123807698218	0.425698053148665	0.670327880863416	0.908502468170408
2391	2.80323984620854	0.677974355364068	1.14169750587165	0.593830109882263	0.552625748133944	0.905056790956463
2392	3.34049383680171	0.569858334035069	1.10305849866965	0.51661660258486	0.605423823588963	0.905056790956463
2393	0.0829889767880956	0	0.8934140914151	0	1	1
2394	0.443017041471157	0.190837799117265	0.904861489647028	0.210902774955875	0.832963138729094	0.942024069586858
2395	0.913492492571023	0.247119793063274	0.913536626401713	0.270508905632654	0.78676876652747	0.9286690374246
2396	5.27644794351487	0.65800046396957	1.00665355310998	0.65365135993086	0.513336446868621	0.905056790956463
2397	5.16932533553063	1.176477699687	1.00048925470952	1.17590238390774	0.239633886150726	0.905056790956463
2398	8.16606552122822	0.688442669306855	0.86188319285227	0.798765627426334	0.424426324833181	0.905056790956463
2399	0.806231383290882	0.443824922973398	1.06686763863972	0.41600748480785	0.677404526232503	0.912097229333043
2400	2.78521751840943	0.93937533057705	1.13163491630439	0.830104583238555	0.406479656013632	0.905056790956463
2401	2.90220951284615	1.17066504748588	1.1288476860946	1.03704429030275	0.299715216414895	0.905056790956463
2402	6.44307354060545	0.370636124185984	0.933862311797442	0.396885193356401	0.691452123405009	0.912097229333043
2403	4.96097741521074	0.91641571426732	0.99816789702893	0.918097763908309	0.358567685428937	0.905056790956463
2404	1.34871118934577	0.641989525266581	1.06778073540865	0.601237224064437	0.547681994684369	0.905056790956463
2405	1.64266575919175	0.924234001451549	1.14762637121342	0.805343990548363	0.420621203058734	0.905056790956463
2406	0.691983971835444	0.157898621573121	0.909079525920826	0.173690658595773	0.8621085792963	0.949596855175955
2407	0.691983971835444	0.157898621573121	0.909079525920826	0.173690658595773	0.8621085792963	0.949596855175955
2408	2.89934218028447	1.6526487217656	1.14113788237857	1.44824630510105	0.147548178617949	0.905056790956463
2409	4.28617745651704	1.60714283458506	1.05285240180055	1.52646546831881	0.126893983991612	0.905056790956463
2410	10.7159235935	2.0380296235441	1.02033010470059	1.99742182863667	0.0457793785018936	0.905056790956463
2411	3.13495025420014	1.60796888392561	1.15280886355601	1.39482696113698	0.163068026543525	0.905056790956463
2412	4.72731126169422	2.22589572568309	1.12839666433809	1.97261813689318	0.0485390850553617	0.905056790956463
2413	0.747514538994832	0.276666074612693	0.911053337706125	0.303677142887474	0.761373873449879	0.921693462027093
2414	0.91676479658098	0.515269451650666	0.998648569465884	0.515966744864264	0.605877635825147	0.905056790956463
2415	3.53507166893726	0.856666717865788	1.08431457671896	0.790053676542822	0.429496421485165	0.905056790956463
2416	5.65509320356628	1.6029329924751	0.969559658123967	1.65325875416131	0.0982782134382289	0.905056790956463
2417	2.16682316423959	-0.188795145493844	1.15930140617559	-0.162852511424668	0.870634561956829	0.955302506217267
2418	0.933803028112391	-0.112752103502631	1.12594837572544	-0.100139674192421	0.920233438167712	0.970245224726768
2419	1.10807032470657	0.637766447108833	1.03244203503706	0.617726153590734	0.536755868920318	0.905056790956463
2420	3.85933412963357	-0.0141614623359809	1.05194664308285	-0.0134621488923422	0.989259083672949	1
2421	1.22126229410465	0.620789615285748	1.0440285442951	0.594609810888734	0.552104320514671	0.905056790956463
2422	6.89458669111481	0.266274604108983	0.873928457909867	0.304686958868257	0.760604582962764	0.921693462027093
2423	4.27084513765205	1.85385558736788	1.04741098256425	1.7699409479451	0.0767369785074531	0.905056790956463
2424	1.2179899900947	0.329529685412164	0.946428342372515	0.348182393382362	0.72770320955259	0.915024114914031
2425	2.27339708020355	0.770417931261093	1.1556920740504	0.666629068901525	0.505009096457062	0.905056790956463
2426	6.92444030635066	0.171554117341598	0.844650799792257	0.203106558809619	0.83905174538749	0.945478283042784
2427	4.52958387512911	1.38464759366124	1.13810509231145	1.21662542678644	0.223746763938144	0.905056790956463
2428	1.16625944797394	0.737328261003361	1.10712337791473	0.665985630609773	0.505420285070754	0.905056790956463
2429	2.01642302868917	1.13757807690199	1.15917857858499	0.981365682490986	0.326412442978939	0.905056790956463
2430	5.12284157986319	1.21344953165501	1.13820590619876	1.06610721754866	0.286375177316115	0.905056790956463
2431	3.85032404084872	1.02980280405058	1.11196627362099	0.926109746743616	0.354388949236456	0.905056790956463
2432	7.02077337827835	0.815395246524845	0.991686525341831	0.822230841791242	0.410945528667657	0.905056790956463
2433	0.373757269497416	0.104810272236251	0.902808757473078	0.116093548460485	0.90757840182444	0.965364304944372
2434	6.10961001540578	0.691323335972985	1.02956225649885	0.671473076649013	0.501919205308122	0.905056790956463
2435	1.67526395740889	0.699764358653747	1.09363014041048	0.639854675540579	0.522267082774774	0.905056790956463
2436	1.81983711105471	0.608036147600776	1.16277590803017	0.522917737976559	0.601031500246144	0.905056790956463
2437	2.5359704658018	1.04834265178022	1.14499940826357	0.915583575165391	0.35988534931158	0.905056790956463
2438	0.861234229421593	0.393647797849419	0.991183175766121	0.39714939425314	0.691257297363543	0.912097229333043
2439	3.2382497665296	1.17694579773989	1.11514941943396	1.05541533468878	0.291235412573701	0.905056790956463
2440	2.66589849389881	0.295688768832165	1.13256492503934	0.26107886823521	0.794031687394104	0.9286690374246
2441	1.5539914214465	0.011360130369523	1.15887023878524	0.00980276306123018	0.992178651964753	1
2442	1.22404359979303	0.0942897000125419	1.11054369834253	0.0849040881086158	0.932337641685112	0.977176512131033
2443	4.23191320749324	0.339529004642327	1.07248725341951	0.316580923045729	0.751561612978447	0.918064821977451
2444	1.41469865730955	0.520495139017799	1.06786363841061	0.487417232215619	0.625962684157917	0.905056790956463
2445	7.11406715308886	0.686142377009481	1.0609280954426	0.646737870320262	0.517801608878448	0.905056790956463
2446	0	NA	NA	NA	NA	NA
2447	4.79482629866989	0.00633661094396663	1.01492937278665	0.00624340088470242	0.99501851919028	1
2448	8.00833078572592	0.450249910244609	0.870882475409447	0.517004214642077	0.605153216711655	0.905056790956463
2449	0.803572827182896	0.557320775037721	0.99025462893978	0.562805523700928	0.57356731857326	0.905056790956463
2450	1.36182664625815	0.196645947384841	1.07573024976726	0.182802284706028	0.854953155884374	0.946772133304834
2451	1.89847839081089	0.722029108236434	1.1538006097493	0.625783261107233	0.531457112511064	0.905056790956463
2452	2.17433928706811	1.11526846221481	1.13841165768069	0.979670626780977	0.327248729768095	0.905056790956463
2453	0.138519543947483	0.0454418622127057	0.897504263602248	0.0506313608253168	0.959619272541021	0.987420893184412
2454	0.498547608630545	0.343918351660414	0.9064214091196	0.37942434743952	0.704372773230197	0.912280267928552
2455	5.10119128077203	1.8183858365283	1.10492901677082	1.64570375918135	0.099824764705335	0.905056790956463
2456	0.595793511261672	0.373914655780625	0.957014620063976	0.390709449930482	0.696012012981268	0.912097229333043
2457	1.07219982247948	0.609011923922733	1.10325315811943	0.552014666299108	0.580938304956049	0.905056790956463
2458	4.18389876316237	1.42343758497438	1.14140001350999	1.24709792196084	0.212361594819216	0.905056790956463
2459	0.942006344257085	0.336927048261074	1.00334179396364	0.335804857614936	0.73701802683572	0.916019906911484
2460	1.33022931605122	0.542613111467897	1.12539076819699	0.482155289346499	0.629695635744467	0.905056790956463
2461	0.67825476702109	0.228224397057415	0.909378776125165	0.250967367008357	0.801839339245663	0.929529847567444
2462	4.65291170113205	2.25815702328458	1.11054396964576	2.03337921325609	0.042014225778583	0.905056790956463
2463	4.84600916879736	0.210319422189752	0.978726706828034	0.214890858420916	0.829852412328186	0.942024069586858
2464	3.37006313054513	0.678758854606429	1.09472386446178	0.620027457737153	0.5352397097985	0.905056790956463
2465	0.82589144822318	0.344809178770764	1.06321281047464	0.324308713527289	0.745704323450191	0.916796708253923
2466	3.2265968227474	0.8144123939942	1.16025874065948	0.701923084441748	0.482727131816787	0.905056790956463
2467	0.553992148916638	0.10968308646766	0.937134296051893	0.117040948058085	0.906827604595025	0.965364304944372
2468	2.5027385687181	1.5848239012536	1.15538767511297	1.37168150170777	0.170162609468499	0.905056790956463
2469	1.98900134176756	0.484399286292126	1.16157876347089	0.417018028846104	0.676665220689303	0.911871997442393
2470	1.05225753567929	-0.266702025067029	1.0200359213613	-0.261463365634319	0.793735197134122	0.9286690374246
2471	3.70638560609647	1.80535348913725	1.12334063321887	1.6071291607819	0.108026037624687	0.905056790956463
2472	1.12498580665759	0.611732714102241	1.10802171030779	0.552094519819751	0.580883596380316	0.905056790956463
2473	2.14582543538204	0.831981765058368	1.07011261672359	0.777471223174327	0.436880805983243	0.905056790956463
2474	0.348957415976694	-0.00453101146418192	0.930239960633013	-0.00487079856373686	0.996113680394167	1
2475	2.54969967061616	1.00897173604112	1.14545497172306	0.880848013190229	0.378400088535311	0.905056790956463
2476	7.13927826064332	0.510994557684619	0.881135607184206	0.579927259230364	0.561963672289113	0.905056790956463
2477	7.88130783292468	2.71242443084093	1.06667906037327	2.54286835807178	0.0109946643243432	0.905056790956463
2478	2.65065957141262	1.30899004914999	1.15856390197445	1.12983845510737	0.25854430104276	0.905056790956463
2479	4.7322894783706	2.06762320169086	1.0641382934566	1.94300234697379	0.052015874744875	0.905056790956463
2480	3.73892821023945	1.26800513359543	1.10472434506324	1.14780229046445	0.251050191567245	0.905056790956463
2481	4.81316757104399	1.77484132200073	1.11413523526391	1.59302144463667	0.111155380350727	0.905056790956463
2482	4.30064315881376	1.30490389988739	1.0350332613928	1.26073619907774	0.207403907237051	0.905056790956463
2483	3.98205030735909	1.39493372975014	1.12650876219988	1.23828040806897	0.215612105734633	0.905056790956463
2484	2.40096872502506	0.448725864199866	1.16253052455737	0.385990608178412	0.699503624437344	0.912280267928552
2485	0.512276813444899	0.261655481921597	0.906366431288591	0.288686201175388	0.772821523195321	0.926042177835687
2486	0.608994995047349	0.171369175197221	0.907289767060489	0.188880313014482	0.850186623776507	0.945478283042784
2487	11.44506330767	1.56515799352807	0.856058544294714	1.82833055514628	0.0674999567455955	0.905056790956463
2488	4.02415174291207	0.774585037874005	1.0936320477531	0.708268415748618	0.478778586998512	0.905056790956463
2489	6.3647333540842	1.58640254297843	1.03312029776022	1.53554484063251	0.124650051431312	0.905056790956463
2490	1.26838076866566	0.475470508827402	1.06144666810291	0.44794573586744	0.654192359600826	0.905730264136523
2491	2.93964640641677	1.78460921796673	1.15117942678033	1.55024418995916	0.121082917109119	0.905056790956463
2492	7.04826641098962	1.04790935775	0.895081683756924	1.17074159461248	0.241702660545538	0.905056790956463
2493	5.11961965065129	1.18876897226635	1.01047781177299	1.17644242992384	0.239418124951371	0.905056790956463
2494	3.40369999907711	1.10440824641483	1.1190601737717	0.986906935212	0.323688264061502	0.905056790956463
2495	4.44287880055113	0.380596450017121	1.03788505739115	0.366703853482385	0.713839931852861	0.915024114914031
2496	1.89200093829722	-0.459763983756275	1.16395298195684	-0.39500219586475	0.692841267412782	0.912097229333043
2497	9.41410430152637	0.98266618693197	0.840369222909988	1.16932671990205	0.242272021714354	0.905056790956463
2498	10.3326274345915	2.47963341443547	0.92127560354168	2.69152184742867	0.00711268395089393	0.905056790956463
2499	2.25627282179885	0.772497670112969	1.07926678439615	0.715761553381987	0.474138595916441	0.905056790956463
2500	4.07799316914753	0.905449355065534	1.04752691662092	0.864368581559991	0.387385446530192	0.905056790956463
2501	5.16589145960863	0.788198459984887	0.986797712058917	0.798743704360988	0.424439039337752	0.905056790956463
2502	1.68225025958418	1.10473062415245	1.15467180780775	0.956748590103604	0.338694166392991	0.905056790956463
2503	1.09965823210819	0.447431741006713	1.10670094163929	0.404293268553615	0.685997074907166	0.912097229333043
2504	3.48598183158444	0.195513357350222	1.0733413440837	0.182153942385523	0.8554619168694	0.947000187545867
2505	5.10332211585134	1.67820093990442	1.11148271563712	1.50987587687537	0.131075099134961	0.905056790956463
2506	4.94890580930309	2.32662572727432	1.13643907785586	2.04729472314874	0.0406291557052231	0.905056790956463
2507	4.61433333863078	1.40392588168945	1.05822775364578	1.32667648986967	0.184615721233028	0.905056790956463
2508	1.82089255311206	0.77776456403556	1.16267905392406	0.66894175259337	0.503532634777889	0.905056790956463
2509	5.44311099078269	2.43166159979743	1.06678019091769	2.27944015130766	0.0226409138372956	0.905056790956463
2510	18.5029168742786	1.08618834070994	0.932015945162435	1.16541819520119	0.243849755712721	0.905056790956463
2511	0.961138688160706	0.248185980993809	1.08883471659242	0.227937240805953	0.81969503069335	0.938005952843383
2512	5.11173210882517	0.819920441350424	0.979182539289609	0.837351983364891	0.402394747402782	0.905056790956463
2513	3.61936368656804	1.33171259524506	1.13927061358568	1.16891683096582	0.242437141638478	0.905056790956463
2514	6.3773703941341	1.98598029153463	1.08630890548922	1.82819111718525	0.0675208736903711	0.905056790956463
2515	2.86090124844724	0.556280385001264	1.14505643044016	0.485810454588192	0.627101561225697	0.905056790956463
2516	0.33522821116234	0.110746249335256	0.901729150856275	0.122815425485682	0.902253258966068	0.963277402232811
2517	1.28737251164883	0.134788047081889	1.04112663506562	0.129463643078725	0.896990791421915	0.960722483193289
2518	2.10124066772408	0.460895170933819	1.15772431650271	0.398104422930413	0.690553214252442	0.912097229333043
2519	5.22295271543144	0.232182897062919	0.948883124722259	0.244690722190765	0.80669591232744	0.931370629261133
2520	1.92975677644283	0.333672952065017	1.15177031444409	0.289704420994795	0.772042373843323	0.926042177835687
2521	0.279697644002952	-0.141596885952733	0.924109661623126	-0.153225198083125	0.878220687106609	0.957609560408077
2522	1.42075226700789	0.178200576827478	1.12777812776151	0.158010314653985	0.874448670906142	0.956771073628469
2523	1.49567954859873	0.445897939230929	1.12474536698151	0.396443454955133	0.691777914121743	0.912097229333043
2524	2.58148582631217	1.48151870359584	1.16033319454431	1.27680455110798	0.201671258395838	0.905056790956463
2525	6.71740164857469	0.409417385792781	0.915614657370967	0.447150318637705	0.654766529763011	0.905730264136523
2526	2.98231228570552	0.283658781120505	1.14117153502265	0.24856804819871	0.803694926706363	0.930127021439858
2527	2.38681678661345	-0.518255118258209	1.14749952442716	-0.451638634462115	0.651529332813476	0.905730264136523
2528	0.927749418414054	0.329411570034424	1.00018276665899	0.329351375583876	0.741890116026662	0.916019906911484
2529	2.0710376751141	0.457330640927894	1.16028711009741	0.394152996226512	0.693468086013774	0.912097229333043
2530	5.84293233231187	2.15492989291576	1.02968728184742	2.09280033938991	0.0363669815182486	0.905056790956463
2531	3.02675645244304	0.995464731756131	1.14551397371459	0.86901142596114	0.384840881208476	0.905056790956463
2532	3.43229987763647	1.37428645693552	1.10780322668836	1.24055105078884	0.214771644109797	0.905056790956463
2533	2.70300386143535	1.4202635273047	1.16176374913643	1.22250632141037	0.221516214842794	0.905056790956463
2534	3.38465368204679	1.38466161401784	1.13189948946632	1.22330792345414	0.221213415598596	0.905056790956463
2535	4.12399952797948	1.76266097305366	1.06157809012281	1.66041574280207	0.096830845271919	0.905056790956463
2536	4.69112181489214	0.00101954944135389	1.11342960412848	0.000915683791389696	0.999269390142373	1
2537	4.82114323936795	1.54665155972989	1.09749700098851	1.40925356364239	0.158760204407099	0.905056790956463
2538	4.50976223828477	1.2921998701873	1.0623941552944	1.21630928007997	0.223867127711906	0.905056790956463
2539	2.42818163549298	1.04313274391826	1.14787911032859	0.908747911284544	0.363483207583174	0.905056790956463
2540	9.6616076481286	0.620583341073287	0.892122396939569	0.695625783190963	0.486663215011691	0.905056790956463
2541	2.05180253259468	0.448292801587269	1.16299324365217	0.385464665451957	0.699893180603038	0.912280267928552
2542	2.12433460857838	0.739745363467954	1.16262821459624	0.636269922044561	0.524600505786389	0.905056790956463
2543	8.84350824572819	-0.0339833916846023	0.962781423408991	-0.035297099485234	0.971842836166742	0.996150593492702
2544	0.930494001395334	0.452998821903361	1.00181621804285	0.452177568844255	0.651141066299678	0.905730264136523
2545	2.70059080448815	0.651905674559973	1.16359574342634	0.560250996312827	0.575308247260318	0.905056790956463
2546	2.17340659459115	0.56451777597214	1.11918484632936	0.504400839435606	0.613979728283681	0.905056790956463
2547	0.941564650101702	0.44243509196333	0.914354173968622	0.483877150188974	0.628473057664364	0.905056790956463
2548	3.70052190148477	0.792879282497428	1.08883761838968	0.72818872998716	0.466498063794549	0.905056790956463
2549	1.10872079531564	0.422736709538896	1.10830271453192	0.381427117335389	0.702886342436509	0.912280267928552
2550	3.86848798959528	1.51755597797556	1.0680915753862	1.42081073659516	0.15537178855581	0.905056790956463
2551	8.17967827533582	1.76905501561469	1.05878120937508	1.67084096312857	0.0947530950605696	0.905056790956463
2552	0.747514538994832	0.276666074612693	0.911053337706125	0.303677142887474	0.761373873449879	0.921693462027093
2553	10.4034567681652	1.5241026716377	0.831555037094316	1.83283439297456	0.0668272027691867	0.905056790956463
2554	2.88610607341624	1.11265117445334	1.14440132970122	0.972256100701865	0.330923157328347	0.905056790956463
2555	2.9112920270182	0.563076681734538	1.13913258756038	0.494303023092727	0.621092190444487	0.905056790956463
2556	7.3767716704775	0.986001106186067	0.908257180812583	1.08559681884808	0.277657407821312	0.905056790956463
2557	3.23369227301701	1.23788082513995	1.13604816937521	1.0896376214582	0.27587280389405	0.905056790956463
2558	2.78280656108678	1.23198959202278	1.15216719203664	1.06928022299007	0.284943419411203	0.905056790956463
2559	1.04199682986949	0.613778931916316	1.10014741550313	0.557906079918951	0.576908519608379	0.905056790956463
2560	2.67633652333616	1.55010578756383	1.15552032293595	1.34147860214636	0.17976511250267	0.905056790956463
2561	38.343531064078	1.18949075364083	1.10833833507427	1.07321989684776	0.283172465489892	0.905056790956463
2562	2.81251855537519	0.641996033966264	1.16258036472952	0.552216477624435	0.580800046324658	0.905056790956463
2563	1.27404827828276	0.630227905050635	1.05216162634408	0.598983929152095	0.549183601447778	0.905056790956463
2564	1.13880103834524	0.879052590630897	1.10424133860117	0.796069264844284	0.425991777331095	0.905056790956463
2565	1.19053158046599	0.416223054912767	0.942392261189075	0.441666461042022	0.658730582924486	0.905730264136523
2566	12.9225599855503	0.0797850003558191	1.00015852015043	0.0797723548301311	0.936418311883862	0.977627519002861
2567	6.59090114692117	0.0313101741702434	0.925530901235348	0.0338294206367959	0.973013175091805	0.996672200667992
2568	2.3219392455631	-0.33305203204684	1.14936486753417	-0.289770499738143	0.77199181783178	0.926042177835687
2569	3.60644232502571	1.10226169018766	1.07136970852442	1.02883410032732	0.303557639608312	0.905056790956463
2570	5.66491431484525	0.315431651925504	0.964167030474874	0.327154571724099	0.743550978406858	0.916019906911484
2571	6.54848291702263	0.0121001223342697	0.934942673832005	0.0129421008078234	0.989673985846295	1
2572	11.0425781401519	0.900430551181661	0.880649866736881	1.0224614630535	0.306562543088856	0.905056790956463
2573	14.9078357514322	-0.173335380932649	1.00600192156262	-0.172301242390678	0.863200707674064	0.950308614458462
2574	3.18423101666659	1.0204129730747	1.15512044283344	0.88338231688783	0.377029741621433	0.905056790956463
2575	0.608994995047349	0.171369175197221	0.907289767060489	0.188880313014482	0.850186623776507	0.945478283042784
2576	6.9875803035263	1.29787350194294	1.01620502661737	1.27717681761835	0.20153982948933	0.905056790956463
2577	8.04500913122503	1.96263972234581	0.914877019668176	2.1452497769128	0.0319328816762528	0.905056790956463
2578	2.05761064313223	0.972229401374356	1.16011922828288	0.838042657747668	0.402006746088239	0.905056790956463
2579	1.88304327333011	0.860770421971234	1.11125721739738	0.774591524352209	0.43858106716639	0.905056790956463
2580	4.03152516519559	0.683741615587093	1.03397677949505	0.661273666049831	0.508436826339123	0.905056790956463
2581	1.15571652029625	0.709684246945765	1.11801952416636	0.634769099828498	0.525579019153903	0.905056790956463
2582	1.99700846291766	0.306285734894234	1.16365463943948	0.263210169506795	0.792388592957566	0.9286690374246
2583	2.54834205572631	0.606917794868159	1.16347754508158	0.5216411760019	0.601920188468811	0.905056790956463
2584	8.91218997248007	0.284883520892148	0.992004830533572	0.28717957022338	0.773974828373082	0.926042177835687
2585	4.89300489377797	0.33710628208071	0.968343090496025	0.34812690397577	0.72774488011524	0.915024114914031
2586	1.80570293479207	0.15304511973586	1.14953098434581	0.133137011372474	0.894085024839703	0.960722483193289
2587	5.19241609716282	1.50334418625754	0.993507844907869	1.51316790699016	0.130237013971633	0.905056790956463
2588	2.05761064313223	0.972229401374356	1.16011922828288	0.838042657747668	0.402006746088239	0.905056790956463
2589	3.88017448582816	0.688064264211681	1.11912527678179	0.614823271788044	0.538671438746018	0.905056790956463
2590	5.36238818011339	0.799028325758821	1.02194612365308	0.781869324874573	0.434291374157639	0.905056790956463
2591	16.809125938658	1.40721492246577	0.8654594097459	1.62597449010224	0.103955082205474	0.905056790956463
2592	4.55112507673083	2.24044043070574	1.0726948605448	2.08860927101662	0.0367429099504567	0.905056790956463
2593	8.00368301548607	3.13434360926125	1.02065656053402	3.07090918773041	0.00213408047310014	0.905056790956463
2594	4.23967482948255	0.772568298272716	1.12726003036373	0.685350564610572	0.493122731187679	0.905056790956463
2595	3.98952760785597	0.0926427772834921	1.03727499230771	0.089313613044292	0.928832675661545	0.975846720707356
2596	4.1362683192882	1.08532873991602	1.05860176548774	1.025247430431	0.305246453555885	0.905056790956463
2597	4.69740834229217	1.59823557690362	1.06525592091563	1.50033015120899	0.133528902930277	0.905056790956463
2598	4.13871282906153	-0.0168731689695952	1.05059367935411	-0.0160606039244102	0.987186042972327	1
2599	7.1833520790151	0.848147660341413	0.85958047853519	0.986699537182069	0.323789957026916	0.905056790956463
2600	3.84622394260215	1.9641372152206	1.09561643951579	1.79272338783877	0.0730171649198302	0.905056790956463
2601	2.53343465927421	0.743774279059183	1.13693499709699	0.654192439284841	0.512987832042288	0.905056790956463
2602	0.443017041471157	0.190837799117265	0.904861489647028	0.210902774955875	0.832963138729094	0.942024069586858
2603	2.05106603511232	0.465383543131154	1.15320455513107	0.403556802702935	0.686538656524186	0.912097229333043
2604	4.62561276379084	1.18736007626122	1.05252672264343	1.12810444686778	0.259275811358327	0.905056790956463
2605	2.84414523878372	-0.343955350838684	1.14270009367184	-0.30100229512842	0.763412744381751	0.922589352520328
2606	3.11537621614113	1.47695327334692	1.15856971188008	1.27480742695248	0.202377411300818	0.905056790956463
2607	7.98421494629927	1.29125777472076	0.896733482584543	1.43995713308164	0.149879527348536	0.905056790956463
2608	1.73038955311999	0.362300137612204	1.08693816511454	0.33332175577258	0.738891418734881	0.916019906911484
2609	7.16378224020519	1.0825405665278	1.06173974220425	1.01959126469201	0.307922349557243	0.905056790956463
2610	0.982997763705553	-0.357698587387227	1.01126694677766	-0.35371331825589	0.723553740532536	0.915024114914031
2611	5.94554675094971	1.50818642848501	1.08332943502742	1.39217709749281	0.163868776258618	0.905056790956463
2612	0.207779315921225	0.153934422923949	0.899049142558934	0.171219142132554	0.86405145649996	0.950426868789444
2613	3.41818247311633	0.645706610082767	1.0886355280539	0.593133875795017	0.553091561071694	0.905056790956463
2614	8.30541495903686	1.03222632592251	0.845958647096701	1.22018532402864	0.222394629034185	0.905056790956463
2615	8.34880578334157	2.23739020680192	1.06929459288337	2.0923983172577	0.0364028992048806	0.905056790956463
2616	5.22467857906247	1.5142049987199	1.01952238467647	1.4852101547534	0.137488162852778	0.905056790956463
2617	3.67288616822852	1.15713587594255	1.12873281841905	1.02516366766343	0.305285968306922	0.905056790956463
2618	2.1792147051287	1.01289808205418	1.13747382558563	0.890480342730242	0.373208018871578	0.905056790956463
2619	1.12986122471818	0.341575290077638	1.04370892012099	0.327270643656128	0.743463193928217	0.916019906911484
2620	2.87042335715013	1.0123148784338	1.12648047586052	0.898652839642419	0.368837604265161	0.905056790956463
2621	15.4265691132923	1.08715199565725	0.813982512199035	1.33559625589527	0.181681274582783	0.905056790956463
2622	5.95679262365907	0.429433148028985	0.90743964292819	0.473236045367447	0.636044784191155	0.905730264136523
2623	3.8712346722011	0.421985271078962	1.11001701890184	0.380161082121461	0.703825846303154	0.912280267928552
2624	9.53099031812519	1.15220606800627	0.898622556126218	1.28219134958419	0.199775529987705	0.905056790956463
2625	0.62325192089038	0.200932945395659	0.951791266190249	0.211110305939176	0.832801198483761	0.942024069586858
2626	3.51002631625575	1.88606732911114	1.12070088733253	1.6829355186827	0.0923875747508577	0.905056790956463
2627	2.00216610284614	0.918963555201323	1.13094321334126	0.812563835531882	0.416468173166832	0.905056790956463
2628	5.54074299349505	1.7785459583501	1.00523386938117	1.76928574784789	0.0768462006338919	0.905056790956463
2629	1.7474277846514	-0.190493541236211	1.16161217973885	-0.163990654160528	0.869738501108523	0.955302506217267
2630	5.59562309004536	-0.121768114182409	0.939163733379458	-0.129655894765274	0.896838678803062	0.960722483193289
2631	1.6346040639945	0.941230935711415	1.10311469348892	0.85324848020517	0.393521523771388	0.905056790956463
2632	1.16298714396399	0.394543985115029	1.03454595760552	0.381369220201885	0.702929297057872	0.912280267928552
2633	0.539735223073607	0.0956846938731382	0.905450201396456	0.105676373726093	0.915839126401857	0.96744209105867
2634	1.19053158046599	0.416223054912767	0.942392261189075	0.441666461042022	0.658730582924486	0.905730264136523
2635	0.443017041471157	0.190837799117265	0.904861489647028	0.210902774955875	0.832963138729094	0.942024069586858
2636	6.03092571406886	1.18698002086022	0.971823210084766	1.22139501150285	0.221936495051544	0.905056790956463
2637	2.16499450199277	0.408205223012074	1.15792864956085	0.352530549414153	0.724440411967692	0.915024114914031
2638	4.49390219839111	1.46196896579091	1.06518264065118	1.37250543709308	0.169906147459935	0.905056790956463
2639	4.19447841354716	0.808591774712041	1.15640604624945	0.699228248878955	0.484409399252848	0.905056790956463
2640	4.08705783197953	1.88293900021917	1.15353043434941	1.63232711001782	0.102610595139091	0.905056790956463
2641	8.48107132334703	1.87747393115215	0.9115542808574	2.05964029853078	0.0394329407159687	0.905056790956463
2642	0.54566608319155	0.107731739757519	0.943820043726646	0.114144365203501	0.909123353676736	0.965805367637916
2643	42.6674337578387	0.710396703498329	1.08330565925545	0.655767555009894	0.511973695111985	0.905056790956463
2644	5.4358015447833	1.57696008326276	0.979957317429582	1.6092130291951	0.107569768391744	0.905056790956463
2645	4.71530792051089	1.4735962427707	1.14304305110719	1.28918700073748	0.197333083139415	0.905056790956463
2646	7.07348591704226	1.54035728792909	1.04179850648668	1.47855586117486	0.139259056892931	0.905056790956463
2647	15.6838747414456	0.421848201582844	0.974556125426241	0.432861885094961	0.665115111391924	0.906376445006732
2648	1.80663562726903	0.765685287527295	1.163009413881	0.658365511395286	0.51030329129569	0.905056790956463
2649	0.831558957840281	0.493295578243432	0.996973752711548	0.494792944048705	0.620746285555643	0.905056790956463
2650	2.97719136848414	1.51527169823598	1.14484071006092	1.32356552743076	0.185647380301649	0.905056790956463
2651	0.970201251368159	0.276459374169627	1.09154064859184	0.253274465340598	0.800056126656039	0.929529847567444
2652	4.26480937929376	0.51265703833062	1.02082188878349	0.50220027995437	0.615526646041308	0.905056790956463
2653	2.54772620819979	1.65584988770437	1.15329135744255	1.43576025001717	0.15107057433944	0.905056790956463
2654	1.41216285078196	0.304065415245761	1.05630921002094	0.287856446162895	0.773456627303014	0.926042177835687
2655	2.92071235713229	1.08805058544634	1.1546867326619	0.94229071372289	0.346043821219992	0.905056790956463
2656	1.03840558128455	0.134776935229364	1.0101101602155	0.133427957204796	0.89385493642652	0.960722483193289
2657	3.11379095343055	0.3980920221929	1.111223540241	0.358246570358438	0.720158798710217	0.915024114914031
2658	3.08469797692507	0.42338158536265	1.12065433214491	0.377798553236576	0.705580248558761	0.912280267928552
2659	2.75800670756606	1.40411059534036	1.16230693486474	1.20803769918464	0.227032761713348	0.905056790956463
2660	2.40922661521691	0.972713701493581	1.16175327767866	0.837280789460902	0.402434754884455	0.905056790956463
2661	7.06838075153639	0.427313401120497	0.865479279892136	0.493730365415279	0.621496617143617	0.905056790956463
2662	11.6591291509913	1.46965908132936	0.825864910274285	1.7795393205909	0.0751513843571778	0.905056790956463
2663	1.03828283170415	0.371442709921163	0.91567326959224	0.405649834123224	0.684999907095084	0.912097229333043
2664	10.8801054082874	0.957026798773074	0.839676941483102	1.13975596028956	0.254387986014098	0.905056790956463
2665	4.97092752739185	1.1272020923934	0.99543155041344	1.13237529182718	0.257476688100045	0.905056790956463
2666	4.40348522527233	1.28071978598931	1.15224383184108	1.11150066556915	0.266352903723456	0.905056790956463
2667	8.52666642814525	0.482275147256433	0.93715201387446	0.514617842267197	0.606820094590017	0.905056790956463
2668	2.59162378254158	0.825373104200943	1.16069015744698	0.71110545644361	0.477018888991568	0.905056790956463
2669	4.7935967032414	0.17621237682568	0.984328868557219	0.179017788113808	0.857923734419427	0.948418888836832
2670	8.6788774252073	1.09880708200614	0.854765637664066	1.28550684958394	0.198615224721782	0.905056790956463
2671	2.41853467758515	-0.0395671422763729	1.1461414130264	-0.0345220422424972	0.972460865654729	0.996464547865152
2672	6.09610425916307	0.683809667738956	0.927134334812658	0.737551875777668	0.460786808512332	0.905056790956463
2673	3.89239397297069	1.53502129851829	1.15585119278768	1.32804404935218	0.184163555357093	0.905056790956463
2674	2.35564955950928	0.813105778424052	1.13832462221304	0.71430043992484	0.475041420257856	0.905056790956463
2675	5.91625757944963	1.198764302149	1.00622400658995	1.19134933603061	0.23351647338902	0.905056790956463
2676	10.5226289018474	0.735146285316456	0.814306204895712	0.902788509895495	0.366638150471612	0.905056790956463
2677	4.19868239000709	1.225384061017	1.13734273423236	1.07740967092392	0.281297285532363	0.905056790956463
2678	8.36733695183663	1.6663254472922	0.869162787272427	1.91716151645356	0.055217415417758	0.905056790956463
2679	6.58848817916505	-0.278655293194353	0.829225495693577	-0.336042843160872	0.736838558970314	0.916019906911484
2680	1.04146910884082	0.515505345139312	1.09379415579675	0.471300145833932	0.637426411539894	0.905730264136523
2681	1.70873925402883	0.870097717227457	1.10528318673406	0.787217002547974	0.431154845741703	0.905056790956463
2682	0.96902305973041	0.338374350916994	0.914696642649453	0.369930679899382	0.711434141235208	0.914210746716922
2683	1.62578699994784	0.299477906527655	1.16075179418535	0.258003397477268	0.796404285166911	0.9286690374246
2684	2.91368723262535	0.559948909774732	1.13951953651545	0.491390355172851	0.623150384492057	0.905056790956463
2685	3.31622170430967	0.57102322303829	1.0941286648944	0.521897690244136	0.601741566589934	0.905056790956463
2686	2.39523405990172	0.951980265324471	1.14565422318908	0.830949029869162	0.40600242399362	0.905056790956463
2687	4.62670702817984	1.8948244970025	1.14160306455226	1.65979275620257	0.0969561515073992	0.905056790956463
2688	2.89677175067433	0.685773819340187	1.15562736236415	0.593421237393729	0.552899279490941	0.905056790956463
2689	0.955539354076845	-0.19417718069953	1.01009619035883	-0.19223632615677	0.847557092356063	0.945478283042784
2690	2.32623763842882	0.962988956235065	1.16215790341895	0.828621440685514	0.407318651711054	0.905056790956463
2691	4.22307829210652	1.01605123802117	1.14865454771547	0.884557711491213	0.376395223184188	0.905056790956463
2692	1.44055395288763	0.71709066439317	1.08064426743184	0.663576984586555	0.506961091897218	0.905056790956463
2693	11.4678886697817	1.63159070383714	1.02496335158555	1.59185272460052	0.111417800080334	0.905056790956463
2694	3.589460767166	0.564846110206999	1.09209094937152	0.517215265387976	0.605005896870869	0.905056790956463
2695	2.59415958906917	1.06300201626675	1.1528595419039	0.922056831408313	0.356498932557724	0.905056790956463
2696	1.66427933557581	0.838553828271817	1.09324128985547	0.767034538535109	0.443060980612456	0.905056790956463
2697	0.152248748761837	-0.124943057915868	0.897093032401155	-0.139275474675627	0.889232469353242	0.960722483193289
2698	3.47753301627896	0.551174669449917	1.0698624173557	0.515182756687736	0.606425317320989	0.905056790956463
2699	6.17853089183993	2.01320827370375	1.10187637254407	1.82707273144948	0.0676888345814627	0.905056790956463
2700	0.875086183816341	-0.0891437596285541	1.06890151850953	-0.0833975423225662	0.933535442648401	0.977607781352236
2701	22.412576786172	0.977412853740027	0.908468634280248	1.07589058868763	0.28197619144555	0.905056790956463
2702	0.664525562206736	0.297517513859367	0.909359755365917	0.32717251022358	0.743537411413714	0.916019906911484
2703	2.39491511532673	0.658292260868116	1.13078439490257	0.582155416926171	0.560462000384159	0.905056790956463
2704	2.32896437007004	0.300120775821046	1.16278835195661	0.25810438788455	0.796326345246705	0.9286690374246
2705	3.01857200766539	1.39160836255457	1.16028419378964	1.19936854264074	0.230384673792876	0.905056790956463
2706	2.05115206198561	0.68296254784566	1.12265927832269	0.608343565169691	0.542959632670962	0.905056790956463
2707	1.84451421499503	1.05793653841679	1.14854331017662	0.921111575891819	0.356992177158346	0.905056790956463
2708	2.75404511061538	1.11542805277677	1.13351253133875	0.984045629790589	0.325093077974262	0.905056790956463
2709	4.96465987135886	2.54104828477714	1.09744838773057	2.31541484154148	0.0205902400658626	0.905056790956463
2710	4.86391401689704	1.65590874625763	1.0512123904838	1.57523708933409	0.115201729084585	0.905056790956463
2711	5.508476321312	1.03412430671221	0.975505910888069	1.06009025180665	0.289103542201237	0.905056790956463
2712	2.05229353091626	1.22614398175542	1.15496261369379	1.06163088503271	0.288403286970734	0.905056790956463
2713	2.83587266750823	1.15676816723624	1.13478305290793	1.01937384795443	0.308025516890796	0.905056790956463
2714	2.32920776960628	0.572540480208658	1.16224856519641	0.492614486568031	0.622285010118349	0.905056790956463
2715	9.34132253609847	1.04248166734075	0.90208785658701	1.15563208143042	0.247831679840246	0.905056790956463
2716	14.3962598086483	1.3218308676082	1.07700143148574	1.22732507958204	0.219700432987928	0.905056790956463
2717	6.65201020495011	0.270931781682334	0.898438985020717	0.30155835421154	0.762988759299249	0.922542149513823
2718	6.89512594231188	1.23520453229743	0.991547598129125	1.24573397649094	0.212862075596277	0.905056790956463
2719	1.11879057601181	0.1924756692184	1.04579940313559	0.184046451586515	0.853977014196171	0.946510931303073
2720	0.877744739924327	-0.524968818578783	1.07393195406121	-0.488828753622187	0.624962939434892	0.905056790956463
2721	1.30363752299078	0.264342972776296	1.05662021911591	0.250177848193625	0.802449815240197	0.929529847567444
2722	1.09446386947261	0.406705294919318	1.09927442546641	0.369976127432197	0.711400277847489	0.914210746716922
2723	0.512804534473576	0.390472065313262	0.94874849533404	0.411565411943849	0.680657987653823	0.912097229333043
2724	2.68980237764967	1.55355432532385	1.16051035637914	1.33868200036666	0.180674218420605	0.905056790956463
2725	9.01644524790264	3.16498731039669	0.987150473452462	3.20618527318075	0.00134507354173617	0.905056790956463
2726	5.24073379392373	2.00737596921119	1.0823098179193	1.85471473692284	0.0636369731836727	0.905056790956463
2727	4.55209132165848	1.44869895949506	1.04929124121269	1.38064524184988	0.167388065513122	0.905056790956463
2728	2.05176580988758	0.958912263660877	1.12256561229528	0.85421489234844	0.392985933133872	0.905056790956463
2729	2.13466875980238	0.91001768182827	1.15619344944785	0.787080814428467	0.431234559652227	0.905056790956463
2730	2.87911977124095	0.722660563483164	1.14793134481037	0.629532913052867	0.529000228275258	0.905056790956463
2731	1.3272203625421	0.109146379104982	1.15048937388385	0.0948695238588103	0.92441846374726	0.97280777592366
2732	3.4314699837753	0.79784558504277	1.07123397102009	0.744791153591791	0.456397983641064	0.905056790956463
2733	5.09661383629483	0.218909929699457	0.962672888184373	0.227398041833636	0.820114242799629	0.938005952843383
2734	0.708985480659755	0.340034962438358	0.966675402719589	0.351757127037393	0.725020413819233	0.915024114914031
2735	0.803167855734613	0.0769375327293921	0.979763608842754	0.0785266282958466	0.937409149301977	0.977627519002861
2736	3.03112092121745	0.570669488985699	1.11335791698513	0.512566067281418	0.60825489454522	0.905056790956463
2737	1.4538781862537	0.247138708349698	1.1197792419587	0.220703062790668	0.825323646505595	0.941807398414127
2738	1.57287826618933	0.618631625371569	1.09751289690579	0.563666839009978	0.57298088947087	0.905056790956463
2739	9.2551349785672	-0.651247331093375	0.845542487936507	-0.770212426205457	0.441173893994492	0.905056790956463
2740	2.86688252194945	-0.125528963285694	1.10173993358071	-0.113937018582705	0.909287720046028	0.965805367637916
2741	2.71919542736309	0.50031604645886	1.16369617931804	0.429937001900324	0.667241468342892	0.907011419756774
2742	2.20744633494687	0.309543346691962	1.16145050845602	0.266514452779787	0.789843030092078	0.9286690374246
2743	0.515463090581562	0.138973644280715	1.02440799877033	0.135662396669623	0.892088175935423	0.960722483193289
2744	10.3772691151875	-0.537200841838101	0.849833488714109	-0.632124820888084	0.527305317381178	0.905056790956463
2745	12.0973369009154	1.17952789481715	0.982095454453859	1.2010318238089	0.229738856912955	0.905056790956463
2746	1.44329853586891	0.993735770106337	1.12924902879251	0.879997011083483	0.378860928735152	0.905056790956463
2747	10.6180062403025	1.36384039516455	0.846916464733215	1.61035999647753	0.10731928840643	0.905056790956463
2748	3.86195596303446	0.398625051203908	1.05539142602117	0.377703514900367	0.705650856390847	0.912280267928552
2749	4.01161960110251	1.59469237110647	1.08549888844226	1.46908706041599	0.141809176952915	0.905056790956463
2750	6.10020645703419	1.19630274842916	0.953014057454037	1.25528342323205	0.209375890630786	0.905056790956463
2751	1.04106413739253	-0.0924106367773376	1.08732626691776	-0.0849888755463379	0.932270234737937	0.977176512131033
2752	2.61172554162926	0.718858984776937	1.14783067615045	0.626276157026766	0.531133822406046	0.905056790956463
2753	2.79479103090306	1.10120431842416	1.14875583146485	0.958606074730386	0.337757231121568	0.905056790956463
2754	6.61186532332802	0.942785399233836	0.946073108960447	0.996524888303587	0.318995180582534	0.905056790956463
2755	3.77990177834787	1.69909612229143	1.16251686046037	1.46156686417311	0.143859940182729	0.905056790956463
2756	3.63782560889799	2.21605031705726	1.12236914641123	1.97443980364488	0.0483317558471069	0.905056790956463
2757	2.06088294714219	1.15070211405047	1.16027009747743	0.991753658525057	0.321317708647719	0.905056790956463
2758	2.14068564679362	1.02628685408701	1.13849440822927	0.901442156121981	0.367353275866768	0.905056790956463
2759	3.44733212329351	1.49297783404717	1.16137041117065	1.28553114466061	0.198606740545412	0.905056790956463
2760	8.24158139676853	1.81910926209896	1.01282409493313	1.7960762102713	0.0724823973759935	0.905056790956463
2761	2.37661056565972	0.149934244031784	1.15187525901503	0.130165348077701	0.896435609519648	0.960722483193289
2762	1.1948960492404	0.302523538196285	1.14343229448895	0.264574946548538	0.791336922291774	0.9286690374246
2763	2.28638978753554	0.757782009449423	1.13533265113068	0.667453727059416	0.504482357301664	0.905056790956463
2764	208.591205934362	-0.76067222396682	0.974665258065029	-0.780444586151514	0.435129232667406	0.905056790956463
2765	8.16254981768202	2.04735612309458	0.918924118372602	2.22799258628712	0.0258810093848992	0.905056790956463
2766	1.48501387134065	0.907750564400254	1.13807108518321	0.797622025740264	0.425089865318672	0.905056790956463
2767	0.767174603927129	0.26601651697245	0.980678308495981	0.271257674068907	0.786192857609778	0.9286690374246
2768	0.941564650101702	0.44243509196333	0.914354173968622	0.483877150188974	0.628473057664364	0.905056790956463
2769	0.77497294862354	0.147397686419232	0.910543400988588	0.161878814627837	0.871401286240408	0.955302506217267
2770	0.470475451099866	-0.00204358568996457	0.903365512871812	-0.00226219139522825	0.998195033951655	1
2771	0.91676479658098	0.515269451650666	0.998648569465884	0.515966744864264	0.605877635825147	0.905056790956463
2772	5.28668557870853	0.291929137704236	0.97907496520718	0.298168320178079	0.765574699515317	0.923609985217807
2773	5.97721015706533	2.1074754081519	1.06380955719556	1.98106455605426	0.0475840344783143	0.905056790956463
2774	1.4839584292833	0.578763970789652	1.0751938371904	0.538288028419158	0.590378214989244	0.905056790956463
2775	1.03881055273283	0.581388166616861	1.02187546739728	0.568942288141687	0.569395305873508	0.905056790956463
2776	2.03546934571949	0.707247015752058	1.16108166553767	0.609127709741717	0.542439791928839	0.905056790956463
2777	4.01596729813442	1.44182997529378	1.09830976381494	1.31277169956646	0.189259888987113	0.905056790956463
2778	2.48105364654438	1.20218169085665	1.14344181589977	1.05137110969714	0.293088179240129	0.905056790956463
2779	1.59978900382476	1.16838702354966	1.15156939133209	1.01460409797634	0.310294585135412	0.905056790956463
2780	5.73556632479138	1.03416360166436	0.936706301534447	1.10404253710076	0.269574686039269	0.905056790956463
2781	6.06405583256376	1.35878222984835	1.0731075520717	1.26621253128368	0.205437002262851	0.905056790956463
2782	0.830626265363321	-0.0717035793288761	0.980189638780218	-0.0731527619676806	0.941684556109036	0.979529672503265
2783	6.00574395971599	1.79160669162552	1.09709088346817	1.63305220982405	0.102458016484608	0.905056790956463
2784	0	NA	NA	NA	NA	NA
2785	6.23747963381069	2.44179400620427	1.04329281558073	2.34046853360634	0.0192595612819394	0.905056790956463
2786	4.00737788190849	1.49058017313849	1.12036849466059	1.33043742326051	0.183374191253288	0.905056790956463
2787	1.33869598269676	0.855482887247433	1.13199917811705	0.755727480889546	0.449812604072572	0.905056790956463
2788	2.49601561704364	1.28257471184768	1.15789670262111	1.10767627970987	0.268001647076712	0.905056790956463
2789	1.86788827809267	1.08045319452593	1.16038407700154	0.931116874093835	0.351793110879134	0.905056790956463
2790	2.76437926183938	1.41525669594068	1.15291751595435	1.22754375430681	0.219618287133885	0.905056790956463
2791	3.25049860687372	0.907273712460469	1.09997978176499	0.824809444228774	0.409479784018148	0.905056790956463
2792	1.05519831365517	0.431579696357739	1.09428474605215	0.394394327358349	0.693289931226014	0.912097229333043
2793	3.39984330036678	2.07209354954294	1.13286987486787	1.82906580491834	0.0673897508437845	0.905056790956463
2794	4.09670059063826	0.724023651382498	1.03263561802318	0.701141466307861	0.48321473463101	0.905056790956463
2795	12.4179326065743	-0.16194715308336	0.875063780311916	-0.185068970659069	0.853174938994199	0.946238908218935
2796	2.76328499745038	0.51157438632203	1.1339670211186	0.45113691738353	0.651890871679569	0.905730264136523
2797	1.15624424132493	0.78617829076556	1.11660705813416	0.704077844608341	0.481384296685216	0.905056790956463
2798	3.06729359627703	1.1066307029304	1.16203906079168	0.952317990220116	0.340935736727459	0.905056790956463
2799	1.35663228362257	0.194339878515496	1.04923805438541	0.185220005796806	0.853056478216529	0.946238908218935
2800	4.61174085843149	2.04639394170838	1.04065062479547	1.96645626586789	0.0492459294552061	0.905056790956463
2801	1.35650953404218	0.422614522592213	0.969516930871786	0.435902158214194	0.662907719194186	0.905730264136523
2802	1.84157343701916	0.277735488022482	1.10274526306931	0.251858246254853	0.801150634048283	0.929529847567444
2803	5.19737964172125	0.706928122316868	0.969223662232849	0.729375633162198	0.465771918804374	0.905056790956463
2804	3.12174877041446	1.74243734285886	1.1482825605834	1.51742907422855	0.129158387989366	0.905056790956463
2805	9.74906706256332	1.80831910390867	0.879510553071843	2.05605162734296	0.0397775401390205	0.905056790956463
2806	2.13410221644206	0.23948579186542	1.15890827978085	0.206647752927184	0.836284963658951	0.943421523323041
2807	0.497933860728574	0	0.899609172869607	0	1	1
2808	2.61225326265794	0.794981739091886	1.14411261721789	0.694845705858069	0.487152001284263	0.905056790956463
2809	1.03881055273283	0.581388166616861	1.02187546739728	0.568942288141687	0.569395305873508	0.905056790956463
2810	4.41760370042433	1.40370050113896	1.06173695444071	1.32207934862584	0.186141729753469	0.905056790956463
2811	0.811757271960543	-0.155162553898017	0.972075731619812	-0.159619820607457	0.873180564587519	0.956356773873548
2812	2.68159906150498	1.1329405601086	1.14467056254721	0.989752507994518	0.322295103157544	0.905056790956463
2813	4.04084269669389	0.388657634640804	0.928788479414099	0.418456562775174	0.675613338792963	0.911030600063998
2814	1.34436349231386	0.855962376802025	1.0783742606269	0.793752603390611	0.42733946999066	0.905056790956463
2815	2.96631164489141	0.399069410915863	1.11656697656954	0.357407499317179	0.720786763378983	0.915024114914031
2816	7.77534136598904	0.783130343545452	0.987784117934243	0.792815281524485	0.427885451799163	0.905056790956463
2817	16.4615187680657	1.38462980733861	0.865862496995253	1.59913359470309	0.109790921455836	0.905056790956463
2818	3.37791287903228	0.392572099353311	1.16202037122922	0.337835815165648	0.735486918451621	0.916019906911484
2819	1.64780554778018	0.797768294704626	1.0924074467767	0.730284562832808	0.465216262266123	0.905056790956463
2820	5.05085087699913	1.9010168433434	1.0298322570737	1.84594804667043	0.0648997493703128	0.905056790956463
2821	3.73651515329226	0.538473009468294	1.08520496528668	0.496194752782064	0.619757012740747	0.905056790956463
2822	2.95431040333263	0.915261384621786	1.1630061116023	0.786978998210772	0.43129416051269	0.905056790956463
2823	4.85865147872822	2.22749089305694	1.07022121833653	2.08133688147127	0.0374030815900017	0.905056790956463
2824	7.73534872389192	-0.476562126679075	0.876080517755681	-0.54397069335581	0.586461640155632	0.905056790956463
2825	4.32294602813853	1.57271238408448	1.12854857811677	1.39357083476981	0.163447240804846	0.905056790956463
2826	2.44345728068627	-0.3390849479454	1.14707811972678	-0.295607545915153	0.767529810252771	0.925116530344261
2827	7.51641693164012	1.52822077655835	1.02575639395759	1.48984767295687	0.136264292873306	0.905056790956463
2828	1.74452372938263	0.754396930025632	1.09984581036766	0.685911536793919	0.492768894670068	0.905056790956463
2829	0.678782488049767	0.355339538925877	0.965377966999953	0.368083332200075	0.712811098760731	0.914326114441684
2830	33.7191200855727	-0.56561128516478	0.97270173446163	-0.581484811968423	0.560913751563096	0.905056790956463
2831	3.80670761774296	1.08799823816897	1.07178699610717	1.01512543268455	0.310046039699031	0.905056790956463
2832	3.04519950340594	0.617025633380351	1.13594294999812	0.543183646134141	0.587003365326585	0.905056790956463
2833	3.26910322974866	0.751206313215641	1.09938226858647	0.683298552905992	0.494418208404527	0.905056790956463
2834	3.50935799430662	1.32505167241935	1.1221683497721	1.18079579832069	0.237683853632405	0.905056790956463
2835	2.5359704658018	1.04834265178022	1.14499940826357	0.915583575165391	0.35988534931158	0.905056790956463
2836	2.97490316074189	1.66971412025963	1.14880347874395	1.45343755581697	0.146102305477751	0.905056790956463
2837	2.30191093188962	0.917921772904091	1.16088097575931	0.79071135807329	0.429112446581017	0.905056790956463
2838	6.40213357555259	1.69499790392927	1.03151226816869	1.64321642721564	0.100338162258714	0.905056790956463
2839	3.74721755325744	1.96019017823031	1.13563479506453	1.7260744270511	0.0843340238417193	0.905056790956463
2840	7.79570750457025	0.599487450295673	0.884237358115138	0.677971185896913	0.497789962869019	0.905056790956463
2841	1.08052588820457	0.472010130346739	1.03063313187374	0.457980745766056	0.646966274336935	0.905730264136523
2842	5.50810699297326	1.23608107671085	0.954398883998595	1.29514094938178	0.195271610904991	0.905056790956463
2843	9.42478567989509	1.16298558741916	0.896758950184553	1.29687647631486	0.194673691605081	0.905056790956463
2844	3.79391320503011	0.528007234750987	1.15123248949152	0.458645182072823	0.646488985293442	0.905730264136523
2845	4.90258157652802	0.543237259864499	1.00802227449989	0.538913944271731	0.589946235086483	0.905056790956463
2846	1.24872070373336	0.511700042829177	1.04770859830195	0.488399201513188	0.62526710734683	0.905056790956463
2847	3.91025472885776	1.02927006177698	1.12668188804356	0.913540967241662	0.360958097686865	0.905056790956463
2848	4.18483145563933	2.05060408264636	1.13956921767869	1.7994554879461	0.0719466589958321	0.905056790956463
2849	5.99817116321577	1.39851056012805	0.970248155749728	1.44139471107512	0.149473203616558	0.905056790956463
2850	4.70189766027153	2.06121182372535	1.12164229283689	1.83767305930671	0.0661105960019012	0.905056790956463
2851	2.48096761967109	1.20185058079936	1.16120420127956	1.03500364490157	0.300667208993606	0.905056790956463
2852	0.913492492571023	0.247119793063274	0.913536626401713	0.270508905632654	0.78676876652747	0.9286690374246
2853	2.20126997566814	0.933991718596551	1.13065280878926	0.826064120953896	0.408767719221167	0.905056790956463
2854	1.75335864476934	-0.207433443887907	1.16391785201034	-0.178220003696674	0.858550200526283	0.948783307167593
2855	7.00498678379889	1.75417770251138	1.00876899663195	1.73892903961975	0.0820472454717753	0.905056790956463
2856	6.54282062668161	1.89274914110313	1.10182917099423	1.71782449669147	0.085828631900745	0.905056790956463
2857	1.45650001965459	0.680396454287186	1.07236433022159	0.634482549551597	0.52576595167163	0.905056790956463
2858	1.52575979162833	0.733860513223313	1.07965096558684	0.679720147172215	0.496681676607319	0.905056790956463
2859	1.95189807385557	0.465951228976062	1.10467948356431	0.421797667023418	0.673172708717579	0.910458984255447
2860	2.23465924541479	1.08087883105288	1.16102076148463	0.930972870520186	0.351867597869665	0.905056790956463
2861	2.13859153442141	0.767382192683131	1.16020877399046	0.66141733271312	0.508344713393857	0.905056790956463
2862	2.28341018722802	-0.315958589893843	1.15550234519668	-0.273438293922339	0.784516319657368	0.9286690374246
2863	5.4428287689148	1.30191475270636	1.01629638943466	1.28103845122443	0.200180160635401	0.905056790956463
2864	2.73938321332407	0.563582673918179	1.14616573734454	0.491711325470171	0.622923430772765	0.905056790956463
2865	1.37088920946561	0.247328189108673	1.11427586567102	0.221963157175384	0.824342564237714	0.941390374637657
2866	1.1350010133066	0.326858598930058	0.932170909742107	0.350642350575482	0.725856680162606	0.915024114914031
2867	1.72246845884319	0.824833136100067	1.10688161576956	0.74518640868979	0.456159038049271	0.905056790956463
2868	5.0962109644711	0.870811415259347	1.02507837569782	0.849507155651919	0.395599150195365	0.905056790956463
2869	8.96277586644807	1.30115937181055	1.01503225691351	1.28188967685331	0.199881349768737	0.905056790956463
2870	0.793029899505205	0.635790668738695	1.06747202096771	0.595604059169928	0.551439764318268	0.905056790956463
2871	32.103579616312	1.67452153903134	1.03640820038663	1.61569692174056	0.10615985686193	0.905056790956463
2872	0.737499332345818	0.459588901791639	1.05852669847388	0.434177902602029	0.664159258278106	0.905730264136523
2873	6.40426226040248	1.34986481036329	0.978849528641252	1.37903198690512	0.167884891862005	0.905056790956463
2874	10.0964592053802	0.552901792057485	0.803681097271919	0.687961672775806	0.49147691750779	0.905056790956463
2875	5.55976618930436	1.27479763215362	1.03356588559276	1.23339755106421	0.217427478232836	0.905056790956463
2876	2.46470260832914	0.871713320682825	1.15932893065858	0.751911987728651	0.452103988560668	0.905056790956463
2877	2.94401297481573	0.160115397910876	1.13677472580518	0.140850596231778	0.887987971438972	0.960722483193289
2878	1.62300569425946	0.934203466394317	1.13892471308934	0.82025041309384	0.412073368155772	0.905056790956463
2879	1.68172253855551	1.02109702729341	1.15289325842349	0.88568219115939	0.375788807521905	0.905056790956463
2880	4.29409855079384	1.03991498669266	1.04355853731723	0.996508532588946	0.319003123361627	0.905056790956463
2881	1.64053492411244	1.19603056323729	1.15070493573605	1.03938944389098	0.298623651433309	0.905056790956463
2882	5.31692529402562	-0.261590579148808	0.962434517399153	-0.271800911563023	0.785775104272595	0.9286690374246
2883	2.1491344620991	0.772653579369877	1.16313960715169	0.664282752146974	0.506509358060557	0.905056790956463
2884	2.62291893991603	0.375570817736629	1.14850994242131	0.327007023504599	0.74366257301746	0.916019906911484
2885	3.04991646920603	-0.175575520661009	1.1315608428496	-0.155162244938467	0.876693411931082	0.956771073628469
2886	0.293426848817306	0	0.897750838851126	0	1	1
2887	3.44761224553686	1.5019839238916	1.09219977042007	1.3751915762754	0.169072059180053	0.905056790956463
2888	0.653454913500368	0.19404921463682	0.960394339809253	0.202051601715354	0.839876383663732	0.945478283042784
2889	0.653454913500368	0.19404921463682	0.960394339809253	0.202051601715354	0.839876383663732	0.945478283042784
2890	1.37694281916394	-0.181056017363823	1.15637571018652	-0.156571965122493	0.87558219858489	0.956771073628469
2891	5.40176600367668	2.06752255868516	1.14333481957483	1.8083264178502	0.0705557125929421	0.905056790956463
2892	4.85537497546917	1.5244616863703	1.09510712284259	1.39206626874385	0.163902331513023	0.905056790956463
2893	8.72858311008664	1.08950959532408	0.87034244533185	1.25181714527167	0.210636501172112	0.905056790956463
2894	4.19919225969571	0.675594334714525	1.05937164757577	0.637731183631854	0.523648682699144	0.905056790956463
2895	2.28425895245623	0.941956802073689	1.13462560774931	0.830191735177025	0.406430387329015	0.905056790956463
2896	9.231298992497	0.629611509002288	0.830902658175844	0.757744006240793	0.448604249001523	0.905056790956463
2897	2.74256949046073	0.45077460738589	1.13344172892799	0.397704262937482	0.69084819472462	0.912097229333043
2898	13.6881650695167	0.961166185067667	0.851582824468916	1.12868197602164	0.259032015322898	0.905056790956463
2899	5.73556632479138	1.03416360166436	0.936706301534447	1.10404253710076	0.269574686039269	0.905056790956463
2900	17.9294241327171	1.43211846173888	0.912555330635409	1.56934972999577	0.11656647061789	0.905056790956463
2901	1.37682006958355	0.302002825053324	1.15450152437618	0.261587203374641	0.793639710806358	0.9286690374246
2902	7.58252294993521	1.12148686219017	0.850761639190558	1.31821512692696	0.187431643089811	0.905056790956463
2903	10.5747874860326	1.52757497474474	0.940608603537913	1.62402828232601	0.10436977259052	0.905056790956463
2904	8.0685415959783	0.385313404807167	0.923891416571778	0.417054859365317	0.676638281669729	0.911871997442393
2905	10.6121645773143	1.64821849615811	0.947981388078714	1.73866124048973	0.082094367546476	0.905056790956463
2906	1.65099182491684	0.914210744903001	1.14594105820734	0.79778164710596	0.424997213453548	0.905056790956463
2907	1.47394322263428	0.803073783628982	1.14280475952107	0.702721770222181	0.482229157829999	0.905056790956463
2908	0.581782084579429	-0.476123999716323	0.904381945607618	-0.526463406339269	0.598566270889571	0.905056790956463
2909	3.34338004073043	1.32756388209709	1.12569405799915	1.17932920820135	0.23826711200464	0.905056790956463
2910	1.86943681809615	0.618008324221419	1.14380835928967	0.540307577927842	0.588984933236496	0.905056790956463
2911	5.18532172649077	0.334010061299946	1.0367838798839	0.32215977483885	0.747331656279725	0.917461169800175
2912	4.60403800973843	1.77601648021043	1.13520631214547	1.56448784789953	0.117703044602229	0.905056790956463
2913	2.29071753360285	1.30643034391771	1.16208243351921	1.12421486310688	0.260921885560843	0.905056790956463
2914	5.8791679636286	0.108125577513409	1.02884636919502	0.105093997268035	0.916301222414237	0.967610458357155
2915	5.08857419168673	0.989544070474641	1.13128945870538	0.874704579681185	0.381734667628399	0.905056790956463
2916	2.16625872050381	0.502735510956404	1.1618262751914	0.432711431727245	0.665224423775514	0.906376445006732
2917	2.16326863836174	1.23795647869495	1.16025226177914	1.06697182972663	0.285984556843183	0.905056790956463
2918	28.6485427911936	-0.407778593800601	0.904666817688547	-0.450750028438633	0.652169720932093	0.905730264136523
2919	5.63156176780569	1.59066958899783	1.03430156611983	1.53791663969456	0.124068998226807	0.905056790956463
2920	5.0503410073105	0.200331718696007	1.05260498980814	0.190319940182425	0.849058429206868	0.945478283042784
2921	2.51117061228108	1.05313109068927	1.15054240392132	0.91533444321561	0.360016082526991	0.905056790956463
2922	5.55608681422157	1.7543362799687	0.982459682783209	1.7856572750129	0.0741547671289267	0.905056790956463
2923	3.19657115376496	0.50174899016092	1.1097288148624	0.452136579172392	0.651170593319394	0.905730264136523
2924	0.67825476702109	0.228224397057415	0.909378776125165	0.250967367008357	0.801839339245663	0.929529847567444
2925	3.17675161654517	1.7396843395928	1.15164452559101	1.51060878676952	0.130888153941193	0.905056790956463
2926	6.35496154697143	0.152430433942075	0.914166223675875	0.166742579187788	0.867572601154611	0.95364367936407
2927	10.1527325303094	1.6173803822209	0.972437630681172	1.66322274168675	0.096267856993658	0.905056790956463
2928	5.059389918427	1.73061314987374	1.10611426306877	1.56458804271485	0.117679534373283	0.905056790956463
2929	4.30624249289762	2.24902503780621	1.07663677230963	2.0889357447652	0.0367135076502264	0.905056790956463
2930	1.62619197139612	0.885346326561429	1.15038903086795	0.769606022662999	0.441533631354722	0.905056790956463
2931	1.817583526395	1.28312176931993	1.15380678588258	1.11207680958336	0.266105126709052	0.905056790956463
2932	3.31185723553525	0.933344941799011	1.15456814197185	0.808393119357149	0.418864311666377	0.905056790956463
2933	1.64044889723915	0.895528499775292	1.15167258571973	0.777589491040669	0.436811058312586	0.905056790956463
2934	1.14093187342454	0.464025413737772	1.04116657037783	0.445678364000278	0.655829595454729	0.905730264136523
2935	1.85771569878071	0.76023995603797	1.10907200867443	0.685473936851597	0.493044901744604	0.905056790956463
2936	0.470475451099866	-0.00204358568996457	0.903365512871812	-0.00226219139522825	0.998195033951655	1
2937	1.35687778278336	-0.437785249917609	1.06379849255398	-0.411530240907344	0.680683771437584	0.912097229333043
2938	2.71738353685877	0.989050993353647	1.15270538098833	0.858025831809366	0.390878199664554	0.905056790956463
2939	8.39400117028427	0.631232418143419	0.937727202010987	0.673151441900929	0.500850949800367	0.905056790956463
2940	3.3295596283529	0.0842403908390257	1.06303290174986	0.079245327873067	0.936837491500371	0.977627519002861
2941	5.57423926110659	1.69118196162077	1.07983348797201	1.56615068939649	0.117313343605052	0.905056790956463
2942	1.14873021812096	0.281622530912382	0.934579544011674	0.301336074298737	0.763158235225738	0.922542149513823
2943	0.888692639050301	0.25725852465401	0.996834357529559	0.25807549941554	0.796348639879265	0.9286690374246
2944	4.38060533075268	0.421068626104804	1.00116504628898	0.420578632529753	0.674062799351525	0.910668528371576
2945	3.57833554441248	0.482808242545646	1.11078018556805	0.434656873446784	0.663811506433653	0.905730264136523
2946	1.30159271478476	0.592961458014292	0.964416557360226	0.614839566460087	0.538660676567526	0.905056790956463
2947	0.775623419232611	-0.195128472192387	1.04644915075056	-0.186467227817455	0.852078376534993	0.946238908218935
2948	4.18248974448179	1.16136753428954	1.05485980258646	1.10096861349909	0.270910317590622	0.905056790956463
2949	3.98771781697619	1.357094834359	1.15474753684	1.17523076782024	0.2399024039347	0.905056790956463
2950	6.1414328938089	1.70507268697964	1.07704589492772	1.58310123552726	0.113398392066189	0.905056790956463
2951	1.74783275609968	0.379656956852112	1.16172876549734	0.326803439948894	0.743816557470696	0.916019906911484
2952	2.53005535739936	0.651576877166004	1.14728164347657	0.567931057618559	0.570081782173028	0.905056790956463
2953	4.7808494950702	-0.267959142472797	1.00281716439441	-0.267206378178234	0.78931026556844	0.9286690374246
2954	4.11443021473494	1.72002466145663	1.14735728605518	1.49911861140516	0.133842864160772	0.905056790956463
2955	2.00813368567118	0.306475933411658	1.16252136322644	0.263630366809837	0.792064756738334	0.9286690374246
2956	1.17671634877834	0.329937648298923	1.03538049881806	0.318663185829329	0.749981933792861	0.917461169800175
2957	5.15752969120344	1.65389048665569	0.98561297393387	1.67803238227935	0.0933407775503978	0.905056790956463
2958	1.06574124133286	0.279631727334357	0.919853820566685	0.303995831818242	0.761131066707916	0.921693462027093
2959	0.221508520735579	0.0138005876971983	0.898902599025228	0.0153527064135354	0.987750793789063	1
2960	10.5637850128595	2.64724422359792	1.03576140236156	2.55584366975072	0.010593069809582	0.905056790956463
2961	3.44785984432219	1.60181344608983	1.16248284863619	1.37792436935225	0.168226640089291	0.905056790956463
2962	23.8301720696742	0.350652564275323	0.979441897336075	0.358012624566135	0.7203338658704	0.915024114914031
2963	7.50819576415538	2.3091479328326	1.0965780335914	2.10577620752616	0.0352237964836861	0.905056790956463
2964	5.55923846827568	1.23329329493805	1.0450542926143	1.18012365831526	0.237951036341982	0.905056790956463
2965	4.92822702502054	0.523845424938948	0.962827728907009	0.544069732530046	0.58639348784094	0.905056790956463
2966	4.55556090026059	0.8543693655943	1.11836801725402	0.763942952957534	0.44490123913612	0.905056790956463
2967	1.36309086476919	0.386003231773639	1.15359024639838	0.334610346246233	0.737919039227295	0.916019906911484
2968	6.70115970784889	1.12118206834518	1.03313111713462	1.08522727633523	0.277821006243648	0.905056790956463
2969	1.43618738448867	-0.0727106868105874	1.1486498548825	-0.0633010020429815	0.949526817850627	0.982066272073897
2970	1.38396794367089	0.338287577874712	0.973855412360681	0.347369407800161	0.728313813142715	0.915024114914031
2971	6.11706736493806	1.01432250309777	0.981005837374348	1.03396174054641	0.301154049641677	0.905056790956463
2972	3.64344279432191	1.03324504314898	1.08587329881252	0.951533704971754	0.341333517100588	0.905056790956463
2973	4.02098433714245	1.94483808988641	1.13826697095261	1.70859573326527	0.0875258595607423	0.905056790956463
2974	0.415558631842449	0.382927268118091	0.904677040292153	0.423275103781157	0.672094556420475	0.909739678000445
2975	0.637067152578028	0.444263131254611	0.908410893724112	0.489055265985764	0.624802570656186	0.905056790956463
2976	3.86804629543989	1.6652002587869	1.07905366276578	1.54320430600154	0.122781212878531	0.905056790956463
2977	2.21038711292275	1.16000578932624	1.16207706074176	0.998217612682073	0.318173847681788	0.905056790956463
2978	5.72734725693118	1.111662062184	1.04192242356072	1.0669336190932	0.286001812299957	0.905056790956463
2979	11.2365130212592	-0.90591511038181	0.801591335375297	-1.13014583666585	0.258414778186611	0.905056790956463
2980	1.44542937094822	0.59754578420484	1.08040480569326	0.553075829592795	0.580211486651396	0.905056790956463
2981	0.692511692864121	0.274392831346688	0.964390789168845	0.284524525149366	0.77600844198031	0.926082129845086
2982	4.65700969975408	0.373735521389198	1.0771337112495	0.346972263040264	0.728612156698976	0.915131142981642
2983	1.59804636845124	-0.458994622158709	1.14434400417926	-0.401098463820681	0.688347631810507	0.912097229333043
2984	0.304497497523674	-0.00476257312255688	0.899810281474357	-0.00529286364093696	0.995776925536291	1
2985	0.637067152578028	0.444263131254611	0.908410893724112	0.489055265985764	0.624802570656186	0.905056790956463
2986	3.66574566364668	1.5031245300534	1.14357021183045	1.31441385452619	0.188706970607478	0.905056790956463
2987	0.99987652294947	0.174787811882024	1.08034902705423	0.161788280921227	0.871472581926967	0.955302506217267
2988	2.89333997437688	1.10855620706539	1.12240075850359	0.987665233355101	0.323316626761901	0.905056790956463
2989	12.5977373220065	2.37673555658	0.889666834464395	2.67148944358577	0.00755154477008863	0.905056790956463
2990	5.20246700649194	0.586622781467172	1.02171043681128	0.574157569827712	0.565861178819385	0.905056790956463
2991	2.11828099888004	0.926311718295241	1.12629854990396	0.822438880325494	0.410827158745033	0.905056790956463
2992	0.526128767839647	-0.277974703939251	0.943066872500606	-0.294756089991987	0.768180211972256	0.925725936878159
2993	1.87209537420414	0.519909065583789	1.16173861407898	0.447526714945229	0.654494803447705	0.905730264136523
2994	3.30497373197575	0.895132305412524	1.1076806715589	0.808114042608284	0.419024934432826	0.905056790956463
2995	5.08353510208955	0.0548819201767819	0.982417454489834	0.0558641542105763	0.955450027010951	0.986146597139331
2996	1.45588627175262	0.342172373283603	1.07378661842867	0.318659561789215	0.749984682211124	0.917461169800175
2997	2.78518289532688	0.382275979001479	1.16349407632524	0.328558594994187	0.742489348384398	0.916019906911484
2998	0.570465936712272	0.200587285296414	0.948124218499758	0.211562241932611	0.83244856906819	0.942024069586858
2999	2.4300102977398	0.580552839616302	1.14807150980712	0.505676549463226	0.613083733364507	0.905056790956463
3000	1.66100703156585	0.524911977824759	1.01370604103946	0.517814787101899	0.604587500211231	0.905056790956463
3001	6.88329147565304	1.01109881152995	0.999356221497535	1.0117501545293	0.311657528248509	0.905056790956463
3002	2.57728082982526	0.580994012743126	1.16061418279183	0.500591860204186	0.616658392221824	0.905056790956463
3003	3.92156877710037	-0.405071709476187	1.03487273478147	-0.391421762176124	0.695485509029195	0.912097229333043
3004	2.32843664904137	0.21243781994653	1.1589902608651	0.183295604044129	0.854566083432942	0.946671455793935
3005	2.69532826631933	1.08154991012465	1.14429246216836	0.945169129293377	0.344572537173029	0.905056790956463
3006	0.67825476702109	0.228224397057415	0.909378776125165	0.250967367008357	0.801839339245663	0.929529847567444
3007	3.7493955928784	-0.593140270344676	1.09094423271337	-0.543694400280599	0.586651786478223	0.905056790956463
3008	1.7049192780256	1.16374626299809	1.12007191772259	1.03899244734597	0.29880824884763	0.905056790956463
3009	3.15251620676022	1.05566345513842	1.12203772073288	0.94084488928669	0.346784353079418	0.905056790956463
3010	4.06769784025517	1.29585826282831	1.1191541311799	1.1578907915589	0.24690860584594	0.905056790956463
3011	3.28492336771312	1.22755784371313	1.13445722924922	1.08206621815573	0.279223105275134	0.905056790956463
3012	3.93984187394123	2.18352667062786	1.10072977935804	1.98370818303954	0.0472883808032157	0.905056790956463
3013	6.478614616423	0.983907838985104	1.13898235718719	0.863848182350201	0.387671295394534	0.905056790956463
3014	2.28459047849032	0.461462649372343	1.13017768013789	0.408309823740318	0.683046227961239	0.912097229333043
3015	1.05806564621684	0.0948405638676029	1.0909334290141	0.0869352440261295	0.930722984878079	0.977029892007481
3016	0.808362218370191	-0.00100943519665455	0.996202028578522	-0.00101328361888091	0.999191516783131	1
3017	5.71467139454964	0.360775000873349	0.910538002494205	0.396221794021876	0.691941414901202	0.912097229333043
3018	1.38470444115325	0.408013744671066	1.05572287912461	0.386478073686709	0.699142638251372	0.912280267928552
3019	1.82024208250299	1.15418009745513	1.15719056605774	0.997398467727865	0.318571134809207	0.905056790956463
3020	9.19645032927171	0.603009557948978	0.925356059303587	0.651651385308696	0.514626090771716	0.905056790956463
3021	17.1941920846739	-0.0646494988931235	0.807372799384032	-0.0800739125004538	0.936178470916949	0.977627519002861
3022	1.1546610782389	0.404432118225679	1.04440240404107	0.387237827738451	0.698580147970958	0.912280267928552
3023	1.91602757162848	0.400638905228459	1.15105909630539	0.348061108690604	0.727794291067749	0.915024114914031
3024	6.2407298872315	1.23555787192929	0.977972495195174	1.26338713818603	0.206450084131878	0.905056790956463
3025	25.09568878621	1.10764544670894	1.04439704268954	1.06055973105451	0.288890031233618	0.905056790956463
3026	4.93305103929039	2.28644503103295	1.08015615300922	2.11677267649044	0.0342791453584299	0.905056790956463
3027	1.97687525100384	0.0935700277977147	1.15799492286556	0.0808034870879809	0.935598234845442	0.977627519002861
3028	9.12168042034381	0.477424215033945	0.819809332265804	0.582360063789993	0.560324175698145	0.905056790956463
3029	3.39454613911541	1.48515640612389	1.1610047989652	1.27919919663347	0.200826918700126	0.905056790956463
3030	2.21447145945382	0.65920172912979	1.07537756161567	0.61299561443275	0.539879239529434	0.905056790956463
3031	1.71972387586191	0.879489657298736	1.14312571553628	0.769372646722534	0.441672121941806	0.905056790956463
3032	2.31192613853863	0.654434752474727	1.12693397057233	0.58072147043572	0.56142818889824	0.905056790956463
3033	8.40627518086908	2.31895831907951	1.01821378914271	2.27747683620743	0.0227577663387042	0.905056790956463
3034	2.35323650256209	0.239989046351785	1.13210229863082	0.211985300835474	0.832118501959079	0.942024069586858
3035	2.5636743745913	0.273376888990794	1.16199244938641	0.235265632866333	0.814002567548943	0.93468348711132
3036	12.4944010869699	0.422040579925454	0.816036405185241	0.517183519318173	0.605028055565942	0.905056790956463
3037	3.58936947041174	1.08564873308434	1.14240358876261	0.950319785199774	0.341949788646675	0.905056790956463
3038	4.03353325069451	0.903034415142604	1.05322955245924	0.857395629503622	0.391226273866945	0.905056790956463
3039	2.06079692026889	0.888768547583892	1.16204782141485	0.764829580336699	0.444373031078647	0.905056790956463
3040	11.8212514854547	0.206577396425352	0.809016153043475	0.255343970139804	0.798457441933842	0.929529847567444
3041	4.87563513621248	1.28120666996851	1.02456303916596	1.25049081510053	0.21112030847133	0.905056790956463
3042	6.71407477051758	0.336837189934001	0.871520963258018	0.386493502892688	0.699131213465202	0.912280267928552
3043	6.2414527326229	0.8076837509521	0.976305041590193	0.827286264584432	0.408074827070338	0.905056790956463
3044	3.26264464860204	0.675787972989429	1.12029496167806	0.603223254683915	0.546360179548194	0.905056790956463
3045	3.01158360586554	0.212265202464824	1.12251338757666	0.189098147794098	0.850015893144235	0.945478283042784
3046	3.2162993942305	0.168272303572413	1.12267720588883	0.149884849081969	0.880855465358119	0.959390845600103
3047	1.16307317083728	0.505658461772778	0.939957950195382	0.53795859875186	0.590605631497005	0.905056790956463
3048	1.84782324171209	0.555432081965268	1.1631068822116	0.477541737960603	0.632976407194092	0.905056790956463
3049	6.18834779490412	0.862045277153786	1.0566405123628	0.815835913035483	0.414593990066392	0.905056790956463
3050	7.88226777897869	0.974483843760473	0.834474515094691	1.16778143146756	0.242894939927259	0.905056790956463
3051	6.250729342165	1.7626349904793	0.968416081300284	1.8201215619144	0.0687404946952856	0.905056790956463
3052	11.1949779789913	2.03749036137088	1.06081527330449	1.92068347114197	0.0547716246600878	0.905056790956463
3053	3.6030126483528	0.875767985220923	1.13324340899009	0.772797775194103	0.439642070306471	0.905056790956463
3054	2.0962257283406	1.0029916943032	1.13307349413753	0.88519562013641	0.376051134175335	0.905056790956463
3055	8.41757245736919	0.950462607523999	0.910596875210067	1.04377978159077	0.296587287948375	0.905056790956463
3056	11.1116700576282	1.76036550621564	1.07263464878184	1.64116039717236	0.100764124111415	0.905056790956463
3057	0	NA	NA	NA	NA	NA
3058	6.01885941662838	1.59166348078608	1.09688910566204	1.45107055268401	0.146760215330688	0.905056790956463
3059	3.62647273832374	1.08117376017272	1.0882909486452	0.993460215320776	0.320485729456679	0.905056790956463
3060	5.93187212018251	1.84749609065253	1.06042252459589	1.742226374677	0.0814688406239286	0.905056790956463
3061	6.70679049475889	1.60152009228408	1.08077873322646	1.48182050872064	0.138388060590658	0.905056790956463
3062	8.62654781626822	1.27357127515485	0.882208806294329	1.44361659741804	0.14884685356256	0.905056790956463
3063	14.9964325620121	0.797921509372186	1.03079751378628	0.77408171702054	0.438882468561592	0.905056790956463
3064	2.6488969850745	0.170063616864864	1.14806115337413	0.148131148210224	0.882239267891756	0.959902732121837
3065	0.66464831178713	-0.0721675054827805	0.959856627910681	-0.0751857135579378	0.94006695110856	0.979529672503265
3066	8.20238191685978	0.773786891204441	0.911492571255001	0.848922871789335	0.39592421108075	0.905056790956463
3067	0.750700816131495	0.250484373934682	1.05645171610118	0.237099689571323	0.812579453187391	0.934079119655156
3068	1.38409069325128	0.0728811181741157	1.05274204197609	0.0692297972989768	0.944806705185355	0.979798405231884
3069	2.68054361944762	0.876745031222811	1.1632074098202	0.753730610569556	0.451010997350464	0.905056790956463
3070	0.471003172128543	0.110621186174745	0.9310710027802	0.118810687739633	0.905425341072784	0.965364304944372
3071	1.29795006240908	0.770606166738749	1.12212732485718	0.686736834286454	0.492248580861869	0.905056790956463
3072	3.39498783327079	1.62841109936926	1.15541346738862	1.40937521097938	0.158724250012988	0.905056790956463
3073	4.01982189722021	1.92239934462559	1.10328260972769	1.74243600658228	0.0814321800160842	0.905056790956463
3074	146.920894509558	-0.617614261228224	0.98082990137508	-0.629685392301312	0.528900441734186	0.905056790956463
3075	4.1190213113031	2.07887502921927	1.1023436553728	1.88586836698963	0.0593126952018826	0.905056790956463
3076	1.15478382781929	0.00468749728258422	1.10493412738076	0.00424233188787093	0.996615119038034	1
3077	5.27378728778234	0.979685723811582	1.01919564047142	0.961234217366196	0.336434415308988	0.905056790956463
3078	0.900291008785346	0.465284449964757	0.999621193660937	0.465460769454812	0.641601524517618	0.905730264136523
3079	10.3219114331402	2.21601734549063	0.883286415437741	2.5088321372999	0.0121131031867967	0.905056790956463
3080	4.39797718794272	0.544053168549744	1.09151779066045	0.498437289071166	0.618175859666723	0.905056790956463
3081	2.29222725127469	0.441528387844141	1.15559026975333	0.382080395968018	0.702401732457083	0.912280267928552
3082	5.66853916648575	0.526396541023558	1.04084198870563	0.505741069956423	0.613038432738822	0.905056790956463
3083	2.40681355826971	0.155405538650673	1.15436545268251	0.134624211327134	0.892908997996886	0.960722483193289
3084	0.595265790232995	0.247911173957115	0.907439045934768	0.273198706918918	0.784700473915494	0.9286690374246
3085	7.94337880885489	0.796354022361755	0.854322464207003	0.932146883321094	0.351260621632911	0.905056790956463
3086	8.63323824448467	1.77298945977454	1.08747167068862	1.63037760666614	0.103021714496465	0.905056790956463
3087	1.2351142484994	0.244575997078005	1.10408237273086	0.221519700992116	0.824687798431104	0.941390374637657
3088	2.38028784111796	0.930094839910497	1.14833121785174	0.809953457200689	0.417966926153233	0.905056790956463
3089	14.5283879179898	1.36258775009474	0.874705921124531	1.55776669299663	0.119288564199782	0.905056790956463
3090	8.56043441950194	1.57111464124067	0.851005555545266	1.84618611594611	0.0648651862051512	0.905056790956463
3091	2.91331688425962	0.496265412380714	1.13424521950468	0.437529207835171	0.661727598648748	0.905730264136523
3092	2.370115261806	0.725630095554882	1.15747454245228	0.626908038960001	0.530719517425415	0.905056790956463
3093	4.47218582339125	1.46474445788068	1.10746722526336	1.32260749976809	0.18596593887689	0.905056790956463
3094	3.27739257276665	1.44694235626983	1.11795946139852	1.29427086243339	0.195571877318203	0.905056790956463
3095	6.01656491001248	0.493248725729927	0.905379690191806	0.544797647962958	0.585892696520547	0.905056790956463
3096	4.91011447109904	1.76486867130449	1.04762097485778	1.68464426892949	0.0920572249155806	0.905056790956463
3097	1.5159900841401	0.0985399914412171	1.16152464521697	0.0848367633411771	0.932391165962663	0.977176512131033
3098	2.5761687140962	1.45120753013212	1.1541216058127	1.25741301681136	0.208604118171792	0.905056790956463
3099	0.637067152578028	0.444263131254611	0.908410893724112	0.489055265985764	0.624802570656186	0.905056790956463
3100	1.43974400999106	-0.113301050436275	1.06502571003789	-0.10638339466213	0.915278167448151	0.96744209105867
3101	11.0187487724471	1.43100090457504	0.85465358615194	1.67436365769913	0.0940591506819885	0.905056790956463
3102	2.13794106381234	1.12663393219741	1.15987919885268	0.971337302463776	0.33138033897308	0.905056790956463
3103	2.32977431296661	1.33226540906862	1.16207198712436	1.14645686655387	0.251606164690589	0.905056790956463
3104	4.51234734897856	0.361521157294311	1.04600229002131	0.345621764639681	0.729626987073176	0.915506443250013
3105	0.874963434235947	0.327029383494582	0.993983658107128	0.329008812999354	0.74214902673461	0.916019906911484
3106	6.14424145307433	1.09309476218157	0.904167623864217	1.20895145250824	0.226681497128735	0.905056790956463
3107	4.08260523670728	0.932499508563737	1.07526176355944	0.867230231898958	0.385815874867891	0.905056790956463
3108	2.79993081949148	1.12560183832663	1.15863535916476	0.971489286446476	0.331304685610281	0.905056790956463
3109	2.75547090103847	1.00558701931617	1.16227818331888	0.865186178101289	0.386936610482511	0.905056790956463
3110	2.10759645025491	0.349432573088743	1.15984570270362	0.301275050874622	0.7632047641394	0.922542149513823
3111	3.28478594601478	0.840346281847225	1.13969451162491	0.737343448859036	0.460913516178105	0.905056790956463
3112	3.56187960795689	1.17852564712499	1.10608935350093	1.06548864555544	0.286654861099196	0.905056790956463
3113	4.17400630609375	1.11358930492793	1.09501768687125	1.01696010784058	0.309172407104816	0.905056790956463
3114	2.2437029372552	-0.0639723521498594	1.16274447986723	-0.0550184096828947	0.956123797200048	0.986682717594819
3115	6.44920269534253	1.86860370907147	1.06536158475414	1.75396197480004	0.079437022966127	0.905056790956463
3116	4.62372952749687	0.528186216929925	0.96643679085203	0.54652950087327	0.584702014733751	0.905056790956463
3117	26.9027443318449	-0.396193220809747	0.812107421339245	-0.487858145855121	0.625650322270639	0.905056790956463
3118	10.6660448348471	1.97385600574212	0.891368313144307	2.21441123342081	0.0268005028488333	0.905056790956463
3119	4.92449316508168	0.567465733398556	0.981515770940131	0.578152435446877	0.563161208308654	0.905056790956463
3120	1.03893330231322	0.25812112864531	1.08973974000453	0.23686493129473	0.812761576629766	0.934079119655156
3121	4.70736897489403	1.15298794692519	1.15091586238776	1.00180037881581	0.316440014244716	0.905056790956463
3122	4.96847774773755	1.04945471726628	0.976391370970261	1.07482997952288	0.282450855590242	0.905056790956463
3123	9.65239710552951	0.583088941765274	0.92033146778073	0.633564060534976	0.526365361647176	0.905056790956463
3124	7.094875015862	1.56199802526457	0.939700693681168	1.66222929893308	0.0964668075334512	0.905056790956463
3125	10.1909573161875	0.647515825840898	0.804879881135334	0.804487527912285	0.421115469457068	0.905056790956463
3126	1.52959653937406	0.477996131037804	1.16109383373382	0.411677434803588	0.680575866511365	0.912097229333043
3127	2.6350628820198	1.49325824611604	1.15228982429939	1.29590508796167	0.195008186120885	0.905056790956463
3128	4.45815444574441	1.01143544278892	1.02178329025475	0.989872757203483	0.32223631676233	0.905056790956463
3129	3.04558872313871	1.15471442386484	1.12928778179146	1.02251564435864	0.306536912073604	0.905056790956463
3130	4.05076240733955	1.79590881006376	1.0919883577746	1.64462267136593	0.10004764855399	0.905056790956463
3131	13.6348220111083	1.40547873790274	0.819914231594356	1.71417775633645	0.086496084774032	0.905056790956463
3132	3.38944307323408	1.0666743261975	1.13292052094835	0.941526176350488	0.346435281398128	0.905056790956463
3133	6.18925114314517	1.94444532771135	1.07116744815995	1.81525804490373	0.0694842632673019	0.905056790956463
3134	0.81730203199725	0.477572998691237	0.98848016244294	0.483138677776758	0.628997272935777	0.905056790956463
3135	0	NA	NA	NA	NA	NA
3136	9.16091032408601	1.42237273493465	0.940553228708637	1.51227244936211	0.130464566800337	0.905056790956463
3137	3.58739810761993	0.431039887213613	1.1442606424382	0.376697293629841	0.706398574326868	0.912400370188517
3138	1.68907918909653	0.683134797138004	1.01914139932115	0.67030423608838	0.502663867278268	0.905056790956463
3139	3.60489798427132	1.59674371546914	1.15281238552323	1.38508549658271	0.166026326145755	0.905056790956463
3140	8.7041682770496	1.61772144961154	0.86291827252428	1.87470992459024	0.0608326407986007	0.905056790956463
3141	2.33255561865499	0.70837265145368	1.15596115852899	0.612799700255599	0.540008789096973	0.905056790956463
3142	2.42870935652166	1.30426650510515	1.16211933937748	1.12231718457058	0.261727602107522	0.905056790956463
3143	1.05262578442048	0.626847465877239	0.926606177133126	0.676498259289264	0.498724350854336	0.905056790956463
3144	1.66100703156585	0.524911977824759	1.01370604103946	0.517814787101899	0.604587500211231	0.905056790956463
3145	14.194638022278	1.37288281324879	0.889709948784553	1.5430678448907	0.122814315545313	0.905056790956463
3146	3.09335766830879	1.16497477254902	1.14872574282061	1.01414526472483	0.310513441907719	0.905056790956463
3147	5.78910875741646	0.62129207618584	0.965467117381703	0.643514486408147	0.519890317966089	0.905056790956463
3148	3.70332105851321	0.93474260388462	1.11497698702461	0.8383514769924	0.401833332812714	0.905056790956463
3149	1.20552500379139	0.585752420259812	1.05839156112752	0.553436404609841	0.57996461649772	0.905056790956463
3150	8.09649100392858	0.673769658767522	0.932535092540468	0.722513998837297	0.46997852180867	0.905056790956463
3151	1.49633001920781	0.163330391909987	1.13760306013443	0.143574149572599	0.885836754784098	0.960722483193289
3152	5.90721388760922	2.45225023250843	1.09209521678818	2.24545460396797	0.0247389633890622	0.905056790956463
3153	4.89700321343575	2.35003535787246	1.10098978927231	2.13447516114177	0.0328039047968314	0.905056790956463
3154	15.9014530674518	0.269668607145718	0.847257885389363	0.318283974449869	0.750269539281633	0.917634047183371
3155	1.20478850630902	0.573594889204213	1.04276067813454	0.550073378515146	0.582269045170606	0.905056790956463
3156	1.07947044614721	0.232213377101729	0.922544566240455	0.251709657830454	0.801265491441374	0.929529847567444
3157	1.27457599931144	0.717007118171556	1.06312624055829	0.674432716283091	0.500036248779993	0.905056790956463
3158	5.53035426822389	1.27223356707457	0.966656184123664	1.31611796207349	0.188134453079844	0.905056790956463
3159	2.43696197683255	0.24787030390091	1.14095202093245	0.217248665459515	0.82801456065303	0.942024069586858
3160	1.55814403270189	-0.092493601729665	1.06639441240244	-0.086734889693664	0.930882242944002	0.977036640804631
3161	3.51970472698972	0.628514253474776	1.15988378378578	0.54187692099923	0.587903296631083	0.905056790956463
3162	35.9209025871199	1.38866547426544	1.04660014764613	1.32683477772158	0.184563343392287	0.905056790956463
3163	2.70374035891771	1.26719212268834	1.15390193446354	1.09818008345525	0.272125861248988	0.905056790956463
3164	3.97550569933918	1.08273371739689	1.14460680704538	0.94594380422374	0.34417724956345	0.905056790956463
3165	3.57691185361394	1.42952888555952	1.16258505008557	1.22961230703448	0.21884231917766	0.905056790956463
3166	3.24997088584504	0.85257098104995	1.10407451949748	0.772204199982805	0.439993494381291	0.905056790956463
3167	1.43009705208323	1.17482061013304	1.13602176303136	1.03415326040775	0.301064520631562	0.905056790956463
3168	0.639725708686014	0.275342155121266	0.956586182569937	0.287838315186134	0.773470506658076	0.926042177835687
3169	1.12127180849225	0.37138731539525	0.93021093944607	0.399250642672947	0.689708531310729	0.912097229333043
3170	3.31674942533834	0.631286440437384	1.09099841604149	0.578631857897562	0.562837603820344	0.905056790956463
3171	0.443017041471157	0.190837799117265	0.904861489647028	0.210902774955875	0.832963138729094	0.942024069586858
3172	3.02627396410874	-0.761632321051115	1.10851266593573	-0.687075885062801	0.492034909669269	0.905056790956463
3173	0.38748647431177	-0.00462246458683213	0.901863708392018	-0.00512545803076362	0.995910494075657	1
3174	4.15251757891464	0.517570215857397	0.929686141007798	0.556714995553597	0.577722169765687	0.905056790956463
3175	1.91071045941251	0.598113718625362	1.10322053578213	0.542152452049245	0.587713487496699	0.905056790956463
3176	1.91340363860305	1.16635783256319	1.15827261726229	1.0069804078767	0.31394418935287	0.905056790956463
3177	24.3133758575782	1.1062751323912	0.912264986685156	1.21266863086679	0.225256537743307	0.905056790956463
3178	15.7931585577377	1.13217628106572	0.828969553457469	1.36576340632009	0.172013235571603	0.905056790956463
3179	28.8234371996488	0.774265603127621	1.02556207090399	0.754967081071106	0.450268734252656	0.905056790956463
3180	1.66498438023204	0.65568201743253	1.14886661540172	0.570720750905674	0.568188950225745	0.905056790956463
3181	3.34031651317416	0.927861879850683	1.13771988335277	0.815545103348589	0.414760358066008	0.905056790956463
3182	7.3800628458545	1.86984661466917	0.952050629358686	1.96402014452606	0.0495277558311072	0.905056790956463
3183	2.85734462294484	0.640550117426004	1.12287499773202	0.570455410192394	0.568368856852708	0.905056790956463
3184	2.30400504426183	1.15330417503334	1.14300850376754	1.00900751939453	0.312971028002774	0.905056790956463
3185	8.16230641814578	1.85094963793148	0.981423064132927	1.885985469036	0.0592969128203556	0.905056790956463
3186	2.61806137319549	1.38245439377309	1.15258448865158	1.19943865927819	0.230357422955414	0.905056790956463
3187	27.1295739398508	1.67426091783621	1.0933952863796	1.53124943805085	0.125707756547476	0.905056790956463
3188	3.61781514656457	1.9284867911134	1.11840286691686	1.7243221098223	0.0846497100439435	0.905056790956463
3189	1.82784423220481	0.324628252501014	1.10287196276292	0.294348087050608	0.768491931102328	0.925752575002296
3190	4.69731704553792	1.84065251933493	1.12158437342123	1.64111819222327	0.100772883070275	0.905056790956463
3191	4.11014967320928	1.04868812705296	1.08777234178881	0.964069490246853	0.335011087704333	0.905056790956463
3192	3.08175929857375	0.940269550883671	1.16121507057037	0.8097290284235	0.418095930439846	0.905056790956463
3193	0.996481469359119	0.236177151245812	0.914491982769384	0.258260494018318	0.796205873449122	0.9286690374246
3194	0.691983971835444	0.157898621573121	0.909079525920826	0.173690658595773	0.8621085792963	0.949596855175955
3195	2.49416910345677	0.918403754150277	1.14361491887303	0.803070805560422	0.421933810704893	0.905056790956463
3196	3.91557184107373	0.805383664537121	1.11133381877429	0.724700041455946	0.468636069693397	0.905056790956463
3197	0	NA	NA	NA	NA	NA
3198	7.75152560873602	0.930798709348212	0.917012727382339	1.01503357756574	0.310089821927255	0.905056790956463
3199	3.45746797989838	0.206184037321474	1.08225707080416	0.190512996296037	0.848907160114282	0.945478283042784
3200	7.30075114452465	0.609769622140858	0.860722197268605	0.708439522154636	0.478672356463145	0.905056790956463
3201	22.1347381776444	0.704656506534043	0.943976261308462	0.746476935296346	0.4553793594276	0.905056790956463
3202	8.95909246744537	-0.129659407115989	0.811644986573543	-0.159748916411549	0.87307886595121	0.956356773873548
3203	2.63055781232494	1.18057829549954	1.14816477160134	1.02823072497948	0.303841308776038	0.905056790956463
3204	0.996481469359119	0.236177151245812	0.914491982769384	0.258260494018318	0.796205873449122	0.9286690374246
3205	4.6149418166518	0.38191646833642	1.0827369695189	0.352732454038324	0.724289026464276	0.915024114914031
3206	4.65687119845818	1.28679181632982	1.03188695087527	1.24702789897512	0.212387268060435	0.905056790956463
3207	9.7495329069324	1.81542947661874	0.924265383465498	1.96418637882104	0.0495084818501736	0.905056790956463
3208	3.97719064101401	0.946979148538653	1.05855862670797	0.894593010387796	0.371004689587127	0.905056790956463
3209	2.30404176696893	0.679229851769356	1.16130618112036	0.584884385196396	0.558625458633179	0.905056790956463
3210	3.26079603539062	1.91332681805524	1.14073721748395	1.677272196199	0.0934892669147458	0.905056790956463
3211	0.152248748761837	-0.124943057915868	0.897093032401155	-0.139275474675627	0.889232469353242	0.960722483193289
3212	6.23798003436926	0.327415280557783	0.961155798054988	0.340647459257226	0.733368996683365	0.916019906911484
3213	1.05201203651851	0.32560702668295	0.917512617553745	0.35488016235796	0.722679370606551	0.915024114914031
3214	1.9858150646309	0.609484394923264	1.16317636223157	0.523982789466215	0.600290510381087	0.905056790956463
3215	9.06034594189597	1.51205588085132	1.05123260377493	1.43836471150304	0.150330599732147	0.905056790956463
3216	16.0845143737647	0.577247296193409	1.00197237711232	0.57611098806639	0.564540164847254	0.905056790956463
3217	9.2384279862516	1.89752673081317	0.982436251864941	1.93145023629892	0.0534273977465441	0.905056790956463
3218	4.22634849649193	0.265755708401801	1.00293256954747	0.26497864011108	0.79102591655834	0.9286690374246
3219	2.34244807572361	1.09160952629143	1.15977574749817	0.941224653685177	0.346589745234389	0.905056790956463
3220	7.55955385828585	1.45868300216882	0.880921133094912	1.65586106107374	0.0977499587675175	0.905056790956463
3221	900343.799941075	-0.87218100996787	0.851291459569996	-1.02453865848534	0.305580921014303	0.905056790956463
3222	2.28175468794586	-0.982290686657135	1.14637300647256	-0.8568682977626	0.391517675029365	0.905056790956463
3223	10.8982112659065	-2.50024386161589	0.836568042266709	-2.98869157712671	0.0028017479349989	0.905056790956463
3224	290914.989952366	-1.15810640886032	0.9156152935749	-1.26483952047005	0.205928861176835	0.905056790956463
3225	15.6935919745112	2.05631626355831	0.860720378167525	2.38906422540641	0.0168913492185133	0.905056790956463
3226	3.20380505472559	1.07384735507327	1.1470264570291	0.936201033980187	0.349169690932488	0.905056790956463
3227	2.78555114406806	1.3021233733523	1.15232460425227	1.12999702388307	0.25847747853182	0.905056790956463
3228	2.106682629145	0.786122145960314	1.12573537163583	0.698318775235767	0.484977860098212	0.905056790956463
3229	1.11020115978588	0.390268491695659	1.0293123229043	0.379154589925126	0.70457307034834	0.912280267928552
3230	5.613024300437	1.06242041672961	0.978963450080646	1.08525033967518	0.277810794061315	0.905056790956463
3231	2.85505641520259	0.706089728834258	1.16363200376702	0.606798134245569	0.543984886482159	0.905056790956463
3232	1.96550452908953	0.631259571343875	1.05065250002122	0.600826221163633	0.547955737585665	0.905056790956463
3233	4.44059166344073	2.08265160865839	1.08449651266985	1.92038571293443	0.0548091968396297	0.905056790956463
3234	3.74603726199515	0.910637578948008	1.0643391300947	0.855589683024225	0.392224778581703	0.905056790956463
3235	0.723242406502787	0.454728949995594	1.05616575317143	0.430546955939581	0.666797817366827	0.906997038146281
3236	1.27352055725408	0.41874043786073	0.956213805770772	0.437915072271099	0.661447849190142	0.905730264136523
3237	1.24544839972341	0.237655679486779	0.951695367228916	0.249718226724975	0.80280526178968	0.929602252965301
3238	1.3179804757071	0.569383031926185	1.05633688108975	0.539016522209084	0.589875454146174	0.905056790956463
3239	2.86567068866993	0.637220089145661	1.12154062153044	0.568164966041194	0.569922957794146	0.905056790956463
3240	7.67387159550395	-0.013480547558315	1.04031341985818	-0.012958159820867	0.989661173682109	1
3241	2.63995507182289	0.943857200712745	1.15407598813049	0.817846667308034	0.413444746846279	0.905056790956463
3242	0.138519543947483	0.0454418622127057	0.897504263602248	0.0506313608253168	0.959619272541021	0.987420893184412
3243	0.728645545592053	0.220452117565806	0.910163441846445	0.24221157149377	0.808616229212316	0.93211026926692
3244	0.443017041471157	0.190837799117265	0.904861489647028	0.210902774955875	0.832963138729094	0.942024069586858
3245	3.95441247447829	0.699644612964925	1.04970974850797	0.666512446854362	0.505083610581649	0.905056790956463
3246	2.10507951509437	1.06348597796192	1.13466559294011	0.937268200057297	0.348620616144529	0.905056790956463
3247	6.85765017580474	1.19465707928729	0.97531650686857	1.22489168477519	0.220616033814055	0.905056790956463
3248	2.28818172707526	0.973895493556546	1.16079029730592	0.838993482127535	0.401472967173468	0.905056790956463
3249	5.05784347804807	0.935578512909639	1.13892531866873	0.8214572962547	0.411385838807292	0.905056790956463
3250	4.15174225910062	1.45394424432794	1.08963446643435	1.33434127601133	0.182092036068102	0.905056790956463
3251	4.14207744985274	1.61613545917382	1.13846520716728	1.41957386927534	0.15573177728765	0.905056790956463
3252	4.49184588832355	1.44998368298025	1.09930791353344	1.31899685714047	0.187170163175626	0.905056790956463
3253	6.20093661038538	1.39694537164437	0.985044604400182	1.41815443219955	0.156145682354244	0.905056790956463
3254	0.667711839343399	0.259164884135024	1.04647906544213	0.247654150659505	0.804402009326695	0.930234517797497
3255	6.9529761194348	1.99397394591397	1.10923934105861	1.79760478384314	0.0722396597207904	0.905056790956463
3256	1.66336341484135	0.299216119912392	1.14731601999798	0.260796602415539	0.794249364683749	0.9286690374246
3257	31.6828768954223	1.59119355366735	0.967090695691232	1.64534056708098	0.0998995984532447	0.905056790956463
3258	10.9689224376119	2.85858795655779	0.933026007981004	3.06378164392604	0.00218558369993604	0.905056790956463
3259	13.7353727412074	1.07393568346453	0.957118285536363	1.12205116096251	0.26184068770664	0.905056790956463
3260	2.79644973902784	1.04016315325304	1.15639212709392	0.899489999008406	0.368391720462013	0.905056790956463
3261	3.14165433450754	0.750069273915514	1.10907585667646	0.676301146941585	0.498849464717283	0.905056790956463
3262	5.50742189928164	1.17971024252783	1.00862421541951	1.16962316043261	0.24215265272367	0.905056790956463
3263	2.49033025608649	0.230856757517447	1.14522338118439	0.201582295044217	0.840243287591287	0.945478283042784
3264	3.17646939467728	0.748275141596956	1.1424616949139	0.654967378712288	0.512488757198235	0.905056790956463
3265	0.429287836656803	0.28209519273214	0.905022615408083	0.311699606097623	0.755268827343101	0.919701640610371
3266	2.60567193193093	1.16139020792482	1.1622943451353	0.999222109946368	0.317687107522262	0.905056790956463
3267	1.59174725959211	0.47939262226351	1.00424355328849	0.477366890425828	0.63310088677574	0.905056790956463
3268	2.76724659440106	0.985370793540867	1.13910526992478	0.865039272099877	0.387017234095331	0.905056790956463
3269	7.14137129341797	1.71331056415837	0.896773126524049	1.91052844190289	0.0560652079373333	0.905056790956463
3270	4.84859744974756	1.22084678801198	1.04515811451268	1.16809769838625	0.242767358631951	0.905056790956463
3271	6.68932949104401	0.224079890216992	0.91631516903998	0.244544560417744	0.806809095080268	0.931370629261133
3272	2.66496580142185	-0.192643483999945	1.13774856563307	-0.169319909353393	0.865545016676119	0.9517422242192
3273	1.95230304530385	0.912460425550896	1.11639171904385	0.817329983719682	0.413739876268941	0.905056790956463
3274	6.00602408195933	1.53110652996672	0.972926098227074	1.57371308340562	0.11555379573942	0.905056790956463
3275	4.74109294093118	1.04211397751395	1.00731800157806	1.03454318882556	0.300882297177944	0.905056790956463
3276	4.71201356591179	0.709430597814247	0.982395029050923	0.722143920556701	0.470205997557476	0.905056790956463
3277	2.61617603727697	0.584592816367768	1.13385505829937	0.515579846020688	0.606147889449999	0.905056790956463
3278	1.28724976206844	0.376556567089119	0.958202881942174	0.392982085720593	0.694332712693597	0.912097229333043
3279	1.59236100749408	0.721684828727075	1.00820383266991	0.715812423382604	0.474107180255901	0.905056790956463
3280	2.84365424046214	1.33622462887309	1.16102047018995	1.15090531405917	0.249771191360763	0.905056790956463
3281	1.80005429654201	0.854934555892713	1.1052415832705	0.773527316410672	0.439210368821042	0.905056790956463
3282	3.51947599957143	1.14432233544453	1.14264946244327	1.00146402992015	0.316602521737821	0.905056790956463
3283	4.00496272533675	-0.0963247210536843	1.02435123731141	-0.0940348559606421	0.925081468348034	0.973200362143425
3284	2.06026919924022	0.782792975838803	1.16100256502335	0.674238799655934	0.500159505902337	0.905056790956463
3285	2.69884606949008	0.413380393465175	1.13832875660732	0.36314675445538	0.716495260109577	0.915024114914031
3286	2.22145776162911	1.24601079593465	1.16206988158956	1.07223396430365	0.283614958672701	0.905056790956463
3287	4.0070589373335	1.08071256541696	1.15101706069532	0.938919675755379	0.347771986347582	0.905056790956463
3288	1.37023873885653	0.381045817131501	0.971569521505231	0.392196141086389	0.694913295170202	0.912097229333043
3289	2.76127901157601	1.59777007448684	1.1612597850401	1.37589374493983	0.168854532067539	0.905056790956463
3290	2.26815131377723	1.04009065293915	1.15384494272618	0.90141284537048	0.36736885414109	0.905056790956463
3291	8.28093405009113	1.16398370560332	0.860053960868074	1.35338450674477	0.175932824444165	0.905056790956463
3292	8.98444294624742	0.725149038792606	0.81958979009471	0.884770707927937	0.376280310944768	0.905056790956463
3293	2.74230613995989	0.565070383929337	1.16330289026308	0.485746565798996	0.627146863723485	0.905056790956463
3294	0.418217187950435	0.11102027919422	0.932449563327994	0.119063039504227	0.905225412601023	0.965364304944372
3295	2.82832192159715	1.65292100171227	1.1588817184005	1.42630690903784	0.15377977116881	0.905056790956463
3296	2.40096872502506	0.448725864199866	1.16253052455737	0.385990608178412	0.699503624437344	0.912280267928552
3297	1.66427933557581	0.838553828271817	1.09324128985547	0.767034538535109	0.443060980612456	0.905056790956463
3298	4.46816965239342	0.984402709000531	1.05811391364008	0.930337174769804	0.352196535884576	0.905056790956463
3299	0.816774310968573	0.318824155783137	0.912435261769228	0.349421125138162	0.726773176044975	0.915024114914031
3300	5.94147815613414	-0.466588716700536	0.946273839843265	-0.493080012417778	0.621956053112416	0.905056790956463
3301	5.19672917111218	0.995694575206793	0.998179345289805	0.997510697757134	0.318516683797871	0.905056790956463
3302	1.52248748761837	0.433200166671332	0.994419257477605	0.435631312863114	0.663104248256216	0.905730264136523
3303	0.747514538994832	0.276666074612693	0.911053337706125	0.303677142887474	0.761373873449879	0.921693462027093
3304	0.443017041471157	0.190837799117265	0.904861489647028	0.210902774955875	0.832963138729094	0.942024069586858
3305	5.78804705507167	0.875524095121735	0.898958156172198	0.973931977935162	0.330090314731453	0.905056790956463
3306	2.08188277562428	0.771273656390981	1.13305486876028	0.680702830600662	0.496059544903458	0.905056790956463
3307	3.49816459601986	1.80498716716896	1.13420298787028	1.59141457611413	0.111516306102405	0.905056790956463
3308	3.26315349826367	-0.308387529678825	1.11115835720901	-0.277536975425741	0.781367818175713	0.92831898561556
3309	4.14445168446829	1.9301646700217	1.05214610476824	1.83450250994073	0.0665794355605757	0.905056790956463
3310	3.7920803435342	1.04651575509068	1.06679903019367	0.98098678895564	0.326599256424316	0.905056790956463
3311	3.15542236165355	0.911495697302577	1.13316595110629	0.804379708384899	0.421177716480063	0.905056790956463
3312	1.66799333374115	1.08173763477544	1.15243929791886	0.938650423262117	0.347910255136761	0.905056790956463
3313	16.9646805438805	1.15127708854289	0.827697642085173	1.39093919084092	0.164243867280261	0.905056790956463
3314	4.38245184433955	0.422026535875207	1.04406617939325	0.404214353653774	0.686055099569331	0.912097229333043
3315	3.06827559292018	0.266659621866667	1.15837563330417	0.230201339013014	0.817935321415685	0.936268667826405
3316	3.57809004525169	1.29673519433022	1.12884659215714	1.14872579085548	0.250669067587559	0.905056790956463
3317	1.33223740155014	0.73654543886973	1.12049896945643	0.657337006947039	0.510964246135712	0.905056790956463
3318	5.49578680683949	1.60077706234074	1.03236894142785	1.55058622756195	0.121000874751098	0.905056790956463
3319	0.693039413892798	0.362253483832839	0.968480119475356	0.374043283437846	0.708372114050829	0.913692472804339
3320	0.207779315921225	0.153934422923949	0.899049142558934	0.171219142132554	0.86405145649996	0.950426868789444
3321	9.50491157397547	0.729779935517451	0.829114346901119	0.880192145082354	0.378755227993431	0.905056790956463
3322	15.2664832360886	1.4839051076103	0.799343853357505	1.85640397605789	0.063395998431389	0.905056790956463
3323	14.648128736296	2.54600844548931	0.926263362413117	2.74868741310939	0.00598344178165961	0.905056790956463
3324	2.63518563160019	0.9393379544461	1.1385884658711	0.825002169442703	0.409370359031161	0.905056790956463
3325	6.10597994448919	1.10781147038111	1.06020000139737	1.04490800690529	0.296065488807382	0.905056790956463
3326	3.74075897211082	1.71406147198163	1.15674888908052	1.48179219203237	0.13839559729457	0.905056790956463
3327	0.540385693682678	-0.267816810051198	0.934305528987733	-0.286647998691993	0.774381858274013	0.926042177835687
3328	0.944750927238365	0.599977269223062	1.08402406986319	0.553472276034221	0.579940059575119	0.905056790956463
3329	8.5312942474205	1.76984152196909	1.04411589332789	1.69506233290647	0.0900635967650851	0.905056790956463
3330	2.03590576999392	1.20001449557574	1.12545097007049	1.06625213135725	0.286309682025533	0.905056790956463
3331	0.803167855734613	0.0769375327293921	0.979763608842754	0.0785266282958466	0.937409149301977	0.977627519002861
3332	5.1537128944223	1.73435557349084	1.0938282358619	1.58558310768439	0.112833910666487	0.905056790956463
3333	0.886034082942315	0.356115473631872	0.913601194189703	0.389793135009768	0.696689520525138	0.912097229333043
3334	3.76029418783818	0.90930745918763	1.05968426124385	0.858092822970016	0.390841210078215	0.905056790956463
3335	2.25893137790684	0.848582033693503	1.13378715532638	0.748449150889548	0.454189285233901	0.905056790956463
3336	10.7133049303555	2.33930790649755	0.920495157942178	2.54135818783362	0.011042273089399	0.905056790956463
3337	1.37302004454491	-0.100429268635088	1.11685683812954	-0.0899213446221835	0.928349719306866	0.975659995977116
3338	2.9066988308255	1.78782080933896	1.1418019169709	1.56578893656256	0.117398037127905	0.905056790956463
3339	23.507528474744	0.717587480166595	0.973736807095997	0.736941928185581	0.461157665007352	0.905056790956463
3340	2.02539956502333	0.752078952425422	1.16265057633173	0.646865849237612	0.51771876996947	0.905056790956463
3341	2.62239121888735	0.301683194876627	1.15517844246929	0.261157223668193	0.793971264224202	0.9286690374246
3342	4.32581336070021	1.22908467229632	1.11905496348903	1.09832377532577	0.272063133669432	0.905056790956463
3343	3.05143355638336	1.48651454992094	1.15913368705598	1.28243581091709	0.199689808653202	0.905056790956463
3344	0.443544762499834	0.316140767630777	0.9418629619628	0.335654740018606	0.737131239763257	0.916019906911484
3345	3.72611384656201	0.964690452300064	1.14525789128169	0.842334691289882	0.399600637961438	0.905056790956463
3346	1.92803091281181	1.16995246057977	1.1561111145735	1.01197233192535	0.311551282668849	0.905056790956463
3347	3.00876557747006	1.42429824482214	1.14241471416992	1.2467436099657	0.212491522867066	0.905056790956463
3348	2.0491072537796	0.860866494301169	1.0616737742881	0.810857831426063	0.417447318911233	0.905056790956463
3349	2.78611558780384	0.970900110157048	1.15468460088048	0.84083576538278	0.400439947722002	0.905056790956463
3350	5.05616691858323	0.821860689450176	1.01069600196529	0.81316309538385	0.416124555210133	0.905056790956463
3351	5.87575925794729	1.41496663683606	1.1016504936902	1.28440612058035	0.198999892506816	0.905056790956463
3352	1.76418379431492	0.921759881608422	1.15080852581439	0.800967199088244	0.423150635185951	0.905056790956463
3353	10.0970057591898	1.38655391988816	0.859006788039018	1.61413616189629	0.106497895145259	0.905056790956463
3354	2.48423992368105	1.40333547286204	1.16216324410639	1.20752009666344	0.22723191032405	0.905056790956463
3355	2.84046796332548	1.15730388494861	1.15335095803727	1.0034273409007	0.315654717884719	0.905056790956463
3356	4.45150283985961	0.553919743419516	1.03850109433632	0.533383880325626	0.593767873712327	0.905056790956463
3357	200.912446406004	0.0405668044250577	1.14344279418052	0.0354777734675665	0.971698769419423	0.996150593492702
3358	2.75156387813494	0.808175230062661	1.13579914852201	0.71154766325923	0.476744925847335	0.905056790956463
3359	4.8396051616979	0.0451775604200912	0.976893748029358	0.0462461352744101	0.963114071156393	0.989734262525478
3360	3.81725054542065	1.10609776227773	1.08978822264012	1.01496578812175	0.310122136004352	0.905056790956463
3361	2.5359704658018	1.04834265178022	1.14499940826357	0.915583575165391	0.35988534931158	0.905056790956463
3362	5.12839999199085	0.364539902181112	0.987071602460795	0.369314547467788	0.711893283506928	0.914260935636494
3363	1.66836158248233	-0.234357926734157	1.16387122637638	-0.201360701616288	0.840416541389328	0.945478283042784
3364	0.982752264544764	0.287636826250416	0.914657952286173	0.314474744937681	0.753160494851759	0.919059943421892
3365	2.30126046128055	1.23855060466213	1.15938847742502	1.06827920820201	0.285394584428933	0.905056790956463
3366	6.65738698271204	2.53351979105766	1.08079653363284	2.344122794826	0.0190718911363029	0.905056790956463
3367	2.25688656970082	0.987356228144624	1.08198758985893	0.912539327991145	0.361484876458488	0.905056790956463
3368	0.900291008785346	0.465284449964757	0.999621193660937	0.465460769454812	0.641601524517618	0.905730264136523
3369	2.83585589576573	1.4426237759898	1.15801528159159	1.24577265854992	0.212847870029934	0.905056790956463
3370	2.10479729322648	0.331811386211132	1.15430822155396	0.287454754298154	0.773764141439376	0.926042177835687
3371	5.27380513912239	1.7622225666623	1.04325579758633	1.6891567444335	0.0911893958834367	0.905056790956463
3372	1.59174725959211	0.47939262226351	1.00424355328849	0.477366890425828	0.63310088677574	0.905056790956463
3373	3.58838537414404	0.909296645872455	1.07242670734468	0.847886983460029	0.396500914310488	0.905056790956463
3374	2.19028535383506	1.05642932783199	1.13059285844655	0.934402972687749	0.350096064909009	0.905056790956463
3375	27.1019489928492	-0.194094603474696	0.915766132528939	-0.211947785117028	0.83214777022174	0.942024069586858
3376	3.52121971454251	1.3923334502302	1.09846832000153	1.26752262662274	0.204968478345744	0.905056790956463
3377	1.08274275015717	0.508769510394067	1.02494434145003	0.496387452292573	0.619621076188102	0.905056790956463
3378	5.2079771434461	0.759131526242846	0.976800319076262	0.777161423289398	0.437063538763615	0.905056790956463
3379	11.1454580505543	0.728641648172788	1.01862165789256	0.715321181841239	0.474410602889012	0.905056790956463
3380	1.41061431077848	0.727149351864827	1.13869524861926	0.638581176786802	0.523095429771415	0.905056790956463
3381	0.596321232290349	0.47068307253737	0.963502832612501	0.488512391044177	0.62518695110174	0.905056790956463
3382	2.44020282801636	-0.0333350148750759	1.15213360591787	-0.0289332892503547	0.976917795746537	0.999589543567159
3383	48.5862252139373	0.461425493773924	1.12425914212143	0.410426276724095	0.681493273907394	0.912097229333043
3384	2.28540042138688	1.30838069018331	1.14499864022502	1.14269191614601	0.253166527323263	0.905056790956463
3385	2.12473958002666	1.29274671361302	1.16167483358014	1.11283009345131	0.26578140816356	0.905056790956463
3386	3.17961894910684	1.31844083467259	1.14212920836844	1.15437099849326	0.248348099895861	0.905056790956463
3387	2.31143514021705	0.0776308942487197	1.13053785805134	0.0686672221508166	0.945254509530583	0.979894937478355
3388	1.38396794367089	0.338287577874712	0.973855412360681	0.347369407800161	0.728313813142715	0.915024114914031
3389	1.10692885577592	0.127842494540693	0.929249791903757	0.137576027086088	0.890575502953445	0.960722483193289
3390	3.58231289307866	0.252884152085337	1.06875046074871	0.236616648481424	0.812954203310071	0.934079119655156
3391	3.68216487739516	0.478226847678995	0.978704173711408	0.488632684445882	0.625101769040965	0.905056790956463
3392	2.2367701295295	1.41072860089658	1.16154145024428	1.21453143200348	0.224544854578671	0.905056790956463
3393	10.7855159621397	-0.368987699156152	0.839450135779114	-0.43955880573381	0.660256681996026	0.905730264136523
3394	4.80801310137192	1.55877229105744	1.0306407569212	1.51243028241374	0.130424436038799	0.905056790956463
3395	3.83891659622731	0.0614958715450096	1.07619315543748	0.0571420392652574	0.954432048621051	0.985715982802899
3396	4.83195053757347	1.50400125351578	1.14715370151889	1.31107213577779	0.18983339365586	0.905056790956463
3397	2.59215150357026	0.98502282619018	1.16097590552338	0.84844381481468	0.396190850290809	0.905056790956463
3398	4.48816441361622	0.606611001419408	1.06792201569152	0.568029305985047	0.570015068726604	0.905056790956463
3399	702.894627887765	-0.383429417630628	1.07208466950509	-0.357648447494013	0.720606417348714	0.915024114914031
3400	2.05282125194494	1.3410105243163	1.15900471218626	1.15703630038459	0.247257529765037	0.905056790956463
3401	1.35716000465125	0.317529174102431	1.11432857358433	0.284951119112984	0.775681591283266	0.926046790672276
3402	6.71884631036482	1.29138317694645	0.911575172202105	1.4166502295437	0.156585215134076	0.905056790956463
3403	2.02749367739554	1.22235995182175	1.15800339680397	1.05557544580215	0.291162223845644	0.905056790956463
3404	4.99179933641258	0.222483548584209	1.02754107344983	0.216520345836153	0.828582167595692	0.942024069586858
3405	5.23978007088462	0.649593103076928	1.0070624109855	0.645037582567743	0.518902831021824	0.905056790956463
3406	4.23939787749562	1.72738558885505	1.1125202601027	1.55267787095903	0.120500111595414	0.905056790956463
3407	0.67825476702109	0.228224397057415	0.909378776125165	0.250967367008357	0.801839339245663	0.929529847567444
3408	0.540262944102284	0.205912986288192	0.943463510128294	0.21825219955798	0.827232615869191	0.942024069586858
3409	1.3158496406278	0.801899741799017	1.0611605501168	0.755681825630208	0.449839983247801	0.905056790956463
3410	86.5899368111477	0.219667138010846	1.14431269615378	0.191964258326577	0.847770202426353	0.945478283042784
3411	3.11908811468192	0.504229226296858	1.10936888102156	0.454518992665937	0.649455325098358	0.905730264136523
3412	2.81026497071549	1.15699332795701	1.15253456338319	1.00386866018207	0.315441924302037	0.905056790956463
3413	3.00644591690167	1.1734406865958	1.15651623304391	1.01463399567453	0.310280327904137	0.905056790956463
3414	11.1953955318986	1.61413540671022	1.06721806779155	1.51247008968883	0.130414316120896	0.905056790956463
3415	2.30339129635985	0.895052015248434	1.14348433128412	0.7827409530337	0.433779248059675	0.905056790956463
3416	7.76612143011864	0.834656033752874	0.872055524136673	0.957113406946394	0.338510017320536	0.905056790956463
3417	2.67582557404998	1.15551154629912	1.14119600549118	1.01254433133226	0.311277861558019	0.905056790956463
3418	2.24319408759357	0.775150506984433	1.15529434843061	0.670954989122403	0.502249204003322	0.905056790956463
3419	9.14989210816307	1.10160612576215	1.05537973295004	1.04380072060214	0.296577598150222	0.905056790956463
3420	2.78354305856914	1.17113302591021	1.16267621692118	1.0072735718388	0.313803326279082	0.905056790956463
3421	3.50261719129211	0.346635160910685	1.16072982980931	0.298635523968252	0.765218157413862	0.923549118434363
3422	4.26794318200782	1.57377159943285	1.12149585428358	1.40327901652226	0.160533652915909	0.905056790956463
3423	0.597924346340981	0.00308604765048109	0.955406355040578	0.00323008909685348	0.997422766261188	1
3424	5.66544203587392	2.20707104954268	1.03534900958723	2.13171696607175	0.0330301212162363	0.905056790956463
3425	5.25213698869118	1.44861085911352	1.01872655493781	1.42198203442527	0.155031466452154	0.905056790956463
3426	2.98866908826334	0.80735006565866	1.12779095679765	0.715868539991774	0.474072525787274	0.905056790956463
3427	2.41436640380534	1.04013099636228	1.16216987853212	0.894990496291322	0.370792168338743	0.905056790956463
3428	2.64703160012058	1.21536323388632	1.14862504534742	1.05810267572453	0.290008634687921	0.905056790956463
3429	3.46053360707919	0.525445001578038	0.927084698944635	0.566771301668757	0.570869570791099	0.905056790956463
3430	11.2782061560665	0.912202447979856	0.801731719127367	1.13779014378118	0.255208121560442	0.905056790956463
3431	1.50414621524427	0.78422635080105	1.14085282665718	0.687403609367315	0.491828423769137	0.905056790956463
3432	5.77786078508254	0.833092292435047	0.992332345821623	0.839529514424193	0.401172234083584	0.905056790956463
3433	1.22179001513333	0.873014706025959	1.11237498597681	0.784820511996086	0.432558811911401	0.905056790956463
3434	3.79498649842752	1.43167658060144	1.09158925585738	1.31155246620391	0.189671180226434	0.905056790956463
3435	3.42478375480795	-0.133853294714299	1.07406355814331	-0.124623253158022	0.900821818552874	0.962822431880661
3436	1.15200252213091	0.565525289704287	1.03473379900193	0.546541816117126	0.584693551800214	0.905056790956463
3437	1.6541781020535	0.820149162185423	1.15108537600274	0.712500722607972	0.476154764139484	0.905056790956463
3438	4.20188543888625	0.936176367163549	1.05124579326026	0.890539941434779	0.373176031591423	0.905056790956463
3439	4.73931460287755	0.617876789664367	1.07609940760657	0.574181888120012	0.565844724269213	0.905056790956463
3440	2.87941774482434	1.46714542061755	1.14547927911929	1.2808135837652	0.200259151647581	0.905056790956463
3441	4.73399539103703	0.0559149115165651	0.981505094588586	0.0569685392616355	0.954570256457492	0.985715982802899
3442	3.94417171963309	1.05297656661378	1.09186736480865	0.964381389673938	0.334854749117405	0.905056790956463
3443	6.10098177684821	1.53190919056228	1.05507816990314	1.45193904514479	0.146518554674142	0.905056790956463
3444	0	NA	NA	NA	NA	NA
3445	3.05035816336141	1.82578144193171	1.15331344780162	1.58307478804823	0.11340441928491	0.905056790956463
3446	0.816774310968573	0.318824155783137	0.912435261769228	0.349421125138162	0.726773176044975	0.915024114914031
3447	4.79600766056405	2.17763288316027	1.0839612726402	2.00895819631656	0.0445415672588851	0.905056790956463
3448	5.03816034249963	2.49513853671601	1.06881901017411	2.33448180932855	0.0195705074801759	0.905056790956463
3449	29.4806998344115	-0.488409536683477	0.898147429213392	-0.54379662046267	0.586581434690749	0.905056790956463
3450	2.76684162295278	0.441313727302209	1.14460903886331	0.385558485315185	0.699823684154246	0.912280267928552
3451	3.54747998156887	2.1948050206275	1.10910977994054	1.97888888938043	0.0478285174657217	0.905056790956463
3452	3.92717021080878	0.955275545616441	1.10082299088513	0.867783061878405	0.385513104318476	0.905056790956463
3453	3.04902049943617	0.729340473101437	1.1531442283482	0.63247983658225	0.527073379977354	0.905056790956463
3454	1.68907918909653	0.683134797138004	1.01914139932115	0.67030423608838	0.502663867278268	0.905056790956463
3455	0.58153658541864	0.321852916309572	0.907525538762181	0.354648880458574	0.722852652034297	0.915024114914031
3456	2.04187335281896	0.830473195905257	1.16127130525942	0.715141407648693	0.474521669744502	0.905056790956463
3457	1.99162317516845	1.08803472767136	1.15923345809784	0.938581197834551	0.347945810004482	0.905056790956463
3458	8.14866324020472	1.96550719531976	0.991164760542475	1.98302772007756	0.0473643332831936	0.905056790956463
3459	6.24693141675092	0.717698805256072	1.07299607005526	0.668873656936234	0.503576075761908	0.905056790956463
3460	0.138519543947483	0.0454418622127057	0.897504263602248	0.0506313608253168	0.959619272541021	0.987420893184412
3461	10.0887342675118	1.4925968103497	0.906798091072952	1.64600788758125	0.0997621351097959	0.905056790956463
3462	5.77895504947154	1.34732477868678	1.08558772764274	1.24110170406254	0.214568180137588	0.905056790956463
3463	17.7007709171163	0.664739140306956	0.91599138800966	0.72570457430976	0.468019896967078	0.905056790956463
3464	14.2641464130641	0.778041909900333	0.831815028531619	0.935354475710531	0.349605649702896	0.905056790956463
3465	0.928399889023125	0.0136904101218196	1.06612805593405	0.0128412436438748	0.989754451533438	1
3466	3.07741160154183	1.19160131012504	1.14420623728109	1.04142179206833	0.297679832936125	0.905056790956463
3467	1.27691561084444	0.442297651060382	1.10659797900746	0.399691359871351	0.68938385669566	0.912097229333043
3468	1.6092764894451	0.992902555624126	1.13851259487832	0.872105025531355	0.383151084787057	0.905056790956463
3469	2.48174083986056	0.436035826053251	1.15776616297035	0.376618215317818	0.706457349043197	0.912400370188517
3470	8.21915894811977	2.7459872966167	0.994699883259591	2.76061889905748	0.00576919537553944	0.905056790956463
3471	4.74442083901528	1.63113148094114	1.0399783831379	1.56842825522927	0.116781221304294	0.905056790956463
3472	3.78866851820135	1.73810613404597	1.13362834540625	1.5332239539433	0.125220684161004	0.905056790956463
3473	5.70080266841239	0.839649667526195	0.981701563547703	0.855300326192661	0.392384907015785	0.905056790956463
3474	0.608994995047349	0.171369175197221	0.907289767060489	0.188880313014482	0.850186623776507	0.945478283042784
3475	3.21892122763139	0.593960928336954	1.11969495696618	0.530466735285024	0.595788366707674	0.905056790956463
3476	37.5525754922477	-0.677944956123794	0.965056866694088	-0.702492235971722	0.482372241934922	0.905056790956463
3477	5.08513821614018	1.92870879554121	1.01587422259041	1.89857046537033	0.0576209747296236	0.905056790956463
3478	1.52947378979367	0.944691606257286	1.14627123439529	0.82414316778668	0.409858214623359	0.905056790956463
3479	3.57240258466998	1.63829826029228	1.08479726409642	1.51023450603639	0.130983596827462	0.905056790956463
3480	4.97159267908456	1.07469267212496	1.07449914341276	1.00018011062492	0.317223352715594	0.905056790956463
3481	1.64780554778018	0.797768294704626	1.0924074467767	0.730284562832808	0.465216262266123	0.905056790956463
3482	6.57157997752847	1.23051256809395	1.03926523851813	1.184021674629	0.236404483021508	0.905056790956463
3483	1.39002155336923	0.0937568597986628	1.1247558147416	0.0833575239797294	0.933567261873205	0.977607781352236
3484	1.59579278379154	0.248299879894395	1.16004349379604	0.214043595108557	0.830513060905861	0.942024069586858
3485	4.46808152589558	1.93077793004542	1.03748184800647	1.86102333622071	0.0627408812753855	0.905056790956463
3486	2.88844568494924	0.651048932326578	1.16225018571231	0.560162467883424	0.575368624764751	0.905056790956463
3487	2.43597998018939	0.757926814021764	1.09355224674167	0.69308697072323	0.488254973795887	0.905056790956463
3488	1.55587675736502	0.494758249213311	1.09342216561435	0.452486024860607	0.65091888674106	0.905730264136523
3489	3.95448591989249	1.70522593757631	1.08972618014411	1.56482056561293	0.117624988199005	0.905056790956463
3490	3.17622389551649	1.61844848236536	1.15769765214683	1.39798891305007	0.162116396557021	0.905056790956463
3491	1.23817777605567	0.615371780530411	1.11994959002269	0.549463820526012	0.582687186701796	0.905056790956463
3492	3.21156667671491	1.17038304407774	1.13548533043683	1.03073374239672	0.302665696851108	0.905056790956463
3493	5.76226301609217	0.354559322545629	0.918736876419602	0.385920421445777	0.69955560589736	0.912280267928552
3494	1.46757066836096	0.592669247113144	0.988238238339833	0.599723046649951	0.548690826174444	0.905056790956463
3495	3.7643963857093	1.82057274604883	1.1200317304785	1.62546532969299	0.104063445472354	0.905056790956463
3496	2.38690799417663	1.14877344100617	1.16203753251642	0.988585487870152	0.322865989345696	0.905056790956463
3497	3.1586946656635	1.22502908043849	1.1587162768976	1.0572295434724	0.290406839663752	0.905056790956463
3498	2.58055313383522	0.76140674589355	1.1626688767782	0.654878410440847	0.512546041490449	0.905056790956463
3499	0.850691301743902	0.446547852463066	1.07545387919317	0.415218040589593	0.677982293316327	0.912097229333043
3500	5.70972990058035	1.95424289043222	1.01678883375887	1.92197516883398	0.0546088823013605	0.905056790956463
3501	7.54154938182679	0.595533906597352	0.869523464906407	0.684896878155501	0.493408996119723	0.905056790956463
3502	1.3158496406278	0.801899741799017	1.0611605501168	0.755681825630208	0.449839983247801	0.905056790956463
3503	2.54307951755749	1.02560668490828	1.14859366990084	0.892923852694419	0.371897952506355	0.905056790956463
3504	2.88864187994384	1.49511301692551	1.15343159134344	1.29623033402796	0.194896141754924	0.905056790956463
3505	4.27061748983131	0.944089758145531	1.03990993523381	0.907857234706834	0.36395365454862	0.905056790956463
3506	0.360028064683062	0.208653482468978	0.903170664007368	0.231023316837133	0.817296687738699	0.935872778920563
3507	3.19169363607982	1.95090309879585	1.13335365277342	1.72135422515453	0.085186565258451	0.905056790956463
3508	1.92607740136005	1.02138499300455	1.16109375930908	0.87967486244379	0.379035470850558	0.905056790956463
3509	3.50903904973163	1.00249528042402	1.1343697267872	0.883746504116716	0.376833070340003	0.905056790956463
3510	7.38252730659244	2.12214408464637	1.0814903532672	1.96224041965361	0.049734500146214	0.905056790956463
3511	0.836434375900871	0.333161795123046	0.991061723526987	0.336166544640016	0.736745279811845	0.916019906911484
3512	2.36603091527493	0.914236714304601	1.15234367687368	0.793371571912414	0.427561368529088	0.905056790956463
3513	10.0954036741318	1.35699158789531	0.975859196225036	1.39056084437655	0.164358636829185	0.905056790956463
3514	8.53795950539626	2.60035538763631	0.992385407988237	2.62030796372526	0.0087850392846431	0.905056790956463
3515	1.80271285265	0.884838685217657	1.14649502532229	0.771777169263266	0.440246416039409	0.905056790956463
3516	1.68846544119456	0.446780038327671	1.01732280229888	0.439172342660627	0.660536663602636	0.905730264136523
3517	7.84060911717865	2.03517992922422	0.938425335159575	2.16871801407423	0.0301040988968119	0.905056790956463
3518	6.11041365942871	1.56796857122921	0.984512687367744	1.59263419491468	0.111242277757181	0.905056790956463
3519	2.23805429900514	0.814046559685477	1.16063780067778	0.701378637857646	0.483066749835731	0.905056790956463
3520	1.28724976206844	0.376556567089119	0.958202881942174	0.392982085720593	0.694332712693597	0.912097229333043
3521	18.403803487069	0.564581761029161	0.999331957873242	0.56495917755967	0.572101530939844	0.905056790956463
3522	1.13552873433528	0.515586777067445	1.03285622314079	0.499185429216478	0.617648758464703	0.905056790956463
3523	5.65156072827758	1.62021625971927	1.06711099831503	1.51832027059752	0.128933680002132	0.905056790956463
3524	1.4538414635466	0.635120507780209	0.987567863518423	0.643115811319999	0.520148955661465	0.905056790956463
3525	12.1259378590723	0.703944367047702	1.00501164464138	0.700434040541779	0.483656283895786	0.905056790956463
3526	1.08540130626516	0.336954826609929	1.03503400097679	0.325549524259045	0.744765207095714	0.916512794795554
3527	2.71778850830705	1.52897912439211	1.15960168600841	1.31853820397172	0.187323544794168	0.905056790956463
3528	4.69988957477261	1.68227683073198	1.09995127149845	1.52941032418667	0.12616275462922	0.905056790956463
3529	2.10733309975407	0.588530028253715	1.16315278948162	0.505978263196193	0.612871909177131	0.905056790956463
3530	4.16848041742409	1.44329601816514	1.14554001699787	1.25992632011897	0.207695942928085	0.905056790956463
3531	2.58818990661958	0.646021042355364	1.13739997344904	0.567980532298039	0.570048186987534	0.905056790956463
3532	22.925500932643	1.51278703679682	1.14504481729006	1.3211596733629	0.186448129386571	0.905056790956463
3533	1.9156026492156	0.528230651629915	1.16244269533103	0.454414358446711	0.649530619765378	0.905730264136523
3534	9.38344176342094	2.25367234902156	0.889008978457881	2.53503890695333	0.0112434837588412	0.905056790956463
3535	10.4619291422931	1.7667366815446	1.04403578354899	1.69221851337216	0.0906043178923503	0.905056790956463
3536	1.16372364144635	0.471652622880879	1.10613221652526	0.426398052452086	0.669817820285482	0.908502468170408
3537	1.66206247362321	0.83474301617332	1.10296903305743	0.756814553405377	0.44916097252091	0.905056790956463
3538	10.3264144032105	1.16379311704279	0.919039094799237	1.26631513678645	0.205400279817303	0.905056790956463
3539	5.81429363142086	1.30819906257397	0.929899589897894	1.40681754975031	0.159481497207097	0.905056790956463
3540	4.92104032860155	-0.478485663508823	0.967638993428467	-0.494487786001149	0.620961730183703	0.905056790956463
3541	1.87536767821409	0.7373142586954	1.16295052274074	0.634003119030175	0.526078786592189	0.905056790956463
3542	1.61981941712279	0.639679686230477	1.00961313117039	0.633588912902637	0.526349138288599	0.905056790956463
3543	2.42657852144235	1.5044259579666	1.16204220593769	1.29463968716405	0.195444554852489	0.905056790956463
3544	2.14848399149003	0.924925727910588	1.12805155923516	0.819932139039552	0.412254793930067	0.905056790956463
3545	8.27211381578805	0.646569765268725	0.875435323731426	0.73856942682277	0.460168494803303	0.905056790956463
3546	0.331955907152383	0	0.898265345528723	0	1	1
3547	4.70084221821417	0.784506131525394	1.06347129938987	0.737684347452983	0.460706285963164	0.905056790956463
3548	3.02094834190549	0.52801924976075	1.15428402996791	0.45744308684183	0.647352600860537	0.905730264136523
3549	3.69540098426339	1.9659458593808	1.11743387286154	1.75933977582618	0.0785198144366973	0.905056790956463
3550	5.85132765316775	2.43635290690272	1.12316351001454	2.16918808809162	0.0300684071250749	0.905056790956463
3551	2.46406788943558	0.736985754943884	1.16100133072318	0.634784591060562	0.525568914339173	0.905056790956463
3552	3.83756318058656	1.63137038820605	1.16258466705859	1.40322716652845	0.16054910901739	0.905056790956463
3553	5.75096891881416	1.33751490398239	1.10281849009682	1.21281508787993	0.22520052556153	0.905056790956463
3554	1.50361849421559	0.556278844109338	1.09085744653527	0.509946414974906	0.610089003106199	0.905056790956463
3555	2.38424943806864	1.24359500781516	1.16035982068057	1.07173222103276	0.28384032413238	0.905056790956463
3556	6.20009204440626	2.668279995312	1.03868567538948	2.56890035025415	0.0102021790161636	0.905056790956463
3557	2.10507951509437	1.06348597796192	1.13466559294011	0.937268200057297	0.348620616144529	0.905056790956463
3558	2.05282125194494	1.3410105243163	1.15900471218626	1.15703630038459	0.247257529765037	0.905056790956463
3559	2.52373839720018	1.30319190884362	1.1618614622312	1.1216413928912	0.262014944569595	0.905056790956463
3560	17.3177602587682	-0.28205611687258	0.898392834811412	-0.313956329506778	0.753554206918217	0.919189476212204
3561	1.32116675284377	0.619581307307241	1.12665127007533	0.549931752409789	0.582366184638571	0.905056790956463
3562	15.5866689679914	-0.639371910365203	0.692013991075559	-0.923929167055513	0.355523196100034	0.905056790956463
3563	9.03623118206687	1.65898086224725	0.933578177644005	1.7770133256905	0.0755660473668848	0.905056790956463
3564	12.254940513593	2.0600768011014	0.860198078260493	2.39488654202451	0.016625508931387	0.905056790956463
3565	3.77034821681884	1.37242316806553	1.16227793186416	1.18080463410702	0.237680342726222	0.905056790956463
3566	1.71653759872524	0.607277045776183	1.02141835575483	0.594542914129839	0.552149048467127	0.905056790956463
3567	2.98810464452756	1.502389811725	1.15570165733562	1.29998066731914	0.193607595283083	0.905056790956463
3568	3.18174978418615	1.0433783822605	1.15908013387603	0.900177952987067	0.368025556947119	0.905056790956463
3569	2.86758747741459	1.33982505037001	1.16110610076649	1.15392129064308	0.248532439575143	0.905056790956463
3570	1.76099751717826	0.798329895159648	1.10145482319342	0.724795859393555	0.468577276343061	0.905056790956463
3571	2.76643665150449	-0.0251948401221913	1.16106322422434	-0.0216998003179568	0.982687423059346	1
3572	1.37076645988521	0.576841700443939	1.06226807621716	0.543028368599881	0.587110270331804	0.905056790956463
3573	2.26297690210626	0.440298167214018	1.16064269358443	0.379357204114421	0.704422625771893	0.912280267928552
3574	1.74399600835395	0.532332090115299	1.02442741500198	0.519638660894555	0.603315446696215	0.905056790956463
3575	2.88950112700659	0.842987662670646	1.13297733047389	0.744046363503188	0.456848426581815	0.905056790956463
3576	3.34285231970175	1.25456346715336	1.13370513331134	1.10660473370974	0.268464859780463	0.905056790956463
3577	3.40489604205492	1.69708768369862	1.1235811543262	1.51042733065093	0.130934419143102	0.905056790956463
3578	1.1245441125022	0.678517382052514	1.02991363837352	0.658809978595927	0.510017798727853	0.905056790956463
3579	3.94845226115875	1.71871440395632	1.14904013843352	1.49578273766784	0.134710281200926	0.905056790956463
3580	3.45500561878498	0.885711417777893	1.10521591768887	0.801392201833296	0.422904628228884	0.905056790956463
3581	3.12975589156456	1.21523229306302	1.16173702290517	1.04604765889622	0.295539029033108	0.905056790956463
3582	14.9266481886612	2.97295421306082	0.947521288817871	3.13761204961409	0.0017033015673446	0.905056790956463
3583	1.71592385082327	0.362371846743289	1.02158376434475	0.354715745679178	0.722802553696183	0.915024114914031
3584	2.49481957406584	0.716752965365827	1.16214051010785	0.616752414300841	0.537398043407965	0.905056790956463
3585	6.00450909440654	0.933490420750495	1.02802456902677	0.908042909552472	0.363855551447043	0.905056790956463
3586	13.215247208268	0.301097540368423	0.876418158450604	0.343554657631382	0.731181229158772	0.916019906911484
3587	27.8475379552595	1.02788027315765	0.943900273656208	1.08897126300869	0.276166558370729	0.905056790956463
3588	4.0843111493737	0.676354223690162	1.03951809914427	0.650642085257519	0.515277556596132	0.905056790956463
3589	2.77717577417678	0.631760385209192	1.15109256617655	0.548835431461115	0.583118392508001	0.905056790956463
3590	2.13148248266572	0.649662165453142	1.06764115935642	0.608502360329344	0.542854340984666	0.905056790956463
3591	1.5642888499634	0.556998796584104	1.00100587302047	0.556439089516423	0.57791072292997	0.905056790956463
3592	9.48313744570637	2.56626490273244	0.934318932147918	2.74666905960347	0.00602038489586991	0.905056790956463
3593	3.19848794250962	1.16719952471404	1.16306235788455	1.0035571324284	0.31559212573646	0.905056790956463
3594	6.20255542554664	1.74140016720658	1.00653924960063	1.73008669845466	0.0836147863879966	0.905056790956463
3595	2.45509237312841	1.57236672531968	1.16130350898609	1.35396708367176	0.175746879464802	0.905056790956463
3596	7.60140769505349	0.80677208894791	0.916639841685648	0.880140762225982	0.378783059445136	0.905056790956463
3597	3.50411330747786	-0.327708608943133	1.08551362043873	-0.301892673452298	0.762733881083085	0.922542149513823
3598	2.6051053885706	0.448864951357098	1.13654729644192	0.394937327080287	0.692889141511423	0.912097229333043
3599	1.06574124133286	0.279631727334357	0.919853820566685	0.303995831818242	0.761131066707916	0.921693462027093
3600	0.736443890288464	0.18740623718236	0.973411477258147	0.192525197781966	0.847330832113812	0.945478283042784
3601	11.392427671395	-0.48151769100162	0.781827937907206	-0.615887035567627	0.537969078622421	0.905056790956463
3602	0.207779315921225	0.153934422923949	0.899049142558934	0.171219142132554	0.86405145649996	0.950426868789444
3603	0.221508520735579	0.0138005876971983	0.898902599025228	0.0153527064135354	0.987750793789063	1
3604	4.55846387593181	1.33849872136765	1.01976867398754	1.31255132218741	0.189334181484096	0.905056790956463
3605	2.06348692920302	0.824501439309191	1.15166462621988	0.715921476216093	0.474039836621855	0.905056790956463
3606	2.7916414764735	0.498930551456318	1.14691643596383	0.4350190962579	0.663548566365309	0.905730264136523
3607	1.75957172675518	0.913729853375	1.15648647873839	0.790091254998319	0.429474476639488	0.905056790956463
3608	1.54328902148132	1.12975383356965	1.13779549072104	0.992932247300175	0.320742973439767	0.905056790956463
3609	3.12922817053588	1.12900010991171	1.16316725530512	0.970625767500271	0.331734669664058	0.905056790956463
3610	1.93229258297042	0.545804040408079	1.12976885684993	0.48311124625077	0.629016749204159	0.905056790956463
3611	10.2423689047675	1.90820260871449	0.921759483288365	2.07017409997996	0.0384360437528463	0.905056790956463
3612	2.68438036719336	0.517155607222821	1.13748459744314	0.454648448326504	0.649362173905718	0.905730264136523
3613	1.68846544119456	0.446780038327671	1.01732280229888	0.439172342660627	0.660536663602636	0.905730264136523
3614	2.28691750856422	0.979578744714574	1.15895283796499	0.845227443797125	0.397983862393761	0.905056790956463
3615	5.48561739778394	2.39536369484391	1.03894507321262	2.30557298610309	0.0211345041766158	0.905056790956463
3616	2.59072571314718	0.939969669819696	1.13949509002194	0.824900149242065	0.409428281610433	0.905056790956463
3617	11.3765295513441	1.39612380503619	0.887791328780031	1.57258103315189	0.115815862306456	0.905056790956463
3618	3.3833506412041	0.862425816928475	1.08626947084131	0.793933586534961	0.427234095654245	0.905056790956463
3619	5.27609334686464	1.6555249529412	1.0130211107213	1.63424526440758	0.102207361652355	0.905056790956463
3620	2.10520226467476	0.754886604754281	1.15661499209626	0.652668874182686	0.513969772929121	0.905056790956463
3621	5.73727223745781	0.792717415619452	0.927469658846591	0.854709809704483	0.392711818475222	0.905056790956463
3622	3.99005532888464	0.137439216674726	1.02646688396644	0.133895422075028	0.893485270344625	0.960722483193289
3623	12.9013525018513	1.8735431502354	0.950054533517373	1.97203748220537	0.0486053278323834	0.905056790956463
3624	8.88167535419573	2.96247289647374	1.06343739437789	2.78575204533481	0.00534037045696024	0.905056790956463
3625	1.96983227515684	1.34010810532429	1.15758098464756	1.15767978491138	0.246994736458858	0.905056790956463
3626	5.28053019042139	0.825617638515588	1.07929469290406	0.764960343031149	0.44429515952793	0.905056790956463
3627	6.89550779253915	1.62412011961941	0.94541454280426	1.71789204215327	0.0858163086102239	0.905056790956463
3628	3.89471363353908	1.53639061989015	1.12115958753436	1.37035854393305	0.170575006274545	0.905056790956463
3629	23.1164475978791	2.94101493592587	1.0052577896969	2.9256325751155	0.00343756671095662	0.905056790956463
3630	2.28888677173149	0.572384132454846	1.15357127817476	0.496184451957319	0.619764279646271	0.905056790956463
3631	3.02592655858187	0.510252225832895	1.1121932221758	0.458780197234687	0.646392016708142	0.905730264136523
3632	1.76124301633905	0.149419096173182	1.1423565874236	0.130798997281727	0.895934316235368	0.960722483193289
3633	2.45053697924037	0.0774309511066358	1.15536674757369	0.0670185040977189	0.946566972178043	0.980694644719135
3634	3.44103091480984	1.93763235187992	1.13425782998465	1.70828210364317	0.0875840103602783	0.905056790956463
3635	11.841368945653	1.3634323462048	0.923286202851813	1.47671690749139	0.139751538055122	0.905056790956463
3636	2.69413012371698	1.93195298671109	1.15097413208851	1.67853727798856	0.0932422594223203	0.905056790956463
3637	10.4781375305683	0.605994257541358	0.839209867325839	0.722100967988343	0.470232403119759	0.905056790956463
3638	3.32794492324965	1.41006537728909	1.16227297346778	1.21319639144838	0.225054743465565	0.905056790956463
3639	2.03015223350352	1.08510997648555	1.15953763820134	0.93581263836227	0.349369663201471	0.905056790956463
3640	1.59780086929045	0.325578209843252	1.13677711063416	0.286404614235789	0.774568241013816	0.926042177835687
3641	8.7627928045644	0.390005772711985	0.870403585038424	0.448074639645204	0.654099329947075	0.905730264136523
3642	1.77231366504542	0.228876158015084	1.09701490794898	0.208635412660891	0.834732863570192	0.942211213469374
3643	3.76583894787488	1.54379844323525	1.08037542510696	1.42894627863496	0.153019674605935	0.905056790956463
3644	13.5394929478267	1.1665927786787	0.975773434952313	1.19555701855699	0.231869472905911	0.905056790956463
3645	4.41321928068532	-0.0618280523003633	1.09012408778288	-0.0567165270387801	0.954771008534228	0.985764059683353
3646	4.07716537491091	1.59723736216806	1.10892571665933	1.44034657883107	0.149769369475856	0.905056790956463
3647	3.21332716342848	1.70862926033604	1.13349061550965	1.5074048580171	0.13170691432505	0.905056790956463
3648	3.03729938012073	0.918318821130765	1.16270984963473	0.789809101057547	0.429639263159071	0.905056790956463
3649	13.8918474664134	1.18248991708212	0.838437247097866	1.41034993516228	0.158436380588358	0.905056790956463
3650	5.37789362335682	0.141885534432187	1.09523603203544	0.129547905914398	0.896924120848054	0.960722483193289
3651	1.37629234855487	0.17641065779022	1.12290296938991	0.157102316584011	0.875164211885132	0.956771073628469
3652	9.12808759769969	2.11328080533568	0.904568992870393	2.33622954356393	0.0194792813243894	0.905056790956463
3653	6.41038721589047	0.888271792535505	0.901383237335527	0.985454084059984	0.324401074743946	0.905056790956463
3654	15.1593804809122	1.80488638370645	0.85358988477156	2.11446552484567	0.0344755262930892	0.905056790956463
3655	8.91632991308529	1.98502781371475	0.908517634546266	2.18490840269283	0.0288955632982841	0.905056790956463
3656	9.55108992698345	2.47164475069384	0.924837440593607	2.67251804717964	0.00752843248408835	0.905056790956463
3657	2.97914487993591	1.77330529679154	1.13587727042583	1.56117684802933	0.118482030023216	0.905056790956463
3658	3.8126384778609	1.09796954102057	1.06386992602632	1.03205242874156	0.302047557369593	0.905056790956463
3659	0.81730203199725	0.477572998691237	0.98848016244294	0.483138677776758	0.628997272935777	0.905056790956463
3660	2.95099927699103	0.282738216428973	1.11048902193097	0.254606944188726	0.799026695225661	0.929529847567444
3661	2.49666608765271	0.804581671568407	1.14450285079414	0.702996651349647	0.482057836339787	0.905056790956463
3662	2.85864766378754	1.21099278195545	1.1444251849155	1.05816684036438	0.289979385952421	0.905056790956463
3663	4.39672764154963	1.33651007364164	1.02848049121883	1.29949968429423	0.193772501737456	0.905056790956463
3664	76.4449134088304	1.2401546673052	1.1263865884339	1.10100269307137	0.270895485070223	0.905056790956463
3665	2.60151413998565	0.101769794215677	1.13631384434246	0.0895613432172581	0.928635804550653	0.975800246300514
3666	3.06473783878483	1.36317484906185	1.13643134542537	1.19952239486285	0.230324882115525	0.905056790956463
3667	4.29985208728424	1.32784945046079	1.07241168718512	1.23819002191793	0.215645610459943	0.905056790956463
3668	3.92252142054193	1.60240595324135	1.09990447387571	1.45685920123134	0.145155250050873	0.905056790956463
3669	3.48411644663052	1.39895384141248	1.13552462727636	1.23198899240783	0.217953196034604	0.905056790956463
3670	1.39095424584619	0.79727938441865	1.13783462159658	0.700698826776713	0.483490988389093	0.905056790956463
3671	6.55836069300761	1.85133614458321	1.01245416865031	1.82856291366868	0.0674651127281603	0.905056790956463
3672	0.360028064683062	0.208653482468978	0.903170664007368	0.231023316837133	0.817296687738699	0.935872778920563
3673	1.81983711105471	0.608036147600776	1.16277590803017	0.522917737976559	0.601031500246144	0.905056790956463
3674	0.443017041471157	0.190837799117265	0.904861489647028	0.210902774955875	0.832963138729094	0.942024069586858
3675	3.76515385418326	0.469342286630054	0.977378844356643	0.480205080496701	0.631081574635589	0.905056790956463
3676	1.28724976206844	0.376556567089119	0.958202881942174	0.392982085720593	0.694332712693597	0.912097229333043
3677	1.78963411844472	0.609239500270123	1.16258617218713	0.524038144307171	0.600252009571138	0.905056790956463
3678	1.97208585981654	0.675349311324771	1.16314348314859	0.58062424895046	0.561493725572014	0.905056790956463
3679	12.1523607180377	1.20157487150928	0.875964092028616	1.37171704005194	0.17015154165254	0.905056790956463
3680	5.41149268958416	0.282222602972497	1.0018434434874	0.281703298860832	0.778171024769765	0.926627398487756
3681	0.38748647431177	-0.00462246458683213	0.901863708392018	-0.00512545803076362	0.995910494075657	1
3682	4.23358239745256	0.689070046601909	1.03759201087649	0.664105004065932	0.506623107617811	0.905056790956463
3683	3.47982332364576	1.90967352430384	1.11671605543471	1.71007976021305	0.0872511249334938	0.905056790956463
3684	78.0019454568659	1.65411023089585	1.05480984037937	1.56815965074893	0.116843878319808	0.905056790956463
3685	4.11034586820387	1.96782571447731	1.10884074309673	1.77466938036713	0.0759524939721146	0.905056790956463
3686	8.95037385269011	1.86787725526583	0.915547749159563	2.04017459163704	0.0413329394709327	0.905056790956463
3687	14.6445228764774	-0.307995295951618	0.957874975823393	-0.321540183975329	0.747801065201997	0.917461169800175
3688	4.46903416933714	2.31053973915522	1.07614276717563	2.14705688653124	0.0317887530659105	0.905056790956463
3689	4.19860996461988	0.605480992730858	1.12178033630632	0.539750050107424	0.589369418507903	0.905056790956463
3690	3.03587358969764	0.945589260588762	1.12507668821145	0.840466494859097	0.40064687987709	0.905056790956463
3691	0.763902299917172	0.000471480237927039	0.980240688885474	0.00048098415345634	0.999616230184764	1
3692	0.429287836656803	0.28209519273214	0.905022615408083	0.311699606097623	0.755268827343101	0.919701640610371
3693	1.1673148900313	0.930826816283102	1.11721265000387	0.833168883542337	0.404749488978431	0.905056790956463
3694	0.664525562206736	0.297517513859367	0.909359755365917	0.32717251022358	0.743537411413714	0.916019906911484
3695	2.72866296201883	0.83405032094314	1.1631804482747	0.717042933605232	0.473347605697553	0.905056790956463
3696	2.59767739223992	0.509114623892261	1.16363670029445	0.437520253326001	0.661734091176414	0.905730264136523
3697	3.37076500494494	0.266588175389295	1.12583599325292	0.236791306182202	0.812818696442445	0.934079119655156
3698	2.4380174188899	0.394440640319888	1.16407000094947	0.338846151862142	0.734725631608321	0.916019906911484
3699	1.41494415647034	-0.237496752563136	1.12420804464402	-0.211256941003602	0.832686780721628	0.942024069586858
3700	2.86364583142852	0.610253901818502	1.16180110114093	0.525265384254854	0.599398717539706	0.905056790956463
3701	4.21062067530872	1.57889481185731	1.15322473252504	1.36911286007563	0.170963999021658	0.905056790956463
3702	3.74193716374857	1.44058494360867	1.12994566255927	1.27491523826537	0.202339244901284	0.905056790956463
3703	0.665053283235413	0.440684912223396	0.967405431081417	0.455532807719278	0.648725970447788	0.905730264136523
3704	0.803290605315007	-0.284420587346151	0.987796365601751	-0.287934433908234	0.773396928112669	0.926042177835687
3705	2.07861047161432	0.578239360195879	1.12487269556683	0.514048711889571	0.607217934154627	0.905056790956463
3706	1.14873021812096	0.281622530912382	0.934579544011674	0.301336074298737	0.763158235225738	0.922542149513823
3707	3.34931090084838	1.37416428016973	1.11055145846988	1.23737110035681	0.215949342725745	0.905056790956463
3708	3.19068959781321	1.37636984299263	1.14624907976753	1.20075982374771	0.229844380610632	0.905056790956463
3709	3.38347549040904	1.48403647973722	1.16240200214665	1.27669814487294	0.201708836660681	0.905056790956463
3710	1.5989790609282	0.0950147535316994	1.16308185785859	0.0816922324853693	0.934891455293427	0.977627519002861
3711	3.29816265380345	1.72851692294065	1.12913373817604	1.53083453668902	0.12581029159663	0.905056790956463
3712	5.44694353927932	1.37593233163005	1.07382925373063	1.28133250872974	0.200076899004122	0.905056790956463
3713	7.43613898538262	2.97622678412504	1.01586187548731	2.92975536924972	0.00339228947391553	0.905056790956463
3714	3.80123103323949	0.299705533495554	1.0705984982857	0.279942045477795	0.779521968687896	0.927391877785505
3715	1.20426078528034	0.373059039719232	0.944250151376573	0.395084966812416	0.692780183040677	0.912097229333043
3716	2.68270907760948	1.38694864903499	1.15148216789189	1.20448990675573	0.228400280870208	0.905056790956463
3717	8.77845874012233	0.746480187266442	1.00631711362919	0.741794189084523	0.458212041827974	0.905056790956463
3718	3.26343572013156	0.570952913966436	1.1084410843104	0.51509540926268	0.60648635052642	0.905056790956463
3719	1.23233294281102	0.54915627590416	0.952279536387558	0.576675498023791	0.564158687269177	0.905056790956463
3720	2.96198599844865	0.956001655076163	1.12494081247798	0.849823959155965	0.39542296695584	0.905056790956463
3721	6.57368984161618	1.21955104217805	0.953816262508818	1.27860164490199	0.201037370442327	0.905056790956463
3722	3.70013580140354	1.31866145492297	1.13207484489963	1.16481826344254	0.244092564517426	0.905056790956463
3723	2.46707894256924	-0.00275860217776844	1.16280741580085	-0.00237236376401034	0.998107129355636	1
3724	3.46451095574537	1.65868102193632	1.14321663200829	1.45088951253493	0.146810628676917	0.905056790956463
3725	1.6945190508929	0.256598209732177	1.14237127278307	0.224618927178593	0.822275739356132	0.939779943207654
3726	4.06056673791033	0.720174888369745	1.03854188202774	0.693448093748146	0.488028389419457	0.905056790956463
3727	3.3359866674823	2.04058664583296	1.12692280109644	1.81075992414704	0.0701780223556692	0.905056790956463
3728	4.41586418470235	1.24184301162956	1.1572602110292	1.0730888349865	0.283231259967723	0.905056790956463
3729	1.16573172694527	0.509239473154083	1.03663260719972	0.491243927325132	0.623253933517894	0.905056790956463
3730	1.44542937094822	0.59754578420484	1.08040480569326	0.553075829592795	0.580211486651396	0.905056790956463
3731	2.13209623056769	0.867117437028202	1.06938887011428	0.810853246429933	0.417449952255325	0.905056790956463
3732	4.89227049592016	1.46040458300362	1.12291000261804	1.30055354355978	0.19341131746545	0.905056790956463
3733	1.83344356628867	0.987333904780808	1.15314329773954	0.856210938151606	0.391881113424562	0.905056790956463
3734	1.66799333374115	1.08173763477544	1.15243929791886	0.938650423262117	0.347910255136761	0.905056790956463
3735	3.18558653193189	0.689054734413846	1.11340822769914	0.618869806483988	0.536002130693422	0.905056790956463
3736	7.23029742919765	1.05060648949272	1.06990253912482	0.981964666007913	0.326117255856166	0.905056790956463
3737	6.45643659630317	2.23526773465153	1.12877575843829	1.9802584507521	0.0476744949621621	0.905056790956463
3738	4.17356461193837	1.20104906002861	1.12151445355942	1.07091714798394	0.284206684734959	0.905056790956463
3739	21.5908873305428	0.786173323324936	0.831901665447023	0.945031553582099	0.344642767183033	0.905056790956463
3740	0.816774310968573	0.318824155783137	0.912435261769228	0.349421125138162	0.726773176044975	0.915024114914031
3741	1.20438353486074	0.134091272676627	1.03101298081726	0.130057792842081	0.896520702851155	0.960722483193289
3742	5.20461354268189	1.1087532721528	1.03259011935273	1.07375932751304	0.282930563429459	0.905056790956463
3743	0.665053283235413	0.440684912223396	0.967405431081417	0.455532807719278	0.648725970447788	0.905730264136523
3744	15.7415454953164	0.169790184705072	0.890672465301095	0.190631451313221	0.848814347454808	0.945478283042784
3745	2.20890674845251	0.977089902280342	1.15529510304851	0.845749194038883	0.397692673433409	0.905056790956463
3746	4.374446822814	2.17637364581348	1.08383216908387	2.0080356607731	0.0446395023284506	0.905056790956463
3747	3.28045610032292	1.95257288880211	1.12892418266368	1.72958726439454	0.0837040430671682	0.905056790956463
3748	3.71289559103383	1.20299604571469	1.161250225111	1.03594903122598	0.300225921454296	0.905056790956463
3749	4.09800363148095	1.25676601332396	1.05283097133927	1.19370159839169	0.232594715034735	0.905056790956463
3750	7.85700107735008	1.05861709135009	1.14188179606233	0.927081152357995	0.353884401131091	0.905056790956463
3751	3.4868977523189	0.858511984050892	1.12307453171967	0.764430106643342	0.444610973129434	0.905056790956463
3752	2.02740765052224	0.988295857163982	1.1606231540177	0.851521748246035	0.394479587484318	0.905056790956463
3753	2.64703160012058	1.21536323388632	1.14862504534742	1.05810267572453	0.290008634687921	0.905056790956463
3754	0.526006018259253	0.180648618279592	0.906041321623354	0.199382317305267	0.841963691541295	0.945478283042784
3755	1.8752449286337	1.1578605822567	1.15430539236099	1.00307993873999	0.315822293182281	0.905056790956463
3756	11.7628346637617	2.50295858908444	1.0949144212303	2.28598558988017	0.022255101598107	0.905056790956463
3757	5.04386877407292	0.715986795709044	1.04150333315261	0.687455116962293	0.491795975134878	0.905056790956463
3758	1.74043938285156	1.05942231656123	1.15735742718548	0.915380410300373	0.359991958830128	0.905056790956463
3759	3.45051840043018	1.71006862895314	1.15448104735526	1.48124443694476	0.138541448749363	0.905056790956463
3760	3.49705248029081	0.308602758471933	1.08128166336542	0.285404598013277	0.775334185265456	0.926042177835687
3761	1.90997396193014	0.548932271771027	1.04440075828996	0.525595435864882	0.599169328569515	0.905056790956463
3762	4.85875847659311	0.680244602609395	1.01072494685237	0.673026429918284	0.500930476585358	0.905056790956463
3763	11.2194211362372	1.13382527635687	0.805308249445111	1.40793947800501	0.159148991940935	0.905056790956463
3764	5.62576940898365	0.804546598894925	0.925453108870534	0.86935425596747	0.384653395249604	0.905056790956463
3765	18.2287578281816	-0.263667451891801	0.906268788316353	-0.29093736349636	0.771099224775677	0.926042177835687
3766	2.48158136757306	1.48061811716332	1.1613460673912	1.27491551290075	0.202339147684013	0.905056790956463
3767	5.58254015659099	1.35528927001383	1.09947921562202	1.23266474777978	0.217700869244238	0.905056790956463
3768	7.06651745724133	3.02907055310864	1.00746360557705	3.00663025080065	0.00264160857364727	0.905056790956463
3769	3.79961431770277	0.789243012073686	1.07672699254115	0.733001975004843	0.463557224810815	0.905056790956463
3770	5.24916265826461	1.7661614653566	1.01830486048796	1.73441327237727	0.0828447818042482	0.905056790956463
3771	4.81348651561898	2.27716578726462	1.10999942601474	2.05150177008685	0.0402181074317407	0.905056790956463
3772	0.207779315921225	0.153934422923949	0.899049142558934	0.171219142132554	0.86405145649996	0.950426868789444
3773	1.5367444134614	0.58564034389069	1.07967030916148	0.542425163423753	0.587525648711509	0.905056790956463
3774	4.40989450225276	0.829205164264591	1.0672695600198	0.776940704885472	0.437193754445502	0.905056790956463
3775	2.86142896947592	0.629594144492471	1.13394126945346	0.555226413794716	0.578739804145607	0.905056790956463
3776	0.900291008785346	0.465284449964757	0.999621193660937	0.465460769454812	0.641601524517618	0.905730264136523
3777	1.88381649351958	0.286253828973768	1.15307019746526	0.248253601214416	0.803938196275161	0.930234517797497
3778	6.1507021338455	0.439822891219516	0.925178766808058	0.475392331729511	0.634507359116314	0.905730264136523
3779	12.006848582007	0.417503556514371	0.888378078051031	0.469961570225047	0.638382473990775	0.905730264136523
3780	1.63419909254622	0.563697707010083	1.13352604779006	0.497295768464321	0.61898049533141	0.905056790956463
3781	2.5878384296209	1.76763823607574	1.15633623469918	1.52865419506255	0.126350193170986	0.905056790956463
3782	1.07272754350816	0.704295863024799	1.10784766979931	0.635733487756837	0.524950145637261	0.905056790956463
3783	3.77650462513297	1.08341625915578	1.07627935246814	1.00663109133449	0.314112087620737	0.905056790956463
3784	1.19053158046599	0.416223054912767	0.942392261189075	0.441666461042022	0.658730582924486	0.905730264136523
3785	2.3425341025969	1.11068038219333	1.13783222050128	0.976137221447298	0.328996468277568	0.905056790956463
3786	5.67816929308052	1.22397276036029	0.974076223237471	1.25654720971656	0.20891764072338	0.905056790956463
3787	4.02151205817113	2.03493299194872	1.13090541927512	1.79938388946182	0.071957976232634	0.905056790956463
3788	7.777159555367	1.46902880478036	0.973896916454073	1.5084027682612	0.131451474955106	0.905056790956463
3789	2.64490076504127	1.38175551799217	1.14986679681939	1.20166572494675	0.22949306575494	0.905056790956463
3790	4.7025114081735	2.25121627140598	1.12078563471627	2.00860557244373	0.0445789798873303	0.905056790956463
3791	2.72012811984005	1.1126465379558	1.14803391432881	0.969175669872356	0.332457548124015	0.905056790956463
3792	3.12857769992681	1.16256055875716	1.13251615620816	1.0265288953136	0.304642350665557	0.905056790956463
3793	4.11337057342849	1.50586349142774	1.0627010187877	1.41701519505985	0.156478484944363	0.905056790956463
3794	4.99789176844257	0.775843711500775	1.01061971552059	0.767691050932169	0.442670754093742	0.905056790956463
3795	5.70766832063184	2.43669901662581	1.11067898907885	2.19388233736797	0.028243869484984	0.905056790956463
3796	5.45574593120804	1.41290386251093	0.972480664714822	1.45288632851663	0.146255317438587	0.905056790956463
3797	1.77815849829007	-0.0955841420942438	1.16370625032079	-0.0821376890155012	0.934537222864902	0.977627519002861
3798	4.24667790340035	0.725858651388828	1.03483746747015	0.70142285547828	0.483039162673992	0.905056790956463
3799	4.68579002159253	1.84651539998744	1.03416910178997	1.78550625501328	0.0741792376655129	0.905056790956463
3800	1.66959644779178	0.575264926849818	1.10802667751977	0.519179671862689	0.603635453422094	0.905056790956463
3801	4.13874955176863	1.26705123476187	1.07194567218056	1.18201068173952	0.237201462499755	0.905056790956463
3802	4.15374507471858	0.679127012724508	0.929388223281988	0.730724788319652	0.464947271468667	0.905056790956463
3803	6.52770235415128	1.45158881765363	1.00070545922501	1.45056550283816	0.146900887101951	0.905056790956463
3804	0.970728972396836	0.366005094899925	1.09199021805145	0.335172503241855	0.737494962811466	0.916019906911484
3805	4.77637904845789	0.119662618517659	0.999831827252948	0.119682745893811	0.904734468885686	0.965364304944372
3806	1.46757066836096	0.592669247113144	0.988238238339833	0.599723046649951	0.548690826174444	0.905056790956463
3807	4.65078086605274	2.41812931350793	1.10415477530014	2.1900274921608	0.0285222430470971	0.905056790956463
3808	8.82252728861315	0.416599909340548	0.934418878287588	0.445838498151928	0.655713910537022	0.905730264136523
3809	3.77838996105149	1.9670258041896	1.11550601708775	1.76334844820015	0.0778417387586834	0.905056790956463
3810	1.05794289663645	0.460248919325903	1.02762550014208	0.447876117576168	0.654242605246327	0.905730264136523
3811	2.81962760713088	0.443168338978355	1.13630849586843	0.390007062861622	0.696531324264287	0.912097229333043
3812	2.90261658391898	0.440436507351125	1.13356854652502	0.388539809702108	0.697616599600573	0.912097229333043
3813	1.85375410183003	0.562566905459314	1.16283017691591	0.483791112947696	0.628534122803817	0.905056790956463
3814	5.03483346444252	2.07481145825834	1.02686676769502	2.02052644367449	0.0433288100584837	0.905056790956463
3815	1.35724603152455	0.520432328937528	1.05860563812394	0.491620590515498	0.62298758459106	0.905056790956463
3816	1.83017126227871	0.76253511966485	1.14719916530687	0.664692882217075	0.50624694732547	0.905056790956463
3817	2.13581022873303	1.34316510783699	1.16012614447957	1.15777505250477	0.246955846660474	0.905056790956463
3818	1.13552873433528	0.515586777067445	1.03285622314079	0.499185429216478	0.617648758464703	0.905056790956463
3819	0.318226702338028	-0.132984563848838	0.899272099020233	-0.147880228902605	0.882437291688039	0.959902732121837
3820	0	NA	NA	NA	NA	NA
3821	0.418217187950435	0.11102027919422	0.932449563327994	0.119063039504227	0.905225412601023	0.965364304944372
3822	3.79121582659048	0.293599570525396	1.03962451974869	0.282409240017124	0.777629730728977	0.926566765057318
3823	7.85697692713639	2.15699175476825	0.908900446991285	2.37318813287912	0.0176352788060818	0.905056790956463
3824	1.2905220660784	0.675159702048035	1.05299792984347	0.641178565420734	0.521406674173065	0.905056790956463
3825	3.85458146115338	1.7683030555052	1.10815866233365	1.59571288445408	0.110552910657386	0.905056790956463
3826	2.99748615231001	1.67050209267269	1.14869863031987	1.45425618920388	0.145875291937882	0.905056790956463
3827	3.8885184028933	1.42771730858842	1.10654460937265	1.29024830675183	0.196964458686498	0.905056790956463
3828	0.958480132052719	0.518387247467546	1.08510059883585	0.477731970679673	0.632840986210438	0.905056790956463
3829	2.10402407303701	0.719815928653356	1.06519785219002	0.675757960996102	0.499194329485537	0.905056790956463
3830	7.39019870245936	0.634482245328555	0.848410048461613	0.747848574494179	0.454551499210723	0.905056790956463
3831	1.3434307998369	0.385238283650708	1.11460053570388	0.345629013543786	0.729621538626841	0.915506443250013
3832	2.04849350587762	0.640314456389672	1.05940151329127	0.604411498715337	0.54557009276604	0.905056790956463
3833	4.40926188298374	2.09909727132156	1.10760503646234	1.89516768362305	0.0580701900350857	0.905056790956463
3834	2.34408054297583	-0.0205512671871363	1.15400609087794	-0.0178086297373885	0.985791520317598	1
3835	22.993129224718	1.8857746738834	0.873298297011931	2.15937060719774	0.0308214263325679	0.905056790956463
3836	3.67641134090477	0.914115419105491	1.15438429575122	0.791864046028649	0.428439953139234	0.905056790956463
3837	7.38844348562674	2.17670905267388	0.96971880436763	2.24468066708611	0.0247886400252841	0.905056790956463
3838	9.59078148481133	1.57690312577889	0.892646340729459	1.76654858013563	0.0773038588921658	0.905056790956463
3839	2.01049216857123	1.06755423128798	1.15354982514488	0.92545133987073	0.354731183993493	0.905056790956463
3840	4.16256530902166	1.04460841178721	1.03749907975903	1.00685237429784	0.31400572157055	0.905056790956463
3841	6.16742352042647	0.72143044770304	1.05541736639485	0.68354991179209	0.494259422616578	0.905056790956463
3842	1.78579737069898	0.651305328284252	1.0303478120815	0.632121814252695	0.527307281886258	0.905056790956463
3843	4.18430163498611	0.771812831487328	1.02235255344544	0.754938038630837	0.450286160720332	0.905056790956463
3844	1.83896945495833	0.405660459438748	1.15074318229349	0.352520410879381	0.724448013995497	0.915024114914031
3845	5.68258731587509	0.621987899573664	1.04370938997481	0.595939737198947	0.551215485720165	0.905056790956463
3846	0.959007853081396	0.618593597847625	1.0914135805051	0.566782023695679	0.570862285255404	0.905056790956463
3847	0.806759104319559	0.546238902262574	1.07093113311375	0.51005978383911	0.610009578846945	0.905056790956463
3848	2.30849226261663	0.587831218624526	1.14993923023961	0.511184594078108	0.609221805259953	0.905056790956463
3849	6.23547154831177	1.96489028902585	1.00105248769765	1.96282444044963	0.0496665768881365	0.905056790956463
3850	2.84124118351494	0.585944839451541	1.15677997294663	0.506530933414229	0.612483979820842	0.905056790956463
3851	3.29018908510404	0.806750306304002	1.13330493026093	0.711856345774704	0.476553736924406	0.905056790956463
3852	0.944345955790082	0.00786158834575774	1.07597938147125	0.00730644887916731	0.9941703491136	1
3853	1.28777748309712	0.574270556503853	1.05274730049541	0.545497059202726	0.585411702562133	0.905056790956463
3854	1.2179899900947	0.329529685412164	0.946428342372515	0.348182393382362	0.72770320955259	0.915024114914031
3855	4.63377935722843	2.31506250288005	1.1118452576933	2.08218048947119	0.0373259866950088	0.905056790956463
3856	0.456746246285511	0.0985182230051801	0.904322399126199	0.108941482706138	0.913248903989124	0.967012634892695
3857	2.21459420903421	0.431518528687329	1.12127145430115	0.384847511306957	0.700350396110719	0.912280267928552
3858	3.58702985887875	1.39519772109923	1.1545903704066	1.20839196035205	0.226896530775987	0.905056790956463
3859	5.5611731083604	0.67154839244709	1.06752736908334	0.629069016772593	0.529303873435334	0.905056790956463
3860	1.88251555230143	0.622622647143058	1.04139550436244	0.597873377151015	0.549924425134159	0.905056790956463
3861	0	NA	NA	NA	NA	NA
3862	1.95254854446464	0.274998814241964	1.14993736666446	0.239142428286884	0.810995143032434	0.933842209907484
3863	1.17680237565163	0.460010216382163	0.940917780503092	0.488895231777004	0.624915871639479	0.905056790956463
3864	0.914547934628377	0.480920790504283	1.00792239819218	0.47714069194897	0.633261940159336	0.905084637477897
3865	8.53986161305728	1.10574730810768	0.839441799449443	1.31724118197699	0.187757793845242	0.905056790956463
3866	1.69492402234118	0.853663735895189	1.14812834848499	0.743526398439371	0.457163045202216	0.905056790956463
3867	1.80704059871731	1.29852977677867	1.15838101292566	1.12098675849239	0.262293498847421	0.905056790956463
3868	3.11537621614113	1.47695327334692	1.15856971188008	1.27480742695248	0.202377411300818	0.905056790956463
3869	3.43839230966646	1.347776135926	1.16255487585046	1.1593225953657	0.246324714874163	0.905056790956463
3870	1.38510941260154	0.855395519253057	1.0697665797634	0.799609499337927	0.423937081991253	0.905056790956463
3871	1.69173774520452	0.745558737769012	1.09554955403631	0.680534016030734	0.496166390932884	0.905056790956463
3872	2.31785699865657	0.799245729884629	1.16001786922553	0.688994325939334	0.490826838242264	0.905056790956463
3873	1.65058685346856	0.371893220470081	1.15830053293728	0.3210679870163	0.748158869672698	0.917461169800175
3874	7.52273496247117	0.556058856064171	0.953618201520101	0.58310428133376	0.559823101781069	0.905056790956463
3875	5.63703625268461	1.4719608034071	0.966074769572672	1.52365101518819	0.12759591211925	0.905056790956463
3876	1.95177532427517	0.667026099512145	1.04934064012578	0.635662123438	0.524996668822958	0.905056790956463
3877	1.17618862774966	0.184346440093016	0.940462454049125	0.196016799287754	0.844597017131116	0.945478283042784
3878	1.23499149891901	0.566461961181973	1.04584634870467	0.541630194419634	0.588073286857751	0.905056790956463
3879	1.45968629679125	0.770386385614653	1.13615550302921	0.678064211774405	0.497730980866563	0.905056790956463
3880	6.42450564043761	1.69289768553715	0.995656466402777	1.70028292153161	0.0890777212955126	0.905056790956463
3881	17.1750146389061	2.93083466514825	1.10318712339027	2.65669767440842	0.00789101734262785	0.905056790956463
3882	5.18557459515707	1.97559294769233	1.12905018486251	1.74978311343433	0.080155745613306	0.905056790956463
3883	2.66447480310027	1.48698514724764	1.15951705278824	1.28241766144961	0.199696171912412	0.905056790956463
3884	2.91405548136653	1.77371950974703	1.15548327131904	1.53504559847261	0.124772627796405	0.905056790956463
3885	2.45236774111173	0.775279618449656	1.14240197777582	0.67863994769956	0.497366024807519	0.905056790956463
3886	4.74431067089398	1.09010495301072	0.99001851477563	1.1010955216911	0.270855085906957	0.905056790956463
3887	4.26995126750674	1.94333845446057	1.13519090103484	1.71190453754433	0.0869142623455355	0.905056790956463
3888	4.29548761850982	1.64017771166508	1.12811203828168	1.45391384543984	0.145970193714296	0.905056790956463
3889	5.98773014190416	-0.496858234456986	0.863173327420414	-0.575618150692681	0.564873309866466	0.905056790956463
3890	2.53915674293846	1.2138035730017	1.16227577592599	1.04433353782552	0.296331101351088	0.905056790956463
3891	10.1374044017278	2.54594237278888	0.946036512963256	2.69116713562594	0.00712025132957742	0.905056790956463
3892	2.54667076614244	1.54542512465928	1.15357685951288	1.33968110743125	0.180349042279589	0.905056790956463
3893	5.25229436135412	1.48381495069208	0.979756553974687	1.5144731052551	0.129905890043005	0.905056790956463
3894	7.17399154222425	2.8454740784574	1.05661107193415	2.69301936544038	0.00708081560963942	0.905056790956463
3895	1.92750319178313	1.06238983199659	1.15122496935477	0.92283425071299	0.356093588753644	0.905056790956463
3896	0.96902305973041	0.338374350916994	0.914696642649453	0.369930679899382	0.711434141235208	0.914210746716922
3897	2.27105746867056	1.07732868320033	1.1419789485533	0.943387515650031	0.345482726502025	0.905056790956463
3898	4.39220580011227	1.60372347962673	1.1275224836519	1.42234279393921	0.154926761411896	0.905056790956463
3899	5.85977646847323	1.94143650843829	1.11287612106892	1.74452166928834	0.0810681662389277	0.905056790956463
3900	0.650796357392382	0.368957803165529	0.90898313414344	0.405901704120405	0.684814825880233	0.912097229333043
3901	4.53539198566666	1.94495065280063	1.1359801229386	1.71213440581104	0.0868719021258315	0.905056790956463
3902	2.48109036925148	0.774438181976036	1.16214380790373	0.666387564696456	0.505163408817556	0.905056790956463
3903	3.39790973987962	1.4877954956851	1.14234170389156	1.30240845678372	0.192776793190811	0.905056790956463
3904	1.42515555811395	0.194291304334938	0.982289024648911	0.197794436728418	0.843205899031855	0.945478283042784
3905	1.49555679901834	0.740839058020683	1.07758543678606	0.68749913717307	0.491768244295982	0.905056790956463
3906	2.35731874946861	1.45310237611807	1.16188224302462	1.2506451362363	0.211063975260847	0.905056790956463
3907	3.15922238669218	1.46706509912725	1.16124616328612	1.26335409795949	0.206461952560213	0.905056790956463
3908	1.68899316222324	0.649883303014033	1.094408791563	0.593821347218795	0.552631609566616	0.905056790956463
3909	6.7299862052363	2.15274498115695	1.02444944750037	2.10136770185156	0.035608700886214	0.905056790956463
3910	3.83904144543226	0.890597412139137	1.08446513641252	0.821231943965753	0.411514164314448	0.905056790956463
3911	2.01274575323093	0.335725756611787	1.15435994134377	0.290832819632476	0.771179183320617	0.926042177835687
3912	10.1620773153848	2.11706162105746	0.969292839168665	2.18413005389909	0.0289526928403978	0.905056790956463
3913	7.57933877242309	2.06241759028099	0.983963815576525	2.0960299125152	0.036079537532998	0.905056790956463
3914	10.9495634748803	1.96905847441284	0.950503317976739	2.07159558222713	0.0383031722716997	0.905056790956463
3915	1.15358568521694	1.00182744963091	1.11339294799017	0.899796834028228	0.368228379514857	0.905056790956463
3916	6.64693008190765	2.67002781747953	1.07243840015642	2.48967942316324	0.0127858363875661	0.905056790956463
3917	4.92896879238387	0.956823532551719	1.06278820278569	0.900295590451395	0.367962967099671	0.905056790956463
3918	6.11682084575027	1.51850279803417	0.98521898761924	1.54128454396073	0.123247548898008	0.905056790956463
3919	2.29904359932794	1.05943978239663	1.14563908007304	0.924758766372641	0.355091403408411	0.905056790956463
3920	5.39331508874665	1.41963131540766	1.00974057550763	1.40593668298807	0.159742927259594	0.905056790956463
3921	2.58806715703919	1.10914529405494	1.14064313980188	0.972385889461968	0.330858609091968	0.905056790956463
3922	3.24495594646156	1.40290858587122	1.16193277621664	1.20739221286038	0.227281133054995	0.905056790956463
3923	1.89677247814446	0.814859105234111	1.11178646506524	0.732927707647796	0.463602522745217	0.905056790956463
3924	1.24937117434243	0.297383480229607	1.14578768229514	0.259545014163457	0.795214755284626	0.9286690374246
3925	0.806231383290882	0.443824922973398	1.06686763863972	0.41600748480785	0.677404526232503	0.912097229333043
3926	1.04094138781214	0.325347751710461	1.01962454635772	0.319085836911893	0.749661423260401	0.917461169800175
3927	2.71301906808436	0.927128367319272	1.11200370675979	0.833745752539603	0.404424270144075	0.905056790956463
3928	12.8702891409418	0.930078732852174	0.967960267198032	0.960864577163364	0.336620263615146	0.905056790956463
3929	5.22642331406054	1.85008653428146	1.0845455688211	1.70586334725659	0.0880335253793441	0.905056790956463
3930	0.584317891107021	-0.519460229705515	1.03045827437296	-0.50410602993276	0.614186869812998	0.905056790956463
3931	1.38502338572824	0.600944237986104	1.07202679851962	0.560568298120866	0.575091868032005	0.905056790956463
3932	0.927749418414054	0.329411570034424	1.00018276665899	0.329351375583876	0.741890116026662	0.916019906911484
3933	0.318226702338028	-0.132984563848838	0.899272099020233	-0.147880228902605	0.882437291688039	0.959902732121837
3934	0.691983971835444	0.157898621573121	0.909079525920826	0.173690658595773	0.8621085792963	0.949596855175955
3935	3.28159966887811	0.822290582925871	1.16274974475333	0.707194808372384	0.479445424401645	0.905056790956463
3936	0.582064306447317	0.459458869350462	0.957327508571218	0.479939064987478	0.631270722424235	0.905056790956463
3937	2.76854963524375	0.998917089312523	1.11541014259655	0.895560342482771	0.370487624181795	0.905056790956463
3938	0.640376179295085	-0.0829516185872983	1.03835908845942	-0.0798872177354087	0.936326956105263	0.977627519002861
3939	3.582417791319	1.59317770755755	1.10069273467871	1.44743183757145	0.147776014203134	0.905056790956463
3940	1.04474141285077	0.73671563741964	1.09155788792397	0.674921271304077	0.499725785318959	0.905056790956463
3941	1.51312275157843	0.381695735964191	1.15726000091074	0.329827122395836	0.74153059239583	0.916019906911484
3942	0.757159397278115	0.26730039713718	0.961177534551381	0.278096800568627	0.780938051686087	0.927980848406906
3943	2.89877983617324	0.822331731984061	1.16316769816404	0.706976073426077	0.479581346843418	0.905056790956463
3944	0.0692597719737415	-0.110908803430439	0.894972942750804	-0.123924197182485	0.901375294041256	0.962822431880661
3945	0.747514538994832	0.276666074612693	0.911053337706125	0.303677142887474	0.761373873449879	0.921693462027093
3946	5.21107422345306	0.862965931832378	1.03883980549733	0.830701641644591	0.406142198735385	0.905056790956463
3947	1.29370834321506	0.760078827793197	1.12413469646626	0.67614568804123	0.49894815149587	0.905056790956463
3948	3.06569048222639	1.55907324308905	1.15403201137131	1.35097919964667	0.176702095842458	0.905056790956463
3949	1.55321820125704	0.63571000683778	1.08234684098898	0.58734407748343	0.556972643804284	0.905056790956463
3950	1.48714470641996	0.629689766391746	1.1376824647888	0.553484637304874	0.579931597387731	0.905056790956463
3951	1.71666034830564	0.410389470693903	1.08610003171596	0.377856052582483	0.705537531194958	0.912280267928552
3952	10.7868725480368	1.76455005517224	1.00380491509412	1.75786154126052	0.0787710709778488	0.905056790956463
3953	1.03933827376151	0.675139419627009	1.03367177127717	0.653146809642317	0.513661637306709	0.905056790956463
3954	7.23379743163321	0.870358022026064	0.91448925520941	0.951742206994832	0.341227738314289	0.905056790956463
3955	6.86491869984793	2.18702656110952	0.989672578752086	2.20984859848014	0.0271156716006916	0.905056790956463
3956	2.10934118525298	0.669416028194728	1.13515592678572	0.58971284243763	0.555383183824168	0.905056790956463
3957	3.294555653503	0.543682480541449	0.926319533398879	0.586927578377358	0.557252346913868	0.905056790956463
3958	2.5936119170759	1.67844751620875	1.15985666641305	1.44711632463991	0.147864346622244	0.905056790956463
3959	672.259587742775	-0.370910468628921	1.07901662284858	-0.343748614038703	0.731035347774961	0.916019906911484
3960	0.152248748761837	-0.124943057915868	0.897093032401155	-0.139275474675627	0.889232469353242	0.960722483193289
3961	3.51227990091545	1.07905984044187	1.10427585239929	0.977165115127134	0.328487415393336	0.905056790956463
3962	7.2052657286071	2.37747864260276	0.96513065718949	2.46337490669512	0.0137635914210864	0.905056790956463
3963	1.51639505558839	0.633221366237254	1.16079492433042	0.545506663549991	0.585405098807685	0.905056790956463
3964	1.04792768998744	0.605943995459753	1.09615053645443	0.552792682490232	0.580405379767423	0.905056790956463
3965	2.65247146191694	0.67718901218887	1.16329312353095	0.582131019680916	0.560478432431112	0.905056790956463
3966	1.54214755255067	0.55148688625596	1.09143065415143	0.505288067691971	0.613356522393376	0.905056790956463
3967	10.7029561576184	0.903473538250257	0.857281963199783	1.05388142645398	0.29193720748649	0.905056790956463
3968	9.74403427183978	1.86828082006315	0.852005434807377	2.19280387628694	0.0283215125487635	0.905056790956463
3969	2.58989791891056	1.40675963486466	1.15403335444246	1.21899391334689	0.222846502676359	0.905056790956463
3970	8.54139337235257	1.30266306106486	0.910613514017814	1.43053341622094	0.152563982145236	0.905056790956463
3971	0.888692639050301	0.25725852465401	0.996834357529559	0.25807549941554	0.796348639879265	0.9286690374246
3972	4.22068308649938	1.12837826773528	1.10553450087691	1.02066309720796	0.307414084025677	0.905056790956463
3973	2.56416537291287	0.912047692734383	1.16045468732406	0.785939944658688	0.431902671465412	0.905056790956463
3974	4.41598693428274	0.877053631896851	1.1543925320734	0.759753383298119	0.447402012543352	0.905056790956463
3975	0.443017041471157	0.190837799117265	0.904861489647028	0.210902774955875	0.832963138729094	0.942024069586858
3976	3.94104001654358	1.24609619297972	1.10916304809573	1.12345628094903	0.261243758402647	0.905056790956463
3977	14.0473528180746	0.171057118023134	0.87668352699378	0.195118435280406	0.845300230676102	0.945478283042784
3978	21.4698433466695	0.379537201555449	0.996291914318678	0.380949796039445	0.703240501505637	0.912280267928552
3979	3.12065450602546	0.908521989206406	1.11114264616674	0.817646584208297	0.413559019427052	0.905056790956463
3980	4.20519656522785	2.04930759155821	1.08889564249002	1.88200550318301	0.0598352684442499	0.905056790956463
3981	2.14545508701631	1.42296158164094	1.16158858810886	1.225013396488	0.22057017306903	0.905056790956463
3982	2.38229592661688	1.20676995227346	1.15989420657573	1.04041381139071	0.298147687737981	0.905056790956463
3983	1.17946093175962	0.452153114778682	1.03869032358733	0.435310799100426	0.663336847349135	0.905730264136523
3984	0.512276813444899	0.261655481921597	0.906366431288591	0.288686201175388	0.772821523195321	0.926042177835687
3985	0.559395288005904	0.00114512442108435	0.953972761859061	0.00120037433653009	0.999042240079704	1
3986	1.19158702252334	0.722472709823412	1.05394812489802	0.685491717055161	0.493033685636446	0.905056790956463
3987	5.17138164559818	1.22201636970973	0.961584945968791	1.27083558746706	0.203787145385488	0.905056790956463
3988	3.8783804466639	2.08001804823834	1.10706268938249	1.87886202668303	0.0602633350273192	0.905056790956463
3989	16.1193252852902	1.63159540637029	0.839149462516141	1.94434421905967	0.0518539556271641	0.905056790956463
3990	5.10013583871468	1.57699540695136	1.14455947267064	1.3778186670123	0.168259281139912	0.905056790956463
3991	1.60952198860589	0.173358992301136	1.16022609265178	0.149418284418092	0.881223584804628	0.959430070985807
3992	7.95147932638379	1.0987412585039	0.866364844136478	1.2682200414065	0.204719381905355	0.905056790956463
3993	7.10432259955313	1.98322617935151	0.924559896436255	2.14504888974302	0.0319489382641843	0.905056790956463
3994	3.6377028593176	0.193072846121032	1.06853199068851	0.180689813504438	0.856611054824786	0.947617570673057
3995	1.03840558128455	0.134776935229364	1.0101101602155	0.133427957204796	0.89385493642652	0.960722483193289
3996	0.526006018259253	0.180648618279592	0.906041321623354	0.199382317305267	0.841963691541295	0.945478283042784
3997	1.16245942293531	0.234514885794723	0.937329373818847	0.250194747273594	0.802436747178221	0.929529847567444
3998	0.887089524999669	0.636979563010286	1.01254301539952	0.629088891358314	0.529290862628615	0.905056790956463
3999	16.8002721519043	2.505833110078	0.872642993501278	2.87154441018764	0.00408471383089573	0.905056790956463
4000	2.02443014983927	0.765980517385	1.14924692282127	0.666506476697456	0.505087425290808	0.905056790956463
4001	3.87410200476278	0.200654705388707	1.13589387178138	0.176649166241233	0.85978397225071	0.949326240863349
4002	9.4590341967045	-0.000103689227014626	0.835674275643657	-0.000124078519629866	0.999900999665114	1
4003	0.67825476702109	0.228224397057415	0.909378776125165	0.250967367008357	0.801839339245663	0.929529847567444
4004	4.27556108342514	0.478577206011793	1.02199964831689	0.468275313792867	0.639587719684848	0.905730264136523
4005	1.72311892945226	0.673202156448793	1.16181421170873	0.579440455852823	0.56229201314146	0.905056790956463
4006	5.99066873106441	0.470795409309492	0.865027020099695	0.544255148533086	0.586265906487004	0.905056790956463
4007	10.8651770408437	-0.547291034283637	0.844293484300015	-0.648223685792605	0.516840284441868	0.905056790956463
4008	1.63354862193715	0.601031856258083	1.01076921093663	0.594628179959238	0.552092039051433	0.905056790956463
4009	5.48818675676222	1.26459249483719	1.0882834112129	1.16200658928339	0.245232788385931	0.905056790956463
4010	4.2431233775225	1.91293846690314	1.093057670395	1.75008009066151	0.080104494681025	0.905056790956463
4011	7.21281647451817	1.80318159911668	0.941128095421354	1.91597892772437	0.0553677779482086	0.905056790956463
4012	4.94487603681918	0.417207026339062	0.990936609735393	0.421022921385928	0.673738344328855	0.910536053835529
4013	1.26031907346841	0.687457291628365	1.05188121074422	0.653550310250321	0.513401566359517	0.905056790956463
4014	5.15295117609438	0.812833892970213	1.09717171146704	0.740844741506653	0.458787583522124	0.905056790956463
4015	7.08030016547097	1.44940715073296	0.961249216667154	1.50783701625094	0.131596245739941	0.905056790956463
4016	11.2301277354515	2.11417004249191	0.977783939538764	2.16220573584916	0.0306023216299119	0.905056790956463
4017	4.47359166284974	1.69824319631543	1.1388686717011	1.49116683820867	0.13591769777776	0.905056790956463
4018	4.63152577256873	0.590614219849437	1.05172039954076	0.561569614992093	0.574409287363546	0.905056790956463
4019	1.99901654841657	0.403203954431271	1.15374093680526	0.349475295162667	0.726732514641559	0.915024114914031
4020	1.1625821725157	-0.0722679244114346	1.02661248373652	-0.0703945505790113	0.943879628498425	0.979798405231884
4021	0.819960588105236	0.348617201590857	1.06725949770977	0.326647082868743	0.743934828200285	0.916019906911484
4022	1.89988530986693	-0.0431929850626709	1.15069025695274	-0.0375365871064684	0.970057168399436	0.994710100156182
4023	2.86658660940439	1.50345065456779	1.15679599122533	1.29966793278327	0.193714805521013	0.905056790956463
4024	5.8755462822445	1.61200196573937	0.952134226495186	1.69304066683241	0.0904477267367718	0.905056790956463
4025	8.2943443103305	0.978217104764708	0.848886886941869	1.15235271013404	0.249176165186071	0.905056790956463
4026	3.43152455782246	0.795643288569436	1.09180316453311	0.728742427587373	0.466159234548555	0.905056790956463
4027	1.56812559770914	0.463943704416055	1.15955493068217	0.400104981782206	0.689079195091654	0.912097229333043
4028	1.58725794161276	0.303423797742966	1.16091845942392	0.261365296830178	0.793810816259781	0.9286690374246
4029	38.7419244649546	0.653922265924851	1.12354054501803	0.582019286108057	0.560553690274469	0.905056790956463
4030	2.47923965641552	0.629347360782703	1.15418445891631	0.545274506098976	0.585564735252579	0.905056790956463
4031	0.608994995047349	0.171369175197221	0.907289767060489	0.188880313014482	0.850186623776507	0.945478283042784
4032	6.30761962383878	1.38540287413676	1.06976271016216	1.29505624095529	0.195300828863711	0.905056790956463
4033	0.913615242151417	-0.0715638992978659	0.991800094331272	-0.0721555681501708	0.942478104437915	0.979636727886848
4034	4.46419547398366	1.54344841462631	1.05262262649003	1.46628846443567	0.142569716776095	0.905056790956463
4035	2.11694123533025	1.36660326155922	1.16184432051134	1.17623612512712	0.239500532436448	0.905056790956463
4036	1.12986122471818	0.341575290077638	1.04370892012099	0.327270643656128	0.743463193928217	0.916019906911484
4037	2.05294400152533	0.922954150895685	1.16259718253142	0.793872688462962	0.427269550823736	0.905056790956463
4038	1.28369313656605	0.788036642992327	1.12749543219305	0.698926683418615	0.484597850832447	0.905056790956463
4039	2.8561664313071	0.99588823066973	1.13367640258068	0.878458992709657	0.379694682224121	0.905056790956463
4040	5.25799757365133	0.685355744852795	1.01678286482204	0.674043366154431	0.500283743485099	0.905056790956463
4041	8.04585999607779	2.79378480800472	1.03029744074118	2.71162937762412	0.00669534070486217	0.905056790956463
4042	0.67825476702109	0.228224397057415	0.909378776125165	0.250967367008357	0.801839339245663	0.929529847567444
4043	3.10786009331261	0.393103928470659	1.12495904229047	0.349438436149889	0.72676018187392	0.915024114914031
4044	1.31532191959912	0.547830783118546	0.965052301094293	0.567669526819789	0.57025938719613	0.905056790956463
4045	0.498547608630545	0.343918351660414	0.9064214091196	0.37942434743952	0.704372773230197	0.912280267928552
4046	2.32655131312284	-0.174176281245444	1.16255210830617	-0.149822343446796	0.880904780802847	0.959390845600103
4047	1.87144490359507	0.713822234635321	1.11015920363637	0.642990872207489	0.520230022693263	0.905056790956463
4048	0.429287836656803	0.28209519273214	0.905022615408083	0.311699606097623	0.755268827343101	0.919701640610371
4049	1.14946671560332	0.368309827310262	1.03151254101848	0.357058021753768	0.721048369595744	0.915024114914031
4050	0.515463090581562	0.138973644280715	1.02440799877033	0.135662396669623	0.892088175935423	0.960722483193289
4051	6.07540660351347	1.16826100626501	0.945479330433147	1.23562828785459	0.216596764798513	0.905056790956463
4052	3.19285715559962	0.549173794573439	1.13594159341167	0.483452492415617	0.62877448422825	0.905056790956463
4053	10.8098269169634	1.73820608399331	0.889567454982039	1.95399019406393	0.0507023768732748	0.905056790956463
4054	44.4378549361677	0.987663743754885	1.13457745449441	0.870512400755408	0.384020445319949	0.905056790956463
4055	2.48316453065909	1.78866019671107	1.16014619614854	1.54175413637443	0.123133351006314	0.905056790956463
4056	1.1522480212917	-0.141716978536152	1.10168034988213	-0.128637111981997	0.897644799145103	0.961241788793049
4057	8.2943443103305	0.978217104764708	0.848886886941869	1.15235271013404	0.249176165186071	0.905056790956463
4058	35.5798032512355	0.72526241341339	1.04993709488171	0.690767491642058	0.489711667833483	0.905056790956463
4059	4.75358938006063	1.24599095504346	1.02923244765172	1.21060209274036	0.226047941827135	0.905056790956463
4060	2.74554172126275	1.40689248604568	1.15201094699498	1.22124923353858	0.221991668368931	0.905056790956463
4061	14.9367168987255	0.89779844663789	0.815563802487285	1.10083165032559	0.270969933959408	0.905056790956463
4062	6.19537609863316	1.47394504932977	0.94656923807949	1.55714446448765	0.119436190212348	0.905056790956463
4063	2.20058068272742	0.972278942314572	1.15640423087146	0.840777745669325	0.400472456608647	0.905056790956463
4064	1.23604694097636	0.91074137955169	1.121616912989	0.811989698982561	0.416797542306942	0.905056790956463
4065	1.38989880378883	0.480500894967087	1.07501920490306	0.446969591590148	0.654897015667981	0.905730264136523
4066	1.0716721014508	0.400725011639369	1.03153455186317	0.388474638019224	0.697664819162059	0.912097229333043
4067	1.1350010133066	0.326858598930058	0.932170909742107	0.350642350575482	0.725856680162606	0.915024114914031
4068	3.40221963460688	0.899401417851666	1.09751553549336	0.819488552795165	0.412507730403744	0.905056790956463
4069	9.21401628183179	1.52385441081831	0.925526379535232	1.64647323351663	0.0996663664253125	0.905056790956463
4070	8.50715225631237	0.631574647311911	0.858712228346789	0.735490454733401	0.462040851127728	0.905056790956463
4071	15.1731727787267	-0.0722367200695219	0.748208003270345	-0.0965463076494533	0.923086697486291	0.972097232476549
4072	24.1504173483114	-0.237265668175416	0.974974885567071	-0.243355671707807	0.807729880529523	0.931760578532161
4073	11.0604053435883	-0.471045766642253	0.868521809827513	-0.542353411638335	0.587575067382883	0.905056790956463
4074	0.165977953576191	0	0.895718417091679	0	1	1
4075	18.1771122333366	0.148718184509073	0.896331439923707	0.165918741533524	0.868220898310112	0.954192230169597
4076	2.9617877038295	-0.334519354491574	1.11289626337156	-0.300584488870631	0.76373136086587	0.922799960312891
4077	3.08968039285055	0.480596013439465	1.16373214150108	0.41297820718396	0.679622580497007	0.912097229333043
4078	5.82548912933217	2.14338508353346	1.0549339238816	2.03177188164253	0.0421767550319853	0.905056790956463
4079	2.78873742120472	1.51297890184903	1.16120505846923	1.30293860745279	0.192595721915992	0.905056790956463
4080	2.83397055984721	0.741638719724986	1.13480378960664	0.653539163789772	0.513408749741451	0.905056790956463
4081	4.67657008572213	1.94938574977047	1.12910997762757	1.72647996067348	0.0842611014337105	0.905056790956463
4082	3.15955391272626	0.781272742011696	1.16336821758262	0.671561015853705	0.501863203342224	0.905056790956463
4083	1.6472778267515	0.562965882912137	1.01214426369759	0.556211108538515	0.578066546130281	0.905056790956463
4084	2.32871887090925	1.14165716593099	1.15964250182671	0.98449062028393	0.324874341061784	0.905056790956463
4085	2.92725696515221	1.60602574367823	1.16008800945	1.3843999167267	0.166236034435548	0.905056790956463
4086	1.99296293871824	0.557810581847933	1.05360822949716	0.52942883913706	0.596507996782548	0.905056790956463
4087	0.138519543947483	0.0454418622127057	0.897504263602248	0.0506313608253168	0.959619272541021	0.987420893184412
4088	1.84197840846744	0.72618969356232	1.14410198728853	0.634724615139738	0.52560803673578	0.905056790956463
4089	3.30011826487976	0.49567264352764	1.15979255211108	0.427380433358886	0.669102256657127	0.907950221897078
4090	0.736443890288464	0.18740623718236	0.973411477258147	0.192525197781966	0.847330832113812	0.945478283042784
4091	5.9871005145094	-0.170213693295713	0.913942328914911	-0.186241175083555	0.852255635724506	0.946238908218935
4092	1.71993265231559	0.664246748645159	1.13681469514704	0.584305209530426	0.559014987870655	0.905056790956463
4093	1.78632509172766	0.902226140508246	1.10486691371652	0.816592595277712	0.414161288100261	0.905056790956463
4094	35.6460572309908	2.47041915667086	1.04349715955038	2.36744214783996	0.0179115200909378	0.905056790956463
4095	3.91653915663324	2.0931351147877	1.09444420472711	1.91250966083704	0.0558108546750609	0.905056790956463
4096	3.39009354384315	0.680499194116755	1.10920640387622	0.613500960451263	0.539545147901827	0.905056790956463
4097	17.5872243004631	0.862606655006269	0.871628252738482	0.989649718553904	0.322345359518772	0.905056790956463
4098	6.149440014959	1.29898182967768	1.10125260617757	1.17954938076053	0.238179485657223	0.905056790956463
4099	2.533680158435	0.201552205397588	1.14414001320869	0.176160437595696	0.860167900901079	0.949586149276566
4100	2.36745670569802	0.736823401038577	1.13013411853582	0.65197872443068	0.514414897453159	0.905056790956463
4101	5.42059617474781	1.5256975693212	1.06251951951162	1.4359242736759	0.151023890510653	0.905056790956463
4102	2.22064781873255	0.151763334840867	1.1608224494099	0.130737766932415	0.895982755049282	0.960722483193289
4103	3.28163429196066	1.50258104644463	1.09928461096865	1.36687171952731	0.171665517728333	0.905056790956463
4104	1.36182664625815	0.196645947384841	1.07573024976726	0.182802284706028	0.854953155884374	0.946772133304834
4105	1.46809838938963	0.848935528261279	1.07741113006213	0.787940187894959	0.430731692594026	0.905056790956463
4106	0.67825476702109	0.228224397057415	0.909378776125165	0.250967367008357	0.801839339245663	0.929529847567444
4107	1.8857018294381	0.890732403113069	1.14946458507712	0.774910697273292	0.438392430638222	0.905056790956463
4108	2.10729637704697	1.04986121739605	1.12615026549277	0.932256777417413	0.351203839275852	0.905056790956463
4109	0.33522821116234	0.110746249335256	0.901729150856275	0.122815425485682	0.902253258966068	0.963277402232811
4110	1.90815689073594	0.254268345678783	1.1628885030575	0.218652385856644	0.82692084200703	0.942024069586858
4111	2.5809581052835	1.36348320833034	1.16215119169031	1.1732408124516	0.240699249869807	0.905056790956463
4112	2.27881699103532	0.648971883725491	1.15146233325896	0.563606698178932	0.573021827295358	0.905056790956463
4113	0.431946392764789	-0.00331714231889999	0.938076257987709	-0.00353611158011362	0.997178597044796	1
4114	3.83284513518892	2.32373898139381	1.10573543402884	2.10153252747546	0.0355942457405967	0.905056790956463
4115	6.15354960463365	0.76034326508406	0.932005405068008	0.815814222696035	0.414606397432675	0.905056790956463
4116	0	NA	NA	NA	NA	NA
4117	5.07852016270607	0.586920954397551	0.9622055860579	0.609974586410511	0.541878642404329	0.905056790956463
4118	4.69867256080322	1.39489831335378	1.03168090049837	1.35206371725982	0.176354932938904	0.905056790956463
4119	3.59292399628959	2.21116585734041	1.1424207664597	1.93550915937278	0.0529278457845029	0.905056790956463
4120	6.04213696369567	-0.153349700314494	1.02646264657709	-0.149396279373501	0.881240947415714	0.959430070985807
4121	2.23159571785852	0.622052631184539	1.15464482966375	0.538739372665524	0.590066702172526	0.905056790956463
4122	2.67121770573933	0.820788916936775	1.10938029671354	0.739862533495774	0.459383410300515	0.905056790956463
4123	2.88517338093928	0.498556368177451	1.16324036449057	0.42859273405268	0.668219634172048	0.907950221897078
4124	5.36805359010594	0.105318150480458	0.924524003612733	0.113916080133031	0.909304318444019	0.965805367637916
4125	3.53968373649701	0.873999590355281	1.11098625618161	0.786688031010539	0.431464512311407	0.905056790956463
4126	0.54566608319155	0.107731739757519	0.943820043726646	0.114144365203501	0.909123353676736	0.965805367637916
4127	8.96990589816105	0.940972432333468	0.881898685684873	1.06698473147482	0.285978730729671	0.905056790956463
4128	3.16842555082008	1.72436765391666	1.15297648070716	1.49557920978496	0.134763344253305	0.905056790956463
4129	3.49562668986772	0.138355457143502	1.09103453732326	0.12681125336595	0.899089788750782	0.961871853747564
4130	1.83050278831279	0.211789078981488	1.14526766596865	0.184925398031176	0.853287549801683	0.946238908218935
4131	0.514935369552885	-0.000483225496102076	0.94557172089327	-0.000511040554010624	0.999592248649759	1
4132	2.16294969378675	0.862038983600653	1.15342730366013	0.747371751011246	0.454839192380964	0.905056790956463
4133	1.66283569381267	0.231055108149967	1.14649143459952	0.201532345708869	0.840282340023901	0.945478283042784
4134	1.80271285265	0.884838685217657	1.14649502532229	0.771777169263266	0.440246416039409	0.905056790956463
4135	2.15999633435178	0.878864001468643	1.13544520163702	0.77402590649161	0.438915471332922	0.905056790956463
4136	8.75459260807125	0.989992618147766	0.867906365161919	1.14066753959463	0.254008299543137	0.905056790956463
4137	2.22946488277921	0.823109365910129	1.15529968096736	0.712463942880104	0.476177531772671	0.905056790956463
4138	10.1251649725864	1.39228295023097	1.00624534107157	1.38364163629151	0.166468212639867	0.905056790956463
4139	1.54078993766083	0.179776763343242	1.1613967504973	0.154793582181338	0.876984050903932	0.956913984882887
4140	9.47443894095669	-0.0346147279670258	0.837281394681804	-0.0413418095599516	0.967023402336293	0.99280241065295
4141	3.42200454874412	1.42029980080904	1.16116230151806	1.22317078237228	0.22126519858156	0.905056790956463
4142	1.69925176840849	1.21714435914806	1.15395433470834	1.05475955377011	0.291535307047752	0.905056790956463
4143	8.60253585505491	1.19007277500467	0.882555410923799	1.34843972432166	0.177516994554643	0.905056790956463
4144	4.80691883698292	0.692785878119498	1.04217081058803	0.664752717194795	0.506208669496568	0.905056790956463
4145	7.68686113257953	-0.0957253165999015	0.850194821080527	-0.112592213250891	0.91035385871871	0.966750604497831
4146	13.0235744603939	0.663224375414707	0.922320345533848	0.719082451803474	0.472090118866385	0.905056790956463
4147	1.29370834321506	0.760078827793197	1.12413469646626	0.67614568804123	0.49894815149587	0.905056790956463
4148	7.88719675105944	-0.505414559452886	0.967021477535335	-0.522650810963418	0.601217274492706	0.905056790956463
4149	6.91853145823566	1.22774031627001	0.948546665024641	1.29433834047386	0.195548578592566	0.905056790956463
4150	12.0898784807513	1.16855348983882	0.838565780447442	1.39351439932989	0.163464293793285	0.905056790956463
4151	8.6751004634623	-1.0175506828537	1.0194750098242	-0.99811243340743	0.31822484169371	0.905056790956463
4152	11.4760531725605	-0.208619740048168	0.978830091206919	-0.21313171910248	0.831224224713129	0.942024069586858
4153	0.722837435054504	-0.201298123367639	1.05123355721355	-0.191487535749153	0.848143644891939	0.945478283042784
4154	3.91768272518844	1.04330644383709	1.062912036624	0.981554830398593	0.326319209598317	0.905056790956463
4155	3.0424937427563	1.08010965620952	1.16238643052422	0.929217365108442	0.35277644985116	0.905056790956463
4156	5.34661943697398	0.496591647611875	0.957869159885201	0.518433694713995	0.604155710677437	0.905056790956463
4157	3.21892122763139	0.593960928336954	1.11969495696618	0.530466735285024	0.595788366707674	0.905056790956463
4158	0.805703662262205	0.260143821238686	0.983612779931633	0.264477878435829	0.791411708572881	0.9286690374246
4159	5.51660511244494	0.0851975822591233	0.938789316306794	0.0907526116661525	0.927689165007698	0.975126082192406
4160	20.6093382615129	0.00228451004861137	0.911519481326847	0.00250626574133768	0.998000291353202	1
4161	1.9098123900181	0.768595312481484	1.16264294011747	0.661075972648856	0.508563593233962	0.905056790956463
4162	2.65139606889499	1.13673892411494	1.14470519186032	0.993040769097556	0.320690086914004	0.905056790956463
4163	13.2909130869658	0.725154831049986	0.802183125443785	0.903976670724424	0.366007771958806	0.905056790956463
4164	7.72712240402414	0.758415106598037	0.995220701764731	0.762057205254282	0.446025862764229	0.905056790956463
4165	1.92636172285248	0.505204424964343	1.11519189328995	0.453020173482369	0.650534215107067	0.905730264136523
4166	9.73890179482949	-0.822309949874821	0.900713099954743	-0.912954357959419	0.361266546830275	0.905056790956463
4167	2.61323525930109	-0.0551974173257796	1.13085853467305	-0.048810187687833	0.961070563252415	0.988595995313385
4168	3.33352122530358	0.401475007562533	1.13340845364387	0.354219175154203	0.723174634321601	0.915024114914031
4169	5.44198210331113	0.994958816739394	1.03957588592091	0.957081469678383	0.33852613576924	0.905056790956463
4170	2.10995493315496	0.960936647529961	1.13394344407259	0.847429078189944	0.39675600239249	0.905056790956463
4171	5.54093601823323	1.77512818264827	1.11633574285604	1.59013826620544	0.111803642098684	0.905056790956463
4172	1.48501387134065	0.907750564400254	1.13807108518321	0.797622025740264	0.425089865318672	0.905056790956463
4173	0.498547608630545	0.343918351660414	0.9064214091196	0.37942434743952	0.704372773230197	0.912280267928552
4174	5.10143677993282	1.06412980490977	1.07886487170359	0.986342064534407	0.323965284561555	0.905056790956463
4175	6.18731440343591	1.59896669841766	0.954248095665214	1.67562996005039	0.0938106966090333	0.905056790956463
4176	0.900291008785346	0.465284449964757	0.999621193660937	0.465460769454812	0.641601524517618	0.905730264136523
4177	4.48235840270322	1.59978666532065	1.05153860734766	1.5213770128287	0.128165254047384	0.905056790956463
4178	0.443017041471157	0.190837799117265	0.904861489647028	0.210902774955875	0.832963138729094	0.942024069586858
4179	5.18247224526915	0.987290607424504	1.0148961454127	0.972799642492512	0.330652890422336	0.905056790956463
4180	7.04873745834659	0.336796576444369	0.867360000476346	0.388300793510658	0.697793450106474	0.912097229333043
4181	0.431946392764789	-0.00331714231889999	0.938076257987709	-0.00353611158011362	0.997178597044796	1
4182	3.09347831826464	-0.333341365299893	1.12445402378181	-0.296447305314259	0.766888503482398	0.92451785833735
4183	3.94535201089538	0.577763890470064	0.929000572163476	0.621919843520177	0.533994576276977	0.905056790956463
4184	6.45653837489197	2.07051059001928	1.02884454649375	2.01246203527585	0.0441712548080681	0.905056790956463
4185	7.51128031330811	2.16405062956407	0.957065424856213	2.26113134312546	0.023751125014	0.905056790956463
4186	2.48374892535947	0.614791979125705	1.15938601188788	0.530273759405301	0.59592213746279	0.905056790956463
4187	5.63703625268461	1.4719608034071	0.966074769572672	1.52365101518819	0.12759591211925	0.905056790956463
4188	3.22427296292991	0.671751863170432	1.12189923175842	0.59876310113659	0.549330871514625	0.905056790956463
4189	3.04011530889166	0.94608029139885	1.11923009839835	0.845295612361316	0.39794581020352	0.905056790956463
4190	1.45980904637164	0.301079522880942	1.15716139290658	0.26018801242987	0.794718750607154	0.9286690374246
4191	2.32896437007004	0.300120775821046	1.16278835195661	0.25810438788455	0.796326345246705	0.9286690374246
4192	8.85344269538487	1.83693617581546	0.934385941727517	1.96592873863158	0.0493068428257303	0.905056790956463
4193	1.68249575874497	0.174925517913222	1.16364047246867	0.150326086151092	0.880507353062446	0.95928485141926
4194	6.28526218046685	1.03905086451171	0.98131801678652	1.05883194513665	0.289676322333203	0.905056790956463
4195	1.88643832692046	0.834658120239504	1.16210978983211	0.718226563051402	0.4726176019982	0.905056790956463
4196	1.76152523820694	1.05445741890494	1.1454805421596	0.920537172038688	0.357292117204109	0.905056790956463
4197	11.9411507054166	0.930870183485254	0.847390393328076	1.09851396807712	0.271980121710786	0.905056790956463
4198	1.96562727866992	0.4200156277816	1.10547826204395	0.379940196205233	0.703989808476931	0.912280267928552
4199	1.47288778057693	0.487401448736355	1.08459902411075	0.449384000816312	0.653154670744271	0.905730264136523
4200	5.32269980150761	1.86639979403648	1.10275917139202	1.692481769778	0.0905541531399675	0.905056790956463
4201	1.43949851083028	0.427636855793043	0.982349685152496	0.435320397875078	0.663329880979299	0.905730264136523
4202	7.48161972281044	0.559893149141723	0.911934974841426	0.613961701862659	0.53924063528395	0.905056790956463
4203	1.63898848373351	0.0929550656209664	1.1404816578108	0.0815050947854765	0.935040273308467	0.977627519002861
4204	2.92815293492206	0.45505591252226	1.13022037385421	0.402625826829201	0.687223507099113	0.912097229333043
4205	1.99623524272819	0.865630394891044	1.11887802556818	0.773659304329856	0.439132291803868	0.905056790956463
4206	3.82673803104099	0.912956499407516	1.15348779426061	0.791474781051086	0.428666986893313	0.905056790956463
4207	3.43691194519622	1.29502527072125	1.14230549446449	1.13369433745774	0.256922785715928	0.905056790956463
4208	8.11298366309126	1.18184971181374	0.977823733463196	1.20865312567935	0.226796137129336	0.905056790956463
4209	1.63354862193715	0.601031856258083	1.01076921093663	0.594628179959238	0.552092039051433	0.905056790956463
4210	2.72554803067182	0.809355937702207	1.13401479434213	0.713708446962314	0.475407482073652	0.905056790956463
4211	9.71609846537558	2.50399408366743	0.930573513854317	2.69080738532543	0.00712793358089175	0.905056790956463
4212	2.40667085772472	1.16483190091954	1.14718582851612	1.01538205229247	0.309923745032719	0.905056790956463
4213	0.816774310968573	0.318824155783137	0.912435261769228	0.349421125138162	0.726773176044975	0.915024114914031
4214	1.80336332325907	0.536864642550108	1.16258236615896	0.461786328588353	0.644234555859729	0.905730264136523
4215	4.83175224295433	0.21698152265485	0.991220354125413	0.218903417138059	0.826725284533537	0.942024069586858
4216	0.900818729814023	0.555061730863961	1.00976123372174	0.549696019541309	0.582527887464345	0.905056790956463
4217	0.360028064683062	0.208653482468978	0.903170664007368	0.231023316837133	0.817296687738699	0.935872778920563
4218	4.75586183608738	1.65138846621102	1.08663099501915	1.51973252537484	0.128578213507549	0.905056790956463
4219	0.857961925411636	0.139002556580921	0.911772798156194	0.152453063813721	0.878829607280717	0.957946748396526
4220	0.38748647431177	-0.00462246458683213	0.901863708392018	-0.00512545803076362	0.995910494075657	1
4221	0.304497497523674	-0.00476257312255688	0.899810281474357	-0.00529286364093696	0.995776925536291	1
4222	4.29814617461781	1.59095222316881	1.11565944643092	1.42601958712256	0.153862688250198	0.905056790956463
4223	5.75411847324372	1.85352031357027	1.10577927581539	1.67621183911546	0.0936967060218739	0.905056790956463
4224	1.19053158046599	0.416223054912767	0.942392261189075	0.441666461042022	0.658730582924486	0.905730264136523
4225	6.20514053624043	-0.419868978980529	0.93378286241525	-0.449643055018731	0.652967837821794	0.905730264136523
4226	1.92709822033485	0.504765502346584	1.14541141470364	0.440684889173366	0.65944113757374	0.905730264136523
4227	1.19053158046599	0.416223054912767	0.942392261189075	0.441666461042022	0.658730582924486	0.905730264136523
4228	1.27617911336207	0.396490425338631	1.05179866902479	0.376964182419293	0.70620022296856	0.912400370188517
4229	3.96872607399302	2.03315678896232	1.13177072450205	1.79643875296109	0.0724247652346376	0.905056790956463
4230	2.68307942597521	1.11941957184135	1.15859128232977	0.966190225072594	0.33394900323463	0.905056790956463
4231	1.34395852086557	0.470756407103138	1.12376684182843	0.418909323162794	0.675282403132626	0.910870588440445
4232	1.85363135224964	1.06058202734815	1.15933850505254	0.914816529189709	0.360287955875707	0.905056790956463
4233	4.95839119529888	1.1680361909826	1.04841234342604	1.1140999992099	0.265236288994477	0.905056790956463
4234	2.96714153875258	0.955228830957158	1.1213692174877	0.85184149525456	0.394302071982637	0.905056790956463
4235	2.67566820138703	1.07357328944616	1.15568596176186	0.928948974866391	0.352915530354613	0.905056790956463
4236	0.804100548211573	0.665958951378239	0.999797134500777	0.666094078886082	0.505350968953851	0.905056790956463
4237	6.09075989337005	0.519094940415321	1.14639116453626	0.452807869140639	0.650687096729132	0.905730264136523
4238	1.62034713815147	0.899137051316441	1.09196578557261	0.823411377165947	0.410274095380904	0.905056790956463
4239	5.50661195638507	2.61509802209291	1.09237056441818	2.39396602881346	0.0166672924323964	0.905056790956463
4240	5.1940706150042	1.09641602527749	1.00684661620875	1.08896033181896	0.276171379005138	0.905056790956463
4241	3.40670685296168	0.143206461827036	1.09528574255503	0.130748037943935	0.895974629711457	0.960722483193289
4242	6.20767634276802	1.01755445542583	0.971416209856555	1.0474958571837	0.294870941901584	0.905056790956463
4243	1.88251555230143	0.622622647143058	1.04139550436244	0.597873377151015	0.549924425134159	0.905056790956463
4244	2.2701247761936	0.525832186649077	1.12431686401083	0.467690384695689	0.64000601818845	0.905730264136523
4245	13.6913031310504	-0.640965568326854	0.906435980614608	-0.707127234614239	0.479487412659599	0.905056790956463
4246	6.30044871772151	0.105616345696469	0.971921676233868	0.108667548300523	0.913466182092443	0.967012634892695
4247	7.02290001410857	0.577493346766166	0.873154303651889	0.661387505451043	0.508363836643956	0.905056790956463
4248	2.99324443311599	1.45819121117107	1.16195460896875	1.25494679389003	0.20949807536715	0.905056790956463
4249	4.48512395667609	1.27366206243489	1.1567566076393	1.10106313983732	0.270869178072372	0.905056790956463
4250	13.3867394980475	2.46881003354868	0.963709089319103	2.56177933871412	0.0104137459128432	0.905056790956463
4251	1.30159271478476	0.592961458014292	0.964416557360226	0.614839566460087	0.538660676567526	0.905056790956463
4252	1.0245536268898	0.419763683771273	0.91547369851634	0.45852074663812	0.646578360781686	0.905730264136523
4253	1.23551921994769	0.804421565342571	1.11338049571634	0.722503733842589	0.469984830565563	0.905056790956463
4254	1.66431605828291	0.289016691107593	1.15839434397428	0.249497671160943	0.802975842103666	0.929631394163118
4255	0.470475451099866	-0.00204358568996457	0.903365512871812	-0.00226219139522825	0.998195033951655	1
4256	0.664525562206736	0.297517513859367	0.909359755365917	0.32717251022358	0.743537411413714	0.916019906911484
4257	0.875086183816341	-0.0891437596285541	1.06890151850953	-0.0833975423225662	0.933535442648401	0.977607781352236
4258	7.04308882009654	2.63174495265214	0.970908250562976	2.71060108009808	0.00671613743691253	0.905056790956463
4259	2.16282694420636	1.13964751240656	1.12961070386959	1.00888519248498	0.313029697462855	0.905056790956463
4260	4.0937304594608	1.15802552523258	1.07146214763604	1.08078995397787	0.279790558194592	0.905056790956463
4261	3.37342356105293	0.107824170957607	1.11751754691189	0.0964854388690039	0.923135038067438	0.972097232476549
4262	12.0796870211066	2.27273539723784	0.912589721894814	2.49042405662749	0.012759076018233	0.905056790956463
4263	10.1204668781534	1.33913742551802	0.949082167388908	1.4109815477855	0.158250054926114	0.905056790956463
4264	3.37693088238913	0.437041590535144	0.926431337487476	0.47174741705135	0.63710708747529	0.905730264136523
4265	0.944750927238365	0.599977269223062	1.08402406986319	0.553472276034221	0.579940059575119	0.905056790956463
4266	0.29076829270932	0.118197902780855	0.900576879735805	0.131246876796937	0.895580014329501	0.960722483193289
4267	1.59174725959211	0.47939262226351	1.00424355328849	0.477366890425828	0.63310088677574	0.905056790956463
4268	2.79613079445285	0.718242049129997	1.14559654791616	0.626958985199877	0.530686120735535	0.905056790956463
4269	5.86169852709885	2.24403200677139	1.11955061114551	2.00440425330599	0.0450267740755583	0.905056790956463
4270	0.470475451099866	-0.00204358568996457	0.903365512871812	-0.00226219139522825	0.998195033951655	1
4271	0.816774310968573	0.318824155783137	0.912435261769228	0.349421125138162	0.726773176044975	0.915024114914031
4272	3.34551087580974	1.13838279478375	1.12656856326837	1.01048691744167	0.312262064189794	0.905056790956463
4273	2.13148248266572	0.649662165453142	1.06764115935642	0.608502360329344	0.542854340984666	0.905056790956463
4274	1.33170968052146	0.515562242114458	1.05811309964428	0.487246819161185	0.626083429970894	0.905056790956463
4275	23.5604130762202	-0.717782495257133	1.01263058500373	-0.708829563205902	0.478430249607755	0.905056790956463
4276	15.7138699865946	1.199083825539	0.852452342700789	1.40662857672488	0.159537554712314	0.905056790956463
4277	2.35904461309964	0.650999825451452	1.160757340719	0.560840584517182	0.574906217072313	0.905056790956463
4278	1.71972387586191	0.879489657298736	1.14312571553628	0.769372646722534	0.441672121941806	0.905056790956463
4279	1.39843364596761	0.356103800896723	1.05588400151791	0.33725655506173	0.735923507136656	0.916019906911484
4280	2.78558786677516	0.885652611535535	1.15945512433725	0.763852427701143	0.444955189675772	0.905056790956463
4281	1.37085248675851	0.636588062018672	0.976031824245885	0.652220599989679	0.514258872642683	0.905056790956463
4282	0.0692597719737415	-0.110908803430439	0.894972942750804	-0.123924197182485	0.901375294041256	0.962822431880661
4283	1.09405889802433	-0.0526218731263969	1.02967756548718	-0.0511051953448161	0.959241696118137	0.987420893184412
4284	0.512276813444899	0.261655481921597	0.906366431288591	0.288686201175388	0.772821523195321	0.926042177835687
4285	3.6480002878345	0.962573440929116	1.10773513040805	0.86895631862333	0.384871023374078	0.905056790956463
4286	4.9613707956064	0.390289619734298	1.13140362569597	0.344960552423734	0.730124027060586	0.91595033457581
4287	2.79878935056084	0.692267383102992	1.16246531557282	0.595516592047197	0.551498211623262	0.905056790956463
4288	0.803045106154219	0.378250198386025	0.912251589066764	0.414633641551643	0.678410116908346	0.912097229333043
4289	1.25190698087003	0.537571998043587	1.12102040043384	0.479538104601438	0.631555867110292	0.905056790956463
4290	0.584195141526627	0.109289236912297	0.952116538320406	0.114785567221729	0.908615089124312	0.96571508973761
4291	4.21087982656046	1.31421917869328	1.08901314692955	1.20679826721899	0.227509843551683	0.905056790956463
4292	7.87559940135139	0.87208375941589	0.854288385726715	1.02083063984773	0.307334685130995	0.905056790956463
4293	2.42740631567897	0.731664882643277	1.14750805850872	0.637611977726879	0.523726296745176	0.905056790956463
4294	8.83664889238238	0.739704765035003	0.888013646843639	0.832988060109452	0.404851463176691	0.905056790956463
4295	0.527061460316607	0.396419334040056	0.951203328803442	0.416755621049737	0.676857166117017	0.911938432663032
4296	5.71769819939881	1.01132359358961	0.918051499341303	1.10159788891498	0.270636526526681	0.905056790956463
4297	3.70962328702387	0.441545920206641	0.978222727657821	0.45137565068013	0.651718829522925	0.905730264136523
4298	0.858575673313606	0.471373186095311	0.912932140225872	0.516328832478925	0.605624762016192	0.905056790956463
4299	7.06694028002966	1.62487662111	0.984377290182717	1.65066447318019	0.0988071059523676	0.905056790956463
4300	10.3826699153859	1.58723067968832	0.885938312564242	1.7915814873095	0.0732000307786195	0.905056790956463
4301	2.35784647049729	1.5451379081497	1.16193691004384	1.32979501278722	0.183585819577791	0.905056790956463
4302	3.93215052710971	1.73104167390391	1.16258561695018	1.48895844629917	0.136498311359144	0.905056790956463
4303	10.4255791942109	1.03293452475519	0.81398572775253	1.26898358231316	0.204446919652012	0.905056790956463
4304	9.23684375253371	0.914883349244617	0.836995097164541	1.09305699919143	0.274368774378974	0.905056790956463
4305	4.58761142648444	1.24984452199184	1.03376785383623	1.20901855997337	0.22665571500002	0.905056790956463
4306	6.48286681745157	1.92619873835328	0.991335717940547	1.94303373064663	0.0520120829598829	0.905056790956463
4307	0.608994995047349	0.171369175197221	0.907289767060489	0.188880313014482	0.850186623776507	0.945478283042784
4308	2.99324443311599	1.45819121117107	1.16195460896875	1.25494679389003	0.20949807536715	0.905056790956463
4309	0.971681615838397	0.256436772866014	1.00982580734204	0.253941591709742	0.799540682173719	0.929529847567444
4310	3.12796395202484	0.97479818756291	1.13201472163273	0.861117942138544	0.389173088272619	0.905056790956463
4311	1.88263830188183	0.416455731739919	1.09940505108763	0.37880099907484	0.704835645415969	0.912280267928552
4312	1.84664505007434	0.69193618013747	1.11782199859974	0.619003903129693	0.535913787601274	0.905056790956463
4313	3.24520144562235	0.681901125053248	1.16042653170653	0.587629726158053	0.556780853835532	0.905056790956463
4314	3.22631460087951	0.169809435719614	1.16194784739465	0.146142045962187	0.883809254833984	0.960198504098536
4315	5.15214650307877	1.3727623977009	1.0287686416024	1.33437426277176	0.182081230521238	0.905056790956463
4316	1.67526395740889	0.699764358653747	1.09363014041048	0.639854675540579	0.522267082774774	0.905056790956463
4317	5.15756641391054	1.07296492873217	0.968146513751702	1.10826709954704	0.267746479843929	0.905056790956463
4318	0.983279985573442	0.45869274540114	1.01106473424815	0.4536729745027	0.650064221335877	0.905730264136523
4319	1.28777748309712	0.574270556503853	1.05274730049541	0.545497059202726	0.585411702562133	0.905056790956463
4320	2.10773807120235	1.12466321124693	1.15928896833034	0.970131901510909	0.331980749325208	0.905056790956463
4321	1.06635498923483	0.56750428831524	0.927975136259155	0.611551178626357	0.54083474770108	0.905056790956463
4322	4.06268080124714	0.772111976252673	1.0939925561986	0.705774433178599	0.480328423943917	0.905056790956463
4323	3.45657201012852	1.32614372954833	1.12306587979942	1.18082452098463	0.237672440794811	0.905056790956463
4324	3.92528487489025	0.440486254760828	1.07820759738861	0.408535662174588	0.682880454207722	0.912097229333043
4325	4.04868404668285	0.7482942232667	1.10217001148932	0.678928128570256	0.497183401963127	0.905056790956463
4326	0.152776469790514	-0.0634356514076534	0.895800382900944	-0.0708144946335305	0.943545395737381	0.979798405231884
4327	2.12433460857838	0.739745363467954	1.16262821459624	0.636269922044561	0.524600505786389	0.905056790956463
4328	2.33991226919602	0.72880572869928	1.15697579051815	0.629923058608587	0.528744925584253	0.905056790956463
4329	5.39502310103762	2.43359102936702	1.10307654996819	2.20618508247428	0.0273710433319319	0.905056790956463
4330	2.04861625545802	0.423774373001659	1.11115101298651	0.381383239585638	0.70291889581133	0.912280267928552
4331	5.68559626938421	0.887698029857181	1.00094750381548	0.88685772877538	0.375155502431438	0.905056790956463
4332	6.80874814391402	0.619995503593599	0.876592077380946	0.707279382955412	0.479392875180451	0.905056790956463
4333	8.36709038204397	1.16521178019483	1.04507001525607	1.1149604937324	0.264867351562057	0.905056790956463
4334	0.512276813444899	0.261655481921597	0.906366431288591	0.288686201175388	0.772821523195321	0.926042177835687
4335	0.373757269497416	0.104810272236251	0.902808757473078	0.116093548460485	0.90757840182444	0.965364304944372
4336	0.29076829270932	0.118197902780855	0.900576879735805	0.131246876796937	0.895580014329501	0.960722483193289
4337	1.59174725959211	0.47939262226351	1.00424355328849	0.477366890425828	0.63310088677574	0.905056790956463
4338	2.79613079445285	0.718242049129997	1.14559654791616	0.626958985199877	0.530686120735535	0.905056790956463
4339	5.86169852709885	2.24403200677139	1.11955061114551	2.00440425330599	0.0450267740755583	0.905056790956463
4340	0.539735223073607	0.0956846938731382	0.905450201396456	0.105676373726093	0.915839126401857	0.96744209105867
4341	3.38372098956983	0.764666863687112	1.15890175970295	0.659820262834971	0.509369178484551	0.905056790956463
4342	4.20093489506924	2.38030790889932	1.08352381039694	2.19682104450231	0.0280332294857173	0.905056790956463
4343	22.4505581635481	2.67517677949971	0.968795399468662	2.76134339713723	0.00575641156647457	0.905056790956463
4344	1.94450470060744	1.21601789677296	1.15613390658333	1.05179675974265	0.292892805999905	0.905056790956463
4345	1.47288778057693	0.487401448736355	1.08459902411075	0.449384000816312	0.653154670744271	0.905730264136523
4346	5.08536796358547	1.40835317949554	1.08864223282979	1.29367861821299	0.195776453907917	0.905056790956463
4347	1.95443388038316	0.722338956792308	1.1161448860356	0.647173109718725	0.517519912685358	0.905056790956463
4348	1.37076645988521	0.576841700443939	1.06226807621716	0.543028368599881	0.587110270331804	0.905056790956463
4349	9.07148481674045	0.569364560839279	0.82467425214679	0.690411467748764	0.48993546711253	0.905056790956463
4350	2.10259828261393	1.09989645811792	1.16209733030163	0.946475333380581	0.343906197633487	0.905056790956463
4351	3.55378119005254	2.03319140476924	1.13895460111843	1.78513823358076	0.0742388976833888	0.905056790956463
4352	9.9012245145709	0.803224516752186	0.820381477420989	0.979086606486121	0.327537188820491	0.905056790956463
4353	9.47462883707764	0.666746071190138	1.05367583041402	0.632781024243625	0.526876650112261	0.905056790956463
4354	7.59675262220119	1.22034010279978	0.958173826633634	1.27361035010445	0.202801542331795	0.905056790956463
4355	0.512276813444899	0.261655481921597	0.906366431288591	0.288686201175388	0.772821523195321	0.926042177835687
4356	0.691983971835444	0.157898621573121	0.909079525920826	0.173690658595773	0.8621085792963	0.949596855175955
4357	4.48876450942723	0.487677104880721	1.11916304750001	0.435751614539182	0.663016952864353	0.905730264136523
4358	6.45537905462127	1.09217376962777	1.00398529587105	1.08783841169726	0.276666448898636	0.905056790956463
4359	3.93702384554575	0.776948447980335	1.05697946918117	0.735064843390223	0.46230000412832	0.905056790956463
4360	0.748042260023509	0.417770375623471	0.976915025289111	0.427642491730368	0.66891142476576	0.907950221897078
4361	3.66725538131851	0.489150023696736	1.08757650087448	0.449761486482494	0.652882430911944	0.905730264136523
4362	7.98571209147769	1.0270940050343	0.930501189833699	1.10380729896526	0.269676737977206	0.905056790956463
4363	0.456746246285511	0.0985182230051801	0.904322399126199	0.108941482706138	0.913248903989124	0.967012634892695
4364	2.00232557513363	-0.225280631197652	1.16317765965446	-0.193676889620262	0.846428888602914	0.945478283042784
4365	2.52947306232353	0.637210123379731	1.14570669310666	0.556172122597879	0.578093194691878	0.905056790956463
4366	3.65000837333341	1.234601739155	1.11914432924888	1.10316579094281	0.269955174209127	0.905056790956463
4367	10.6202954770375	0.400368281944647	0.846966853069886	0.472708324409021	0.636421286790311	0.905730264136523
4368	3.60510676072501	1.21042197870721	1.15851855557179	1.04480154666992	0.296114699918499	0.905056790956463
4369	3.15089632096709	1.35723218082987	1.16221885967321	1.16779397402955	0.242889879391252	0.905056790956463
4370	7.27570789146769	0.434075327703072	0.94143416257955	0.461078793352576	0.644742075828905	0.905730264136523
4371	4.7357967997068	1.07793603884597	1.13247181031944	0.95184359471333	0.341176309132588	0.905056790956463
4372	5.63765210021113	0.7691751859534	0.963819124194936	0.798049308884466	0.424841876251001	0.905056790956463
4373	1.85444339477075	0.462410342686128	1.03821981600381	0.445387706493582	0.656039594802082	0.905730264136523
4374	10.4875200673434	1.81755118094558	1.00489036438677	1.80870594978262	0.0704966981621257	0.905056790956463
4375	5.44937337693471	1.53073262719193	0.996886572923645	1.5355133359883	0.124657783827709	0.905056790956463
4376	1.77464069511932	0.618840302134763	1.1445905187481	0.540665235294474	0.58873834464724	0.905056790956463
4377	1.34621210552528	-0.287062167894376	1.15175279033856	-0.249239394340857	0.803175608420579	0.92969430828042
4378	7.17807276910378	1.30705906406465	0.93303869854448	1.40086265028839	0.161255149544779	0.905056790956463
4379	6.30053572603559	0.715339087324555	0.882047468789508	0.810998401601063	0.41736658866752	0.905056790956463
4380	4.98409018884588	0.443159646114693	1.01714489995943	0.435689788281266	0.663061815736064	0.905730264136523
4381	1.04792768998744	0.605943995459753	1.09615053645443	0.552792682490232	0.580405379767423	0.905056790956463
4382	0.360028064683062	0.208653482468978	0.903170664007368	0.231023316837133	0.817296687738699	0.935872778920563
4383	1.19118205107506	0.3227569112648	1.10289690193493	0.292644680294734	0.769793758142203	0.926042177835687
4384	1.01666925532009	0.446134961928145	1.09775212592512	0.406407741230443	0.684443032669099	0.912097229333043
4385	2.48334185428664	1.47459903146937	1.15623325736053	1.27534735926521	0.202186321923884	0.905056790956463
4386	2.41049083372795	0.91422168876341	1.15151785687189	0.793927496050218	0.427237641488519	0.905056790956463
4387	7.06646606241628	0.645002350908731	0.900959743034139	0.715905850284246	0.474049485814931	0.905056790956463
4388	11.2422443570851	1.0942071925215	0.81427222206121	1.34378548460327	0.179017764659963	0.905056790956463
4389	4.04097592810883	1.16884836882675	1.10978978027232	1.05321601406343	0.292242000585045	0.905056790956463
4390	2.50916252678216	0.985366956548696	1.16158167152281	0.848297610668136	0.396272247918036	0.905056790956463
4391	18.9564652999267	1.2097627662992	0.960501767193852	1.25951123425163	0.207845735032299	0.905056790956463
4392	5.38231261557352	0.89882289533232	1.01553854774858	0.88507018992532	0.376118776103803	0.905056790956463
4393	0.874963434235947	0.327029383494582	0.993983658107128	0.329008812999354	0.74214902673461	0.916019906911484
4394	1.38989880378883	0.480500894967087	1.07501920490306	0.446969591590148	0.654897015667981	0.905730264136523
4395	1.30437402047314	0.313071430780458	1.10977371922272	0.282103842754296	0.77786388676093	0.926566765057318
4396	0.9013464508427	0.644682317500813	1.01501846252236	0.635143439557498	0.525334867964264	0.905056790956463
4397	5.72192524647487	2.53433382509205	1.09366162177745	2.31729245557065	0.0204878060040282	0.905056790956463
4398	3.00403285995447	0.544705729948917	1.15417451115821	0.471943995195586	0.636966764112463	0.905730264136523
4399	4.45366722738961	1.75470502784341	1.10266390189928	1.59133261261298	0.111534741041531	0.905056790956463
4400	2.29031256215457	0.741769281747266	1.16136553730434	0.638704402637085	0.523015248080709	0.905056790956463
4401	6.1690633571842	1.8359470978283	1.10338110173437	1.66392835162976	0.0961267484396903	0.905056790956463
4402	6.56218061840597	0.73802304003866	0.995133780726471	0.741631983892544	0.458310339627973	0.905056790956463
4403	3.4500767062748	1.55409101796331	1.16139033213636	1.33812980439107	0.18085412657893	0.905056790956463
4404	5.45741932041646	1.6945324482509	1.12891691251901	1.50102494653021	0.13334910934938	0.905056790956463
4405	11.3292946097882	-0.0208547242928606	0.909097273825196	-0.0229400361141888	0.981698104588581	1
4406	3.98850888850571	1.52118708619405	1.09934816721129	1.38371730773231	0.166445031824148	0.905056790956463
4407	4.21087982656046	1.31421917869328	1.08901314692955	1.20679826721899	0.227509843551683	0.905056790956463
4408	0.373757269497416	0.104810272236251	0.902808757473078	0.116093548460485	0.90757840182444	0.965364304944372
4409	1.26310037915679	0.206853369408786	1.14595464471021	0.180507466297757	0.85675419341315	0.947617570673057
4410	1.04159185842121	0.00738442394275302	1.13277117447358	0.00651890170685596	0.994798705813836	1
4411	5.65369886596933	1.49819891805904	0.976153011785785	1.53479925787272	0.124833145161565	0.905056790956463
4412	4.01596729813442	1.44182997529378	1.09830976381494	1.31277169956646	0.189259888987113	0.905056790956463
4413	0.747637288575226	-0.0719551621089556	0.969247668285397	-0.0742381585877267	0.940820883445206	0.979529672503265
4414	3.36068162276268	0.569817962810494	1.09273918950243	0.521458339084513	0.602047520254455	0.905056790956463
4415	1.79952657551334	0.614561366008412	1.03164219992677	0.595711736154293	0.55136781655529	0.905056790956463
4416	4.85372148662048	1.87361229528651	1.07520066538185	1.74256988077766	0.0814087749871022	0.905056790956463
4417	2.24863184976538	1.38240169425259	1.16196736482413	1.18970784903397	0.234161239314481	0.905056790956463
4418	4.49043584961597	0.627245095319892	1.11198595025196	0.564076457240997	0.572702099527568	0.905056790956463
4419	1.90997396193014	0.548932271771027	1.04440075828996	0.525595435864882	0.599169328569515	0.905056790956463
4420	4.45754069784244	0.761553209165931	1.02861254515151	0.740369357495788	0.459075906748196	0.905056790956463
4421	1.01372847734422	-0.335221859457133	1.0892265094833	-0.307761385293638	0.758263906383081	0.921693462027093
4422	1.26003685160052	-0.0499148491474515	1.04636599167907	-0.0477030499312717	0.961952903378433	0.989026199951483
4423	1.41788493444622	0.545974182760264	1.13319001657841	0.48180285280733	0.629946002610476	0.905056790956463
4424	9.01162333325734	1.613666740138	0.993559241698729	1.62412735186182	0.104348631548817	0.905056790956463
4425	19.2472084223953	0.240026142009664	0.894019214342744	0.268479847143022	0.7883299852772	0.9286690374246
4426	5.4162317059734	1.7757561829689	1.12874734117425	1.5732096264533	0.115670287035309	0.905056790956463
4427	0.691983971835444	0.157898621573121	0.909079525920826	0.173690658595773	0.8621085792963	0.949596855175955
4428	0.747514538994832	0.276666074612693	0.911053337706125	0.303677142887474	0.761373873449879	0.921693462027093
4429	2.49277476585982	1.05191350653192	1.16052732863079	0.906409940188983	0.364718913444033	0.905056790956463
4430	1.4285506117043	0.0904287997222869	1.11975818528494	0.0807574357666121	0.935634858794135	0.977627519002861
4431	5.18548119877827	1.15697105036332	1.0492166658134	1.10269984080589	0.270157535946965	0.905056790956463
4432	3.41987371366481	1.55958203618862	1.16130055534404	1.34296158648316	0.17928441262988	0.905056790956463
4433	1.1350010133066	0.326858598930058	0.932170909742107	0.350642350575482	0.725856680162606	0.915024114914031
4434	1.61920566922082	0.398671867604657	1.0081965847074	0.395430686486959	0.692525065973728	0.912097229333043
4435	3.5329796561896	1.60019997628616	1.15860256566086	1.3811465844402	0.167233894636489	0.905056790956463
4436	2.99030365514011	0.582545853566584	1.15396123842194	0.504822722090065	0.613683355127672	0.905056790956463
4437	2.68438036719336	0.517155607222821	1.13748459744314	0.454648448326504	0.649362173905718	0.905730264136523
4438	6.75244645618971	0.373840159092551	0.949977896133562	0.393525113177993	0.693931679450245	0.912097229333043
4439	6.79176238680521	0.238437955951255	1.01148688135727	0.235730151666728	0.813642071483627	0.934533554257066
4440	1.01082442207544	0.470151484621608	0.915210764131186	0.513708429847769	0.607455857337243	0.905056790956463
4441	1.25190698087003	0.537571998043587	1.12102040043384	0.479538104601438	0.631555867110292	0.905056790956463
4442	0.584195141526627	0.109289236912297	0.952116538320406	0.114785567221729	0.908615089124312	0.96571508973761
4443	4.21087982656046	1.31421917869328	1.08901314692955	1.20679826721899	0.227509843551683	0.905056790956463
4444	9.3454582774546	1.1140918222965	0.846311970670898	1.31640796881714	0.188037149213036	0.905056790956463
4445	0.96902305973041	0.338374350916994	0.914696642649453	0.369930679899382	0.711434141235208	0.914210746716922
4446	5.75668680322932	1.50656428400935	0.96291158129714	1.56459254751081	0.117678477431265	0.905056790956463
4447	8.60862516743335	0.477913024581929	1.04865884291506	0.45573737141569	0.648578844886673	0.905730264136523
4448	7.59675262220119	1.22034010279978	0.958173826633634	1.27361035010445	0.202801542331795	0.905056790956463
4449	0.512276813444899	0.261655481921597	0.906366431288591	0.288686201175388	0.772821523195321	0.926042177835687
4450	0.512276813444899	0.261655481921597	0.906366431288591	0.288686201175388	0.772821523195321	0.926042177835687
4451	0.96902305973041	0.338374350916994	0.914696642649453	0.369930679899382	0.711434141235208	0.914210746716922
4452	4.5850777195814	0.774968091383755	1.01493494936494	0.76356429726719	0.445126932248883	0.905056790956463
4453	0.792097207028245	-0.0873604739639328	1.0583431377331	-0.0825445650368681	0.934213681448042	0.977627519002861
4454	2.85301687687753	0.299569278770334	1.12822029347603	0.265523746118203	0.790606019399096	0.9286690374246
4455	27.5919088702828	0.870589288023983	1.0228219379024	0.851164074373868	0.394678216306759	0.905056790956463
4456	3.10206983411511	0.617658366695798	1.13179740403438	0.545732270187321	0.585249986210828	0.905056790956463
4457	0.304497497523674	-0.00476257312255688	0.899810281474357	-0.00529286364093696	0.995776925536291	1
4458	0.67825476702109	0.228224397057415	0.909378776125165	0.250967367008357	0.801839339245663	0.929529847567444
4459	7.55999770267065	1.43274200859473	1.01511631295368	1.41140674256912	0.158124715987656	0.905056790956463
4460	3.63291565694593	-0.319226076160578	1.06304349159835	-0.300294464604267	0.763952555121718	0.922892797598855
4461	2.24319408759357	0.775150506984433	1.15529434843061	0.670954989122403	0.502249204003322	0.905056790956463
4462	1.0245536268898	0.419763683771273	0.91547369851634	0.45852074663812	0.646578360781686	0.905730264136523
4463	2.20323923883541	0.790101105907718	1.15579447994866	0.683599999493693	0.494227785000708	0.905056790956463
4464	17.5818453115875	0.816909377957409	0.852688231384575	0.95803993521868	0.338042621413919	0.905056790956463
4465	0.857961925411636	0.139002556580921	0.911772798156194	0.152453063813721	0.878829607280717	0.957946748396526
4466	2.21038711292275	1.16000578932624	1.16207706074176	0.998217612682073	0.318173847681788	0.905056790956463
4467	9.73003752624118	0.449849154328752	0.841971338210755	0.534280840586226	0.593147245824821	0.905056790956463
4468	117.542736299355	0.507988306583848	1.14982602096977	0.441795799816226	0.658636978226942	0.905730264136523
4469	1.55092789389023	-0.148168953424894	1.08383735354906	-0.136707738425614	0.891261812586515	0.960722483193289
4470	3.72077786297899	0.450484809051323	1.06929850039427	0.421290040980346	0.673543301585474	0.910536053835529
4471	7.23258563693991	1.03431031923383	0.938024308556883	1.10264767106631	0.27018019969322	0.905056790956463
4472	3.02029787129641	0.795059434068902	1.1632424989534	0.683485545605699	0.494300080747705	0.905056790956463
4473	1.5642888499634	0.556998796584104	1.00100587302047	0.556439089516423	0.57791072292997	0.905056790956463
4474	0.803167855734613	0.0769375327293921	0.979763608842754	0.0785266282958466	0.937409149301977	0.977627519002861
4475	0.443017041471157	0.190837799117265	0.904861489647028	0.210902774955875	0.832963138729094	0.942024069586858
4476	9.32101092095955	0.74800941733712	0.813833677096188	0.919118289631448	0.358033703778712	0.905056790956463
4477	1.64829654610175	-0.52675616828448	1.14325309695438	-0.460752015181726	0.644976532008494	0.905730264136523
4478	2.76867238482414	0.79271957886754	1.14498968682383	0.692337745911513	0.488725251094203	0.905056790956463
4479	1.77590491363036	0.678634083957888	1.16257659653295	0.583732793161086	0.559400100635227	0.905056790956463
4480	1.74992686847189	0.731482766358421	1.10984356514515	0.659086369764874	0.509840307810361	0.905056790956463
4481	0.691983971835444	0.157898621573121	0.909079525920826	0.173690658595773	0.8621085792963	0.949596855175955
4482	4.58381140144581	1.06565632500369	1.05387209420685	1.01118184157415	0.311929405085731	0.905056790956463
4483	0.512276813444899	0.261655481921597	0.906366431288591	0.288686201175388	0.772821523195321	0.926042177835687
4484	1.50928600383269	0.689342931470288	1.07813054287279	0.639387257904282	0.522571036146027	0.905056790956463
4485	0.304497497523674	-0.00476257312255688	0.899810281474357	-0.00529286364093696	0.995776925536291	1
4486	0.539735223073607	0.0956846938731382	0.905450201396456	0.105676373726093	0.915839126401857	0.96744209105867
4487	0.803045106154219	0.378250198386025	0.912251589066764	0.414633641551643	0.678410116908346	0.912097229333043
4488	1.0163870334522	-0.797074654789907	1.09405631673537	-0.728549931660146	0.466277014847459	0.905056790956463
4489	2.81776012255241	0.512514914813663	1.1343859575408	0.451799417479329	0.651413489405938	0.905730264136523
4490	3.00718241438403	1.08367936833067	1.16313541667843	0.931688050068437	0.35149776394264	0.905056790956463
4491	0.304497497523674	-0.00476257312255688	0.899810281474357	-0.00529286364093696	0.995776925536291	1
4492	0.96902305973041	0.338374350916994	0.914696642649453	0.369930679899382	0.711434141235208	0.914210746716922
4493	8.5839501125127	0.49148755321875	0.958115006865277	0.512973442328995	0.607969898163211	0.905056790956463
4494	0.913615242151417	-0.0715638992978659	0.991800094331272	-0.0721555681501708	0.942478104437915	0.979636727886848
4495	5.54623005983306	0.609479951541809	0.990302318843555	0.615448373637599	0.538258653615374	0.905056790956463
4496	25.3887221744063	-0.062983136402926	1.05159890258846	-0.0598927369055788	0.952241064621651	0.984264692987262
4497	1.27352055725408	0.41874043786073	0.956213805770772	0.437915072271099	0.661447849190142	0.905730264136523
4498	2.25808261267862	-0.47244333116739	1.16073838692105	-0.407019649294602	0.683993556575241	0.912097229333043
4499	43.7887979843219	1.30978182439432	1.10717930750632	1.18298979714887	0.236813191023653	0.905056790956463
4500	0	NA	NA	NA	NA	NA
4501	11.897848046196	0.588309073095959	0.767652899774529	0.766373804187745	0.4434539150847	0.905056790956463
4502	1.65217001655459	0.616885260302105	1.16133103407236	0.531188130001928	0.595288417656685	0.905056790956463
4503	2.0479269625173	0.387081903631868	1.16183982267664	0.333162881902353	0.739011335040141	0.916019906911484
4504	0.637067152578028	0.444263131254611	0.908410893724112	0.489055265985764	0.624802570656186	0.905056790956463
4505	3.61617740943138	1.23626994911562	1.16167063770118	1.06421726519839	0.287230287442469	0.905056790956463
4506	3.67093265677675	1.08580403713995	1.08281920730034	1.00275653573514	0.315978344574551	0.905056790956463
4507	7.58258172323146	1.33393249958582	0.990016842423951	1.34738364280735	0.177856705938068	0.905056790956463
4508	1.28790023267751	0.248123372835407	1.10842424507326	0.223852350702603	0.822872193450062	0.940068251023275
4509	7.08744282028222	-0.134802522554684	0.988559738177109	-0.136362545781257	0.891534681189235	0.960722483193289
4510	7.08881930653911	0.763736656020327	0.898115833733979	0.850376563171188	0.395115762011706	0.905056790956463
4511	2.46222137584871	0.767788180607266	1.15556308345822	0.664427750936393	0.506416576298558	0.905056790956463
4512	7.73204496705582	0.160940709676314	0.853535904120277	0.188557632900274	0.850439541110392	0.945478283042784
4513	8.3771738148311	1.68629202433904	0.891899567133913	1.89067478724973	0.0586677700930178	0.905056790956463
4514	3.48851455704669	0.50088508369621	1.14575720523825	0.43716511788556	0.6619916050431	0.905730264136523
4515	3.54880087375161	0.803909211975293	1.08298077019796	0.742311621865958	0.457898551969295	0.905056790956463
4516	9.54581061707213	1.37655978750823	0.846499614667477	1.62617887079484	0.10391160962698	0.905056790956463
4517	5.1042548083283	2.35930912698532	1.10622952723514	2.13274828496224	0.0329453806389022	0.905056790956463
4518	4.05959732272627	0.86694841236994	1.03116481427095	0.840746697687589	0.400489853680303	0.905056790956463
4519	1.32905112441347	0.505162470236629	0.966199111023963	0.522834749559297	0.601089255245292	0.905056790956463
4520	2.98109839138767	1.77921459625521	1.15469987800593	1.54084592035098	0.123354290320531	0.905056790956463
4521	0.0829889767880956	0	0.8934140914151	0	1	1
4522	10.7062430831415	2.11684023644402	0.881184051658103	2.40226798528731	0.0162937669654137	0.905056790956463
4523	5.59753777916548	1.58407830783717	0.970007596442271	1.63305763134964	0.102456876343869	0.905056790956463
4524	3.37463847539777	1.46710455702799	1.10819532708653	1.3238682037083	0.185546819823055	0.905056790956463
4525	4.56175613090636	1.10357813822654	1.05989799955055	1.04121164366242	0.297777332935344	0.905056790956463
4526	0.152248748761837	-0.124943057915868	0.897093032401155	-0.139275474675627	0.889232469353242	0.960722483193289
4527	0.138519543947483	0.0454418622127057	0.897504263602248	0.0506313608253168	0.959619272541021	0.987420893184412
4528	5.93424635479805	2.00110133110718	1.00637944967494	1.9884163292022	0.0467656643107003	0.905056790956463
4529	2.90463836009506	0.575695728673674	1.15539843367316	0.498265976390037	0.618296585472096	0.905056790956463
4530	2.82371195366195	0.337127062974725	1.14955482521445	0.293267494146557	0.769317697769795	0.926042177835687
4531	9.89641206905566	2.80959892343469	1.08621656750304	2.58659185239026	0.00969303318726939	0.905056790956463
4532	2.71580037377274	0.68937760106602	1.16188808448334	0.593325304108413	0.55296346745601	0.905056790956463
4533	0.304497497523674	-0.00476257312255688	0.899810281474357	-0.00529286364093696	0.995776925536291	1
4534	3.54283329092657	1.47060678186996	1.11522932874495	1.31865863277192	0.187283262321142	0.905056790956463
4535	7.75026348984953	1.99533204721033	0.91613284548263	2.17799422545446	0.0294064666677137	0.905056790956463
4536	13.3336891433415	1.14516267849329	0.906226044363008	1.26366118654009	0.20635166191496	0.905056790956463
4537	10.0697466731729	1.60695588794449	1.15906341921164	1.38642619662477	0.165616801838846	0.905056790956463
4538	25.3178214903468	1.88916036669013	1.03986223520979	1.8167410092636	0.0692567792400318	0.905056790956463
4539	2.10259828261393	1.09989645811792	1.16209733030163	0.946475333380581	0.343906197633487	0.905056790956463
4540	1.37428426305596	0.102514736815476	1.15395826104616	0.0888374738290259	0.929211075606717	0.976083865651288
4541	3.98458611388668	1.80102879529754	1.13872532976984	1.58161827809835	0.113736738803886	0.905056790956463
4542	0.753568148693169	-0.0712062939202776	0.964192948764002	-0.0738506685944519	0.941129209356845	0.979529672503265
4543	1.93816886904121	0.510579792037946	1.10402100139411	0.46247289806372	0.64374223327359	0.905730264136523
4544	11.502027034758	2.16620317476576	0.964045542274249	2.24699257428808	0.0246405016839449	0.905056790956463
4545	3.48427591891801	0.383200937851839	1.1026452535915	0.347528760137214	0.72819411585894	0.915024114914031
4546	4.50888411985496	0.889245896610392	1.05474561884914	0.843090391388091	0.399177892171585	0.905056790956463
4547	11.9846002271588	0.912554327998317	0.951920605418488	0.95864541938047	0.337737403281894	0.905056790956463
4548	14.4529665094601	1.5136181715346	0.920663451404612	1.64405154698533	0.100165555228973	0.905056790956463
4549	6.25949608201848	1.4379133047175	0.944535252295616	1.52235006710736	0.127921389180504	0.905056790956463
4550	2.57829954917551	1.4380025944269	1.16184976239986	1.23768377028078	0.21583333930834	0.905056790956463
4551	3.38308729070326	0.961744645982723	1.1216791348133	0.857415116438626	0.39121550799741	0.905056790956463
4552	2.45428243023185	0.557965536093981	1.15742066777878	0.482076700051315	0.629751460991763	0.905056790956463
4553	2.48255078275712	1.46634620232996	1.16153645395986	1.26241944222324	0.20679789688189	0.905056790956463
4554	5.24661110002152	1.93917839378583	1.05089790853669	1.84525859080452	0.0649999310742262	0.905056790956463
4555	3.1461436524869	1.16653085948886	1.14785450203651	1.01627066620309	0.309500513284462	0.905056790956463
4556	1.90662611288144	0.882938926603383	1.16283931992056	0.759295726828109	0.447675673158002	0.905056790956463
4557	12.0271412662083	0.116783114085657	0.910497489332187	0.12826297211573	0.897940866990785	0.961241788793049
4558	10.6768699843927	1.13982511742838	0.847993299359687	1.34414401421456	0.178901821591417	0.905056790956463
4559	2.81100146819785	1.0882772670466	1.16265734016574	0.936025800079205	0.349259904167052	0.905056790956463
4560	4.54037020234304	1.81223619777775	1.07002990875718	1.69363134894298	0.0903353571584404	0.905056790956463
4561	3.60084509056639	1.50555559278756	1.15654463112786	1.30177042222689	0.192994877701443	0.905056790956463
4562	2.77553593741905	1.67983814340398	1.15769902820237	1.45101455774077	0.146775806548366	0.905056790956463
4563	5.23219470189099	0.73373259884468	1.02012352353278	0.719258581846731	0.471981610407183	0.905056790956463
4564	12.0681767272645	2.08976176202881	0.974743969324459	2.14390837778366	0.0320402287947841	0.905056790956463
4565	2.88994282116198	0.635827258407756	1.12334731481822	0.566011286109359	0.571386108341764	0.905056790956463
4566	1.52787067574304	1.28147130851055	1.14584886103041	1.11835980476359	0.263413354156167	0.905056790956463
4567	21.5635578446438	1.05554603150978	0.959995067459151	1.09953276562506	0.271535750260599	0.905056790956463
4568	2.26922670679919	0.652367719932314	1.15318864872325	0.565707718901485	0.571592487114942	0.905056790956463
4569	4.09318278746752	1.51703676473247	1.05802840972198	1.43383367666952	0.15161973216828	0.905056790956463
4570	18.7461900927394	0.16222678165686	0.884767907415074	0.183355183090692	0.854519338377146	0.946671455793935
4571	2.88295441936213	1.85793561539949	1.13998444375337	1.62979032352607	0.103145819605385	0.905056790956463
4572	2.30763301555387	1.19211513546059	1.1610345738724	1.02676971236483	0.30452891432849	0.905056790956463
4573	8.01042591812512	0.925871626381246	0.927411628738102	0.998339461886032	0.318114778290553	0.905056790956463
4574	1.5264102622374	0.594350429101526	1.156069027633	0.514113270829886	0.607172799622877	0.905056790956463
4575	1.06639171194193	0.0961839989817112	1.08770397438101	0.0884284706566854	0.929536133614179	0.976264909182758
4576	2.55934452889944	1.33263173881339	1.1576442374167	1.15115827103081	0.249667128936102	0.905056790956463
4577	7.74165202303445	1.25164391233575	0.888987684785966	1.40794291502148	0.159147974120787	0.905056790956463
4578	3.05299784810235	0.573723534173337	1.11980448551817	0.512342593366072	0.608411260421643	0.905056790956463
4579	1.62247797323078	0.691268732387249	1.08914213747723	0.634691018371971	0.525629952616169	0.905056790956463
4580	1.07947044614721	0.232213377101729	0.922544566240455	0.251709657830454	0.801265491441374	0.929529847567444
4581	1.95835665500219	0.738040748593768	1.1631073072035	0.634542267960007	0.525726991262879	0.905056790956463
4582	11.9172111189856	2.07082323930476	0.851080513037917	2.4331696091983	0.0149672879674582	0.905056790956463
4583	11.7623384371984	1.03446969758886	0.885607352705031	1.16809068311045	0.242770188065853	0.905056790956463
4584	1.38461841427996	0.172887378291531	1.11432727495738	0.155149552718382	0.876703417693661	0.956771073628469
4585	1.05528434052846	0.624897918445703	1.01979686233773	0.612767053443585	0.54003037853303	0.905056790956463
4586	2.00730589143456	0.746137630154272	1.05584694852047	0.706672147132512	0.479770242295916	0.905056790956463
4587	1.45662276923498	0.377766003539208	1.12104472746019	0.33697674525	0.736134430519935	0.916019906911484
4588	3.50277666357961	1.46226666779497	1.16256668674227	1.25779164711189	0.208467117324995	0.905056790956463
4589	5.36626375019077	0.886264414222653	1.08468080595607	0.817073934890432	0.413886177436833	0.905056790956463
4590	1.30477899192143	0.869344795174556	1.11913845445598	0.776798252006406	0.437277808224953	0.905056790956463
4591	4.17143377685906	1.34229630860816	1.11860255133496	1.19997608355733	0.230148629056008	0.905056790956463
4592	2.39532008677501	1.12162124137086	1.14026641822284	0.983648403080188	0.325288417333135	0.905056790956463
4593	3.79947581640687	1.87194358640022	1.14156205802727	1.6398088682407	0.10104491371117	0.905056790956463
4594	7.19769713135597	0.395808068806798	0.876679348075101	0.451485562738375	0.651639628087227	0.905730264136523
4595	2.05974147821154	0.569317555702442	1.13998355758898	0.499408567704719	0.6174915846172	0.905056790956463
4596	5.93095829907259	2.26747553610052	1.11910224042151	2.02615583652703	0.042748817703819	0.905056790956463
4597	0.540262944102284	0.205912986288192	0.943463510128294	0.21825219955798	0.827232615869191	0.942024069586858
4598	4.30615646602432	2.02714947600955	1.07907563367374	1.87859813784144	0.0602993856181785	0.905056790956463
4599	5.5833721500767	1.06856027311888	0.976836316005325	1.09389900396891	0.273999275660782	0.905056790956463
4600	2.44680303011043	0.862144453298751	1.1475279928122	0.75130581449776	0.452468630715644	0.905056790956463
4601	6.52912604494981	2.77869685700066	1.04433671144711	2.66072888805211	0.0077971711341353	0.905056790956463
4602	6.1636077942772	2.42107542342297	1.0314602085352	2.34723104525884	0.0189135224712469	0.905056790956463
4603	2.7719814115412	0.53418569772856	1.15788836345733	0.461344732866593	0.644551296122684	0.905730264136523
4604	3.29018908510404	0.806750306304002	1.13330493026093	0.711856345774704	0.476553736924406	0.905056790956463
4605	0.874963434235947	0.327029383494582	0.993983658107128	0.329008812999354	0.74214902673461	0.916019906911484
4606	0.996481469359119	0.236177151245812	0.914491982769384	0.258260494018318	0.796205873449122	0.9286690374246
4607	3.76515385418326	0.469342286630054	0.977378844356643	0.480205080496701	0.631081574635589	0.905056790956463
4608	0.733908083760872	0.00663551183155913	0.969524746679014	0.0068440871203012	0.994539251185592	1
4609	2.10520226467476	0.754886604754281	1.15661499209626	0.652668874182686	0.513969772929121	0.905056790956463
4610	3.85132910810802	1.20737144487778	1.14574961741263	1.05378297887134	0.29198228807493	0.905056790956463
4611	3.0574871660817	1.06066054898405	1.14140077107901	0.929262162650695	0.352753239028696	0.905056790956463
4612	8.65953523421813	1.85041869250689	1.05255157529786	1.75803137436114	0.0787421711115331	0.905056790956463
4613	1.17680237565163	0.460010216382163	0.940917780503092	0.488895231777004	0.624915871639479	0.905056790956463
4614	4.59565317071709	1.42046038089875	1.01255682577631	1.40284509939449	0.16066303509483	0.905056790956463
4615	1.57863180267973	0.767313173532316	1.00821386608456	0.761061912897715	0.446620088140483	0.905056790956463
4616	8.98464544011566	2.12948970939093	1.07085036062985	1.98859690175424	0.0467457136548227	0.905056790956463
4617	2.92092113358598	0.83672573087318	1.1491991268162	0.728094645521781	0.466555651346657	0.905056790956463
4618	2.98291028189199	1.25320074947144	1.1503360689329	1.0894214163292	0.275968091427636	0.905056790956463
4619	2.51618555166456	0.44966921100125	1.14256086600361	0.393562587675594	0.693904007178166	0.912097229333043
4620	3.96774197772532	1.96174486982996	1.09306424570602	1.79472055511508	0.0726982338956984	0.905056790956463
4621	3.61596863297769	1.60263017974798	1.15796803668692	1.38400208725389	0.166357815624306	0.905056790956463
4622	1.52301520864705	0.637918137923002	1.07884102862676	0.591299478788827	0.554319778754829	0.905056790956463
4623	2.67330971848699	0.381909432451468	1.13641926880784	0.336063848030411	0.736822719625616	0.916019906911484
4624	2.28712628501791	0.722143392545022	1.15572441472314	0.62484047524255	0.532075762914386	0.905056790956463
4625	2.61908219217029	0.734354345901967	1.16097760024491	0.632531020191134	0.527039945205543	0.905056790956463
4626	8.74126627508063	0.609566943671136	0.815745389443012	0.747251472775527	0.454911778885336	0.905056790956463
4627	1.87577264966238	1.27257780568857	1.15841729279366	1.09854869536658	0.27196496643176	0.905056790956463
4628	11.6133496978057	-0.395714126551996	0.7452723133095	-0.530965822136562	0.595442463535239	0.905056790956463
4629	4.02163480775152	1.5228324203182	1.11068680349708	1.3710727592364	0.170352275794803	0.905056790956463
4630	6.46628813141559	0.998770304877953	0.917107028882832	1.08904443366288	0.276134291725472	0.905056790956463
4631	8.00831503401041	2.69872186059859	1.08386866849377	2.48989747470877	0.0127779949915668	0.905056790956463
4632	17.2822368842154	0.893861675071738	0.864189930375918	1.03433474940273	0.300979697071529	0.905056790956463
4633	3.01237677701961	1.26547663543492	1.16150402136737	1.08951550072565	0.275926623093613	0.905056790956463
4634	9.36223315848517	2.6986227537046	0.93320672036756	2.89177381046046	0.00383073628706895	0.905056790956463
4635	23.8532534796743	1.6338176820659	0.956834951184066	1.70752299552193	0.0877248873862248	0.905056790956463
4636	0.138519543947483	0.0454418622127057	0.897504263602248	0.0506313608253168	0.959619272541021	0.987420893184412
4637	0.443017041471157	0.190837799117265	0.904861489647028	0.210902774955875	0.832963138729094	0.942024069586858
4638	0.831153986391999	0.0136008493493335	1.0640365685107	0.0127823138337907	0.989801466860323	1
4639	2.12445735815877	0.311153877827444	1.16232966374079	0.267698474481019	0.788931424159092	0.9286690374246
4640	1.33816826166808	0.76459528808581	1.127895187755	0.677895691360904	0.497837832057778	0.905056790956463
4641	3.99716648026488	0.873784743757394	1.0856437154877	0.804854052293633	0.420903905754122	0.905056790956463
4642	4.92163939541988	0.813584164659684	1.02862424393375	0.790943990925496	0.428976676087805	0.905056790956463
4643	2.24704868667935	1.23206245984956	1.16180427704578	1.06047333805865	0.288929313280548	0.905056790956463
4644	2.91096050098412	1.33935518483926	1.14679925532729	1.16790726765603	0.242844172274007	0.905056790956463
4645	2.48214581130884	0.933815136813491	1.15686847328617	0.807192138412173	0.419555794355387	0.905056790956463
4646	15.9711577038373	1.58607774638789	0.835503470818351	1.89834967990542	0.0576500336298348	0.905056790956463
4647	4.13019685824981	0.780314907082329	1.09610336558446	0.711899015715779	0.476527311715234	0.905056790956463
4648	4.29761635396459	0.424109343397836	1.00529841537032	0.421874079291775	0.673116930738067	0.910458984255447
4649	34.8180800658406	1.12762642267784	0.896240037572474	1.25817456864803	0.208328630111118	0.905056790956463
4650	2.95168856993174	0.473654226367694	1.15549358020488	0.409915065286396	0.681868253620322	0.912097229333043
4651	1.03828283170415	0.371442709921163	0.91567326959224	0.405649834123224	0.684999907095084	0.912097229333043
4652	1.01021067417347	0.182886924325045	0.914192984140148	0.200052863561474	0.841439237521387	0.945478283042784
4653	2.22881441217014	0.840085677138724	1.07744713712735	0.779700133946736	0.435567399987675	0.905056790956463
4654	6.84147119133609	1.13243066761771	0.982819306876768	1.15222672132518	0.249227919921687	0.905056790956463
4655	3.44485089081308	1.66352547636485	1.14777524517179	1.44934775633349	0.147240490650641	0.905056790956463
4656	1.19077707962678	-0.115653671468258	1.0377255726779	-0.111449187061863	0.911260157335675	0.96675841119266
4657	0.554078175789932	0.482922370286578	0.907211116824989	0.532315313746027	0.594507627677079	0.905056790956463
4658	23.3614948986269	1.14590969220086	1.0194237537721	1.12407591834184	0.260980820475768	0.905056790956463
4659	7.67028556619509	1.27208574181715	0.965780416345485	1.31715835223779	0.18778555084912	0.905056790956463
4660	4.2720432802544	1.09405798235974	1.03998675974876	1.0519922221164	0.292803118129421	0.905056790956463
4661	7.61985703592435	1.85185158555819	0.980808946484279	1.88808594395083	0.0590144135444529	0.905056790956463
4662	4.00785317911943	1.67613755751701	1.11644114525846	1.50132191440238	0.133272319552653	0.905056790956463
4663	1.58238252355217	0.464849560730277	1.1598173664603	0.40079548226543	0.688570705315611	0.912097229333043
4664	12.8826565822221	0.999028887584096	0.930474546912449	1.07367675010469	0.282967585327273	0.905056790956463
4665	4.03412704763188	1.50285598149212	1.04897594630416	1.43268869680674	0.151946821140104	0.905056790956463
4666	4.11398852057956	0.718418056531784	1.02063151477892	0.703895623571254	0.4814977771182	0.905056790956463
4667	13.9390960094555	3.00410406526793	1.10603391418205	2.71610483796926	0.00660549973409244	0.905056790956463
4668	1.91349176510089	0.211848494535975	1.14837140767212	0.184477332960959	0.853639007658904	0.946300359972841
4669	2.81075386941252	0.870818717253106	1.12319920908623	0.77530211044357	0.438161162599253	0.905056790956463
4670	6.60791002525099	1.98857610768916	1.03692211361088	1.91776805758759	0.0551404277206148	0.905056790956463
4671	1.15200252213091	0.565525289704287	1.03473379900193	0.546541816117126	0.584693551800214	0.905056790956463
4672	6.8150367709386	1.22489966934419	0.918892721531998	1.33301705481137	0.182526207056122	0.905056790956463
4673	6.2209670236834	1.4362586788071	0.949098695573953	1.51328695899065	0.130206783802829	0.905056790956463
4674	2.37315883839767	1.71206472610592	1.16079859911406	1.47490247439357	0.140238765010561	0.905056790956463
4675	1.32905112441347	0.505162470236629	0.966199111023963	0.522834749559297	0.601089255245292	0.905056790956463
4676	2.81260248262394	-0.225242480481317	1.11979031141476	-0.201147016709531	0.840583619197192	0.945478283042784
4677	5.90680681653639	0.762851301920718	0.931653249057384	0.818814620882335	0.412892187833239	0.905056790956463
4678	4.75045767697112	1.507058441396	1.04993024719642	1.43538910839099	0.15117624793489	0.905056790956463
4679	26.1951686061274	2.24555332922539	1.07485644733832	2.08916579956893	0.0366928009020078	0.905056790956463
4680	1.22522179143078	-0.17265049961431	1.14558330404969	-0.150709685628257	0.88020473248402	0.959118604869668
4681	3.47580715264793	1.19794639156808	1.07718230805416	1.11211109076983	0.266090388713734	0.905056790956463
4682	2.68494691055368	0.787275312182807	1.11026033087651	0.70909073330692	0.478268173127671	0.905056790956463
4683	2.81448781854246	0.30165271709836	1.12899881946247	0.267186034120018	0.789325928558849	0.9286690374246
4684	2.38861390684305	0.912566329336166	1.15202404702869	0.79214173670234	0.428278036413268	0.905056790956463
4685	15.0684232142713	1.15290015456852	0.85371179760935	1.35045592411513	0.176869782624235	0.905056790956463
4686	1.52248748761837	0.433200166671332	0.994419257477605	0.435631312863114	0.663104248256216	0.905730264136523
4687	0.96902305973041	0.338374350916994	0.914696642649453	0.369930679899382	0.711434141235208	0.914210746716922
4688	5.22116077589172	2.44738340931007	1.08134182133478	2.26328378411287	0.0236182012538562	0.905056790956463
4689	2.45465067897303	1.70472989947911	1.16184726951201	1.46725817085676	0.14230583793124	0.905056790956463
4690	1.38458169157286	0.5915054993127	0.976509306075905	0.605734626011563	0.544690986949715	0.905056790956463
4691	1.71718806933431	0.562514276234183	1.13719712398842	0.494649752772248	0.620847375976717	0.905056790956463
4692	2.78292931066717	0.921658721306091	1.16232410293442	0.792944686408256	0.427810050429841	0.905056790956463
4693	2.4680116350462	0.498302330524205	1.15759377592015	0.430463899244891	0.666858221928633	0.906997038146281
4694	2.07300903790591	1.44778301468831	1.16182493332864	1.24612837369602	0.21271726959265	0.905056790956463
4695	3.43115840870582	0.993742238907193	1.11869172453635	0.88830749089438	0.374375371356604	0.905056790956463
4696	1.8452874351845	0.318820174197329	1.16366280718011	0.273979861030294	0.784100098272027	0.9286690374246
4697	2.53489507277985	1.39981982393922	1.15525490952185	1.21169779275692	0.225628084355125	0.905056790956463
4698	3.78574661159252	1.90933518707252	1.14156147936924	1.67256448433028	0.0944130634591524	0.905056790956463
4699	4.87619748032371	1.8332340038293	1.03126043603364	1.77766346867737	0.0754591429521665	0.905056790956463
4700	0.66464831178713	-0.0721675054827805	0.959856627910681	-0.0751857135579378	0.94006695110856	0.979529672503265
4701	1.01784744695784	0.101981950258763	1.06846124858681	0.0954474955396359	0.923959392263975	0.972567525239488
4702	5.37853044187494	1.34279502038519	1.04409286285122	1.2860877304709	0.198412445655484	0.905056790956463
4703	2.05204803175547	-0.442473059861264	1.16435036413589	-0.380017109531836	0.703932714654732	0.912280267928552
4704	4.7196356665782	-0.0340657781641173	1.0333956554125	-0.0329648939258596	0.973702583005686	0.997097647470022
4705	2.90354927639594	1.05598125032067	1.12963621892372	0.934797621243742	0.349892605722681	0.905056790956463
4706	11.9688168119015	1.4582699143528	0.851268218425553	1.71305574763488	0.0867022841208879	0.905056790956463
4707	12.4952088796371	0.851702847700104	0.864596241734776	0.985087381355253	0.324581151087125	0.905056790956463
4708	0.373757269497416	0.104810272236251	0.902808757473078	0.116093548460485	0.90757840182444	0.965364304944372
4709	1.48460889989237	0.374151481630972	1.15440412165832	0.324107887880284	0.74585635533062	0.916796708253923
4710	1.19912099669192	0.41016992435333	1.05275255344398	0.389616651141332	0.696820037483785	0.912097229333043
4711	5.28491251053586	1.16655814356264	1.00524749658642	1.16046858860528	0.245858075485568	0.905056790956463
4712	1.59187000917251	0.254888920999256	1.07407783157047	0.237309544529533	0.812416658104889	0.934079119655156
4713	1.55386867186611	0.450227618419658	1.1563995865303	0.389335679175168	0.697027846133454	0.912097229333043
4714	2.14557783659671	0.916504668557553	1.1571727587672	0.792020605059829	0.428348661842377	0.905056790956463
4715	2.33251889594789	1.46522203836734	1.16186165547818	1.26109854082782	0.207273346286582	0.905056790956463
4716	3.30153985605375	0.552387476307924	1.09138755532273	0.506133200451034	0.6127631449297	0.905056790956463
4717	1.69238821581359	0.589575679977158	1.15946170694766	0.508490859546579	0.611109147660506	0.905056790956463
4718	1.61218054471388	-0.0878221337501333	1.16218162168521	-0.0755666172235524	0.939763896094013	0.979529672503265
4719	2.54982242019655	0.683491327647018	1.16021074451705	0.589109634501384	0.555787730777394	0.905056790956463
4720	3.37305531231174	1.23484981812312	1.13794262935324	1.08515999512644	0.277850799051464	0.905056790956463
4721	1.56493932057248	0.505929500740122	1.1293273706023	0.447991887835232	0.654159051180816	0.905730264136523
4722	5.19373908897012	1.79474676499262	1.04447002829448	1.71833247137141	0.0857359898237716	0.905056790956463
4723	1.03893330231322	0.25812112864531	1.08973974000453	0.23686493129473	0.812761576629766	0.934079119655156
4724	3.0023615703706	1.58020334614221	1.14811503975773	1.37634582896471	0.168714590651346	0.905056790956463
4725	3.93079608247627	2.07193267114058	1.09915635039191	1.88502088024312	0.0594270188232109	0.905056790956463
4726	1.3433080502565	0.685717541607988	1.06106607901672	0.646253381545694	0.518115273586438	0.905056790956463
4727	1.6472778267515	0.562965882912137	1.01214426369759	0.556211108538515	0.578066546130281	0.905056790956463
4728	3.19962941144027	1.49485208810218	1.15947750874952	1.28924630001177	0.197312473355102	0.905056790956463
4729	6.64842721812038	2.72899481260005	1.0484553530461	2.60287174334267	0.00924465307317063	0.905056790956463
4730	1.42682474807328	0.773148538569311	1.0806257745744	0.715463721817862	0.474322549971867	0.905056790956463
4731	1.37085248675851	0.636588062018672	0.976031824245885	0.652220599989679	0.514258872642683	0.905056790956463
4732	1.11020115978588	0.390268491695659	1.0293123229043	0.379154589925126	0.70457307034834	0.912280267928552
4733	4.85087410502341	1.94055579629294	1.12862653315977	1.71939586681526	0.0855423143311434	0.905056790956463
4734	1.5368304403347	0.636186175474538	0.998678833153042	0.637027795478515	0.524106738588652	0.905056790956463
4735	3.52422866805163	1.60596761318772	1.11143141364282	1.44495431159717	0.148470719326244	0.905056790956463
4736	2.06275043172066	0.830133160159447	1.12254668935228	0.739508804429722	0.459598095436413	0.905056790956463
4737	6.5077191453949	1.05392993382686	0.902944993657952	1.16721388482065	0.243124005018527	0.905056790956463
4738	4.31449721283305	2.072466104876	1.13840244294862	1.82050391556435	0.0686823005127335	0.905056790956463
4739	2.96869007875606	0.600191448079409	1.14741760035622	0.523080217606106	0.60091843135168	0.905056790956463
4740	6.52627339347178	0.607266857059785	1.14377313025536	0.530932963011821	0.595465234460055	0.905056790956463
4741	2.92463513175132	1.07251912682824	1.15198207718457	0.931020671301987	0.351842871428869	0.905056790956463
4742	4.61429451629914	0.657125678210056	1.00147585005226	0.656157288441617	0.511722927091296	0.905056790956463
4743	7.41542557801752	1.56264919409036	1.05281095038719	1.48426381157573	0.137738946852075	0.905056790956463
4744	7.08259257246232	1.46896828750493	1.06841952599472	1.37489839128248	0.169162948098253	0.905056790956463
4745	1.81709252807343	0.460465033295142	1.16255740283326	0.396079395454321	0.692046458021925	0.912097229333043
4746	1.8579611979415	0.0825806856461842	1.14640335077331	0.0720345815375356	0.942574387238165	0.979636727886848
4747	17.9790962145409	0.777642016738965	0.858882787574832	0.905411108464217	0.365247632931428	0.905056790956463
4748	3.23914783592401	0.887148902589399	1.15562698338564	0.767677559752298	0.442678771181072	0.905056790956463
4749	4.29814407499326	0.468221743212185	1.00213544472613	0.467224012159498	0.640339615720567	0.905730264136523
4750	4.10694344510801	1.46453700445418	1.06494791078545	1.37521937892157	0.169063442112835	0.905056790956463
4751	4.5516202743015	0.441352416649445	1.12560396759624	0.392102754925398	0.694982292045446	0.912097229333043
4752	7.2200839279295	1.37585202195474	0.928060847494204	1.48250195627753	0.138206783453159	0.905056790956463
4753	6.00732712280203	2.00047443730308	1.05461295892554	1.89688019701674	0.057843751630264	0.905056790956463
4754	14.4428506038199	2.5057594460946	0.896688186834326	2.79446019573532	0.00519864402041233	0.905056790956463
4755	5.59268231206949	1.35774581516906	0.995677950477894	1.36363953275995	0.172681043507067	0.905056790956463
4756	2.84160943225612	1.66071659648431	1.1620471540343	1.42913012670679	0.152966835937657	0.905056790956463
4757	8.40845112086549	0.863926251333384	0.825757518834264	1.04622268841464	0.295458230090163	0.905056790956463
4758	5.40989377478262	2.65052426312187	1.0925368360914	2.4260273663671	0.0152651191399059	0.905056790956463
4759	15.593859560553	1.31547546499039	0.969086475327977	1.35743867908711	0.174641865272042	0.905056790956463
4760	1.34649432739317	0.766288975390326	1.12815711347938	0.67923959015513	0.496986066091573	0.905056790956463
4761	2.55235822672414	0.925368509351701	1.15203788734612	0.803244858103944	0.421833222538206	0.905056790956463
4762	9.25233134443709	1.37511843318737	0.875316018119028	1.57099653693345	0.116183453194075	0.905056790956463
4763	4.48564747845567	1.33284608905986	1.02748373146267	1.29719434794601	0.194564324971832	0.905056790956463
4764	2.78652055925212	1.50970594497201	1.15991049474131	1.30157107105812	0.193063054425618	0.905056790956463
4765	7.63305954870271	1.52280984209292	1.05701930212878	1.44066417616601	0.149679580238339	0.905056790956463
4766	2.64808704217793	1.60400463378691	1.16162565190687	1.38082749046894	0.167332008795892	0.905056790956463
4767	12.0000757503554	-1.27746633253754	0.792709196782446	-1.61151950516367	0.107066539395597	0.905056790956463
4768	2.3621941675292	1.14081950768597	1.14812091963341	0.993640554907953	0.320397892780954	0.905056790956463
4769	3.60790483815589	0.587227044572586	1.0873544893217	0.540051151983472	0.589161756669187	0.905056790956463
4770	2.67727131543766	0.716192654457238	1.16314321250888	0.615739013695848	0.538066783926915	0.905056790956463
4771	2.79678126506192	0.533654509778874	1.16347263935886	0.458673880008858	0.646468373785255	0.905730264136523
4772	3.1634641058862	1.67763891903749	1.1453741422097	1.46470821822546	0.143000541793548	0.905056790956463
4773	4.40920730893659	1.7221293421931	1.11298750150566	1.54730339726492	0.121790102934172	0.905056790956463
4774	4.30541679828555	1.30548070618157	1.15779785616345	1.12755495204275	0.259507920591033	0.905056790956463
4775	4.9142890437525	0.701371079008728	1.01022505576617	0.694272107987661	0.487511579304986	0.905056790956463
4776	3.20167421964629	1.25531347875347	1.1463008119007	1.09509952860629	0.273473035190899	0.905056790956463
4777	5.55454037384264	1.09688070028124	0.980404338312778	1.11880441305361	0.263223588612475	0.905056790956463
4778	1.62575027724074	0.861377666182156	1.09703004408005	0.785190588744988	0.432341832558368	0.905056790956463
4779	0.29076829270932	0.118197902780855	0.900576879735805	0.131246876796937	0.895580014329501	0.960722483193289
4780	8.85281212513553	2.72414916782994	1.10064614022608	2.47504540130434	0.0133219239427137	0.905056790956463
4781	8.60565708527557	2.17335370060473	1.09954309157008	1.97659711317118	0.0480871887358091	0.905056790956463
4782	1.85824341980939	1.00335464399978	1.14883888601851	0.873364103714373	0.382464650188393	0.905056790956463
4783	1.79164220394363	0.796504245826355	1.15171500448621	0.691581027184482	0.489200479888508	0.905056790956463
4784	3.93759038890607	1.36656850988577	1.13451401144913	1.20454088366898	0.228380590044492	0.905056790956463
4785	3.05356439146267	1.14852142779312	1.16191562162366	0.988472317971061	0.322921385167528	0.905056790956463
4786	2.49561064559536	0.642238772625241	1.15336605766369	0.556838627561307	0.577637689504512	0.905056790956463
4787	3.96423675601367	1.56537424121845	1.08359605237345	1.44461050572281	0.14856732019436	0.905056790956463
4788	2.67779903646634	0.863209419740745	1.15630511646068	0.746523912635559	0.45535099197233	0.905056790956463
4789	16.1913642127229	0.703672824872065	0.857757675951289	0.82036319184397	0.412009092242746	0.905056790956463
4790	4.42650889096884	1.14569295201507	1.0642874412228	1.07648827529031	0.2817089417679	0.905056790956463
4791	0.913492492571023	0.247119793063274	0.913536626401713	0.270508905632654	0.78676876652747	0.9286690374246
4792	1.92484463567514	1.00381231860869	1.11579541872011	0.89963832237286	0.368312756182441	0.905056790956463
4793	2.66758763482273	0.2954278525012	1.14662580831501	0.257649749690648	0.796677230856527	0.9286690374246
4794	2.63055781232494	1.18057829549954	1.14816477160134	1.02823072497948	0.303841308776038	0.905056790956463
4795	5.75744325167628	1.03497380161763	0.957662394702684	1.08072929180742	0.279817549323373	0.905056790956463
4796	5.54594885799217	2.27177980025398	0.999549087714888	2.27280463578591	0.02303795556515	0.905056790956463
4797	5.6039103334388	1.44085673495915	0.9675990683536	1.48910512844003	0.136459687555731	0.905056790956463
4798	1.93829161862161	0.231534198809623	1.10866555816696	0.20884043623799	0.834572803710572	0.942211213469374
4799	3.62876304569054	-0.213358473994795	1.06682525132913	-0.19999383566238	0.841485402163145	0.945478283042784
4800	6.45402353935597	1.43018035111405	1.11375357038664	1.28410843218896	0.199104018073907	0.905056790956463
4801	1.32128950242416	0.109877945331838	1.15238272207762	0.0953484838211906	0.924038033521766	0.972567525239488
4802	6.8550797461946	0.696046103441035	0.991939665309791	0.701702056872233	0.482864990020396	0.905056790956463
4803	4.07336534987228	1.36493369929377	1.13309350875511	1.20460817112382	0.228354600805582	0.905056790956463
4804	4.10902287639658	1.60295726886663	1.07882929541117	1.4858303122513	0.137324010174595	0.905056790956463
4805	1.62406113631681	1.12675583346519	1.14859728434125	0.980984239494711	0.326600513671171	0.905056790956463
4806	4.2558170912441	1.39901663119957	1.1303390986197	1.23769639828257	0.215828655146544	0.905056790956463
4807	2.38424943806864	1.24359500781516	1.16035982068057	1.07173222103276	0.28384032413238	0.905056790956463
4808	1.9936994362006	0.600205497262845	1.10869242333391	0.541363397666224	0.588257130642401	0.905056790956463
4809	1.08540130626516	0.336954826609929	1.03503400097679	0.325549524259045	0.744765207095714	0.916512794795554
4810	5.48964717026786	1.85939256896954	1.07613443601998	1.72784413055899	0.0840161730600585	0.905056790956463
4811	16.4717459214248	1.41664133015498	0.925159660871715	1.53123983899187	0.125710128037942	0.905056790956463
4812	4.13523174859789	2.12484257139383	1.12034093693326	1.89660352607504	0.0578802848755172	0.905056790956463
4813	5.54420832224319	1.91151833396371	1.10090254271168	1.73631930148454	0.0825073922424645	0.905056790956463
4814	3.1461069297798	1.74350906333652	1.16079089578568	1.502000980251	0.133096855670513	0.905056790956463
4815	4.07014235002851	0.605707924220357	0.929382750971154	0.651731403006377	0.514574460630098	0.905056790956463
4816	2.35630003011836	0.590672106964813	1.16295679697866	0.5079054600303	0.611519645431914	0.905056790956463
4817	8.42853083832971	-0.727346126593829	0.839386812090367	-0.866520793652313	0.386204628388538	0.905056790956463
4818	5.76571264372967	0.177409933044342	0.937503643400496	0.189236526485213	0.849907440830539	0.945478283042784
4819	6.8643196330296	1.99835066794248	1.09348815681238	1.82750097062584	0.0676244804001236	0.905056790956463
4820	2.53452472441412	1.7450604309396	1.15477310871739	1.51117169058244	0.130744713088515	0.905056790956463
4821	2.54765486241014	1.11444761900683	1.1041824101641	1.00929666035996	0.312832381296511	0.905056790956463
4822	2.7190726777827	0.861486942210806	1.16315375189413	0.740647520422748	0.458907186959793	0.905056790956463
4823	1.74452372938263	0.754396930025632	1.09984581036766	0.685911536793919	0.492768894670068	0.905056790956463
4824	2.42490933148303	0.866588076366037	1.14108205772102	0.759444135066669	0.447586920431765	0.905056790956463
4825	2.35904461309964	0.650999825451452	1.160757340719	0.560840584517182	0.574906217072313	0.905056790956463
4826	7.23124587339012	1.10627161112468	0.887004803460804	1.24719912091611	0.212324495175592	0.905056790956463
4827	2.35932473534298	0.303552975503801	1.15981630028754	0.261725046827282	0.793533428871842	0.9286690374246
4828	3.12963314198416	1.55154531991933	1.16145056683941	1.33586858039207	0.181592232200527	0.905056790956463
4829	0.900818729814023	0.555061730863961	1.00976123372174	0.549696019541309	0.582527887464345	0.905056790956463
4830	4.2511504496372	1.14720682310513	1.14724026625074	0.99997084904828	0.317324615422352	0.905056790956463
4831	3.477869812194	1.71952280563219	1.1168260986859	1.53965134559038	0.123645362523174	0.905056790956463
4832	5.46273643263243	1.61009935663077	1.10839027154459	1.45264659747241	0.146321901224814	0.905056790956463
4833	4.07573748486328	0.292578738416888	1.09630008686016	0.266878331876123	0.789562840407444	0.9286690374246
4834	10.6926072747059	1.25838918633218	0.863461039785451	1.45737807306843	0.145012046334112	0.905056790956463
4835	17.3067838094993	0.411376827057904	0.90552193765264	0.45429802410343	0.649614338031558	0.905730264136523
4836	12.3758794834673	1.25166428690403	0.884402086695346	1.41526609415972	0.156990492189911	0.905056790956463
4837	3.90645050457003	0.720525549075326	1.07911252420237	0.667701961487202	0.504323857692123	0.905056790956463
4838	3.79612796735817	1.73507960991676	1.08474292309118	1.599530702604	0.109702732209566	0.905056790956463
4839	3.38416268372521	0.661301110197186	1.12630417965912	0.587142551843615	0.557107971323556	0.905056790956463
4840	1.99296293871824	0.557810581847933	1.05360822949716	0.52942883913706	0.596507996782548	0.905056790956463
4841	2.00853865711946	0.959485115595003	1.16181108802213	0.825852951040801	0.408887512547802	0.905056790956463
4842	3.67023078237694	1.91157478324642	1.11224459065165	1.71866404144654	0.0856755632057876	0.905056790956463
4843	5.24107793103742	0.357708846816014	0.940502586353343	0.380337972490832	0.703694551663759	0.912280267928552
4844	9.9621770921866	0.320471789091155	0.845979473536356	0.378817452569531	0.704823426340051	0.912280267928552
4845	1.19477329966001	0.772880750501002	1.11694414539412	0.691960071314295	0.488962404344851	0.905056790956463
4846	9.45303726067786	1.80087101380896	0.972993371193965	1.85085640573183	0.064190213792792	0.905056790956463
4847	0.222036241764256	0.126083467125199	0.898678474462234	0.140298750563317	0.888423951467679	0.960722483193289
4848	2.36050502660527	1.45447877106315	1.16097562384608	1.25280732961882	0.210275833544324	0.905056790956463
4849	7.36710686122961	1.24030234142929	0.892684019986007	1.38940802530411	0.164708711306235	0.905056790956463
4850	2.8180423444203	1.60896146094269	1.14804603627621	1.40147817256658	0.161071130263462	0.905056790956463
4851	3.28719900296197	1.65874759377385	1.1502508652038	1.44207463254544	0.149281320476183	0.905056790956463
4852	5.89495874839146	1.0956460432311	1.0217772103776	1.07229446116361	0.283587793796069	0.905056790956463
4853	2.11958194009819	0.409144751893959	1.16036387314486	0.352600388001637	0.724388046669243	0.915024114914031
4854	2.84046796332548	1.15730388494861	1.15335095803727	1.0034273409007	0.315654717884719	0.905056790956463
4855	3.04968882138529	1.11793316815808	1.13983110905616	0.980788433721372	0.326697083161882	0.905056790956463
4856	3.11991800854309	1.08496512308898	1.11037538108483	0.977115614747307	0.328511918192038	0.905056790956463
4857	1.12151730765304	-0.187176053413799	1.0288762894307	-0.181922798043454	0.855643312787262	0.947000187545867
4858	8.04378056478922	2.12969504464769	1.08628906152129	1.96052332669645	0.0499346542461657	0.905056790956463
4859	4.25577826891245	0.860547080947091	1.02833438675126	0.836835850316893	0.402684842882277	0.905056790956463
4860	3.11775255038123	0.660135637399665	1.1635946740774	0.56732438890121	0.570493810001744	0.905056790956463
4861	4.1325364697828	0.516145084208476	1.08740467455083	0.474657775792328	0.635030918457522	0.905730264136523
4862	4.82112328840335	1.96333365783626	1.04013663575581	1.88757283451478	0.0590833198659104	0.905056790956463
4863	14.8544780625451	2.01674882924236	1.06220809138446	1.89863817231308	0.0576120658526317	0.905056790956463
4864	0.861234229421593	0.393647797849419	0.991183175766121	0.39714939425314	0.691257297363543	0.912097229333043
4865	2.00588010101148	1.14422278901543	1.1615673355888	0.985067980097278	0.324590680256328	0.905056790956463
4866	2.9652750742011	1.19752518972633	1.1597271202563	1.03259220967574	0.301794775398568	0.905056790956463
4867	1.27404827828276	0.630227905050635	1.05216162634408	0.598983929152095	0.549183601447778	0.905056790956463
4868	1.06626896236154	0.45600856607326	1.02253125079556	0.445960517801751	0.655625766033153	0.905730264136523
4869	9.42517495023273	1.0358974281338	0.834087814833263	1.24195247755882	0.214254096335356	0.905056790956463
4870	1.85517989225312	0.507625125107117	1.09803499634048	0.462303229677494	0.643863883891469	0.905730264136523
4871	13.8003919507571	1.00872480527204	0.87397678507355	1.15417803138461	0.248427187296078	0.905056790956463
4872	1.17946093175962	0.452153114778682	1.03869032358733	0.435310799100426	0.663336847349135	0.905730264136523
4873	0.830503515782927	0.260333272383785	0.912411251424876	0.285324487151198	0.775395554192778	0.926042177835687
4874	0.756103955220761	0.103302590162436	0.982473564533146	0.105145414484025	0.91626042345269	0.967610458357155
4875	2.30816073658255	1.26092867936928	1.160665197415	1.08638449931778	0.277308916506415	0.905056790956463
4876	9.0921803727655	2.64252677058065	0.946655158501263	2.79143545233966	0.0052474822795731	0.905056790956463
4877	1.7015053530682	0.478771434065532	1.16297300908955	0.411678887062344	0.680574801921842	0.912097229333043
4878	3.01182910502633	1.91043742597833	1.14592255995328	1.66716102182003	0.0954823909843007	0.905056790956463
4879	1.079715945308	-0.45960134422912	1.02471798464528	-0.448514958374831	0.653781593143718	0.905730264136523
4880	2.05229353091626	1.22614398175542	1.15496261369379	1.06163088503271	0.288403286970734	0.905056790956463
4881	5.03962285562981	1.8422270908905	1.02704225462124	1.79372083534176	0.0728577380234503	0.905056790956463
4882	2.04175060323857	1.2859293257195	1.16100489716602	1.10760025979082	0.268034491198168	0.905056790956463
4883	4.41418552561297	-0.102420766309972	1.0022111639262	-0.102194796861707	0.9186020576371	0.969239635991745
4884	1.59632050482021	0.329840818193528	1.16231128479966	0.283780104785251	0.776578902085833	0.926192887017286
4885	6.6765675511843	1.76575925958815	1.09095717944737	1.61854130744398	0.105545992203282	0.905056790956463
4886	4.11742029687701	0.905323975104186	1.12379903422126	0.805592412465038	0.420477902001556	0.905056790956463
4887	4.62376625020397	0.973750171644178	1.15236166858004	0.845003958561077	0.398108628860832	0.905056790956463
4888	3.82068442134265	0.496277843533035	0.976762668027887	0.508084368677844	0.611394176953813	0.905056790956463
4889	2.43002814907986	1.34728500527546	1.16087592922165	1.16057622641793	0.245814278082586	0.905056790956463
4890	2.26273140294547	1.29129122717784	1.16123083041671	1.11200219056744	0.266137208483743	0.905056790956463
4891	9.63277694252641	1.29683789945179	0.817847255359909	1.58567249685407	0.112813621229311	0.905056790956463
4892	1.86204344484802	1.32637963460192	1.15797212158787	1.1454331325206	0.252029779989199	0.905056790956463
4893	1.27352055725408	0.41874043786073	0.956213805770772	0.437915072271099	0.661447849190142	0.905730264136523
4894	2.2573282638562	1.1214893744335	1.14185955604438	0.982160519213545	0.326020774421094	0.905056790956463
4895	10.1772323106222	2.06338149763567	1.01486130384202	2.03316599994916	0.0420357548248487	0.905056790956463
4896	4.78405674319846	1.34131095053668	1.06547992215486	1.25887961156881	0.208073819103782	0.905056790956463
4897	3.18504095956316	0.0745677746215923	1.15861607899944	0.0643593473050948	0.948684099035977	0.981540288903868
4898	1.51203058681397	0.782868814840469	1.07840115668522	0.725953241043288	0.467867436028168	0.905056790956463
4899	2.45637654260406	0.896598471493941	1.16164549673872	0.771834844632992	0.440212251214421	0.905056790956463
4900	2.66128852596361	1.44007394851351	1.16212134733711	1.23917691712084	0.215279986944882	0.905056790956463
4901	3.35422304161606	0.504466953062696	1.10218352851568	0.457697779009696	0.647169583882306	0.905730264136523
4902	1.7198466254423	0.448284844499886	1.15967613642614	0.386560377004394	0.699081696317304	0.912280267928552
4903	6.75285352726254	0.906145280977444	1.15412543952559	0.785135869936218	0.432373910720862	0.905056790956463
4904	0.221508520735579	0.0138005876971983	0.898902599025228	0.0153527064135354	0.987750793789063	1
4905	1.6472778267515	0.562965882912137	1.01214426369759	0.556211108538515	0.578066546130281	0.905056790956463
4906	3.75232061913877	0.328004372412327	1.15638145745398	0.283647208538346	0.776680755091455	0.926192887017286
4907	5.32409203948	0.794251527647878	0.978279113651156	0.811886420311637	0.416856807242113	0.905056790956463
4908	2.75270744669014	0.0435607882766775	1.16151390719059	0.0375034582082966	0.970083582836768	0.994710100156182
4909	2.07975194054497	1.12462318371501	1.15533808850818	0.973414790788358	0.330347190740179	0.905056790956463
4910	5.1169652937924	1.53587612773416	1.09588657061455	1.40149187782533	0.161067034684381	0.905056790956463
4911	2.91025545632789	1.45374851141476	1.1621723304981	1.25088893726431	0.210975000566842	0.905056790956463
4912	0.986024568554721	0.57050773669138	1.00932643732365	0.565236097653552	0.571913186960193	0.905056790956463
4913	3.33692145958381	1.09755103446833	1.16090455769088	0.945427448963962	0.344440694140092	0.905056790956463
4914	2.30351404594025	0.537407227737917	1.16014575258189	0.463223889362111	0.643203894325885	0.905730264136523
4915	0.720056129366123	0.407069581971236	0.91051416588725	0.447076604870356	0.654819750228268	0.905730264136523
4916	1.77965255343747	0.00493530594995235	1.08646981149337	0.00454251549168096	0.996375609486533	1
4917	3.70571626412035	0.965947234424517	1.09518139017496	0.881997487439231	0.377778165999351	0.905056790956463
4918	7.51555768457737	2.13810968862879	1.06338212284713	2.01066920600861	0.0443604087478065	0.905056790956463
4919	4.40964900309197	1.6476061096549	1.09603395093559	1.50324367985908	0.132776217532821	0.905056790956463
4920	4.92034265345084	1.5884758935929	1.12227139172307	1.41541155313069	0.156947864215429	0.905056790956463
4921	9.23744384834472	1.90155023474804	1.09830392469007	1.73135157946799	0.0833890771197305	0.905056790956463
4922	2.68886968517271	0.935684116322207	1.1602703261783	0.806436306446071	0.419991319759893	0.905056790956463
4923	7.54142873187095	0.200269163080647	0.847846707798707	0.236209165216448	0.813270367913172	0.934274476562247
4924	2.11007768273535	0.640790193610358	1.15617002382336	0.554235259872347	0.579417850266724	0.905056790956463
4925	9.80132425508088	2.33965231554664	0.956311565458442	2.44653771851545	0.0144235704603138	0.905056790956463
4926	3.27726982318625	1.96932227078993	1.13815796032874	1.7302714908053	0.0835817806453421	0.905056790956463
4927	5.30575286673045	2.21362928305247	1.09683866653073	2.01819041450655	0.0435714340645148	0.905056790956463
4928	2.93056599186926	1.13601835584953	1.13752385588964	0.998676511237711	0.317951422773565	0.905056790956463
4929	8.34457771623851	0.984409220139271	0.883495854657662	1.11422053080341	0.265184589706727	0.905056790956463
4930	4.41909976600521	0.802538151209623	1.0174125278581	0.788803095337505	0.430227100106823	0.905056790956463
4931	8.94252093394654	1.69076477003506	0.899384335965957	1.87991351686055	0.0601198654196723	0.905056790956463
4932	7.48309900768313	1.55711807473859	0.935889411172505	1.66378426355716	0.0961555498533294	0.905056790956463
4933	6.17949820739945	0.991920149469965	0.934992660255975	1.06088549315286	0.288741942777262	0.905056790956463
4934	5.34174191928884	1.50185810028033	0.993019459937496	1.5124155778124	0.130428174438186	0.905056790956463
4935	3.17659214425767	0.384192118159238	1.13649268082499	0.338050675240908	0.735324999998828	0.916019906911484
4936	2.86866287043655	1.00227332619371	1.16276175234075	0.8619765176968	0.388700439994816	0.905056790956463
4937	7.59429756370025	1.85896357546786	0.890144749046257	2.08838346511581	0.0367632578135581	0.905056790956463
4938	40.6192456456548	1.22580581611746	1.11024736396519	1.10408351859495	0.269556909996014	0.905056790956463
4939	4.0348520432527	0.845269046448218	1.055881128315	0.800534287223333	0.423401306338334	0.905056790956463
4940	3.11685448098682	0.69699606109128	1.10736905276828	0.62941623603159	0.529076591340702	0.905056790956463
4941	1.24872070373336	0.511700042829177	1.04770859830195	0.488399201513188	0.62526710734683	0.905056790956463
4942	4.62168578992272	1.18508239183321	1.05047835671503	1.12813594326599	0.259262511488378	0.905056790956463
4943	1.8072860978781	0.398801718831239	1.16330069640218	0.342819118104752	0.731734542403454	0.916019906911484
4944	2.87030060756973	1.58215293229908	1.14407785268286	1.38290670393534	0.166693474470113	0.905056790956463
4945	0.747514538994832	0.276666074612693	0.911053337706125	0.303677142887474	0.761373873449879	0.921693462027093
4946	1.27376605641487	-0.114403120069695	1.04708364636848	-0.109258816586879	0.912997210585871	0.967012634892695
4947	2.7997220430378	1.37868149345908	1.16138241401925	1.18710381422758	0.235186674039136	0.905056790956463
4948	1.19053158046599	0.416223054912767	0.942392261189075	0.441666461042022	0.658730582924486	0.905730264136523
4949	1.86984178954443	0.999927044915036	1.12083688035042	0.892125395269308	0.372325724439638	0.905056790956463
4950	24.0317090516177	1.6656472832519	1.0442006771573	1.59514097212272	0.110680715040682	0.905056790956463
4951	3.87253561341925	-0.124171995514326	1.06217399743604	-0.116903629550396	0.90693642191248	0.965364304944372
4952	4.33389392726451	0.11930115095666	1.13908537520968	0.104734160891758	0.916586754548704	0.967752125818309
4953	0.958480132052719	0.518387247467546	1.08510059883585	0.477731970679673	0.632840986210438	0.905056790956463
4954	1.7622984583964	0.322061319845836	1.16356632103148	0.276788107411302	0.781942813460784	0.928656958286233
4955	0.720056129366123	0.407069581971236	0.91051416588725	0.447076604870356	0.654819750228268	0.905730264136523
4956	4.22622784653608	1.60953288924097	1.12919578885931	1.42537981908956	0.154047438424904	0.905056790956463
4957	1.28990831817642	0.333416968418204	1.05409768350849	0.316305569810616	0.75177058392804	0.918064821977451
4958	8.34197163455313	0.356024638614524	0.909024292812031	0.391655802193334	0.695312550914966	0.912097229333043
4959	3.24008052840097	1.4824873280626	1.16192828685095	1.27588539227359	0.201996035582427	0.905056790956463
4960	4.68711091377527	0.671683347314799	1.0050491319737	0.668308967140497	0.503936390533526	0.905056790956463
4961	3.29402583284978	0.390420523729433	1.091117778484	0.357817030780932	0.720480244573181	0.915024114914031
4962	4.64170045150524	1.66324235910809	1.11625620180988	1.49001847103858	0.136219379283402	0.905056790956463
4963	6.47642818726955	1.44903623238951	1.11428635950954	1.30041637862937	0.19345829935291	0.905056790956463
4964	2.95152909764425	1.31533085923318	1.15566163072232	1.1381626111538	0.255052587775436	0.905056790956463
4965	4.35485493341495	1.34829929544024	1.07842136683324	1.25025276474212	0.211207227422038	0.905056790956463
4966	3.11136223395893	0.473892686662977	1.16383828461147	0.40718087119911	0.683875149907009	0.912097229333043
4967	6.72481389318987	0.773981315182691	0.890269356413243	0.869378811712605	0.384639968413389	0.905056790956463
4968	5.11970987677368	1.57774050552954	1.10422783085753	1.42881791369475	0.153056575431666	0.905056790956463
4969	4.31755864076477	1.1863169905354	1.02668327366756	1.15548487149069	0.247891924304031	0.905056790956463
4970	1.58264587405301	0.198637415740781	1.15536514001723	0.171926094063923	0.863495631931833	0.950426868789444
4971	2.52301448117691	0.540244873611111	1.16074230860141	0.465430500471769	0.641623196327972	0.905730264136523
4972	57.4425677653419	0.516090446508256	1.13884563086557	0.453169799769973	0.650426477157847	0.905730264136523
4973	3.82767072351795	1.53324102577162	1.12268918696994	1.36568610757686	0.172037506621767	0.905056790956463
4974	2.75233919794896	1.17097979156343	1.15959869024104	1.00981468970099	0.312584080922039	0.905056790956463
4975	5.32176710903065	1.25864927278293	1.13622891341319	1.10774268980887	0.267972957105276	0.905056790956463
4976	1.90887969754114	0.168771428734637	1.16370852395764	0.145028952920843	0.884688012327782	0.960239467370376
4977	0.816774310968573	0.318824155783137	0.912435261769228	0.349421125138162	0.726773176044975	0.915024114914031
4978	2.64792756989044	0.344648607980176	1.15653306436407	0.298001517293139	0.765702005577096	0.923609985217807
4979	0.221508520735579	0.0138005876971983	0.898902599025228	0.0153527064135354	0.987750793789063	1
4980	1.7302668035396	0.569944229503397	1.02284390483743	0.557215257194093	0.577380366677158	0.905056790956463
4981	1.59820584073873	0.908267066813396	1.14373175181716	0.794125952497463	0.427122110465204	0.905056790956463
4982	3.61920421428055	0.204768733042638	1.15107092639828	0.177894105694566	0.858806139988588	0.948902117688739
4983	0.595265790232995	0.247911173957115	0.907439045934768	0.273198706918918	0.784700473915494	0.9286690374246
4984	3.47570435403214	1.22014996046913	1.12797392730704	1.08171823029824	0.279377750070253	0.905056790956463
4985	0.67825476702109	0.228224397057415	0.909378776125165	0.250967367008357	0.801839339245663	0.929529847567444
4986	0.941687399682096	0.201988886880667	1.00084056990857	0.201819243697445	0.84005803680483	0.945478283042784
4987	15.7993434167244	2.16979632218053	0.97204184428484	2.23220464729779	0.025601440415423	0.905056790956463
4988	7.2375135294231	2.13730191150352	0.962014712197608	2.22169358160969	0.0263040206099897	0.905056790956463
4989	0.221508520735579	0.0138005876971983	0.898902599025228	0.0153527064135354	0.987750793789063	1
4990	1.23277463696641	0.536012945494066	1.0526119160038	0.509221810379097	0.610596756948733	0.905056790956463
4991	5.12648003298978	-0.189533338879859	0.943186818243657	-0.200949944606728	0.840737714007736	0.945478283042784
4992	0.58153658541864	0.321852916309572	0.907525538762181	0.354648880458574	0.722852652034297	0.915024114914031
4993	10.2368797477707	1.60224449255318	0.863863205400502	1.85474330025476	0.0636328922631724	0.905056790956463
4994	6.79732074832801	-0.530803039455223	0.944011120466835	-0.562284731553511	0.57392203942328	0.905056790956463
4995	8.96566010749522	-0.322216132666006	0.766488623696539	-0.420379536896525	0.674208214478103	0.91067253647972
4996	1.5642888499634	0.556998796584104	1.00100587302047	0.556439089516423	0.57791072292997	0.905056790956463
4997	4.28167028719763	0.416341643060249	1.01353683122683	0.410780970392848	0.681233148074347	0.912097229333043
4998	3.3221368127121	0.890834158344824	1.15686531564622	0.770041374995506	0.44127534986295	0.905056790956463
4999	1.49555679901834	0.740839058020683	1.07758543678606	0.68749913717307	0.491768244295982	0.905056790956463
5000	0.99709521726109	0.524264293654385	0.914771455080284	0.57310959009797	0.566570494303048	0.905056790956463
5001	1.08645674832251	0.628893871577865	1.11032412025522	0.566405664891175	0.571118044693261	0.905056790956463
5002	0.697914831953387	0.192966812014131	0.97070253953811	0.198790879959942	0.842426330354799	0.945478283042784
5003	0.659385773618311	0.16453039385169	0.908187640030162	0.181163436496697	0.856239293128829	0.947375874173174
5004	4.95527626395187	1.12256135408506	0.97528570392675	1.1510076991443	0.249729068135545	0.905056790956463
5005	9.43675756825227	1.46949358682789	0.864337323500154	1.7001389930463	0.0891047842701927	0.905056790956463
5006	3.54049367939357	2.01260505883749	1.12658117603981	1.78647140715795	0.0740229627974199	0.905056790956463
5007	5.7489094295245	1.48351633153882	0.992339607577222	1.4949683759583	0.134922695642939	0.905056790956463
5008	3.49392287682584	1.42339743186545	1.16258361834522	1.22433983190944	0.22082405672847	0.905056790956463
5009	7.33225927760187	1.67004100219755	1.08618550696227	1.53752834252792	0.124163979938631	0.905056790956463
5010	5.51138349623231	1.36268622542354	1.12065257254059	1.21597563670804	0.223994203044907	0.905056790956463
5011	26.5755102264369	-0.0661056053519616	1.03313760368882	-0.0639852862928725	0.948981942636067	0.981689572697795
5012	0.526006018259253	0.180648618279592	0.906041321623354	0.199382317305267	0.841963691541295	0.945478283042784
5013	6.14993101328058	1.85139793216163	1.11234727828883	1.66440640283646	0.0960312413971906	0.905056790956463
5014	1.98041192554163	0.587812503241171	1.15240648655184	0.510073927993919	0.609999670019711	0.905056790956463
5015	3.80237987167565	0.819438703376352	1.10445987601077	0.741936145599155	0.458126024612217	0.905056790956463
5016	3.71620461775089	0.872372942482531	1.130805441777	0.771461570888485	0.440433392150194	0.905056790956463
5017	6.72081767315664	2.19526127441148	0.990808989996223	2.21562510693393	0.0267171879062297	0.905056790956463
5018	0.872304878127961	0.411991066191707	0.913377911597387	0.451063093337986	0.651944076422152	0.905730264136523
5019	2.52093822014476	0.799713174150456	1.14605170043796	0.697798514538957	0.485303208213057	0.905056790956463
5020	9.29798832589491	1.81388578618892	0.884297028525578	2.05121777827669	0.040245743330212	0.905056790956463
5021	2.47148013405075	1.42498591016506	1.15942920927463	1.22904089250656	0.21905647451443	0.905056790956463
5022	0.817424781577644	0.108357321887803	1.06699881696622	0.101553366475039	0.919111196160574	0.969296911424373
5023	2.47978732840879	0.135892857645895	1.14530604639277	0.118652004041977	0.905551063054916	0.965364304944372
5024	1.43182291571426	0.321973316703873	1.12560102495283	0.28604568543047	0.774843130810817	0.926042177835687
5025	1.41204010120157	0.508302186514315	0.978849111264022	0.519285537132405	0.603561637486078	0.905056790956463
5026	2.02721145552765	0.278979852926434	1.15649691076774	0.241228359824354	0.809378131842433	0.932484122701149
5027	3.06410311989127	1.07858892355741	1.15139919929412	0.936763656096556	0.348880144040194	0.905056790956463
5028	3.75518795170044	0.169199180231044	1.15483433890789	0.146513811141998	0.883515787854104	0.960198504098536
5029	2.10995493315496	0.960936647529961	1.13394344407259	0.847429078189944	0.39675600239249	0.905056790956463
5030	0.373757269497416	0.104810272236251	0.902808757473078	0.116093548460485	0.90757840182444	0.965364304944372
5031	0.877621990343933	0.100663740518907	1.0062523257141	0.10003826867925	0.920313943804649	0.970245224726768
5032	1.05794289663645	0.460248919325903	1.02762550014208	0.447876117576168	0.654242605246327	0.905730264136523
5033	3.66051457830401	1.63423483947743	1.16241476365019	1.40589649287114	0.159754862901469	0.905056790956463
5034	0.443017041471157	0.190837799117265	0.904861489647028	0.210902774955875	0.832963138729094	0.942024069586858
5035	2.41420483189329	0.860372420444208	1.14956367377273	0.748433897202556	0.454198482879459	0.905056790956463
5036	6.3614222277426	0.99351852833093	0.926072134019606	1.07283060555831	0.283347126137171	0.905056790956463
5037	6.6572254108	2.24082958275276	0.994990872736951	2.25211069181855	0.0243152778110311	0.905056790956463
5038	4.16090870052142	2.27035926190563	1.11825654798335	2.03026690610484	0.042329416215072	0.905056790956463
5039	5.83003092173413	1.54781104569803	0.958020644597999	1.61563433358737	0.106173396167127	0.905056790956463
5040	3.26660624555272	0.817201296845475	1.15600924386754	0.706915884263566	0.479618752227375	0.905056790956463
5041	5.19023386725846	1.44063157385132	1.06716156437022	1.34996576146508	0.177026965708931	0.905056790956463
5042	3.3313766995471	0.656958524822483	1.1322021343187	0.580248442313531	0.561747090338567	0.905056790956463
5043	12.8767803347375	0.812389372942994	0.759691774971966	1.06936707715833	0.284904296330254	0.905056790956463
5044	2.67990992058105	1.1535831452629	1.14018337626996	1.01175229289588	0.311656505564415	0.905056790956463
5045	5.0893841345833	2.11999481870777	1.11714472540563	1.89769039811561	0.0577368781769386	0.905056790956463
5046	5.03504751077716	1.07862520328769	0.995278938911083	1.08374161365034	0.27847937922519	0.905056790956463
5047	3.53371615367196	1.40170868125609	1.14854147139057	1.22042496172037	0.222303819480887	0.905056790956463
5048	17.3481959610772	-0.240394948983153	0.906655096402643	-0.265144871447779	0.790897861515731	0.9286690374246
5049	3.25104627886699	0.494004881106197	1.1290695516412	0.437532728066325	0.661725046288216	0.905730264136523
5050	5.9571996947319	1.9294787589826	1.0505367272078	1.83665997485963	0.0662601074861067	0.905056790956463
5051	3.52682114825092	0.718753661392994	1.15298700332764	0.623384009809819	0.533032203232458	0.905056790956463
5052	6.47849186684261	0.711776532970397	1.02442737448721	0.694804288421798	0.487177960319226	0.905056790956463
5053	3.38347549040904	1.48403647973722	1.16240200214665	1.27669814487294	0.201708836660681	0.905056790956463
5054	0.498547608630545	0.343918351660414	0.9064214091196	0.37942434743952	0.704372773230197	0.912280267928552
5055	20.4648187035265	1.28396647118029	1.00246991203496	1.2808030004351	0.200262869900222	0.905056790956463
5056	1.70546695001887	0.698355118743099	1.09675117452926	0.636748913483352	0.524288407160529	0.905056790956463
5057	1.41469865730955	0.520495139017799	1.06786363841061	0.487417232215619	0.625962684157917	0.905056790956463
5058	1.64000720308377	1.08577760008919	1.14516718302911	0.948138940916187	0.343058726339708	0.905056790956463
5059	1.57659226435467	0.752671028353877	1.15001467892765	0.654488192320916	0.512797331928989	0.905056790956463
5060	2.47316927497468	1.33914826266601	1.16204041932343	1.15241108691012	0.249152187233425	0.905056790956463
5061	8.25553620038394	2.76090958855541	1.03183967383134	2.67571567422276	0.00745698769004522	0.905056790956463
5062	1.47394322263428	0.803073783628982	1.14280475952107	0.702721770222181	0.482229157829999	0.905056790956463
5063	3.4119893420951	1.78746276185626	1.14781036885927	1.55728054942795	0.119403891333975	0.905056790956463
5064	2.03581974312062	1.0107897183056	1.13054511206412	0.894072874686196	0.37128290138353	0.905056790956463
5065	6.86097495423731	2.78478498704977	1.00823763933577	2.76203236062917	0.00574427846846682	0.905056790956463
5066	2.76659612379199	1.38891559068894	1.15892131830025	1.19845546781901	0.230739749665789	0.905056790956463
5067	6.41385991414412	1.88069340978891	1.03745532284004	1.81279460270202	0.0698635067353326	0.905056790956463
5068	2.18859621291114	1.14552215313671	1.14259273707994	1.00256383220521	0.316071353719266	0.905056790956463
5069	5.90853477979197	1.22811765226687	1.08155739696661	1.13550853215124	0.256162309047464	0.905056790956463
5070	2.63293414656504	0.330284225706891	1.16255946707689	0.284100929939824	0.776333034328483	0.926123733618584
5071	2.91356448304495	1.00851004635354	1.14441149932113	0.88124773907969	0.378183745558995	0.905056790956463
5072	6.39143112498254	1.30847680518483	1.0768235509396	1.21512647456782	0.224317857556048	0.905056790956463
5073	3.33218664244367	1.79951613732508	1.13784957012459	1.58150618901938	0.113762344965278	0.905056790956463
5074	1.03828283170415	0.371442709921163	0.91567326959224	0.405649834123224	0.684999907095084	0.912097229333043
5075	0.595265790232995	0.247911173957115	0.907439045934768	0.273198706918918	0.784700473915494	0.9286690374246
5076	3.49231766315066	0.598239803218811	1.06679490083878	0.560782398517689	0.574945887207806	0.905056790956463
5077	1.50940875341309	0.38246427973332	1.12465980782558	0.340071083782017	0.733802997203804	0.916019906911484
5078	3.05923190107977	1.17981358667598	1.15716424960583	1.01957313931698	0.307930949431708	0.905056790956463
5079	11.5417626089398	1.22281186711526	0.909800155553317	1.3440444691632	0.178934007357304	0.905056790956463
5080	10.5344392182926	0.820112678122782	0.924894583286521	0.886709353630976	0.375235401160725	0.905056790956463
5081	0.778245252633497	0.400712597283463	0.977149055034715	0.4100833902656	0.681744776549945	0.912097229333043
5082	5.18974286893689	0.887203551566045	1.05270801353528	0.842782177164751	0.399350277616439	0.905056790956463
5083	3.42167092308549	1.07598763440057	1.10132602567982	0.976992833467628	0.328572700315722	0.905056790956463
5084	6.3394918064081	1.65017915663189	1.04163998204556	1.58421257351439	0.11314535294865	0.905056790956463
5085	6.58069921440762	0.732240518380949	1.02429232524132	0.714874553227212	0.474686562238771	0.905056790956463
5086	4.24984950841906	0.573834750876383	0.930008635513723	0.617020884498998	0.537220950590011	0.905056790956463
5087	0.96902305973041	0.338374350916994	0.914696642649453	0.369930679899382	0.711434141235208	0.914210746716922
5088	7.30226823170199	2.21661072440166	0.979982731335286	2.26188753487666	0.0237043527088615	0.905056790956463
5089	1.09319965096157	0.182133060493219	0.925645415278703	0.196763315073926	0.844012760185509	0.945478283042784
5090	1.89624475711579	0.586135229222248	1.04283813402167	0.562057725067874	0.574076690117652	0.905056790956463
5091	2.75809273443935	1.37541496872331	1.151927718066	1.19401152273038	0.23247346072124	0.905056790956463
5092	0.999140025467105	0.0955606004618949	1.01642277063406	0.0940165876078148	0.925095980094728	0.973200362143425
5093	4.65095818968029	2.24830288328554	1.086948103941	2.06845467150985	0.0385972888045183	0.905056790956463
5094	2.74374978172303	1.18597376932323	1.15112164698295	1.03027666314123	0.302880150786712	0.905056790956463
5095	1.6092764894451	0.992902555624126	1.13851259487832	0.872105025531355	0.383151084787057	0.905056790956463
5096	4.90803503981047	-0.147350852614725	0.961227935247074	-0.153294392736151	0.878166122362825	0.957609560408077
5097	0.803045106154219	0.378250198386025	0.912251589066764	0.414633641551643	0.678410116908346	0.912097229333043
5098	0.99709521726109	0.524264293654385	0.914771455080284	0.57310959009797	0.566570494303048	0.905056790956463
5099	0.850163580715225	0.264297593485547	0.996825891235778	0.265139174061674	0.790902250360284	0.9286690374246
5100	10.8077139332241	2.402288343335	0.920676190233543	2.60926519966333	0.00907368918246473	0.905056790956463
5101	2.84164615496322	1.07263594682253	1.15326270057479	0.930088128479252	0.352325456862626	0.905056790956463
5102	5.6350113954432	1.50405392074646	0.984650065324013	1.52750096071088	0.126636488510248	0.905056790956463
5103	6.31903964991929	1.42031900280602	1.10135330096954	1.28961251721468	0.197185227490193	0.905056790956463
5104	1.91058770983211	0.775105773854569	1.04622094235225	0.740862414885214	0.458776866470245	0.905056790956463
5105	6.90138617823449	0.701956319754637	0.994629101680639	0.705746814132556	0.480345602557728	0.905056790956463
5106	4.86678134945872	1.23617928470582	1.03470318322621	1.19471874132194	0.232196937604617	0.905056790956463
5107	9.05720793993281	2.64411178901321	0.936395711104788	2.82371198165101	0.00474710224833009	0.905056790956463
5108	5.74950640568397	1.95114868579447	1.06761454627756	1.82757783939674	0.0676129341790528	0.905056790956463
5109	0.816774310968573	0.318824155783137	0.912435261769228	0.349421125138162	0.726773176044975	0.915024114914031
5110	4.30927139737133	2.01180571227292	1.11204901552607	1.80909805609711	0.0704357710389902	0.905056790956463
5111	0.803572827182896	0.557320775037721	0.99025462893978	0.562805523700928	0.57356731857326	0.905056790956463
5112	11.3652784593587	0.775734813592597	0.812906639401704	0.954272945984959	0.33994549869252	0.905056790956463
5113	3.50171702227316	1.43152379450931	1.1016831715423	1.29939698770678	0.193807724923029	0.905056790956463
5114	14.1945331240376	2.02290145740371	0.927078026097003	2.18201855772607	0.0291081631372739	0.905056790956463
5115	7.73179736827048	1.24349384726144	0.922408251046574	1.34809488732409	0.177627865638758	0.905056790956463
5116	2.25627282179885	0.772497670112969	1.07926678439615	0.715761553381987	0.474138595916441	0.905056790956463
5117	7.47209443488545	0.47873826035724	0.862388090378872	0.555130880978327	0.578805141688296	0.905056790956463
5118	4.18086985868866	1.73457681895866	1.07004591025001	1.62103027761995	0.105011145387857	0.905056790956463
5119	7.64970448902953	0.551219682800655	0.827396672981085	0.666209692159659	0.505277078750511	0.905056790956463
5120	1.01033342375387	-0.156503365806759	1.00664836869012	-0.155469745617734	0.87645100340903	0.956771073628469
5121	1.38458169157286	0.5915054993127	0.976509306075905	0.605734626011563	0.544690986949715	0.905056790956463
5122	19.2744213745024	1.12500619435559	1.05225628426989	1.06913706401495	0.285007912677035	0.905056790956463
5123	0.29076829270932	0.118197902780855	0.900576879735805	0.131246876796937	0.895580014329501	0.960722483193289
5124	4.00116479992266	0.584347999556371	1.15554864519175	0.505688792927799	0.613075136964982	0.905056790956463
5125	2.13741334278366	0.874221200667712	1.13568987268545	0.769771063116495	0.441435707612328	0.905056790956463
5126	6.93500099617733	0.431035521896616	0.875474300451433	0.492345145567786	0.622475370438135	0.905056790956463
5127	3.13200947622426	0.727106469597498	1.15184759944138	0.631252320142118	0.527875557145921	0.905056790956463
5128	12.1271611213105	2.02733471268935	1.08909345121949	1.8614882959945	0.0626752519285032	0.905056790956463
5129	20.4162848697721	0.557934398302658	0.976288223399883	0.571485330796754	0.567670701231674	0.905056790956463
5130	6.77960484321535	1.75913538490101	1.02516840798729	1.71594771278089	0.0861716128451516	0.905056790956463
5131	3.36064490005558	1.30165218538107	1.12026900436788	1.1619103807264	0.245271870041537	0.905056790956463
5132	1.59174725959211	0.47939262226351	1.00424355328849	0.477366890425828	0.63310088677574	0.905056790956463
5133	0.456746246285511	0.0985182230051801	0.904322399126199	0.108941482706138	0.913248903989124	0.967012634892695
5134	1.84124191098508	0.71321908442833	1.10703030263768	0.644263379899332	0.519404657900034	0.905056790956463
5135	5.06111368243347	2.49589563363277	1.07403038313374	2.32385942970291	0.0201330292885384	0.905056790956463
5136	2.13528250770435	1.22964938027	1.15671360781583	1.06305430485243	0.287757325187678	0.905056790956463
5137	3.72306817034579	1.5035144692126	1.09883163012346	1.36828466527094	0.171222988883878	0.905056790956463
5138	1.80230788120172	0.318269928834338	1.14041771371316	0.27908188816014	0.78018198229337	0.927772212202663
5139	2.82714163033486	0.639366195595523	1.12356695333845	0.569050374519984	0.569321954521185	0.905056790956463
5140	3.08399293226885	0.858447299386008	1.11070966151092	0.772881815233556	0.439592327725905	0.905056790956463
5141	5.31842243023836	1.8053304423037	1.0155000248441	1.77777488738206	0.0754408345309535	0.905056790956463
5142	2.02422137338558	1.01450869246985	1.15378994103179	0.879283703550589	0.379247469646516	0.905056790956463
5143	4.84147264627636	2.28672156050056	1.10235540795588	2.07439591986115	0.0380425559470491	0.905056790956463
5144	2.25998681996419	1.19058766244341	1.161142784798	1.0253585330167	0.30519404659021	0.905056790956463
5145	6.00417756837246	1.43979840798555	1.04519591460564	1.37753926117172	0.168345585000951	0.905056790956463
5146	1.85505714267272	0.695056637648968	1.03891343155593	0.669022669779151	0.503481016992991	0.905056790956463
5147	2.18345642432271	1.35825899803673	1.16161318176623	1.16928683261971	0.242288086457656	0.905056790956463
5148	2.7547344035561	1.07205082001133	1.15104328407902	0.931373159323987	0.351660570014403	0.905056790956463
5149	3.23043357049314	0.493197809382739	1.12303977481134	0.439163260682903	0.660543243811244	0.905730264136523
5150	1.16307317083728	0.505658461772778	0.939957950195382	0.53795859875186	0.590605631497005	0.905056790956463
5151	1.76148851549984	-0.529439888942369	1.14815875173591	-0.461120805935507	0.64471193528311	0.905730264136523
5152	5.44764751330368	0.216624907468024	0.930670754337837	0.232762130386434	0.815946120848533	0.935834867345654
5153	1.59187000917251	0.254888920999256	1.07407783157047	0.237309544529533	0.812416658104889	0.934079119655156
5154	1.2179899900947	0.329529685412164	0.946428342372515	0.348182393382362	0.72770320955259	0.915024114914031
5155	1.2179899900947	0.329529685412164	0.946428342372515	0.348182393382362	0.72770320955259	0.915024114914031
5156	2.52656900705476	1.6701109186873	1.16043449739441	1.43921171116276	0.150090548296949	0.905056790956463
5157	2.05454711557596	0.528022178988266	1.15497929042013	0.457170256962957	0.647548674910822	0.905730264136523
5158	1.93347077460817	0.30235871327688	1.16275811131805	0.26003578073013	0.794836173659769	0.9286690374246
5159	2.56404262333248	1.2086253077569	1.14617781332782	1.05448325181567	0.291661724532599	0.905056790956463
5160	2.1595546401964	0.797496803761583	1.0709661100635	0.744651764670964	0.456482265920853	0.905056790956463
5161	1.99422715722928	0.775076631834244	1.14935245072199	0.674359402416	0.500082846583198	0.905056790956463
5162	1.16585447652566	0.171538695860142	1.09806148458716	0.156219572645001	0.87585994940227	0.956771073628469
5163	7.76619380490098	2.35715243344061	1.04331586691638	2.25928935635513	0.0238653915609324	0.905056790956463
5164	671.058113316096	-0.357681897190124	1.08118490260597	-0.330823984249138	0.740777443215479	0.916019906911484
5165	4.9259052648276	0.639749173361506	1.08013134231284	0.592288315596544	0.553657538824266	0.905056790956463
5166	4.26926407419057	0.516784944868066	1.14401355798044	0.451729738046426	0.651463692076526	0.905730264136523
5167	7.3627791151623	1.09537302227089	0.924744944142408	1.18451366423713	0.236209790541224	0.905056790956463
5168	4.42186112072898	1.92620725050937	1.10052016397742	1.75026983926202	0.0800717627041136	0.905056790956463
5169	1.55386867186611	0.450227618419658	1.1563995865303	0.389335679175168	0.697027846133454	0.912097229333043
5170	6.08394354531679	1.96267602155451	1.09787690859818	1.78770134081839	0.0738242053063208	0.905056790956463
5171	12.4466447142933	1.37188136387301	0.943689938367687	1.45374164553028	0.146017947443324	0.905056790956463
5172	19.4125694994523	0.383588054694701	1.03916221741675	0.369132026035607	0.712029318660047	0.914260935636494
5173	3.01364099553065	-0.809123835926061	1.12339024826766	-0.720251788880831	0.47136998256289	0.905056790956463
5174	1.78959739573762	1.2801781773737	1.14739628492256	1.11572452708447	0.264540068431719	0.905056790956463
5175	3.13017871435289	0.14356653719038	1.10608059219651	0.129797537542249	0.896726611190918	0.960722483193289
5176	4.84449735150099	1.93295344033639	1.02085373683801	1.89346756600365	0.0582957175215661	0.905056790956463
5177	29.5215251143415	-0.0446014163918102	1.01778002682464	-0.0438222555132679	0.965046086788987	0.991090704071003
5178	0.595265790232995	0.247911173957115	0.907439045934768	0.273198706918918	0.784700473915494	0.9286690374246
5179	1.74399600835395	0.532332090115299	1.02442741500198	0.519638660894555	0.603315446696215	0.905056790956463
5180	1.55108736617773	0.846432752010191	1.08478262954894	0.780278674228164	0.435226862545569	0.905056790956463
5181	0.664525562206736	0.297517513859367	0.909359755365917	0.32717251022358	0.743537411413714	0.916019906911484
5182	2.70676716376688	0.0142170237971196	1.13447610722329	0.0125317965769387	0.990001334701098	1
5183	5.83374911914857	1.64804446445972	1.10114145561922	1.49666916639057	0.13447936304199	0.905056790956463
5184	3.79894809537819	1.75403258024083	1.15028282646022	1.52487070126792	0.127291350953312	0.905056790956463
5185	7.31868324620137	0.297436054571333	0.924420170854315	0.321754180565373	0.747638928426658	0.917461169800175
5186	0.58153658541864	0.321852916309572	0.907525538762181	0.354648880458574	0.722852652034297	0.915024114914031
5187	0.401215679126124	-0.131371265022361	0.900149035079589	-0.145943904734337	0.88396567166208	0.960198504098536
5188	0.304497497523674	-0.00476257312255688	0.899810281474357	-0.00529286364093696	0.995776925536291	1
5189	5.39984394505105	1.74404329511857	1.14895384972078	1.51794025107484	0.129029461691966	0.905056790956463
5190	4.0072551323281	1.98058867225986	1.13823962013056	1.74004545021256	0.0818510375730368	0.905056790956463
5191	5.47563574358562	1.05088167503923	1.04993417583545	1.00090243676755	0.316873978364986	0.905056790956463
5192	0.942215120710773	0.351237749241184	1.08355524996004	0.324153059342509	0.74582215812663	0.916796708253923
5193	6.57330374153494	1.68141498505223	0.980357606399685	1.71510372753382	0.0863262110417955	0.905056790956463
5194	3.61082884438927	1.67246514249043	1.14477357931526	1.46095714708126	0.144027202008915	0.905056790956463
5195	1.98792594874561	0.911290630397714	1.16075667657927	0.78508325541859	0.432404756570781	0.905056790956463
5196	0.0829889767880956	0	0.8934140914151	0	1	1
5197	1.98855964761218	0.643072483421169	1.15417315969942	0.557171580379363	0.577410205006908	0.905056790956463
5198	8.24276809839356	-1.34841079581974	0.807347697089705	-1.67017358280756	0.094885025061494	0.905056790956463
5199	6.19484729800693	2.88715813385262	1.03716915394847	2.78369070547585	0.00537442572519744	0.905056790956463
5200	2.12155330289	1.27937982755322	1.15656200923749	1.1061921603293	0.268643355383683	0.905056790956463
5201	4.19945663022355	0.818251418131882	1.09365556651051	0.748180179562976	0.454351484563449	0.905056790956463
5202	14.5488951137262	-0.598973733373531	0.782515249723765	-0.7654467227124	0.444005579997456	0.905056790956463
5203	1.82698498514205	0.540394853320423	1.03466887377717	0.522287726069942	0.601470013723368	0.905056790956463
5204	1.80332660055197	1.22267664331037	1.14771356148839	1.06531514860273	0.286733339864456	0.905056790956463
5205	3.85660949761689	1.52384618547656	1.16070718258744	1.31286013245788	0.189230082984352	0.905056790956463
5206	5.91997157761497	1.19625536735987	0.965863399953847	1.23853473215471	0.215517851912771	0.905056790956463
5207	15.3505866674966	-0.322084715318982	0.789638673739584	-0.407888729402839	0.683355367581247	0.912097229333043
5208	7.43610226267552	1.1590372171615	0.902449416290884	1.28432374849906	0.199028700663499	0.905056790956463
5209	4.57404379358213	1.43036223897598	1.12645331434785	1.26979273864011	0.204158467954323	0.905056790956463
5210	5.56950444396645	2.33768815958343	1.0723020249778	2.18006504243226	0.0292526405701212	0.905056790956463
5211	1.71653759872524	0.607277045776183	1.02141835575483	0.594542914129839	0.552149048467127	0.905056790956463
5212	1.47075694549762	0.868964601963184	1.13036791379958	0.768744929287914	0.442044747127852	0.905056790956463
5213	1.23171919490905	0.284718887856032	0.948905699449465	0.300049718345269	0.764139231962756	0.922943908924598
5214	0.304497497523674	-0.00476257312255688	0.899810281474357	-0.00529286364093696	0.995776925536291	1
5215	4.56628217159282	0.908611321810659	1.07850114838779	0.84247598917155	0.399521574126266	0.905056790956463
5216	5.46528164139701	1.15437251245078	0.980264725029907	1.17761302939424	0.238950913101118	0.905056790956463
5217	5.1813968522472	1.21253539150708	0.982038404613758	1.23471280329814	0.216937409165963	0.905056790956463
5218	3.02357017530637	0.960961680974321	1.1627535141398	0.826453473834679	0.40854690031728	0.905056790956463
5219	7.61035380755419	1.86569516719789	1.05246066116581	1.77269824520686	0.076278722042823	0.905056790956463
5220	8.21477555737344	1.50060648214598	1.15287522282769	1.30162089741629	0.193046012496625	0.905056790956463
5221	3.40913776124893	1.69539922070491	1.12324711385319	1.50937331580494	0.131203408288724	0.905056790956463
5222	11.4369082071283	0.606547572454383	0.981866729107921	0.617749389477189	0.536740549725832	0.905056790956463
5223	3.8494070494824	1.0561917573161	1.15812330046415	0.911985586416231	0.361776305151926	0.905056790956463
5224	0.922081908796952	0.10102398383867	1.0156503338585	0.0994672875800433	0.920767259795307	0.970563081924385
5225	2.49695040914515	0.417138824238073	1.16249085176941	0.358831919927072	0.719720832105843	0.915024114914031
5226	1.84451421499503	1.05793653841679	1.14854331017662	0.921111575891819	0.356992177158346	0.905056790956463
5227	14.8194909069896	1.31178160651111	0.812962185326862	1.61358256286384	0.106618001579735	0.905056790956463
5228	0.628655059979646	0.110452022942114	0.961524347875674	0.114871789971974	0.908546745389124	0.96571508973761
5229	4.98622312354973	1.60801439443144	1.03261463446838	1.55722603646741	0.119416828810024	0.905056790956463
5230	1.62958702498647	0.62374970198893	1.16190839566762	0.536832081009735	0.591383609495036	0.905056790956463
5231	0.817424781577644	0.108357321887803	1.06699881696622	0.101553366475039	0.919111196160574	0.969296911424373
5232	1.90613511455986	-0.0139628828258199	1.16275989461214	-0.0120083973402587	0.99041891543074	1
5233	1.34269430235453	0.335782804902693	1.05631420244184	0.317881558466674	0.750574781816165	0.917773862197943
5234	1.50120543726839	0.0139209245705829	1.13363037121188	0.0122799502590082	0.990202263526698	1
5235	2.70523749513045	1.22498892047344	1.14696853491651	1.06802312633852	0.285510080020651	0.905056790956463
5236	6.52540994715993	1.35780304784227	0.913683271063885	1.48607629234719	0.137258942318602	0.905056790956463
5237	1.15624424132493	0.78617829076556	1.11660705813416	0.704077844608341	0.481384296685216	0.905056790956463
5238	2.37330153894267	0.742789001800688	1.16051674380936	0.64005022397394	0.52213994807314	0.905056790956463
5239	6.39164097206809	0.570133684602187	0.932088377848287	0.611673418692691	0.540753851997642	0.905056790956463
5240	10.131343422524	0.759673935555595	0.823457448841234	0.92254182243977	0.356246025762989	0.905056790956463
5241	4.12505916928593	0.546412412068003	0.929622262794807	0.587778965647051	0.556680664397726	0.905056790956463
5242	3.85472416169837	0.952184801020117	1.12799127598956	0.844141990535158	0.39859006570645	0.905056790956463
5243	3.88246479319497	1.87216705455122	1.1404346032728	1.64162596362694	0.100667543527879	0.905056790956463
5244	3.57502651769542	0.890753295947804	1.14401809669496	0.778618186653835	0.436204662625713	0.905056790956463
5245	0.515463090581562	0.138973644280715	1.02440799877033	0.135662396669623	0.892088175935423	0.960722483193289
5246	4.76717588432999	2.02371904234145	1.02916576751648	1.96636839877114	0.0492560710506416	0.905056790956463
5247	2.28373123142756	0.704078705436256	1.08142824042879	0.651063731382754	0.515005347560253	0.905056790956463
5248	17.547343967751	1.48318100655849	1.00774542038736	1.47178144058286	0.141079906963328	0.905056790956463
5249	6.23796545144238	-0.120232147872407	0.902999082017691	-0.133147585935255	0.894076662012175	0.960722483193289
5250	8.29135422818843	1.52240870836999	0.870466459022411	1.74895734647806	0.0802983926356539	0.905056790956463
5251	0.913492492571023	0.247119793063274	0.913536626401713	0.270508905632654	0.78676876652747	0.9286690374246
5252	1.12405311418063	-0.0941829947991707	1.09561843881603	-0.0859633166642837	0.931495578303341	0.977176512131033
5253	1.02520409749887	0.338729598497769	1.09190966168418	0.31021760351063	0.756395484759191	0.920438818401618
5254	1.89534668772138	0.947906155647707	1.16068088244488	0.816681113633078	0.414110687132238	0.905056790956463
5255	2.88610607341624	1.11265117445334	1.14440132970122	0.972256100701865	0.330923157328347	0.905056790956463
5256	2.37403803642503	0.667191872991194	1.15895133459389	0.575685840359281	0.564827547842763	0.905056790956463
5257	4.84817882620832	0.402979614172995	1.11483107876764	0.361471456840313	0.71774703872447	0.915024114914031
5258	3.3142524411424	0.976905157216148	1.1452878079919	0.852977871936847	0.393671575466937	0.905056790956463
5259	2.26276812565257	0.555984724011486	1.15932001170227	0.479578303142644	0.63152727727291	0.905056790956463
5260	4.72155772520382	2.09728894286285	1.10925891458352	1.8907118214599	0.0586628235440932	0.905056790956463
5261	5.84430359929267	0.956004531524383	1.0234687376367	0.934082787650068	0.35026118992153	0.905056790956463
5262	1.42601480517671	-0.0480332370968915	1.06367628466286	-0.0451577587932368	0.963981563479356	0.990156512744782
5263	3.28941586491458	1.44411365049047	1.16249997419585	1.24224832907152	0.214144953261519	0.905056790956463
5264	3.92067490695505	1.30326231373203	1.15998144657559	1.12351996454721	0.261216726360449	0.905056790956463
5265	1.95455662996356	0.386684460624244	1.14654859541475	0.337259547628999	0.735921251417613	0.916019906911484
5266	6.84421894457378	1.56628863092878	0.928691774493595	1.68655378883145	0.0916891840376899	0.905056790956463
5267	4.08616186220967	0.733321780791095	1.15706875272851	0.633775459808963	0.526227370628238	0.905056790956463
5268	9.71754635699269	0.984743049026851	0.824686075201741	1.19408230433133	0.232445774531463	0.905056790956463
5269	9.09853513526933	0.675533896408513	0.927163907921554	0.72860245166669	0.466244878388209	0.905056790956463
5270	0.429287836656803	0.28209519273214	0.905022615408083	0.311699606097623	0.755268827343101	0.919701640610371
5271	5.17576816496174	1.72629425223987	1.08583945910965	1.5898245709871	0.111874353729599	0.905056790956463
5272	2.88108903440821	0.576863485461975	1.12747701923476	0.511641014070073	0.608902275462097	0.905056790956463
5273	5.5002939761589	0.655678191184036	1.01766467401397	0.644296896538473	0.51938292771726	0.905056790956463
5274	3.10180648361427	0.688390298710263	1.16180586273423	0.592517494351582	0.553504109453818	0.905056790956463
5275	1.4734155016056	0.702362976833092	1.13698859397367	0.617739685829563	0.536746947219819	0.905056790956463
5276	0.831031236811604	0.404770076960889	0.988095197217505	0.409646841823267	0.682065030182054	0.912097229333043
5277	21.8786747769835	-0.0654926248909301	1.00213580612069	-0.0653530434607009	0.947892909998372	0.9811980851068
5278	2.07922421951629	0.874020050747611	1.12405330500854	0.777561034564075	0.436827839740367	0.905056790956463
5279	1.24630764678616	0.0106844457899157	1.04660597465524	0.010208661185443	0.991854808331499	1
5280	1.71653759872524	0.607277045776183	1.02141835575483	0.594542914129839	0.552149048467127	0.905056790956463
5281	2.54735487839327	0.473194911890477	1.16052405001128	0.407742443498589	0.683462773450108	0.912097229333043
5282	0	NA	NA	NA	NA	NA
5283	0.222036241764256	0.126083467125199	0.898678474462234	0.140298750563317	0.888423951467679	0.960722483193289
5284	0.816774310968573	0.318824155783137	0.912435261769228	0.349421125138162	0.726773176044975	0.915024114914031
5285	2.03333851064019	1.02675391684952	1.16188929668288	0.883693411911815	0.376861737673887	0.905056790956463
5286	8.75864760140073	1.75732850858795	1.01463407323113	1.73198254912895	0.083276669576002	0.905056790956463
5287	2.41244434517971	1.03644756323282	1.16205525221292	0.89190902176045	0.37244169860093	0.905056790956463
5288	7.6323157323197	0.619688292503999	0.994653089621431	0.623019522052512	0.533271693166446	0.905056790956463
5289	4.16738405341054	0.00243279846584921	1.09301475965956	0.00222576908898005	0.998224094674311	1
5290	3.21286761793305	0.855908311891736	1.1601502405101	0.737756440506711	0.460662467701876	0.905056790956463
5291	1.71931890441362	0.316655438502666	1.13644686449117	0.278636378344398	0.780523892008509	0.927827068380908
5292	3.54290463671622	1.28125108557084	1.10172074472392	1.16295448888176	0.244847967980371	0.905056790956463
5293	7.65627413951285	0.802156646468977	0.955459319758749	0.839550810673467	0.401160288928405	0.905056790956463
5294	1.05201203651851	0.32560702668295	0.917512617553745	0.35488016235796	0.722679370606551	0.915024114914031
5295	4.75211111521494	2.1693363522789	1.13885975858102	1.90483186005433	0.0568019309826163	0.905056790956463
5296	1.84398649396636	0.805590465361878	1.10805030073438	0.727034201270427	0.467205004575238	0.905056790956463
5297	9.16746333060412	1.99658334752324	0.9780996766359	2.04128821961207	0.0412221873137764	0.905056790956463
5298	1.59526506276286	0.149950325601994	1.1342078953118	0.132207090271376	0.894820493125922	0.960722483193289
5299	2.50638122109378	1.2943887254985	1.14539609826838	1.13007956588587	0.258442699222084	0.905056790956463
5300	2.47103843989537	1.57207646273137	1.1610364985907	1.3540284604658	0.175727297960148	0.905056790956463
5301	2.33202789762631	0.631334805406376	1.15789680958388	0.545242719541876	0.585586593944403	0.905056790956463
5302	5.16763092472574	0.127692462051928	0.950992237917853	0.134272875172466	0.893186801463118	0.960722483193289
5303	4.08955481617547	1.74067070032893	1.07154632900588	1.62444744871071	0.104280347412301	0.905056790956463
5304	3.06355964714709	1.70451201259479	1.15601030968307	1.47447821037348	0.140352880249255	0.905056790956463
5305	4.2479327196744	1.33900827133971	1.09985533941227	1.21744035179685	0.223436718075332	0.905056790956463
5306	4.30840688042761	0.715995789879653	1.15218575726855	0.621423920025743	0.534320737675554	0.905056790956463
5307	0.235237725549933	-0.130673756193927	0.898365488631798	-0.145457230768005	0.884349881453493	0.960198504098536
5308	0.803572827182896	0.557320775037721	0.99025462893978	0.562805523700928	0.57356731857326	0.905056790956463
5309	0.570465936712272	0.200587285296414	0.948124218499758	0.211562241932611	0.83244856906819	0.942024069586858
5310	2.49849684952408	1.47610773140297	1.16101033748926	1.27139930088402	0.203586631224329	0.905056790956463
5311	5.99229277752043	0.494331256829812	0.921992257782457	0.536155539981171	0.591851057874082	0.905056790956463
5312	10.1531333025086	0.470968374551736	0.819634695192905	0.574607660356413	0.565556670111258	0.905056790956463
5313	3.90976373053618	0.41600606701911	1.11969695180912	0.371534517752289	0.710239451351558	0.914210746716922
5314	0.830503515782927	0.260333272383785	0.912411251424876	0.285324487151198	0.775395554192778	0.926042177835687
5315	5.61408711199986	1.76127131861909	1.03449927385844	1.70253509415232	0.0886551055427414	0.905056790956463
5316	3.17912795078527	0.605932672780821	1.13629052728437	0.533255059539169	0.593857032240844	0.905056790956463
5317	3.43351689160587	1.42151042319193	1.16248862163056	1.22281663385062	0.221398961400372	0.905056790956463
5318	1.90229836681412	0.463014853025828	1.15035646985175	0.402496847855777	0.687318407717898	0.912097229333043
5319	0.986024568554721	0.57050773669138	1.00932643732365	0.565236097653552	0.571913186960193	0.905056790956463
5320	0.944223206209688	0.39005868650268	1.00443034778774	0.388338213159115	0.697765761844851	0.912097229333043
5321	6.3326440055287	0.870318478804505	0.940658018490009	0.925223047799649	0.354849897135135	0.905056790956463
5322	2.81857216507353	0.282212465458534	1.162505794099	0.242762201178759	0.808189618807606	0.931954587488641
5323	0.456746246285511	0.0985182230051801	0.904322399126199	0.108941482706138	0.913248903989124	0.967012634892695
5324	2.34783126384827	1.65415536856553	1.15933194820601	1.4268177212965	0.153632441788598	0.905056790956463
5325	1.97187708336286	0.84385615522884	1.15948763650731	0.727783659488398	0.466746028846641	0.905056790956463
5326	3.72009066966282	1.2394777627789	1.1228300112366	1.10388727623502	0.269642038948461	0.905056790956463
5327	1.2328606638397	0.813890146239485	1.05286417674146	0.773024825251839	0.439507688746065	0.905056790956463
5328	1.73398080170494	0.919003443326892	1.14916882422609	0.799711429646378	0.423878009252354	0.905056790956463
5329	4.41548865564673	0.483211224090257	0.992060828881389	0.487078221438405	0.626202899401127	0.905056790956463
5330	5.50363762595851	0.556951558407244	0.939184877873035	0.593015892322041	0.553170516563044	0.905056790956463
5331	5.72873641383825	0.291171507529459	1.00424372025805	0.289941078700137	0.771861314498776	0.926042177835687
5332	2.52276898201612	1.3452014923868	1.16154112444864	1.15811783506619	0.246815952662274	0.905056790956463
5333	2.32394733106201	-0.290139544217389	1.15452130346394	-0.251307224342137	0.801576590142829	0.929529847567444
5334	3.05907032916773	1.29207494064825	1.11582124520126	1.15795871982631	0.246880882744995	0.905056790956463
5335	1.45322771564463	0.386203604227424	0.984255816440968	0.392381327878682	0.694776480337663	0.912097229333043
5336	2.52869984213407	1.43790830419797	1.16181629699302	1.23763826339803	0.21585021998939	0.905056790956463
5337	1.84741827026381	-0.00094736530998017	1.16385862178331	-0.000813986589306334	0.999350532739412	1
5338	0.667306867895116	-0.511409015393731	1.04114399022906	-0.491199123457666	0.623285618848499	0.905056790956463
5339	29.2246098661599	0.0248604124904785	1.08579753984176	0.0228959926489624	0.981733236961892	1
5340	2.72528366014398	0.554066738335719	1.15486652414373	0.479766905311009	0.631393147791861	0.905056790956463
5341	3.27637385341639	0.618540130337642	1.12022354950442	0.552157764056364	0.580840268729783	0.905056790956463
5342	2.3346497310272	1.22570185762209	1.16215045304313	1.05468431769101	0.291569726447711	0.905056790956463
5343	4.78137931572342	0.637273004513903	1.01139289859049	0.630094402879462	0.528632821478103	0.905056790956463
5344	11.7534888496937	1.13096337393857	0.806813291612904	1.40176591746233	0.160985159198896	0.905056790956463
5345	4.65086689292604	0.43713083032292	1.04279102392417	0.419193127188547	0.675074994559791	0.910870588440445
5346	3.70198441461496	0.259054206552743	1.12423224250871	0.230427661436453	0.817759468683506	0.936235007753161
5347	2.87302733921096	0.794902844991946	1.13219956335616	0.702087220945071	0.482624771260229	0.905056790956463
5348	1.87410345970305	0.585907691260291	1.12060502890877	0.522849421647552	0.601079044162743	0.905056790956463
5349	2.8363836167944	1.56515434987093	1.15199661382975	1.35864492228641	0.174259132911605	0.905056790956463
5350	1.5517378367868	0.655124629867266	1.13864556405184	0.575354307389583	0.565051699805599	0.905056790956463
5351	10.6371060607481	0.696336592884472	0.809035285661536	0.860699904226165	0.389403345873576	0.905056790956463
5352	9.40303155319545	1.61564337490823	0.923746412457596	1.74901179925545	0.0802889798495801	0.905056790956463
5353	4.75175861818926	0.667105690641173	0.98878319831964	0.674673368009153	0.499883308348195	0.905056790956463
5354	3.82620821038776	-0.0724338095189713	1.04374071195309	-0.0693982793709656	0.944672598482283	0.979798405231884
5355	0.531936878377196	0.180932966423427	0.906004652580394	0.199704235412159	0.841711901122404	0.945478283042784
5356	8.01615531336751	-0.694894402786128	0.976808493471763	-0.711392670549312	0.476840939637691	0.905056790956463
5357	2.11905421906951	0.34420194784682	1.15869056964212	0.297061145455885	0.766419827511301	0.924267011390402
5358	1.56719290523218	-0.147469928260092	1.13326103823301	-0.13012882582642	0.896464504307109	0.960722483193289
5359	6.70374061929358	0.265553723558203	0.890952281119087	0.298056056632631	0.765660379770111	0.923609985217807
5360	6.17238813561676	1.03204901335076	0.938551015407523	1.09961951605011	0.271497935099059	0.905056790956463
5361	2.4507646270611	1.04975991665399	1.14804805032543	0.914386742224266	0.36051366570357	0.905056790956463
5362	1.61920566922082	0.398671867604657	1.0081965847074	0.395430686486959	0.692525065973728	0.912097229333043
5363	4.47123527957424	0.156881354041056	0.975552121082452	0.160812888056646	0.872240774153919	0.955980673609807
5364	3.00735973801158	0.819866572390355	1.15937490173937	0.707162602157714	0.479465436104053	0.905056790956463
5365	5.378230368667	1.91925788924872	1.10179477775686	1.74193772560453	0.0815193417375474	0.905056790956463
5366	4.65212062960254	0.868745577880336	1.046240206289	0.830350021589942	0.406340914059748	0.905056790956463
5367	7.27715597174629	-1.17157641849676	0.81209908659585	-1.44265205790067	0.149118510809155	0.905056790956463
5368	2.11775327785137	0.684991537985882	1.06637273178395	0.642356577179116	0.520641686935035	0.905056790956463
5369	8.87416970423606	0.692543780150641	0.996910434391487	0.694690070701656	0.487249551957132	0.905056790956463
5370	1.6393934551818	0.714519887764761	1.14563556976412	0.623688637663266	0.532832086521634	0.905056790956463
5371	4.88213253969075	2.11205383102928	1.11041236926519	1.90204458225454	0.0571653264434629	0.905056790956463
5372	16.4060270322036	1.45542511466087	0.879666991367943	1.65451827673741	0.0980222529290457	0.905056790956463
5373	4.74345142383122	1.77209798621282	1.03319504854785	1.71516306500258	0.0863153345002143	0.905056790956463
5374	2.8443907379445	1.16451608349217	1.1529886929614	1.00999783484534	0.312496327373993	0.905056790956463
5375	4.39041386057256	0.649106384176407	1.01753212076371	0.637922254178295	0.523524290446856	0.905056790956463
5376	2.74982016316386	0.807698362865938	1.13281415614482	0.713001650345443	0.475844735905904	0.905056790956463
5377	4.07586233406822	1.09850691652669	1.04367121649449	1.05254116350586	0.292551335098213	0.905056790956463
5378	4.5169961392454	1.69582714732677	1.12523361024346	1.50708895636334	0.131787857144763	0.905056790956463
5379	1.44055395288763	0.71709066439317	1.08064426743184	0.663576984586555	0.506961091897218	0.905056790956463
5380	2.78717102986119	1.10722842271518	1.14831772238739	0.964217830247554	0.33493672689182	0.905056790956463
5381	2.62078810483672	0.619708828255018	1.15117738281324	0.538326097704056	0.590351937065467	0.905056790956463
5382	1.7843715802759	0.988644307348116	1.15777922910171	0.85391435819347	0.393152443382733	0.905056790956463
5383	7.11708658843252	0.529717998590839	1.00691858024261	0.526078283770675	0.598833816427024	0.905056790956463
5384	6.29853402860139	0.236918842881832	1.04229530479992	0.227304912332221	0.820186653589005	0.938005952843383
5385	2.16379635939042	1.32349928802692	1.16128733497271	1.13968287448689	0.254418444437977	0.905056790956463
5386	3.95548786750024	0.440056488679743	1.07823175235636	0.408127925854574	0.683179758844132	0.912097229333043
5387	5.70647017802949	0.934581266716409	0.984526970906585	0.949269338813354	0.342483643648849	0.905056790956463
5388	2.8443907379445	1.16451608349217	1.1529886929614	1.00999783484534	0.312496327373993	0.905056790956463
5389	3.50675401224579	1.74462912074202	1.12142787006949	1.55572120802912	0.119774401220856	0.905056790956463
5390	0.471003172128543	0.110621186174745	0.9310710027802	0.118810687739633	0.905425341072784	0.965364304944372
5391	4.77867145544924	2.39870417384214	1.08042556654371	2.22014754937317	0.0264087533781031	0.905056790956463
5392	6.95343356530569	1.6763029215303	0.946904592238868	1.77029759415026	0.0766775786509715	0.905056790956463
5393	2.80586167960943	1.18429539701246	1.15052412661507	1.02935294412012	0.30331385263838	0.905056790956463
5394	2.49163329692918	0.622291610049992	1.13478155032094	0.548380091193761	0.583430943735338	0.905056790956463
5395	5.78062213980632	0.727341578978318	0.915110244484833	0.794813065815671	0.426722249474017	0.905056790956463
5396	2.19028535383506	1.05642932783199	1.13059285844655	0.934402972687749	0.350096064909009	0.905056790956463
5397	1.50993647444177	0.463984219509127	1.13245122428189	0.409716736191748	0.682013751549618	0.912097229333043
5398	2.57266876226551	0.638231685415108	1.15286064886184	0.553606965460399	0.579847858003862	0.905056790956463
5399	0.498547608630545	0.343918351660414	0.9064214091196	0.37942434743952	0.704372773230197	0.912280267928552
5400	7.13279972853209	0.725498526748057	0.889940128490175	0.8152217250602	0.414945404428035	0.905056790956463
5401	4.37171482129182	-0.79789907010171	1.02547940846583	-0.778074199749569	0.436525271659581	0.905056790956463
5402	3.24570921568642	1.21010478480027	1.11413195569691	1.08614134852934	0.277416461236766	0.905056790956463
5403	1.74665456446194	0.547034169759552	1.10081245763761	0.49693675427103	0.619233651933541	0.905056790956463
5404	4.29438077266173	2.20239687032122	1.08769858307475	2.02482278141376	0.0428855649182518	0.905056790956463
5405	12.1239150418849	0.983933326607334	0.828006508724111	1.18831593259272	0.234708962954806	0.905056790956463
5406	0.996481469359119	0.236177151245812	0.914491982769384	0.258260494018318	0.796205873449122	0.9286690374246
5407	1.66524875075987	0.928610210124199	1.14792365853766	0.808947705901587	0.418545226643734	0.905056790956463
5408	2.28700353543751	1.02345157065275	1.13515831549567	0.901593686697221	0.367272745947184	0.905056790956463
5409	1.46757066836096	0.592669247113144	0.988238238339833	0.599723046649951	0.548690826174444	0.905056790956463
5410	1.12127180849225	0.37138731539525	0.93021093944607	0.399250642672947	0.689708531310729	0.912097229333043
5411	3.08616258967981	0.869348535836522	1.13049883399642	0.768995517459573	0.441895971580385	0.905056790956463
5412	0.667184118314722	0.105692613639777	0.96404093801564	0.109634984855864	0.912698863986236	0.967012634892695
5413	2.81786502079276	1.91708255587802	1.15279573101191	1.6629854746211	0.0963153431099732	0.905056790956463
5414	0.650796357392382	0.368957803165529	0.90898313414344	0.405901704120405	0.684814825880233	0.912097229333043
5415	3.49436457098123	1.53383129885705	1.14744157625339	1.33674021457833	0.1813074502574	0.905056790956463
5416	10.6813614526014	1.51335957661422	0.863840564694997	1.75189686438094	0.0797915438362829	0.905056790956463
5417	5.75616328144974	1.62819902025236	1.09857465997592	1.48210138060898	0.138313321505583	0.905056790956463
5418	4.41952258879354	0.955988996827586	1.12889324626466	0.846837378105336	0.397085770988011	0.905056790956463
5419	4.25857844596788	1.26034508817111	1.07066883023631	1.17715679449913	0.239132929872452	0.905056790956463
5420	11.0018710928008	0.524943191066265	0.845000821319319	0.621233941816363	0.534445710111973	0.905056790956463
5421	4.44606717731234	1.24064334619128	1.15689969727433	1.07238626573614	0.283546574197944	0.905056790956463
5422	4.22288209711193	0.256193334447481	0.98099569742363	0.26115643026806	0.793971876042218	0.9286690374246
5423	5.30594379184409	1.03154228609658	1.09695059528778	0.940372602492609	0.347026470460778	0.905056790956463
5424	0.886034082942315	0.356115473631872	0.913601194189703	0.389793135009768	0.696689520525138	0.912097229333043
5425	3.40618123155755	1.13819894419857	1.16030243523766	0.980950233001484	0.326617284009859	0.905056790956463
5426	3.75408320547689	1.09801955936448	1.16114476750085	0.945635367868704	0.344334598394402	0.905056790956463
5427	4.90219547644678	1.12008023643811	1.00280301110375	1.11694941482603	0.264015954532499	0.905056790956463
5428	2.20074225463946	0.694446845372499	1.07414367648721	0.646512064050463	0.517947786744433	0.905056790956463
5429	2.12752088571504	0.642060619883127	1.15900466978177	0.553975869660663	0.579595360044539	0.905056790956463
5430	5.4532479269851	1.51506092481122	1.07054744044302	1.41522072500053	0.157003789799043	0.905056790956463
5431	3.75735550948685	1.24775495379808	1.15712292375656	1.07832532584117	0.280888598751059	0.905056790956463
5432	6.0377388918657	1.64703588496396	1.05080653753766	1.56740163496073	0.117020842054774	0.905056790956463
5433	1.04146910884082	0.515505345139312	1.09379415579675	0.471300145833932	0.637426411539894	0.905730264136523
5434	3.89620974972483	1.26330961663356	1.07500048470309	1.17517120653437	0.239926227274508	0.905056790956463
5435	4.52834900981966	0.555515706140499	1.12960523066246	0.491778624125806	0.622875849352815	0.905056790956463
5436	8.34213422649217	2.49575106722055	0.962162285803349	2.59389824777505	0.00948945666588552	0.905056790956463
5437	5.75705715159505	1.53844826370337	0.976020360677088	1.57624607609222	0.114969103590475	0.905056790956463
5438	4.54441782616701	2.14794326883471	1.14871012861089	1.86987405728909	0.061501309157485	0.905056790956463
5439	22.1947401535157	-0.635097464701472	1.10884585491923	-0.572755412200856	0.566810312743643	0.905056790956463
5440	0.691983971835444	0.157898621573121	0.909079525920826	0.173690658595773	0.8621085792963	0.949596855175955
5441	4.4135917286756	0.939127714012296	1.13559111896807	0.826994591914121	0.408240126769292	0.905056790956463
5442	2.22064781873255	0.151763334840867	1.1608224494099	0.130737766932415	0.895982755049282	0.960722483193289
5443	2.52660572976186	0.968637521838953	1.14928699971269	0.84281604340874	0.399331333900895	0.905056790956463
5444	3.4719704049022	1.67916528774604	1.10321223641239	1.52206912897071	0.127991760241435	0.905056790956463
5445	1.30808801863848	0.308380560250827	1.15439901544851	0.267135155283387	0.789365100797937	0.9286690374246
5446	3.26195745528587	1.51146118783738	1.16243076320073	1.30025910848712	0.193512178014054	0.905056790956463
5447	2.06945451202806	0.242889716012691	1.16058687890944	0.209281804254867	0.834228255371774	0.942211213469374
5448	2.02474909441426	1.1189060235185	1.15790679586381	0.966317865578967	0.333885148995272	0.905056790956463
5449	3.64416354008877	1.32481737949494	1.14769223583288	1.1543315691541	0.248364258543954	0.905056790956463
5450	1.47288778057693	0.487401448736355	1.08459902411075	0.449384000816312	0.653154670744271	0.905730264136523
5451	33.4375103001078	0.120734818175665	1.09330023611123	0.110431530322456	0.912067148461926	0.967012634892695
5452	3.95050755119931	1.60369598269002	1.08473549899814	1.4784212226586	0.139295068380753	0.905056790956463
5453	2.07774385504605	0.860350647661991	1.1569563830563	0.743632742134348	0.457098689238063	0.905056790956463
5454	1.2179899900947	0.329529685412164	0.946428342372515	0.348182393382362	0.72770320955259	0.915024114914031
5455	2.11852649804083	0.274799180935514	1.15434057290599	0.238057283426955	0.811836665257049	0.934079119655156
5456	0.152248748761837	-0.124943057915868	0.897093032401155	-0.139275474675627	0.889232469353242	0.960722483193289
5457	1.30715532616152	-0.350928907595036	1.12371193341163	-0.312294367587255	0.754816820173538	0.919701640610371
5458	2.94441794626401	0.627239113156639	1.13106001984223	0.55455864600725	0.579196581582908	0.905056790956463
5459	3.24585191623142	0.43360473452959	1.13457209612143	0.382174685955947	0.702331796989183	0.912280267928552
5460	1.84132793785837	0.731873729334246	1.03791438368034	0.705138825361579	0.480723846851488	0.905056790956463
5461	4.93799463288422	1.33721288279907	1.08078116347916	1.23726516336982	0.215988656502965	0.905056790956463
5462	1.49927079718368	0.922335736416147	1.14048257554061	0.808724092938417	0.418673866617945	0.905056790956463
5463	2.22555785987569	0.474021763900589	1.16027187910023	0.408543697765201	0.682874556069096	0.912097229333043
5464	7.14857374155246	2.35171082201755	0.962229835221543	2.44402193315497	0.0145245435004167	0.905056790956463
5465	2.58055313383522	0.76140674589355	1.1626688767782	0.654878410440847	0.512546041490449	0.905056790956463
5466	7.61398177884624	1.82320863785285	1.01040061143306	1.80444134457418	0.071162146550472	0.905056790956463
5467	12.8731176511718	1.42403562370502	0.911041060463508	1.56308610610867	0.118032343153386	0.905056790956463
5468	1.14093187342454	0.464025413737772	1.04116657037783	0.445678364000278	0.655829595454729	0.905730264136523
5469	8.37533047150064	2.23291420811767	0.956463497060115	2.33455245807184	0.0195668126158123	0.905056790956463
5470	12.8890857595622	2.24340546399616	0.879328988969761	2.5512697660799	0.0107331212543925	0.905056790956463
5471	17.3584892482724	2.83268091046769	0.891862745654901	3.17613996578323	0.00149248922389817	0.905056790956463
5472	8.50689726572351	1.24415521523958	0.896527088141879	1.38774971966345	0.165213270302402	0.905056790956463
5473	4.10527425514869	1.129787193869	1.087657353384	1.03873447860572	0.298928241248657	0.905056790956463
5474	2.32565534335298	0.613997244993485	1.12737362913133	0.544626226060109	0.586010613508533	0.905056790956463
5475	9.7975788040894	0.908754164255311	0.867887342126765	1.04708770383539	0.295059129921456	0.905056790956463
5476	6.13586608318305	2.85118282375984	1.01844605098956	2.79954232331652	0.00511751074033741	0.905056790956463
5477	1.43500919285092	0.210804713262833	1.15718892384131	0.182169660389647	0.855449582075994	0.947000187545867
5478	0	NA	NA	NA	NA	NA
5479	2.49203826837746	1.08835986924439	1.14349960455765	0.95177983875684	0.341208648926775	0.905056790956463
5480	3.07885314368042	0.755739409081843	1.10722427608773	0.682553142487245	0.494889251572995	0.905056790956463
5481	2.00996444754255	0.821930826277364	1.1197437216401	0.734034770986231	0.46292754656147	0.905056790956463
5482	3.17921397765856	0.77973307733701	1.1590429053065	0.672738751746911	0.501113509417937	0.905056790956463
5483	2.77398949704011	0.666982523908607	1.16331975501758	0.573344105119686	0.566411727928258	0.905056790956463
5484	2.25590247343312	1.33371556112196	1.1603393669728	1.14941852279087	0.250383445847077	0.905056790956463
5485	0.867079062666242	0.000642638127805025	0.996280534136883	0.000645037322105031	0.99948533471524	1
5486	2.78004310673845	0.285663478810945	1.16197551560304	0.245842941589602	0.805803814356488	0.930690217093721
5487	0.886034082942315	0.356115473631872	0.913601194189703	0.389793135009768	0.696689520525138	0.912097229333043
5488	2.39896063952615	0.359223740513964	1.16003394289578	0.309666577184147	0.756814521739158	0.920706990956887
5489	2.24678533617851	1.32766873280015	1.16179546931552	1.14277320566791	0.253132766301968	0.905056790956463
5490	29.8620881030257	0.116426765413883	1.08773707210025	0.107035761122936	0.914760609434101	0.96744209105867
5491	5.79986157076591	1.23572157700433	0.979679869634825	1.2613524226694	0.20718190173827	0.905056790956463
5492	3.67035773120643	1.22870193865824	1.16236815016878	1.05706779601611	0.29048064737389	0.905056790956463
5493	2.32039280518417	1.00951494813273	1.14714398294117	0.880024620400687	0.378845972138875	0.905056790956463
5494	5.26324645972919	2.01712584528488	1.14435574182088	1.76267376617979	0.0779555277869043	0.905056790956463
5495	0.456746246285511	0.0985182230051801	0.904322399126199	0.108941482706138	0.913248903989124	0.967012634892695
5496	2.04970632059793	1.21293656807158	1.15904578196918	1.04649582177059	0.29533217299235	0.905056790956463
5497	5.64498987938511	0.206520830208587	0.98596943309722	0.209459668095231	0.834089417215791	0.942211213469374
5498	7.05816934989278	-0.91168744149131	0.907082025275057	-1.00507717724299	0.31485968877985	0.905056790956463
5499	3.44349327592323	0.986553540032871	1.10206106793705	0.895189539613806	0.370685775520293	0.905056790956463
5500	2.73002057690867	1.222568255176	1.15083397519728	1.06233243154506	0.288084796253223	0.905056790956463
5501	4.02598250478343	1.2614969640669	1.14746368733049	1.09937854940029	0.271602983176714	0.905056790956463
5502	2.87924252082134	0.424342771771573	1.15106935463049	0.368650915832776	0.712387939091853	0.914326114441684
5503	2.81848613820023	-0.155950051059934	1.14794279571693	-0.135851761639863	0.891938470460102	0.960722483193289
5504	5.38488304518366	1.55422259634065	0.970801578171851	1.60096834542384	0.109383930396875	0.905056790956463
5505	19.3405913943355	2.0034238476013	0.862169892238163	2.32369961609362	0.0201415990612487	0.905056790956463
5506	4.22747636393649	0.855831343134621	1.09527756941033	0.781383064016711	0.434577228993223	0.905056790956463
5507	17.3158380411016	1.37830730369851	0.889141266413637	1.55015558917643	0.121104176303766	0.905056790956463
5508	4.8384091187201	1.74353504357268	1.09770618399652	1.58834401134995	0.112208570492412	0.905056790956463
5509	3.08457522734468	0.944810299429458	1.1185252423885	0.844692872028451	0.398282340267039	0.905056790956463
5510	6.10254816819174	1.76423971769664	1.12576289843339	1.56715034769023	0.117079553132306	0.905056790956463
5511	3.33096962847427	1.39467313377163	1.10445586228608	1.26276946086812	0.206672042857341	0.905056790956463
5512	2.21851698365324	0.429682280749549	1.16317973019168	0.369403170977491	0.71182723477497	0.914260935636494
5513	0.823232892115193	0.471540651887254	0.983283402199885	0.479557217006087	0.631542273997526	0.905056790956463
5514	3.8886579242162	0.723461410260395	1.06202537552134	0.681209156518746	0.495739155007857	0.905056790956463
5515	3.23166843580259	1.56774554903803	1.15145819542566	1.36153058379899	0.173346075244631	0.905056790956463
5516	0.570993657740949	0.372379341314865	1.0344350592043	0.359983295231026	0.718859625782139	0.915024114914031
5517	12.6473328297988	0.898387828928479	0.941792432862886	0.953912770564035	0.340127798613619	0.905056790956463
5518	0.958602881633114	0.0109185796849335	1.1272908813702	0.00968568083480119	0.992272065630599	1
5519	2.70497312460261	1.06213439448125	1.13469072627734	0.936056292595134	0.34924420506524	0.905056790956463
5520	1.50095993810761	0.705708192568376	1.08557956189429	0.650075054229046	0.515643741911416	0.905056790956463
5521	1.7175930407826	0.942199255586729	1.10938564985306	0.849298218082707	0.395715372140139	0.905056790956463
5522	2.67514048035836	0.985117134129731	1.16027414448196	0.849038254290815	0.39586000632032	0.905056790956463
5523	4.16515251933999	1.05472802250984	1.10649660601235	0.953213969910787	0.340481669673109	0.905056790956463
5524	3.35985382852607	1.3702827783845	1.12525737136817	1.21775054600923	0.223318782570765	0.905056790956463
5525	3.85859553252666	0.992241768496463	1.06427573364648	0.932316445003204	0.351173011428818	0.905056790956463
5526	2.70006308345947	0.582063066609515	1.16302925727253	0.500471559911174	0.616743076816932	0.905056790956463
5527	1.35675503320297	-0.113655196531704	1.0562596160536	-0.107601573329428	0.914311748902925	0.96744209105867
5528	2.41603559376466	1.56346635918828	1.16018083774758	1.34760574241483	0.177785222653557	0.905056790956463
5529	0.595265790232995	0.247911173957115	0.907439045934768	0.273198706918918	0.784700473915494	0.9286690374246
5530	13.1797554529048	1.15766046253567	1.03035143762865	1.12355883658494	0.26120022713524	0.905056790956463
5531	1.96942730370856	0.832127304094157	1.16264330439453	0.715720204940676	0.474164132213905	0.905056790956463
5532	3.32863211656582	0.548660319590869	1.12863631086107	0.486126765824397	0.626877290806413	0.905056790956463
5533	6.45541367770382	1.53467001366259	0.945664015379274	1.62284911840183	0.104621662736214	0.905056790956463
5534	0.539735223073607	0.0956846938731382	0.905450201396456	0.105676373726093	0.915839126401857	0.96744209105867
5535	5.74295969803951	0.608949967858057	0.935821417015297	0.650711724252089	0.51523259345324	0.905056790956463
5536	4.72637856921726	1.50057631946483	1.14807553437731	1.30703623109494	0.191200406822635	0.905056790956463
5537	7.37185952970981	1.49609990176412	0.926021473620951	1.61562117551555	0.106176242744992	0.905056790956463
5538	5.72743328380448	1.23726642818126	1.05737053161867	1.17013515242117	0.241946584147251	0.905056790956463
5539	2.26285415252586	0.858510608789575	1.16149751916774	0.7391411472017	0.459821293374697	0.905056790956463
5540	4.82460963874795	1.08225256042905	1.00415431482844	1.07777514317005	0.281134114930165	0.905056790956463
5541	2.70284438914785	0.107342487967052	1.1566097478859	0.092807870730173	0.926056198062994	0.973889994113624
5542	7.97779626708185	0.806306046960057	0.872019896397947	0.924641800365641	0.355152262224689	0.905056790956463
5543	6.17411291965023	1.66409638978649	0.950156322284815	1.75139221910862	0.079878372354656	0.905056790956463
5544	0.819960588105236	0.348617201590857	1.06725949770977	0.326647082868743	0.743934828200285	0.916019906911484
5545	2.15812884977331	1.22462305313552	1.16202617230287	1.05386873576918	0.291943018474143	0.905056790956463
5546	2.51009521925912	1.59819834307634	1.16142636486117	1.37606514836382	0.168801464343376	0.905056790956463
5547	10.1816965861382	-0.195384298500683	0.749802827251573	-0.260580903938267	0.794415717482439	0.9286690374246
5548	2.64481473816797	1.24049377167352	1.15411677779846	1.07484250773984	0.2824452455627	0.905056790956463
5549	13.1915449484337	-0.164668465043138	0.854242896664695	-0.192765389897966	0.847142709937288	0.945478283042784
5550	5.37099646770636	1.51448232389606	1.03511850931986	1.46310041822282	0.143439903457394	0.905056790956463
5551	0.304497497523674	-0.00476257312255688	0.899810281474357	-0.00529286364093696	0.995776925536291	1
5552	0.761771464837863	0.341588785984684	0.976363772740728	0.349858111824262	0.726445184629075	0.915024114914031
5553	0.595265790232995	0.247911173957115	0.907439045934768	0.273198706918918	0.784700473915494	0.9286690374246
5554	1.135123762887	0.0710238471691223	1.02197607959857	0.0694965846921	0.944594351103466	0.979798405231884
5555	2.20188372357011	1.19827907815159	1.13322363908463	1.05740741440896	0.29032568914582	0.905056790956463
5556	4.8475262559747	1.78720362729934	1.05753625144955	1.68996913803158	0.0910338591111218	0.905056790956463
5557	1.09486884092089	0.814807835334988	1.04739652619642	0.77793635452843	0.436606534919848	0.905056790956463
5558	8.72306872327852	0.417872215557455	0.838819941227672	0.498166763829994	0.618366506294331	0.905056790956463
5559	1.29096376023378	0.613194602453446	1.12161566048941	0.546706527069964	0.584580369274112	0.905056790956463
5560	3.44259520652883	0.907522854919169	1.08533260129593	0.836170270602351	0.403059120707125	0.905056790956463
5561	3.72334829258913	1.03804738409231	1.08021622506891	0.960962592490308	0.336570976876475	0.905056790956463
5562	4.41031732504109	-0.254651636331881	1.00389419014891	-0.253663821178314	0.79975528652018	0.929529847567444
5563	1.23923321811303	0.792718221853982	1.12587059394547	0.704093548687513	0.481374517454601	0.905056790956463
5564	1.05519831365517	0.431579696357739	1.09428474605215	0.394394327358349	0.693289931226014	0.912097229333043
5565	2.05572530721371	0.318822190118865	1.1605300219673	0.274721191252256	0.78353044909623	0.9286690374246
5566	1.52387445570981	0.349981524807131	1.13790200254349	0.307567368740751	0.758411553257789	0.921693462027093
5567	1.9477770046174	1.35617543262299	1.15448951629223	1.17469705309971	0.240115938778341	0.905056790956463
5568	1.85505714267272	0.695056637648968	1.03891343155593	0.669022669779151	0.503481016992991	0.905056790956463
5569	3.54915127115274	1.16546640369196	1.11585086011775	1.04446431449538	0.296270621205018	0.905056790956463
5570	1.73991166182288	0.979427200293015	1.15630214062877	0.847033976569852	0.396976183629741	0.905056790956463
5571	7.29372811964225	0.938953222677138	0.925155909945507	1.01491350007421	0.310147062347829	0.905056790956463
5572	10.4258246933717	1.95046365329756	0.859908100707107	2.2682233737462	0.0233155955211091	0.905056790956463
5573	2.84745426550077	1.63379772377706	1.15393778814543	1.41584558592439	0.156820719411599	0.905056790956463
5574	15.8861334385781	2.36598142685585	0.951668654702475	2.48613991347181	0.0129137183396234	0.905056790956463
5575	0.761771464837863	0.341588785984684	0.976363772740728	0.349858111824262	0.726445184629075	0.915024114914031
5576	5.04831926972063	1.70390683305572	1.09585963602144	1.55485864890673	0.119979737496623	0.905056790956463
5577	1.34596660636449	0.668195050723229	1.12109913024131	0.596017812072874	0.551163327510888	0.905056790956463
5578	7.02323681002361	1.204771579588	0.926267585544249	1.30067336738347	0.193370282131648	0.905056790956463
5579	3.20000502968696	0.754151319814701	1.1632908702003	0.648291273604555	0.516796577041287	0.905056790956463
5580	5.81311753940766	0.720508266810413	1.01570711498789	0.709366170797185	0.478097275133286	0.905056790956463
5581	3.57534546227041	1.18759763053626	1.1355156349123	1.04586638353772	0.295622726841686	0.905056790956463
5582	1.70877597673593	0.298817423281845	1.16189791053331	0.257180446382494	0.797039477981409	0.928813959667362
5583	2.72727599392739	1.14943633695546	1.15056890901577	0.999015641695658	0.317787114107313	0.905056790956463
5584	2.66128852596361	1.44007394851351	1.16212134733711	1.23917691712084	0.215279986944882	0.905056790956463
5585	1.76177073736773	0.242711674028577	1.1623492906127	0.208811306539911	0.834595544557494	0.942211213469374
5586	2.97972400475532	1.1597828671282	1.16308178165416	0.997163643539094	0.318685084950613	0.905056790956463
5587	2.65940319004509	0.791749154994161	1.1634266641454	0.680532069097578	0.496167623256407	0.905056790956463
5588	3.48986998312091	1.48825497746724	1.16113275624253	1.28172680467934	0.199938498554838	0.905056790956463
5589	3.39188758300742	0.613633765743988	0.926666731338774	0.662194665019925	0.507846472849422	0.905056790956463
5590	7.14702413091712	1.24252474964525	0.955286843882863	1.30068236321028	0.193367201643807	0.905056790956463
5591	4.96960873483365	1.14616319765313	1.03344283394451	1.10907266469533	0.267398836083526	0.905056790956463
5592	3.45704734592566	0.427909447855776	1.16372245218652	0.367707477888542	0.71309136408095	0.914502124487365
5593	2.60866201407299	0.37052661820625	1.15530094870783	0.320718699851042	0.74842357487982	0.917461169800175
5594	3.04676691477646	1.21581484824611	1.16213580404149	1.04618999261355	0.295473322341514	0.905056790956463
5595	5.99674957204178	0.76581430351361	1.12893799885242	0.678349301991844	0.497550245820379	0.905056790956463
5596	12.2869689981934	0.541033191169356	0.848478242623373	0.637651225441631	0.523700742209121	0.905056790956463
5597	4.75768839870965	2.05677396580573	1.03003442503268	1.99680119015485	0.0458467842476141	0.905056790956463
5598	8.73431459598788	0.751342459829745	0.842963038425163	0.891311274137731	0.372762202020446	0.905056790956463
5599	7.39679788452643	0.823116464107678	0.906038306658694	0.908478657092528	0.363625384970125	0.905056790956463
5600	3.78027002708905	0.733039345820408	1.15673588193207	0.633713674201954	0.526267699313151	0.905056790956463
5601	4.961566990601	0.914841654171228	1.09587035640373	0.834808286240559	0.403825659618237	0.905056790956463
5602	4.08492489727567	0.948744583737585	1.02856275898156	0.922398342204214	0.356320834180726	0.905056790956463
5603	16.3210551401573	2.15976537348518	1.07121431584318	2.01618419539621	0.0437807184536214	0.905056790956463
5604	3.24233411306067	1.03602957773601	1.15376127894078	0.897958352950744	0.369207753096219	0.905056790956463
5605	0.996481469359119	0.236177151245812	0.914491982769384	0.258260494018318	0.796205873449122	0.9286690374246
5606	2.39862911349207	0.860461253745524	1.16016020549603	0.741674511562505	0.458284566335009	0.905056790956463
5607	1.2179899900947	0.329529685412164	0.946428342372515	0.348182393382362	0.72770320955259	0.915024114914031
5608	1.19053158046599	0.416223054912767	0.942392261189075	0.441666461042022	0.658730582924486	0.905730264136523
5609	0.664525562206736	0.297517513859367	0.909359755365917	0.32717251022358	0.743537411413714	0.916019906911484
5610	5.47593371716901	1.41140600456611	0.969287653107257	1.45612708471169	0.145357491487758	0.905056790956463
5611	1.96407873866644	0.949990785294126	1.16133667600871	0.818014969232745	0.413348639786843	0.905056790956463
5612	13.9451800429873	1.60579274453392	0.838577665923115	1.91490044367715	0.0555052012362144	0.905056790956463
5613	2.89930755720192	0.972619733136157	1.15252132955461	0.84390605899851	0.39872190214251	0.905056790956463
5614	0.761243743809186	0.213059072088144	0.910922230100683	0.233893811181438	0.815067417931941	0.935162599217318
5615	1.52248748761837	0.433200166671332	0.994419257477605	0.435631312863114	0.663104248256216	0.905730264136523
5616	9.19131054068328	1.81456950293808	0.935772974702434	1.93911296007998	0.0524875849373605	0.905056790956463
5617	8.4239418413861	1.92670681272006	1.07991487904744	1.78412840687922	0.0744028023092181	0.905056790956463
5618	2.62446538029496	1.31087991183561	1.14058268001901	1.14930722235214	0.250429321032178	0.905056790956463
5619	7.75221910092583	1.20700175005379	0.988698621802833	1.22079845509737	0.222162338902705	0.905056790956463
5620	6.52387817889895	1.32308534013206	0.96045151899651	1.37756598221057	0.168337329875604	0.905056790956463
5621	3.7976083318284	2.03209333202834	1.12427496936595	1.80747004727354	0.0706890208150008	0.905056790956463
5622	2.27711107836889	0.892255713688682	1.15771381010842	0.770704906426849	0.440881863080882	0.905056790956463
5623	2.65364965355469	0.448589603969431	1.1417776188674	0.392887018064354	0.694402930271353	0.912097229333043
5624	2.28291918890644	1.39890600613437	1.16146497714569	1.20443236228457	0.228422509995864	0.905056790956463
5625	1.49502907798966	0.512606635157781	0.990850362873387	0.517340109430109	0.604918759500834	0.905056790956463
5626	5.50224748761066	0.752262731162126	1.0885502037054	0.69106847676978	0.489522509261423	0.905056790956463
5627	2.90706917919123	1.07796204267899	1.12280727427865	0.960059724739074	0.337025157010175	0.905056790956463
5628	5.34304496013153	2.12752385870889	1.00525034425157	2.11641196730241	0.0343097851394511	0.905056790956463
5629	5.84851069540413	0.634032732093934	0.96187035522172	0.65916651724627	0.509788845316496	0.905056790956463
5630	23.9989219267018	1.16007689716638	0.889382486680745	1.30436220022264	0.192110116888156	0.905056790956463
5631	1.24924842476204	0.735917880435262	1.11415784952464	0.660514917836145	0.508923448508647	0.905056790956463
5632	0.443017041471157	0.190837799117265	0.904861489647028	0.210902774955875	0.832963138729094	0.942024069586858
5633	0.559923009034581	0.137506875271179	1.02500224808788	0.134152754813657	0.89328178431199	0.960722483193289
5634	1.11020115978588	0.390268491695659	1.0293123229043	0.379154589925126	0.70457307034834	0.912280267928552
5635	3.59116877945697	1.63569280560842	1.15292169382515	1.4187371218435	0.155975670332285	0.905056790956463
5636	1.24618489720577	0.304851467989825	1.03856383798353	0.293531756874689	0.769115729467618	0.926042177835687
5637	28.2572821270859	1.3657455923222	0.928032738514411	1.47165669447015	0.141113607397301	0.905056790956463
5638	5.82578920254011	1.52704592609983	0.985296299641666	1.54983422413662	0.121181310307748	0.905056790956463
5639	5.02759956348188	1.48961147602447	0.98958409464017	1.5052904387738	0.132249422269345	0.905056790956463
5640	18.659690593095	0.751339517490757	0.856513016654475	0.877207354565931	0.380374022115905	0.905056790956463
5641	15.6749149262491	0.857210390387785	0.821701408768764	1.04321397193687	0.296849203859865	0.905056790956463
5642	27.0468954079298	1.12069611562228	1.06433962978154	1.05294972043117	0.292364036631724	0.905056790956463
5643	10.7063658327219	0.716526991616195	0.810133276319884	0.884455697056532	0.376450267957378	0.905056790956463
5644	13.7633955945719	1.83019567983915	0.945898241031061	1.93487586766646	0.0530055302111862	0.905056790956463
5645	7.71018799113552	1.39721609041816	0.893486700913412	1.56377939256375	0.117869385403459	0.905056790956463
5646	2.70615131624036	0.685174119347619	1.1453835554311	0.598204955971916	0.549703184981787	0.905056790956463
5647	5.73556632479138	1.03416360166436	0.936706301534447	1.10404253710076	0.269574686039269	0.905056790956463
5648	2.81182926243447	0.51544261027203	1.13043439361126	0.455968619837734	0.64841254374995	0.905730264136523
5649	13.5111164672341	0.933053656966164	0.865000919723235	1.07867360102311	0.280733258011813	0.905056790956463
5650	2.41763870781529	1.23430050713876	1.16218559883908	1.06205111160533	0.288212482437103	0.905056790956463
5651	3.80154997781448	0.396715603781218	1.06778042935263	0.371532941488483	0.710240625152742	0.914210746716922
5652	2.4427700873701	0.596209368987416	1.16273276062512	0.51276560631772	0.608115291164965	0.905056790956463
5653	1.63236833067485	-0.0931518232776049	1.16233287600777	-0.0801421221066642	0.936124221870874	0.977627519002861
5654	4.57425257003582	1.10073094564677	1.14437768106146	0.961859850871784	0.336120008712341	0.905056790956463
5655	6.22650651383915	0.665957236889818	0.898115482034478	0.741505129586723	0.458387222714758	0.905056790956463
5656	5.01751511066776	0.660522834184314	1.13080369832116	0.584118034955984	0.559140901824937	0.905056790956463
5657	5.41987542898095	1.29826587841418	0.972476304947221	1.33501029465663	0.181872977119326	0.905056790956463
5658	3.22124825770529	1.04981471350153	1.12331207008039	0.934570847642015	0.350009508603147	0.905056790956463
5659	2.53825867354406	1.25185744816843	1.15484592050683	1.0840038709398	0.278363082531515	0.905056790956463
5660	1.77909119076703	0.557950781560046	1.16315928389268	0.479685619404407	0.631450954952514	0.905056790956463
5661	3.34718006576907	1.55645364799801	1.1080600491586	1.40466543232914	0.16012078948547	0.905056790956463
5662	3.39405514079383	0.936278360391993	1.16280672888233	0.805188288935971	0.420711033445759	0.905056790956463
5663	3.26239914944125	1.6601262024144	1.14573537294316	1.44896128863497	0.147348393634884	0.905056790956463
5664	4.03156398752724	1.24705222531224	1.13433172459991	1.09937172545544	0.271605958442963	0.905056790956463
5665	1.53695318991509	0.456023963830036	1.07123807698218	0.425698053148665	0.670327880863416	0.908502468170408
5666	6.70512130479957	0.785218660074013	1.14166838064105	0.687781735387213	0.491590239567997	0.905056790956463
5667	4.05238337273024	-0.069857598868171	1.04378276306541	-0.0669273352081532	0.946639551472201	0.980694644719135
5668	2.15228401652867	1.38176001248016	1.15996622300994	1.19120711023351	0.233572288947723	0.905056790956463
5669	2.49898784784566	-0.181133974352076	1.14360795748379	-0.158388172421093	0.874150933179051	0.956771073628469
5670	2.69071619875958	1.05419603115643	1.13784419039025	0.926485401129367	0.354193780483786	0.905056790956463
5671	8.70573046914403	1.6463190363992	0.964403680431177	1.70708497883702	0.0878062586522459	0.905056790956463
5672	5.82485651006315	1.05254999080751	0.99201185776888	1.06102561432561	0.288678260718436	0.905056790956463
5673	3.3753067973469	1.9604519315546	1.12616322020062	1.74082397328281	0.0817144384085354	0.905056790956463
5674	0.665053283235413	0.440684912223396	0.967405431081417	0.455532807719278	0.648725970447788	0.905730264136523
5675	0.650796357392382	0.368957803165529	0.90898313414344	0.405901704120405	0.684814825880233	0.912097229333043
5676	0.404487983136081	0.198997309129007	0.904046935687716	0.22011833818963	0.825778993231764	0.941874237953732
5677	5.76722973090701	1.54884200458604	0.957192110444439	1.61810987333242	0.105638921095813	0.905056790956463
5678	2.14443636766606	0.390724881285385	1.15959486920106	0.336949474047422	0.736154988884102	0.916019906911484
5679	2.48072002088575	0.788945096715105	1.14861615969629	0.686865747147169	0.492167333583935	0.905056790956463
5680	7.00033799353204	0.561605834112064	0.907827816528463	0.618625937525958	0.536162810756979	0.905056790956463
5681	4.9615260686448	1.37215544943029	0.997313324204938	1.37585191747456	0.16886748404934	0.905056790956463
5682	0.788702153437894	0.0773088875427861	0.909884493124542	0.0849656062137157	0.932288734065412	0.977176512131033
5683	2.84601062373764	0.688540456281511	1.13177378624814	0.608372860944271	0.542940206870894	0.905056790956463
5684	19.0037894223241	0.355441003352703	0.902947840749473	0.39364511139168	0.693843070676137	0.912097229333043
5685	3.1552408387769	1.58584453355766	1.10858868796952	1.43050759110872	0.152571388671595	0.905056790956463
5686	1.19118205107506	0.3227569112648	1.10289690193493	0.292644680294734	0.769793758142203	0.926042177835687
5687	5.65522015239577	1.36379389422666	1.06414671321124	1.2815844632092	0.199988453272884	0.905056790956463
5688	3.82122789408683	0.953777308911656	1.06860612381123	0.892543368093351	0.372101758331451	0.905056790956463
5689	2.6787317289433	1.52778561559062	1.15708940526532	1.32036954848817	0.186711665415347	0.905056790956463
5690	2.74714483531338	1.03500704632749	1.16312246201143	0.889852169596664	0.373545269541334	0.905056790956463
5691	2.46417488730047	0.701476199255662	1.13395348515922	0.618611088052844	0.536172595541695	0.905056790956463
5692	7.00210057987017	1.26519712920428	0.955264889512657	1.32444638455176	0.18535483830913	0.905056790956463
5693	3.96573287219941	1.09990129684733	1.10660804392355	0.993939365330799	0.320252388029824	0.905056790956463
5694	4.09633444152163	0.883624155191625	1.07547070425272	0.82161620181519	0.41129536527034	0.905056790956463
5695	1.16307317083728	0.505658461772778	0.939957950195382	0.53795859875186	0.590605631497005	0.905056790956463
5696	2.72674827289871	0.895482170032727	1.11271360151543	0.804773275722656	0.420950525915292	0.905056790956463
5697	3.14283462576984	1.40654322303738	1.15868366628064	1.21391477585281	0.224780269918606	0.905056790956463
5698	2.94281483221338	0.904539286343147	1.12368297654188	0.804977298069297	0.420832780350812	0.905056790956463
5699	2.74263766599397	0.192149773758103	1.16226753414877	0.165323187745093	0.868689608755502	0.954543256922297
5700	5.90610177188017	0.975949705604202	1.01291787652559	0.963503289083818	0.335295014365854	0.905056790956463
5701	3.63979697168981	0.59051896200376	1.08884319669324	0.542336090079026	0.587586997805514	0.905056790956463
5702	6.49884750730108	0.589202875561639	0.874930893725312	0.673427901320194	0.500675102993744	0.905056790956463
5703	16.5941295530892	1.33269378943555	0.938901313119409	1.41941838914657	0.155777074339607	0.905056790956463
5704	5.69427693175952	1.36879186527628	1.07853549782849	1.26912082915415	0.204397972413102	0.905056790956463
5705	13.6369486469385	1.20653357549267	0.925070362261373	1.30426141049773	0.192144467863752	0.905056790956463
5706	8.68992812294907	1.35701061426193	0.869830070738982	1.56008703298686	0.118739315421149	0.905056790956463
5707	10.3743396504117	0.373091634769621	0.84885307951208	0.439524393295568	0.66028161090952	0.905730264136523
5708	4.98523585702562	0.899544860434743	1.04606196088291	0.859934587120917	0.38982510148398	0.905056790956463
5709	12.4400455322262	1.23992382182285	0.885155751814311	1.40079733909131	0.161274684585312	0.905056790956463
5710	1.72831329208783	0.74557458167858	1.15297830798697	0.646651005065576	0.51785783941254	0.905056790956463
5711	9.49022972571956	0.685643822351792	0.819027784698069	0.837143544042955	0.402511886807037	0.905056790956463
5712	13.1120504945543	0.459802696517971	0.891948088146298	0.515503875874169	0.606200961870009	0.905056790956463
5713	5.1664034289218	1.38418286665511	1.01790961394828	1.3598288567942	0.173884088392906	0.905056790956463
5714	2.69266971021134	1.21238672421607	1.1481350199736	1.05596180163893	0.290985666848113	0.905056790956463
5715	2.20232541772549	1.09817089879198	1.14247272898142	0.961222855420854	0.336440126902972	0.905056790956463
5716	7.52894589422758	1.16892386924351	0.873996750896831	1.33744646996004	0.181076944402425	0.905056790956463
5717	1.35969581117884	0.596715979974826	1.12164713719788	0.531999735197962	0.594726178905858	0.905056790956463
5718	4.05162384321794	0.694424421354472	1.06269619818428	0.653455260817684	0.513462823033202	0.905056790956463
5719	7.68557906272843	0.753492184444723	0.866790395278693	0.869289955851966	0.384688555268596	0.905056790956463
5720	2.33137742701724	1.03288398709711	1.1617864603453	0.889048050009224	0.373977256712544	0.905056790956463
5721	1.32905112441347	0.505162470236629	0.966199111023963	0.522834749559297	0.601089255245292	0.905056790956463
5722	2.21626339899353	0.959747805668996	1.1598246709564	0.827493870153305	0.407957195028738	0.905056790956463
5723	1.64740057633189	0.359672528324587	1.07967105215012	0.333131584484286	0.739034958746442	0.916019906911484
5724	2.50075043418378	0.760056950439941	1.15639057916006	0.65726663995482	0.511009482898686	0.905056790956463
5725	6.71689069928852	2.1800538944887	0.996389935287055	2.18795254476415	0.0286730592292345	0.905056790956463
5726	12.8949117214398	0.589827805414952	0.802828400038627	0.734687269890518	0.462529974960955	0.905056790956463
5727	6.71255978296479	0.105238434401725	0.895820366033112	0.117477162154443	0.90648194067761	0.965364304944372
5728	6.25518193743726	0.777480328671073	0.977823503462254	0.795113152750153	0.426547684382793	0.905056790956463
5729	4.01195112713659	0.937122873886025	1.05628266492208	0.887189485359164	0.37497689241941	0.905056790956463
5730	2.41256709476011	0.649786809448495	1.16141097450965	0.559480514400027	0.575833825979757	0.905056790956463
5731	2.67725136447306	1.27752582891363	1.14638953397886	1.11439069447853	0.265111613685038	0.905056790956463
5732	2.00206012500824	1.38512827231031	1.16128221732493	1.19275767048342	0.232964292356014	0.905056790956463
5733	2.46222137584871	0.767788180607266	1.15556308345822	0.664427750936393	0.506416576298558	0.905056790956463
5734	3.17659214425767	0.384192118159238	1.13649268082499	0.338050675240908	0.735324999998828	0.916019906911484
5735	7.56802052493139	1.70771879984194	0.891345570262876	1.91588858105651	0.0553792792670275	0.905056790956463
5736	2.8469265444721	1.51028200552685	1.15922944658603	1.30283267904787	0.192631891429245	0.905056790956463
5737	12.0786483091526	1.90829498211865	1.08926205561789	1.75191541124248	0.0797883541528474	0.905056790956463
5738	3.05220677657283	0.670018566600727	1.13491687234938	0.590367966962838	0.5549439815235	0.905056790956463
5739	1.65058685346856	0.371893220470081	1.15830053293728	0.3210679870163	0.748158869672698	0.917461169800175
5740	2.5774014797811	1.60335821623592	1.15258258154982	1.39110050932746	0.164194950469049	0.905056790956463
5741	1.19371785760265	0.592658364738536	1.10863985502829	0.534581507286163	0.592939273992942	0.905056790956463
5742	4.2328458999702	0.761325407551605	1.05492981972743	0.721683464923114	0.470489110373188	0.905056790956463
5743	2.17319781813746	0.745445797308433	1.12842355747969	0.660608148746351	0.508863641838313	0.905056790956463
5744	4.332959135163	0.520661551123637	1.0256395853675	0.507645725215527	0.611701817521294	0.905056790956463
5745	4.97152552357831	1.68039864520649	1.1349520867987	1.48058994274049	0.138715877008933	0.905056790956463
5746	10.2051407966163	0.265708245863446	0.815655097440319	0.325760541063605	0.744605535238268	0.916512794795554
5747	2.22316367429554	0.975915453960876	1.15543270909918	0.844632012124475	0.398316329911157	0.905056790956463
5748	5.65617279583733	1.54422238604438	1.10693041051211	1.39504920217159	0.163001002925986	0.905056790956463
5749	3.35107138756195	1.1275545792974	1.10705410465835	1.01851804221022	0.308431831047385	0.905056790956463
5750	2.41297206620839	1.13049961545265	1.15871526559165	0.97564919443381	0.329238337125864	0.905056790956463
5751	0.861234229421593	0.393647797849419	0.991183175766121	0.39714939425314	0.691257297363543	0.912097229333043
5752	0.930494001395334	0.452998821903361	1.00181621804285	0.452177568844255	0.651141066299678	0.905730264136523
5753	1.30715532616152	-0.350928907595036	1.12371193341163	-0.312294367587255	0.754816820173538	0.919701640610371
5754	3.9138459774427	1.51908888671297	1.10194414161684	1.37855343963631	0.168032480506411	0.905056790956463
5755	6.01997781494288	0.793120241662594	0.974285227801171	0.814053440441213	0.415614336987421	0.905056790956463
5756	4.19333484499197	1.96745427067292	1.10738097329586	1.77667335643058	0.0756219984464605	0.905056790956463
5757	2.57511327203885	1.04604937950672	1.10477784256366	0.946841382226981	0.343719611232443	0.905056790956463
5758	3.25921287230459	1.62236107785572	1.15678923382304	1.40246903275026	0.160775231572978	0.905056790956463
5759	3.63096205630309	1.45102300928705	1.13800873903006	1.27505436427824	0.202290000503233	0.905056790956463
5760	2.28543714409398	0.772990228539514	1.16088104226427	0.665865149310922	0.505497298120071	0.905056790956463
5761	2.84806801340274	-0.401270086947505	1.12045579589161	-0.358131118085023	0.720245192539263	0.915024114914031
5762	3.66095627245939	1.79329456425369	1.14393347614966	1.56765633810253	0.116961356482123	0.905056790956463
5763	4.4964380049187	1.84445754570095	1.07203706761988	1.72051657672247	0.0853385830947312	0.905056790956463
5764	10.1283344690149	1.93971174111087	0.854707627445922	2.26944475376592	0.0232412932466656	0.905056790956463
5765	1.43949851083028	0.427636855793043	0.982349685152496	0.435320397875078	0.663329880979299	0.905730264136523
5766	1.59239773020118	0.382508134168647	1.12925887249772	0.338724931443405	0.734816957227816	0.916019906911484
5767	5.87033724749097	0.731957689782478	1.09876713667879	0.666162706681369	0.505307107198617	0.905056790956463
5768	3.66426529917645	1.25842152436437	1.10977620000862	1.13394171217097	0.25681899866258	0.905056790956463
5769	3.68930855223341	1.60567578017437	1.07564969007802	1.49274972603572	0.135502711599648	0.905056790956463
5770	10.7631837396133	0.615971831867852	0.812096830403865	0.758495549799796	0.44815437614189	0.905056790956463
5771	4.01505347702451	1.65447889227121	1.16145848925181	1.42448387745394	0.154306448916182	0.905056790956463
5772	0.888938138211089	-0.776686033461924	1.07380486121869	-0.723302772703455	0.469493889712021	0.905056790956463
5773	8.22484113882052	3.01041170379272	1.01211916532063	2.97436488403916	0.00293595723875011	0.905056790956463
5774	4.01105515736673	2.23520705402733	1.12149172513586	1.99306602441186	0.0462542177776926	0.905056790956463
5775	4.18586802632964	1.16436066603414	1.05963270161791	1.09883421326685	0.271840385953695	0.905056790956463
5776	2.71939162235769	1.28648610777882	1.15940766049763	1.10960635470241	0.26716869173013	0.905056790956463
5777	5.38946048966086	1.07771463437151	1.08356420263169	0.99460154899361	0.319930093850167	0.905056790956463
5778	5.90295011782606	1.38703688506862	0.944973909370535	1.46780442434919	0.142157355336115	0.905056790956463
5779	1.97935648348428	0.37221550440518	1.10640390728164	0.336419188286932	0.736554781718732	0.916019906911484
5780	1.03881055273283	0.581388166616861	1.02187546739728	0.568942288141687	0.569395305873508	0.905056790956463
5781	2.96121067863463	0.942640458638042	1.12677627838925	0.836581739176798	0.402827713517738	0.905056790956463
5782	2.13221898014809	0.688853340509492	1.11808583929669	0.616100585750017	0.53782813551575	0.905056790956463
5783	2.94151389099524	1.68715102041652	1.15540712742985	1.46022209865497	0.144229043770677	0.905056790956463
5784	2.45032293290572	0.932046049076392	1.09541297769621	0.850862704800708	0.394845624329267	0.905056790956463
5785	2.44970918500375	0.723568949236704	1.09459644425489	0.661037182273374	0.50858846872217	0.905056790956463
5786	3.281881890746	1.59529096808028	1.16216796451206	1.37268537491486	0.169850177734297	0.905056790956463
5787	7.13241470804841	1.87368931522757	0.936587523876141	2.00054908640375	0.0454410050322531	0.905056790956463
5788	7.75016069123373	2.2266940585239	0.992353865270987	2.24385084439193	0.0248419997599192	0.905056790956463
5789	3.70222991377574	1.78863558327994	1.15130612377123	1.55357080653845	0.120286827399984	0.905056790956463
5790	5.22666671359678	2.18003493550942	1.0134832912118	2.15103194538393	0.0314736783161713	0.905056790956463
5791	4.55610539303176	0.709468232976347	1.00032639930729	0.709236738596162	0.478177578501866	0.905056790956463
5792	2.06327815274933	0.91751843443578	1.1309171688539	0.811304717714755	0.4171907014747	0.905056790956463
5793	1.70280839391089	0.644821528141454	1.02017246111959	0.632071098482502	0.52734041961895	0.905056790956463
5794	1.92443966422686	0.554443825594729	1.10352401483085	0.502430230917737	0.615364918282371	0.905056790956463
5795	2.20126997566814	0.933991718596551	1.13065280878926	0.826064120953896	0.408767719221167	0.905056790956463
5796	1.69492402234118	0.853663735895189	1.14812834848499	0.743526398439371	0.457163045202216	0.905056790956463
5797	1.0971224255806	0.213193544016077	1.13766429787541	0.18739582881718	0.851350292796691	0.946224343158771
5798	4.29712535564301	2.28579316676353	1.08583936761599	2.10509328997907	0.0352831882203946	0.905056790956463
5799	5.17159252167642	0.369709334732437	1.03588644489197	0.356901411883029	0.721165612653945	0.915024114914031
5800	2.13475478667568	0.96660351552436	1.12737133762386	0.857395858193146	0.39122614752271	0.905056790956463
5801	7.55454101852692	1.20157821757944	1.04655077135366	1.14813179682172	0.250914159570319	0.905056790956463
5802	5.45759664404401	1.60625003348153	1.08909342040025	1.47485055312447	0.140252726556021	0.905056790956463
5803	8.45004370675683	1.04775995613614	0.837013536466728	1.25178376512169	0.2106486674482	0.905056790956463
5804	2.36733395611762	0.923889422196038	1.08936204337702	0.848101352358468	0.396381528548462	0.905056790956463
5805	6.6685803809988	2.01754598438672	1.06476909447972	1.89482019608445	0.0581162266220231	0.905056790956463
5806	1.20438353486074	0.134091272676627	1.03101298081726	0.130057792842081	0.896520702851155	0.960722483193289
5807	8.15181279463428	0.800668184318881	0.921776017519375	0.868614684154604	0.385057920041415	0.905056790956463
5808	1.71604660040367	0.0762686394819865	1.08659131902403	0.0701907314614759	0.944041851353695	0.979798405231884
5809	11.7237264806072	1.4649703018724	0.957884109264415	1.52938156892215	0.126169878872619	0.905056790956463
5810	3.20961316526314	1.60695024100732	1.15197621215677	1.39495088878504	0.163030649787916	0.905056790956463
5811	8.977715744719	0.268610956906742	0.86546154037177	0.310367294647613	0.756281662052992	0.920438818401618
5812	4.84405775697015	0.931519310234558	1.05793837353307	0.880504321932923	0.378586164897104	0.905056790956463
5813	3.65789274490312	1.28661955834859	1.14771284523877	1.12102915261954	0.262275453478701	0.905056790956463
5814	2.58528585135081	1.75295396892056	1.15562155646885	1.51689275706913	0.129293762588258	0.905056790956463
5815	9.7725649548389	0.670908676013522	0.899821882550363	0.745601645196677	0.455908088788474	0.905056790956463
5816	0.277039087894966	0.240955354699223	0.900621756445233	0.267543342113206	0.789050847767828	0.9286690374246
5817	1.25979135243973	0.460675741037685	0.954344866725031	0.482714118449193	0.62929873718817	0.905056790956463
5818	6.20097226246061	1.60344367113821	1.04229543454677	1.5383773333282	0.123956381096719	0.905056790956463
5819	10.1145538693755	0.594180023140508	0.922590883201646	0.644034136863068	0.519553297943742	0.905056790956463
5820	2.5888424768532	1.01333847567359	1.10522846040676	0.916858832336477	0.35921661881791	0.905056790956463
5821	1.9961492158549	0.774938030745824	1.15261319246108	0.672331390803506	0.501372750011656	0.905056790956463
5822	1.67751754206859	0.0897051062668015	1.1350651773727	0.0790307975744966	0.9370081267456	0.977627519002861
5823	8.42737678793997	1.9199832593545	0.9222589541637	2.08182663956408	0.0373583075302259	0.905056790956463
5824	4.07102153909018	1.62117925110377	1.09149104964456	1.48528863487402	0.137467381187573	0.905056790956463
5825	0.969145809310805	0.0716809810828729	1.00007598012311	0.0716755351668868	0.942860126182978	0.979636727886848
5826	3.0378271011494	1.07247956245144	1.14993464310344	0.932643927968842	0.351003844657973	0.905056790956463
5827	1.09647195497153	0.450276833494863	1.02703614913729	0.438423549037777	0.661079278697033	0.905730264136523
5828	5.13317055039731	0.636189380340859	1.09033055321357	0.583483034998695	0.559568174347415	0.905056790956463
5829	1.45980904637164	0.301079522880942	1.15716139290658	0.26018801242987	0.794718750607154	0.9286690374246
5830	1.32905112441347	0.505162470236629	0.966199111023963	0.522834749559297	0.601089255245292	0.905056790956463
5831	4.74950503352956	1.26644982335639	1.00471675849608	1.26050432885392	0.207487487278989	0.905056790956463
5832	1.73383918075749	0.0941609100883142	1.14748094091275	0.0820588009186584	0.934599954692674	0.977627519002861
5833	1.41216285078196	0.304065415245761	1.05630921002094	0.287856446162895	0.773456627303014	0.926042177835687
5834	1.06586399091325	0.00308452506770954	1.01289257095855	0.00304526378823226	0.997570234795256	1
5835	8.56494788769499	1.80772767506852	1.04610083730415	1.72806254483757	0.0839770116861117	0.905056790956463
5836	2.99410368017875	0.912255177057001	1.15299545694719	0.791204485291209	0.428824674547647	0.905056790956463
5837	3.54906524427945	0.954642185921468	1.11814587277946	0.853772489942156	0.393231060006076	0.905056790956463
5838	10.3955713259636	1.93032772810447	0.950925831829362	2.02994562088082	0.0423620671084361	0.905056790956463
5839	1.75098231052925	1.08866918070285	1.15524966244784	0.942367019087534	0.346004766644216	0.905056790956463
5840	1.4285506117043	0.0904287997222869	1.11975818528494	0.0807574357666121	0.935634858794135	0.977627519002861
5841	1.65099182491684	0.914210744903001	1.14594105820734	0.79778164710596	0.424997213453548	0.905056790956463
5842	5.35253244575187	2.04876092375215	1.02789405158737	1.99316351776554	0.0462435445383636	0.905056790956463
5843	23.8541777320139	0.473725561211554	0.988858599909998	0.479062993692597	0.631893815233132	0.905056790956463
5844	0.235237725549933	-0.130673756193927	0.898365488631798	-0.145457230768005	0.884349881453493	0.960198504098536
5845	1.42948330418126	0.768670039920594	1.13341973254973	0.678186569234509	0.497653407171708	0.905056790956463
5846	1.20478850630902	0.573594889204213	1.04276067813454	0.550073378515146	0.582269045170606	0.905056790956463
5847	1.23765005502699	0.409072010638724	1.05628179611191	0.387275452577605	0.698552296403617	0.912280267928552
5848	4.83768837295324	1.53032668476765	1.02568319127497	1.49200717900562	0.135697263343253	0.905056790956463
5849	1.00028149439775	0.748099401242937	1.08990774063823	0.686387822885689	0.492468581251582	0.905056790956463
5850	3.34228787596598	1.58324826510367	1.16225982687056	1.36221542593159	0.173129908954824	0.905056790956463
5851	12.2633578254675	2.24578169823914	1.03820553508215	2.16313785888402	0.0305305780087851	0.905056790956463
5852	3.6054257053	1.71150489277989	1.14511385115537	1.49461548391285	0.135014822765178	0.905056790956463
5853	4.31613285034169	1.02096691305885	1.05925075669583	0.963857619742087	0.33511731393177	0.905056790956463
5854	3.91449644805178	1.11553739755809	1.07784921470985	1.03496609946354	0.300684743376405	0.905056790956463
5855	2.12167605247039	0.885163646237898	1.16306458863213	0.76106147060924	0.446620352302741	0.905056790956463
5856	1.63779034113116	1.06122731176822	1.14847640798945	0.924030571621436	0.35547039894186	0.905056790956463
5857	2.65761125050537	0.631016327459992	1.14109502504202	0.552991918825299	0.580268943795883	0.905056790956463
5858	2.60374987330531	1.0471047085269	1.16290210288332	0.900423781099624	0.367894769902934	0.905056790956463
5859	3.34943365042877	0.902762315456275	1.09944612461618	0.821106460101841	0.411585630641887	0.905056790956463
5860	4.38085082991347	-0.176351958914154	0.99452857896895	-0.177322163126757	0.859255342983414	0.949021583370199
5861	11.6131678881108	1.43597082220073	1.03948005218541	1.38143182178603	0.167146227215741	0.905056790956463
5862	3.39560158117276	1.86545558562447	1.15426983220228	1.61613474906928	0.106065182685707	0.905056790956463
5863	7.09091443893831	1.36610380913505	0.906530852013844	1.50695787804714	0.13182145438193	0.905056790956463
5864	3.34248197133602	1.30984153285088	1.09670860897006	1.19433869866397	0.232345505598202	0.905056790956463
5865	3.9439262204723	2.03271240502412	1.12708792498736	1.80350828001898	0.0713084262525875	0.905056790956463
5866	15.7421467213299	0.460762715657288	0.905809837579005	0.508674885767179	0.610980128796297	0.905056790956463
5867	11.3525647946725	1.12939599570619	0.839053701564451	1.34603541299011	0.178291096133164	0.905056790956463
5868	2.00783361246324	1.00783384331785	1.12086389060056	0.899158097400976	0.368568456151443	0.905056790956463
5869	2.79364956197241	0.636305239202866	1.16239474436337	0.547408909312786	0.584097835787481	0.905056790956463
5870	3.52979337905293	0.533739415788118	0.927394432506534	0.575525792564382	0.564935752034621	0.905056790956463
5871	1.4009694524952	0.573696290141755	1.06615857752891	0.538096585473653	0.590510369661506	0.905056790956463
5872	1.66419330870252	0.751190819187435	1.14018750248843	0.658830953284418	0.510004328217942	0.905056790956463
5873	2.35630003011836	0.590672106964813	1.16295679697866	0.5079054600303	0.611519645431914	0.905056790956463
5874	2.67853553394871	-1.54471649100517	1.14685620944566	-1.34691383129173	0.178007986384997	0.905056790956463
5875	2.47582783108267	1.20655421752948	1.16169947155378	1.03861131650143	0.298985540603367	0.905056790956463
5876	1.69198324436531	0.0833808608191301	1.13919949927762	0.0731925012888459	0.941652933489097	0.979529672503265
5877	1.73450852273361	0.999384589834312	1.15125357356423	0.868083811232184	0.385348452734764	0.905056790956463
5878	5.18115135308641	0.101386053945577	0.956695121467505	0.105975301504682	0.915601948359956	0.96744209105867
5879	12.2110933140493	2.23509625458388	0.986197689152756	2.26637750135478	0.0234282799090364	0.905056790956463
5880	5.63703625268461	1.4719608034071	0.966074769572672	1.52365101518819	0.12759591211925	0.905056790956463
5881	7.28696951589256	0.487945486985811	0.960935148201335	0.50778191212918	0.611606296122531	0.905056790956463
5882	0.789843622368542	0.642800231387874	0.989064834934393	0.649907072503	0.51575224945052	0.905056790956463
5883	2.92790743576128	1.25775279369327	1.14258948642148	1.10079149916955	0.27098741237664	0.905056790956463
5884	0.720056129366123	0.407069581971236	0.91051416588725	0.447076604870356	0.654819750228268	0.905730264136523
5885	1.49768763409765	0.525969805707886	1.07683930092912	0.488438530479031	0.625239255662458	0.905056790956463
5886	2.76999117738234	1.05529269845475	1.14861841135412	0.918749593444746	0.358226563253665	0.905056790956463
5887	4.98245455133724	-0.345438771694139	1.02182994528059	-0.338058963029588	0.735318754560654	0.916019906911484
5888	9.7089883935929	1.13235236681811	0.826446139670986	1.37014659814239	0.170641144252328	0.905056790956463
5889	2.46209862626831	1.25684588918484	1.16179140832023	1.08181716630359	0.279333777272872	0.905056790956463
5890	2.9114882220128	1.4259096019667	1.14237968807899	1.24819236270253	0.21196062015326	0.905056790956463
5891	1.71344261834283	0.107926529091619	1.12105334259881	0.0962724296788816	0.923304207285942	0.972115249864794
5892	1.24924842476204	0.735917880435262	1.11415784952464	0.660514917836145	0.508923448508647	0.905056790956463
5893	1.92484463567514	1.00381231860869	1.11579541872011	0.89963832237286	0.368312756182441	0.905056790956463
5894	2.08733632809781	0.0435531919655402	1.16297295942033	0.0374498750059061	0.970126306033755	0.994710100156182
5895	1.90997396193014	0.548932271771027	1.04440075828996	0.525595435864882	0.599169328569515	0.905056790956463
5896	4.86808229067686	0.592224304083388	0.974164856861097	0.607930269617426	0.543233722623834	0.905056790956463
5897	8.01948428208348	0.737189709214591	0.847989961039057	0.869337778847404	0.384662404935004	0.905056790956463
5898	1.0141334487925	0.21760075161636	1.1320689799197	0.192215099500204	0.8475737187439	0.945478283042784
5899	2.37210339634032	1.57147256232862	1.1616503737078	1.3527930588209	0.176121750872493	0.905056790956463
5900	5.49974840379017	1.85768777029353	1.11580189067275	1.66489032311415	0.0959346391739272	0.905056790956463
5901	6.69559499684758	1.01926776859699	0.932146180580517	1.09346343935263	0.274190372918184	0.905056790956463
5902	7.82692083432049	1.55937080131146	1.09731878383219	1.42107364267076	0.155295351535446	0.905056790956463
5903	4.87628560682155	0.925817993245658	0.995859062553731	0.929667688991589	0.352543168788324	0.905056790956463
5904	2.09307617391104	0.509755555578625	1.15101014723667	0.442876682540499	0.657854934030108	0.905730264136523
5905	3.58160784842243	0.634878424728827	1.09825110647751	0.578081297605163	0.563209233155472	0.905056790956463
5906	1.71972387586191	0.879489657298736	1.14312571553628	0.769372646722534	0.441672121941806	0.905056790956463
5907	3.81660007481158	1.48787409741	1.11455976196377	1.33494330962432	0.18189490143471	0.905056790956463
5908	3.66782192467884	0.394233100960219	0.979470617313242	0.402496097373119	0.687318959925179	0.912097229333043
5909	1.26096954407748	0.478244147085441	1.11940131042191	0.427232077212046	0.669210299636952	0.907950221897078
5910	7.28216227336521	1.94872354330927	0.950769536678136	2.04962766278551	0.0404007788494486	0.905056790956463
5911	5.47306321435093	1.24734785089943	1.07934626902486	1.15565123695323	0.247823841352731	0.905056790956463
5912	7.56592641255918	1.36703282283738	0.861537311017199	1.58673664547779	0.112572302981622	0.905056790956463
5913	4.92196151921697	0.939214233010642	1.03647774639284	0.906159573883088	0.36485139688788	0.905056790956463
5914	5.70133038944107	0.878564606889159	0.96274725645925	0.912559969394569	0.361474015938979	0.905056790956463
5915	1.81705580536633	1.1669345082254	1.14799071853462	1.01650169237863	0.309390542005337	0.905056790956463
5916	8.75568794309211	3.0615134229061	0.987849708318433	3.09916923305829	0.00194064135185321	0.905056790956463
5917	1.93910156151817	1.05310793778604	1.12582464029584	0.935410276248086	0.349576903029412	0.905056790956463
5918	7.59662460273984	1.8869047875698	1.05212089362582	1.79342963247042	0.0729042529272004	0.905056790956463
5919	3.16286293944332	0.436301882734919	1.13667486790753	0.383840529119899	0.701096646847377	0.912280267928552
5920	2.1595546401964	0.797496803761583	1.0709661100635	0.744651764670964	0.456482265920853	0.905056790956463
5921	2.29717611474948	1.43748600448807	1.16015239683611	1.23904929077273	0.21532724460903	0.905056790956463
5922	3.12199426957525	0.785293409355094	1.12457811774344	0.69830045326762	0.484989315842328	0.905056790956463
5923	2.29860190517256	1.15746995281571	1.13681016109175	1.01817347559958	0.30859552229738	0.905056790956463
5924	8.56563298138661	0.473193170299995	0.891785001572877	0.530613510504667	0.595686631388142	0.905056790956463
5925	5.30427460188476	0.703013276112251	1.14257843055573	0.615286668566214	0.538365420112787	0.905056790956463
5926	3.16367288233989	1.3764169639195	1.12926080481294	1.21886543662294	0.222895270055192	0.905056790956463
5927	3.92248996771579	1.69638864108673	1.10198467636583	1.53939403829203	0.123708128595358	0.905056790956463
5928	2.10578455975059	0.980026640707167	1.16212617106996	0.843304853727596	0.399057968954422	0.905056790956463
5929	2.34508668086699	1.46970883072508	1.16193577490901	1.26487957636055	0.205914499697872	0.905056790956463
5930	5.42735482910237	1.00365875978292	0.963603669775158	1.04156801314083	0.297612005111533	0.905056790956463
5931	4.53028891978533	1.27606382176993	1.08178910838564	1.17958649414969	0.238164717162366	0.905056790956463
5932	14.7640317957953	0.933794455699027	1.032721038331	0.904207836424202	0.365885205670348	0.905056790956463
5933	2.20045793314703	1.46520974057168	1.16151148603505	1.26146814576353	0.207140229676909	0.905056790956463
5934	2.0765656634083	0.789250987872779	1.06316612444212	0.742359044111684	0.457869826929425	0.905056790956463
5935	2.0560075290816	1.31936004596045	1.16173696781987	1.13567880037111	0.256091016120749	0.905056790956463
5936	5.97374165806078	1.28821648380838	1.07010458617839	1.20382297248993	0.228658008616077	0.905056790956463
5937	1.59239773020118	0.382508134168647	1.12925887249772	0.338724931443405	0.734816957227816	0.916019906911484
5938	0.844760441625958	0.33357177246008	0.988107875297164	0.337586391930903	0.735674898426735	0.916019906911484
5939	0.360028064683062	0.208653482468978	0.903170664007368	0.231023316837133	0.817296687738699	0.935872778920563
5940	3.22478391221609	1.05862571507049	1.12163138470304	0.943826759404351	0.345258183790812	0.905056790956463
5941	3.91671331000438	1.13464118506825	1.09282394591728	1.03826530275732	0.299146557624936	0.905056790956463
5942	6.92414439380561	1.22703014496408	0.900461207894559	1.36266852387023	0.172987002123406	0.905056790956463
5943	1.67853626141884	1.05231089141663	1.14201142645246	0.921453907589627	0.356813495130551	0.905056790956463
5944	1.75004961805229	0.395578350043541	1.14434101012758	0.345682228061928	0.729581541764895	0.915506443250013
5945	1.14925793914963	0.455768329195164	1.03358597927247	0.440958312453091	0.659243177003117	0.905730264136523
5946	0.277039087894966	0.240955354699223	0.900621756445233	0.267543342113206	0.789050847767828	0.9286690374246
5947	1.80017704612241	0.562498305947205	1.1406515762849	0.493137709745919	0.621915287400283	0.905056790956463
5948	6.55307713324232	1.11941346336394	0.905459665511121	1.2362930188967	0.216349665123047	0.905056790956463
5949	2.40904929158936	1.08116529403647	1.14051338736337	0.947963703026668	0.343147932706371	0.905056790956463
5950	2.27646060775982	1.24253855349722	1.16135719651366	1.06990214313672	0.284663358336551	0.905056790956463
5951	3.61763782293702	-0.0863534385275851	1.10803311727033	-0.0779339869735294	0.937880563922693	0.977959622436434
5952	2.24606142015524	0.53289397465103	1.15767494005154	0.46031399334541	0.645290858453859	0.905730264136523
5953	1.05201203651851	0.32560702668295	0.917512617553745	0.35488016235796	0.722679370606551	0.915024114914031
5954	2.59280197417933	0.66635583634024	1.15454205603302	0.577160297330202	0.563831174673448	0.905056790956463
5955	4.74779594164103	1.52814369671466	1.0344763799777	1.47721468202842	0.139618099392304	0.905056790956463
5956	1.91761073471451	0.708318991557026	1.16206838638345	0.609532967127204	0.542171227915264	0.905056790956463
5957	11.2742655301074	1.81754056642129	0.885817581243835	2.05182263809798	0.0401869023917617	0.905056790956463
5958	32.7622372150874	1.24671635360267	1.09219825702556	1.14147440318933	0.253672557948326	0.905056790956463
5959	1.63992117621047	0.815835078113088	1.15053805096847	0.709090044806736	0.478268600356446	0.905056790956463
5960	8.68037037113663	0.712202681542106	0.839822805187977	0.848039225825375	0.39641612566015	0.905056790956463
5961	4.82350172226799	2.07600612979995	1.13890452660305	1.82280962214799	0.0683322298871564	0.905056790956463
5962	15.9104884782919	1.436142653158	1.01584062114168	1.41374800659571	0.157435904452364	0.905056790956463
5963	3.20662098349653	1.00119337475614	1.11546809495716	0.897554469986514	0.369423121593611	0.905056790956463
5964	2.8618339409242	1.15894766597071	1.13287334968929	1.02301609115314	0.306300237775554	0.905056790956463
5965	0.747514538994832	0.276666074612693	0.911053337706125	0.303677142887474	0.761373873449879	0.921693462027093
5966	1.01339695131014	0.120872280300237	1.07951885631098	0.111968660476475	0.910848255594462	0.96675841119266
5967	5.05759377963818	1.82156339764385	1.01355301670834	1.79720583690792	0.0723029482532439	0.905056790956463
5968	2.26338187355454	0.95062257769149	1.15777148430269	0.821079626316792	0.41160091413683	0.905056790956463
5969	8.7672842221683	1.32819370306957	0.914558239450935	1.45227897554886	0.146424050947748	0.905056790956463
5970	2.18422964451218	0.459528804272634	1.15458863836773	0.39800218796738	0.69062857293539	0.912097229333043
5971	2.78357978127624	0.64954455674769	1.16348327233987	0.558275801801086	0.576656066140177	0.905056790956463
5972	4.87833251465212	1.87212872746334	1.12855802839041	1.6588679362225	0.0971424069750498	0.905056790956463
5973	2.63268864740425	1.01752902516796	1.14804473168497	0.886314789907657	0.375447921452782	0.905056790956463
5974	4.44933948132229	1.38199073744232	1.15073016200638	1.20096855289924	0.229763400082314	0.905056790956463
5975	3.567547117574	1.30733839744704	1.11147614448504	1.17621813471557	0.239507719570149	0.905056790956463
5976	3.44946295837282	1.35468723947235	1.16133312678558	1.16649323800997	0.243415080958489	0.905056790956463
5977	2.28425895245623	0.941956802073689	1.13462560774931	0.830191735177025	0.406430387329015	0.905056790956463
5978	1.35650953404218	0.422614522592213	0.969516930871786	0.435902158214194	0.662907719194186	0.905730264136523
5979	2.06825636942572	1.08096597737043	1.16016386969248	0.931735598400385	0.351473184463979	0.905056790956463
5980	1.63432184212661	0.217655447869016	1.13813215335146	0.191239169571025	0.848338217005936	0.945478283042784
5981	13.5821377459484	1.90309623854457	0.84787356217686	2.24455192783521	0.0247969117789384	0.905056790956463
5982	1.24030861113498	0.196407311628453	1.06437134512877	0.184528935814869	0.853598529403625	0.946300359972841
5983	4.84159539585676	1.73997933625598	1.07660735352824	1.61616891297812	0.106057798024295	0.905056790956463
5984	3.93746763932568	1.82674410547794	1.1485766888073	1.59044156413696	0.111735307702735	0.905056790956463
5985	4.48329109518018	2.33004417613359	1.07070275823694	2.17618209928807	0.0295416468859526	0.905056790956463
5986	2.29819693372428	0.694311259491339	1.1265880223221	0.616295616262843	0.537699431589789	0.905056790956463
5987	0.930494001395334	0.452998821903361	1.00181621804285	0.452177568844255	0.651141066299678	0.905730264136523
5988	2.90617110979682	1.7110542575119	1.14540694771322	1.49383960078815	0.135217548215152	0.905056790956463
5989	2.57340525974788	0.564840028796905	1.15165988096869	0.490457328705247	0.623810317996603	0.905056790956463
5990	5.63978503491499	1.63132136245918	1.11613407115402	1.46158190545378	0.143855815837513	0.905056790956463
5991	0.0692597719737415	-0.110908803430439	0.894972942750804	-0.123924197182485	0.901375294041256	0.962822431880661
5992	6.04402122001664	1.20762777977084	0.982319758270783	1.22936321864958	0.218935654288787	0.905056790956463
5993	6.48570059756255	0.638016964268374	0.913899808644823	0.698125722571775	0.485098572939701	0.905056790956463
5994	4.79456294816905	1.87578195387446	1.11144120204009	1.68770237276736	0.0914683760983605	0.905056790956463
5995	1.72352390090054	1.20400247393151	1.15424289867449	1.04311014199365	0.296897284014594	0.905056790956463
5996	3.95034807891182	0.349151617835223	1.06131491564746	0.32898022320003	0.742170636383829	0.916019906911484
5997	3.92333346306304	1.24931325763969	1.15561257031266	1.08108313264685	0.279660135723688	0.905056790956463
5998	10.78935480951	0.716141795014466	0.811372214402035	0.882630415859443	0.377435989383446	0.905056790956463
5999	19.5608629411714	2.04252991479127	0.953798036354076	2.14147003552126	0.0322361523787657	0.905056790956463
6000	7.48556873830203	1.47536961376118	0.982222063067347	1.50207337957142	0.133078158957838	0.905056790956463
6001	15.0929597678961	1.70995197650817	0.840131493053712	2.03533850432488	0.0418168243915648	0.905056790956463
6002	1.4839584292833	0.578763970789652	1.0751938371904	0.538288028419158	0.590378214989244	0.905056790956463
6003	0.526006018259253	0.180648618279592	0.906041321623354	0.199382317305267	0.841963691541295	0.945478283042784
6004	1.52575979162833	0.733860513223313	1.07965096558684	0.679720147172215	0.496681676607319	0.905056790956463
6005	8.78918211107911	1.56633083635282	0.894974319196073	1.75014053784226	0.080094066253116	0.905056790956463
6006	3.01872938032834	1.86321536991894	1.1360255674867	1.64011746147672	0.100980746452925	0.905056790956463
6007	5.5740955405346	2.50495031967303	1.04632284156311	2.39405107120748	0.0166634283661322	0.905056790956463
6008	4.86533980732013	1.609846799822	1.10890949196855	1.4517386779368	0.146574280423816	0.905056790956463
6009	0.761771464837863	0.341588785984684	0.976363772740728	0.349858111824262	0.726445184629075	0.915024114914031
6010	1.99121820372016	0.476909258198132	1.15599982569687	0.412551323622076	0.679935370657678	0.912097229333043
6011	10.6123975039817	1.56964387851132	0.832626137255013	1.88517247811376	0.0594065552716295	0.905056790956463
6012	15.003559414503	1.42542020123151	0.870152811145811	1.63812629571871	0.101395350604664	0.905056790956463
6013	3.77606293097759	1.22994665993799	1.08989743794426	1.12849761557187	0.25910982330251	0.905056790956463
6014	34.6074428332566	-0.00401823483547692	1.09376421781174	-0.00367376695090287	0.997068764663489	1
6015	36.8042539237445	-0.305594082571398	1.1173356360774	-0.273502493524899	0.784466975831989	0.9286690374246
6016	3.33345086095471	1.59968577688235	1.10824609175122	1.4434391321467	0.148896807295505	0.905056790956463
6017	1.12179952952092	0.575544357003605	1.03239367980362	0.557485354921083	0.577195862369905	0.905056790956463
6018	3.17112082963517	0.879814275896061	1.12228977803318	0.783945726956491	0.433071956873872	0.905056790956463
6019	3.64469126111744	1.41207955829577	1.13819836348378	1.24062694482683	0.214743593335181	0.905056790956463
6020	2.89510046109046	1.62905219911651	1.14397771386458	1.42402441880905	0.154439403507953	0.905056790956463
6021	4.10669794594723	2.47024089199099	1.10928834472735	2.22686996012577	0.0259559660256799	0.905056790956463
6022	2.03803660507323	1.00125661813339	1.12189749204259	0.892467115075235	0.372142611436963	0.905056790956463
6023	1.05306747857586	0.604055263738686	1.03228612210022	0.585162631567414	0.558438368716254	0.905056790956463
6024	3.11423474721048	1.00545023225344	1.13148008356557	0.888615051079834	0.374209999316423	0.905056790956463
6025	1.61140732452441	0.613199521601709	1.09789195075858	0.558524471536586	0.576486298795009	0.905056790956463
6026	8.51980077592579	1.69779440020795	1.16136347425003	1.46189753496797	0.143769290590048	0.905056790956463
6027	3.41223484125589	0.862017711212112	1.12398241365636	0.766931671473343	0.443122141910075	0.905056790956463
6028	2.91405548136653	1.77371950974703	1.15548327131904	1.53504559847261	0.124772627796405	0.905056790956463
6029	2.02103509624892	0.710967570497913	1.05691728870153	0.672680424568861	0.501150623917342	0.905056790956463
6030	1.2179899900947	0.329529685412164	0.946428342372515	0.348182393382362	0.72770320955259	0.915024114914031
6031	1.23499149891901	0.566461961181973	1.04584634870467	0.541630194419634	0.588073286857751	0.905056790956463
6032	1.32929662357426	0.0114293002212972	1.05472452854561	0.0108362893930773	0.991354061205672	1
6033	3.53535389080515	1.9992079066358	1.11496586880227	1.79306646290743	0.0729622973843864	0.905056790956463
6034	3.8990980532781	0.767322708182822	1.10254542020025	0.695955644206891	0.486456608166591	0.905056790956463
6035	2.58120360444429	0.496482988416033	1.15557070807386	0.429643106170098	0.66745527538684	0.907109178475355
6036	6.94535509836593	2.03610260261988	1.05308096470886	1.9334720414235	0.0531780740336641	0.905056790956463
6037	4.05053475951882	1.00550019638297	1.04901358209394	0.958519711799995	0.337800756569393	0.905056790956463
6038	13.0558505854188	0.223361418343981	0.916402995128033	0.243737110781458	0.807434429720759	0.931658677143232
6039	2.10463782093898	0.941211442866035	1.06844910866717	0.880913686230823	0.378364539194558	0.905056790956463
6040	3.679313296549	1.21567872771887	1.08110739319991	1.12447545485805	0.260811377591312	0.905056790956463
6041	2.82779420056848	1.5638524287777	1.16081266951014	1.34720482456281	0.177914274560438	0.905056790956463
6042	16.8395020646122	0.458882755235099	0.88574500919735	0.518075462430133	0.604405619552818	0.905056790956463
6043	3.68055966371999	0.447892156836477	1.05177077539037	0.425845790086952	0.670220218396134	0.908502468170408
6044	5.38836622527186	0.640296443677217	0.9766629192996	0.655596143791757	0.512084007337282	0.905056790956463
6045	10.1480217875242	-0.0259937865965824	1.00653705429376	-0.0258249673826672	0.979396947396257	1
6046	2.59215150357026	0.98502282619018	1.16097590552338	0.84844381481468	0.396190850290809	0.905056790956463
6047	6.07844919866435	0.984795525011255	1.02513139290459	0.960652977586564	0.336726681710657	0.905056790956463
6048	4.75878374269621	1.51415465027284	1.04343249953625	1.45112851185467	0.146744078528241	0.905056790956463
6049	5.91351299646835	1.14198189920983	0.999345750832354	1.14272952905306	0.253150905607012	0.905056790956463
6050	3.28740777941566	1.33464837188932	1.14474148041702	1.16589500312605	0.243656899531962	0.905056790956463
6051	7.18787500005001	1.243548631298	0.976005625366618	1.27412035236056	0.202620766577427	0.905056790956463
6052	12.8901884061612	0.243232547033208	0.825959102451493	0.294484976691074	0.768387341603113	0.925752575002296
6053	1.61524407227014	0.205993603306313	1.16225175759859	0.177236645984455	0.859322511961413	0.949021583370199
6054	3.00327539148051	0.933067693674942	1.13160881653947	0.824549685401288	0.409627296687808	0.905056790956463
6055	3.4051257895002	0.894403536689084	1.15795645309558	0.772398248913472	0.439878590679335	0.905056790956463
6056	2.40338178197226	1.02122694242143	1.15018712065973	0.887878958195659	0.374605864451025	0.905056790956463
6057	4.04565934145823	1.09432794191605	1.04657857196456	1.04562425720398	0.295734545299096	0.905056790956463
6058	3.00431508182236	1.32438736623498	1.15660240796074	1.14506710094965	0.252181362381892	0.905056790956463
6059	2.18187326123668	0.90032881850651	1.14160840358364	0.788649431521592	0.430316931211294	0.905056790956463
6060	3.23890023713867	0.749647630387792	1.09951813138176	0.681796515211362	0.495367628105924	0.905056790956463
6061	3.23506348939294	1.23545780992415	1.1289385796334	1.09435343269547	0.273799999094078	0.905056790956463
6062	1.32905112441347	0.505162470236629	0.966199111023963	0.522834749559297	0.601089255245292	0.905056790956463
6063	1.34278032922783	0.463728924596675	0.967713254986018	0.47920075725673	0.631795815585596	0.905056790956463
6064	2.51909170655788	0.538481851761298	1.13589638576851	0.474058953358655	0.635457867993269	0.905730264136523
6065	1.79438678692491	0.749634916328283	1.11713965375746	0.671030621647804	0.502201022297795	0.905056790956463
6066	2.64506023732876	0.556552160950596	1.16363400560302	0.478287982536383	0.632445248562066	0.905056790956463
6067	3.74520946775853	1.61061528123315	1.11390345712554	1.44591999506796	0.148199642975545	0.905056790956463
6068	5.00758910114845	1.17177102164167	0.996423364489097	1.17597706296508	0.239604041929515	0.905056790956463
6069	4.4654796434593	0.998184007144325	1.03261171493327	0.966659580468569	0.333714239328162	0.905056790956463
6070	2.94825679363429	0.986817753167707	1.12434883397368	0.877679349459626	0.380117754212666	0.905056790956463
6071	7.70097955712666	1.69545142734872	0.972811509660608	1.74283652127042	0.0813621748859399	0.905056790956463
6072	6.53817183641477	0.634921886322575	1.03400444907959	0.614041735398472	0.539187748401652	0.905056790956463
6073	1.54038496621254	-0.309871081705562	1.16026833555376	-0.267068463570257	0.789416448370515	0.9286690374246
6074	2.33146345389053	1.07358551751252	1.14422791309737	0.938261953954931	0.34810980672707	0.905056790956463
6075	4.4453370901927	-0.46646177925312	0.965438085201955	-0.483160739567824	0.62898160934394	0.905056790956463
6076	2.56416537291287	0.912047692734383	1.16045468732406	0.785939944658688	0.431902671465412	0.905056790956463
6077	3.17307434108693	0.988816411301044	1.15475169772768	0.856302193144064	0.391830648491665	0.905056790956463
6078	2.92648164533819	1.18616974189541	1.12225788295853	1.0569493517554	0.290534703212517	0.905056790956463
6079	4.29196669568754	0.880695321456282	1.07247058133144	0.821183663949944	0.411541660168796	0.905056790956463
6080	8.90177291403431	2.66763565505203	0.938748346556988	2.84169411838223	0.00448745236054678	0.905056790956463
6081	7.26850544333319	1.61989270167445	0.995276121150891	1.62758119807123	0.103613718541484	0.905056790956463
6082	5.04106649739295	0.321791310521157	1.00429334777921	0.320415654681706	0.748653259891183	0.917461169800175
6083	11.9196692302451	0.96465949649749	0.808728479303693	1.19281009780693	0.232943754499411	0.905056790956463
6084	1.04094138781214	0.325347751710461	1.01962454635772	0.319085836911893	0.749661423260401	0.917461169800175
6085	3.90799904457351	0.53299574832377	1.02962246660579	0.51766134249267	0.604694574399739	0.905056790956463
6086	0.221508520735579	0.0138005876971983	0.898902599025228	0.0153527064135354	0.987750793789063	1
6087	0.0692597719737415	-0.110908803430439	0.894972942750804	-0.123924197182485	0.901375294041256	0.962822431880661
6088	9.81098798473121	1.43031425349694	0.899695011629443	1.58977679659076	0.111885125893551	0.905056790956463
6089	2.84928292774759	0.869612796949964	1.11992193593933	0.776494118958909	0.437457291900366	0.905056790956463
6090	4.88565034286149	1.24366093019309	1.05655230617155	1.17709357400348	0.239158159660065	0.905056790956463
6091	4.36781091803984	2.20127160992463	1.12489348940119	1.95687114439291	0.0503626199036392	0.905056790956463
6092	3.49627926010134	0.978397731585121	1.10458943973924	0.885756912374695	0.37574853283546	0.905056790956463
6093	2.5809581052835	1.36348320833034	1.16215119169031	1.1732408124516	0.240699249869807	0.905056790956463
6094	5.1479194560027	2.19694103297551	1.00847383778635	2.17848093887879	0.0293702498097171	0.905056790956463
6095	3.83062935283387	0.626686065082089	1.0772193661557	0.581762716835066	0.560726520330228	0.905056790956463
6096	2.7697278268815	1.04779865563318	1.16314759200684	0.900830352771798	0.367678526569354	0.905056790956463
6097	0.570465936712272	0.200587285296414	0.948124218499758	0.211562241932611	0.83244856906819	0.942024069586858
6098	3.65458371818606	0.56582874506063	0.927911804550121	0.609787204221376	0.542002778885696	0.905056790956463
6099	3.20179696922668	0.84315455668721	1.14131118700105	0.738759565568367	0.460053008715204	0.905056790956463
6100	3.11497124469285	0.984587338887425	1.15381746533339	0.853330243707944	0.393476192901841	0.905056790956463
6101	1.80558018521168	0.518682667333766	1.14628459798241	0.452490304978977	0.650915804008053	0.905730264136523
6102	1.32905112441347	0.505162470236629	0.966199111023963	0.522834749559297	0.601089255245292	0.905056790956463
6103	1.97143538920747	0.853849151797246	1.12597859137958	0.758317394606134	0.448260996396904	0.905056790956463
6104	2.57768580127354	1.15975985670441	1.16181875966883	0.998227862179634	0.318168878709595	0.905056790956463
6105	3.37807235131977	1.45547129358428	1.16090120024439	1.25374260383044	0.209935577176055	0.905056790956463
6106	3.39139658468584	0.928060773267075	1.15781231299533	0.801564090181533	0.422805156828897	0.905056790956463
6107	2.54728661366896	0.424705839690911	1.14040712793799	0.372415981351185	0.709583156909526	0.914210746716922
6108	3.45285801196318	1.17122421102616	1.15985812625566	1.00979954747327	0.312591337009874	0.905056790956463
6109	23.494612374117	2.11291852973688	1.05261634758404	2.00730164849373	0.0447175537421748	0.905056790956463
6110	3.85021699237896	1.93842730851309	1.15961783225492	1.67160874435998	0.0946014993356403	0.905056790956463
6111	1.36668211335414	0.802406935284425	1.13631592771919	0.706147749679979	0.480096259785194	0.905056790956463
6112	6.46611080778804	1.205316696424	0.965237852917706	1.24872506064757	0.211765651531246	0.905056790956463
6113	0.723242406502787	0.454728949995594	1.05616575317143	0.430546955939581	0.666797817366827	0.906997038146281
6114	5.08619785744663	2.04346869593099	1.1367239027019	1.79768252525863	0.0722273321851921	0.905056790956463
6115	4.38571576613951	1.72377418067141	1.12019864515296	1.53881116365395	0.123850403679058	0.905056790956463
6116	2.53649818683048	1.30001588552695	1.16160950793677	1.1191505205876	0.26307593000815	0.905056790956463
6117	2.04954894793498	0.964194071485579	1.13070062983661	0.852740368266094	0.393803299277519	0.905056790956463
6118	2.75432943210782	0.594044013496365	1.14430981756081	0.519128652380715	0.603671028868227	0.905056790956463
6119	5.15190100391798	2.41850129834034	1.0823727196837	2.23444406382221	0.0254538691413971	0.905056790956463
6120	2.13266067430347	0.647411064740849	1.15646807187051	0.55981749992778	0.575603925820711	0.905056790956463
6121	3.70745362961292	0.868363320572017	1.06737964720248	0.813546822677319	0.415904612384822	0.905056790956463
6122	5.81830980241869	1.95904643769244	0.994432973594507	1.97001355517326	0.0488368170556124	0.905056790956463
6123	0.850163580715225	0.264297593485547	0.996825891235778	0.265139174061674	0.790902250360284	0.9286690374246
6124	8.1020347349726	0.944749105919459	0.981520375147273	0.962536417828008	0.335780218828374	0.905056790956463
6125	1.01021067417347	0.182886924325045	0.914192984140148	0.200052863561474	0.841439237521387	0.945478283042784
6126	8.51672256728589	2.26791007916754	1.0198040585789	2.22386845795445	0.0261572958013848	0.905056790956463
6127	1.2328606638397	0.813890146239485	1.05286417674146	0.773024825251839	0.439507688746065	0.905056790956463
6128	2.98282425501869	1.06174064141716	1.14258439948956	0.929244825932754	0.352762221538178	0.905056790956463
6129	4.80755355587649	0.925982528281898	0.994037586084422	0.931536735878774	0.351575991049553	0.905056790956463
6130	0.444072483528511	0.389218754070361	0.904851434807929	0.430146584398112	0.667089015073332	0.906997038146281
6131	10.595881812789	0.215191647485266	0.768867858771661	0.279881185083032	0.779568662704011	0.927391877785505
6132	1.52427942715809	0.798242529576557	1.14185329659332	0.699076257832846	0.4845043751668	0.905056790956463
6133	4.40751816801266	1.75274354780219	1.10582580325702	1.58500872618436	0.112964351651947	0.905056790956463
6134	4.20787609232744	1.388685556521	1.16108003916764	1.19602913638627	0.231685189153574	0.905056790956463
6135	3.82533111198495	1.98789887601273	1.14057994498532	1.74288429737234	0.0813538274618508	0.905056790956463
6136	5.01640826481967	0.799626745323298	1.00284634264767	0.797357193537904	0.425243612601572	0.905056790956463
6137	2.99651673712595	1.64995360321538	1.15944971407545	1.423048868084	0.154721989403154	0.905056790956463
6138	1.86878634748708	0.658792030579002	1.04008201012257	0.633403927928114	0.526469900617757	0.905056790956463
6139	3.47696857254318	1.10571860330005	1.10823794719926	0.99772671211487	0.318411896560506	0.905056790956463
6140	5.57701319728946	0.793544521712668	0.9853936844954	0.805307091164305	0.420642490747059	0.905056790956463
6141	2.23752657797646	0.657457967918265	1.16032735941198	0.566614208124376	0.570976319735061	0.905056790956463
6142	3.76147447910047	2.01606276231559	1.12746266310446	1.78814148644567	0.0737531837942783	0.905056790956463
6143	2.27061577451517	0.951146616035416	1.08237509830685	0.878758775514412	0.37953208272947	0.905056790956463
6144	2.0385643261019	1.2772763522059	1.15479202968102	1.10606613085017	0.268697896979963	0.905056790956463
6145	8.35101844604508	2.15290886377731	0.933367532959941	2.3066035487113	0.0210769315372656	0.905056790956463
6146	3.19213434879442	0.459102903523471	1.16348639596499	0.394592412180887	0.693143714276815	0.912097229333043
6147	3.46077910623998	0.656036357116885	1.16110945339745	0.565008195564422	0.572068189767539	0.905056790956463
6148	5.74040502014487	1.51899931658272	0.997704203631119	1.52249465428166	0.127885183850912	0.905056790956463
6149	2.84444531199166	1.32479668213905	1.15568578104695	1.14632948147801	0.251658848837106	0.905056790956463
6150	3.85660949761689	1.52384618547656	1.16070718258744	1.31286013245788	0.189230082984352	0.905056790956463
6151	0.872304878127961	0.411991066191707	0.913377911597387	0.451063093337986	0.651944076422152	0.905730264136523
6152	2.97041384276253	1.1221014870279	1.12504384514622	0.99738467248986	0.318577828310743	0.905056790956463
6153	0.304497497523674	-0.00476257312255688	0.899810281474357	-0.00529286364093696	0.995776925536291	1
6154	5.51307263715624	1.36069574673522	1.11878721662093	1.21622389541142	0.223899643410315	0.905056790956463
6155	3.65776999532273	1.71277245870378	1.1574017121285	1.47984268621302	0.138915233980099	0.905056790956463
6156	15.759611965933	1.56021148219619	0.909990645828609	1.71453573654652	0.0864303796550852	0.905056790956463
6157	0.470475451099866	-0.00204358568996457	0.903365512871812	-0.00226219139522825	0.998195033951655	1
6158	0	NA	NA	NA	NA	NA
6159	9.58900841663866	2.51912183943481	1.00534755847707	2.50572234268003	0.0122201539519685	0.905056790956463
6160	5.48415278502921	1.18066496587716	1.05734293570905	1.11663389994222	0.26415089081716	0.905056790956463
6161	5.50812694393786	0.956222107364499	0.952208168318437	1.00421540077014	0.315274800417083	0.905056790956463
6162	1.51787542005862	0.717701787588925	1.14208663575052	0.628412736059458	0.529733595958505	0.905056790956463
6163	2.29293439555546	1.09017455466825	1.14556062804517	0.951651556433608	0.341273725247628	0.905056790956463
6164	0.196708667214857	-0.127424614234165	0.897579098676615	-0.141964774382602	0.887107829791475	0.960722483193289
6165	5.45938858358372	1.48614615227985	1.03068299591357	1.44190421125807	0.14932939803111	0.905056790956463
6166	2.1595546401964	0.797496803761583	1.0709661100635	0.744651764670964	0.456482265920853	0.905056790956463
6167	0.77497294862354	0.147397686419232	0.910543400988588	0.161878814627837	0.871401286240408	0.955302506217267
6168	0.874963434235947	0.327029383494582	0.993983658107128	0.329008812999354	0.74214902673461	0.916019906911484
6169	3.40313555534134	1.51484049743339	1.16216481727219	1.3034644268349	0.192416253482943	0.905056790956463
6170	3.12359528400133	1.87402776333675	1.13185115694598	1.65571926294033	0.0977786844783337	0.905056790956463
6171	5.0871630733816	1.85707826917519	1.03024003772274	1.80256852886451	0.0714560032560856	0.905056790956463
6172	5.67230768809337	1.57758142922934	1.05633847717061	1.49344311820855	0.135321233323808	0.905056790956463
6173	7.00880675980213	1.59898790784847	1.04088689712997	1.53617834200559	0.12449464630528	0.905056790956463
6174	13.5296646334057	0.491426136340017	0.822410407290598	0.597543674038614	0.550144457244939	0.905056790956463
6175	8.98006061716727	2.1911149217553	0.969030217963496	2.26114199654179	0.0237504655185788	0.905056790956463
6176	3.48288895082658	0.833800170402853	1.13585319241751	0.734073889098484	0.462903706286972	0.905056790956463
6177	4.9959749796979	1.6312834054374	1.07525815374732	1.51710861224564	0.129239264217061	0.905056790956463
6178	2.68661610051301	1.36840720717709	1.15564396155338	1.18410795426796	0.236370331827739	0.905056790956463
6179	0.775586696525511	0.510607943690015	0.911008569158307	0.560486433362282	0.575147690798251	0.905056790956463
6180	7.92236742790639	1.20773370737372	1.0826486069442	1.11553619487174	0.264620716962638	0.905056790956463
6181	5.24450021590681	1.66945652206835	1.10297336293475	1.51359640964159	0.130128232306153	0.905056790956463
6182	0.945278648267042	0.703178093838589	1.09068540630418	0.644712113845301	0.519113764586824	0.905056790956463
6183	3.340756107705	2.1398563852988	1.11865270915327	1.91288714342676	0.0557625018078124	0.905056790956463
6184	0.91954610226936	-0.0909045547236959	1.07734811889431	-0.0843780697524142	0.932755842898999	0.977398476258532
6185	2.62087413171001	0.870793839666034	1.1522375701284	0.755741578161697	0.449804150216966	0.905056790956463
6186	2.24266636656489	0.610048160199914	1.12319391502557	0.543136988225248	0.587035487274493	0.905056790956463
6187	2.67501773077796	1.39724944882411	1.16216974775352	1.20227656202978	0.229256394605353	0.905056790956463
6188	1.95622581992288	0.986734346136688	1.16281865071695	0.848571138352746	0.396119972469431	0.905056790956463
6189	1.63379412109793	0.125778036010241	1.0846295371954	0.11596405196144	0.907681031913127	0.965364304944372
6190	5.46563628865211	0.601096468678023	0.954760909976688	0.629578004709786	0.528970718078746	0.905056790956463
6191	1.73611163678425	0.647266632476504	1.14950878843299	0.563081064703174	0.573379684712461	0.905056790956463
6192	0.221508520735579	0.0138005876971983	0.898902599025228	0.0153527064135354	0.987750793789063	1
6193	0.680913323129076	0.00388791574285791	0.96714326482711	0.00401999981207844	0.99679251285456	1
6194	12.1420328656874	1.97500537829823	0.882252525511169	2.23859419065298	0.0251823325811465	0.905056790956463
6195	9.43931015548806	1.1203498443639	1.06196610610963	1.05497702602595	0.291435832045787	0.905056790956463
6196	4.86168038320194	0.832099774881716	1.09013413034263	0.763300360681476	0.445284287037248	0.905056790956463
6197	1.76099751717826	0.798329895159648	1.10145482319342	0.724795859393555	0.468577276343061	0.905056790956463
6198	5.23288189520716	1.97176610871466	1.05044599854346	1.87707517706641	0.0605077910206177	0.905056790956463
6199	5.77517287577296	0.807834485804676	1.07862683348132	0.748947143468844	0.453889064086551	0.905056790956463
6200	1.4839584292833	0.578763970789652	1.0751938371904	0.538288028419158	0.590378214989244	0.905056790956463
6201	1.09381339886354	0.462174261240421	0.927358306228521	0.498377227158336	0.618218184740049	0.905056790956463
6202	1.82601347033344	-0.219137022986003	1.16289604438275	-0.188440767379442	0.850531144342101	0.945478283042784
6203	10.8455158963138	0.769356814086514	0.791988188787846	0.971424605793718	0.331336880459418	0.905056790956463
6204	5.41448804160719	0.717397651378446	1.0597250549719	0.676965829969426	0.498427634680832	0.905056790956463
6205	10.8300126539047	0.392702377248286	1.16524061745962	0.33701397922811	0.73610636203415	0.916019906911484
6206	0.539735223073607	0.0956846938731382	0.905450201396456	0.105676373726093	0.915839126401857	0.96744209105867
6207	16.0848439013839	0.543067322040789	0.974979941438568	0.557003584339901	0.577524980244916	0.905056790956463
6208	3.13389481214278	1.24477121737876	1.16132479206136	1.07185451123392	0.283785384496351	0.905056790956463
6209	4.50265318652908	1.53440340708401	1.12699454921202	1.36150029133402	0.173355641535056	0.905056790956463
6210	4.84462430033047	0.457336548189771	0.963312588693613	0.474754045112172	0.634962291496521	0.905730264136523
6211	1.34871118934577	0.641989525266581	1.06778073540865	0.601237224064437	0.547681994684369	0.905056790956463
6212	12.0138359427955	1.23955288901177	0.820650707677664	1.51045125217713	0.130928319233498	0.905056790956463
6213	5.75222055586611	2.34642085076412	1.0995046770841	2.13407082267886	0.0328369838542673	0.905056790956463
6214	2.62511585090403	0.924227364700353	1.13398383444908	0.815026931269583	0.415056894587006	0.905056790956463
6215	4.97333741408263	1.29448331870048	1.12390541226249	1.1517724753141	0.249414581276596	0.905056790956463
6216	7.19167712471319	0.630439631073546	0.90922839583236	0.693378730760389	0.488071906389359	0.905056790956463
6217	6.452348050523	2.26259897286868	0.974384165304608	2.32208101633236	0.0202285736616131	0.905056790956463
6218	7.59759093685857	0.503866193871614	1.0597576865071	0.475454153611595	0.63446330351959	0.905730264136523
6219	2.59215150357026	0.98502282619018	1.16097590552338	0.84844381481468	0.396190850290809	0.905056790956463
6220	4.04997031578304	1.606321395157	1.09505806594009	1.46688239201087	0.142408051235025	0.905056790956463
6221	2.75751570924448	0.65890334777213	1.16012269409418	0.567960053817068	0.570062092539001	0.905056790956463
6222	9.81232672825401	3.29313200759919	1.01061851059824	3.25853125889196	0.00111990537883083	0.905056790956463
6223	1.77198213901134	0.656511908547104	1.10127937229693	0.596135662813538	0.551084601483072	0.905056790956463
6224	0.221508520735579	0.0138005876971983	0.898902599025228	0.0153527064135354	0.987750793789063	1
6225	8.76353769157927	0.669898885116484	0.835172261365924	0.802108638068109	0.422490118676568	0.905056790956463
6226	4.09645719110202	0.477271958061109	1.06071639597521	0.449952465967409	0.652744715543169	0.905730264136523
6227	1.70333611493956	0.899178464732843	1.09847393352544	0.818570598072381	0.413031447675452	0.905056790956463
6228	2.73014332648907	0.916270321621491	1.16196259275235	0.788554061324049	0.430372689630991	0.905056790956463
6229	0.825363727194502	0.187282359722133	0.992121306676775	0.188769617648327	0.850273385295384	0.945478283042784
6230	4.47123317994969	1.31012883030321	1.05144413915015	1.24602799285386	0.212754118449709	0.905056790956463
6231	1.9132462659401	0.85769073783224	1.11323033565657	0.77045217899707	0.441031711546813	0.905056790956463
6232	3.49404562640624	1.05756665901932	1.15956661006746	0.912036143363766	0.36174969142551	0.905056790956463
6233	1.16307317083728	0.505658461772778	0.939957950195382	0.53795859875186	0.590605631497005	0.905056790956463
6234	2.17328384501075	0.763293117772378	1.071930558785	0.712073288252503	0.47641939423283	0.905056790956463
6235	4.78897098359069	0.493185661059678	0.931424050622964	0.52949637786336	0.596461156457575	0.905056790956463
6236	3.92257701461607	2.01152939099154	1.13640278648589	1.77008488091781	0.0767130017837381	0.905056790956463
6237	1.67534998428218	0.722905190840096	1.01838099835189	0.709857304888858	0.477792628835959	0.905056790956463
6238	1.15518879926758	0.611874368323641	1.11225838065655	0.550118910286347	0.582237817139834	0.905056790956463
6239	1.63965680568264	0.379086926567262	1.10682843590624	0.342498362229805	0.731975876304731	0.916019906911484
6240	6.99767733779951	1.3037178219185	0.879051358180559	1.4830963057914	0.138048825388065	0.905056790956463
6241	0.526006018259253	0.180648618279592	0.906041321623354	0.199382317305267	0.841963691541295	0.945478283042784
6242	1.57854577580644	0.744412786188573	1.08561968843867	0.685703100373188	0.49290035128405	0.905056790956463
6243	2.60547573693633	0.436306438037981	1.16229020185541	0.375385112376828	0.707374075343965	0.912846682211137
6244	1.60110989600751	-0.319202056498239	1.16248421223302	-0.274586143312075	0.783634213310635	0.9286690374246
6245	5.05159157373059	1.82267321319534	1.08689903061263	1.67694805300175	0.0935526403553184	0.905056790956463
6246	3.57295025666326	1.26719538964597	1.10950594739541	1.14212581971349	0.253401724468851	0.905056790956463
6247	11.6212295922737	0.342812338447684	0.858507778397564	0.399311860735328	0.689663428788456	0.912097229333043
6248	5.34316770971192	1.62271819202775	0.974710254084676	1.66482109450218	0.0959484541140909	0.905056790956463
6249	5.71289730634997	0.831554201278004	0.940781339034288	0.883897423105346	0.3767515884156	0.905056790956463
6250	2.09307617391104	0.509755555578625	1.15101014723667	0.442876682540499	0.657854934030108	0.905730264136523
6251	4.76984702189707	-0.419468459861535	0.98633270135837	-0.425280900941281	0.670631914747135	0.908529313621198
6252	5.35077195903829	1.97516408436643	1.10124745511498	1.79356971513747	0.072881873976046	0.905056790956463
6253	1.70873925402883	0.870097717227457	1.10528318673406	0.787217002547974	0.431154845741703	0.905056790956463
6254	22.7943013224422	0.0972213752233437	0.864866101467155	0.11241205437283	0.910496697901054	0.966750604497831
6255	7.09083384098697	-0.682465657242686	0.803251407263575	-0.849628959341176	0.395531406164586	0.905056790956463
6256	2.14679485056611	0.995873579547576	1.13878587453996	0.874504682410015	0.381843471357327	0.905056790956463
6257	1.10859804573525	0.734061962148966	1.04479073027511	0.702592338233776	0.482309838638667	0.905056790956463
6258	3.22411559026696	0.684105556398149	1.1152963519986	0.613384554851485	0.539622096164351	0.905056790956463
6259	10.8292414827349	0.961450918365003	0.841945714287249	1.14193932227438	0.253479242220125	0.905056790956463
6260	4.14646186959175	1.00066694511606	1.08985036987377	0.918169110895429	0.358530337432802	0.905056790956463
6261	0.889220360078978	0.436913507521755	1.07658946524888	0.405831119126501	0.684866691827153	0.912097229333043
6262	1.34543888533581	0.459798636627063	1.06001147380093	0.433767603456539	0.664457209260174	0.905730264136523
6263	1.55652722797409	0.206962213628329	1.15941927753811	0.178505065111379	0.85832634369656	0.948699916191581
6264	4.42782768352703	-0.913089985975271	1.04916209883142	-0.870304014024417	0.38413428590126	0.905056790956463
6265	0.891351195158287	-0.00377681076326636	1.01027160648162	-0.00373841127379548	0.997017186310536	1
6266	1.44648481300557	0.93836935629677	1.14160190553809	0.821975989830249	0.411090562126259	0.905056790956463
6267	1.04094138781214	0.325347751710461	1.01962454635772	0.319085836911893	0.749661423260401	0.917461169800175
6268	3.18470733390453	1.87394355915493	1.13030317734673	1.65791231654662	0.0973351658034299	0.905056790956463
6269	4.5286858057347	1.52592752159334	1.06535098604441	1.4323237520613	0.15205118856153	0.905056790956463
6270	2.71681909312299	1.53011306314535	1.16220087267564	1.31656506127267	0.187984456625235	0.905056790956463
6271	7.25407436411903	2.44914936198002	0.975245248214222	2.51131637551136	0.0120281844330773	0.905056790956463
6272	9.94692559720701	2.40220699160412	1.03898077708131	2.31208030465431	0.0207732583081618	0.905056790956463
6273	0.844232720597281	0.200970596468051	0.912193787322312	0.220315682107404	0.82562530764636	0.941866986399568
6274	0.747514538994832	0.276666074612693	0.911053337706125	0.303677142887474	0.761373873449879	0.921693462027093
6275	9.85637430575324	0.82503109579108	0.83593422012818	0.986956958963316	0.323663739154041	0.905056790956463
6276	2.81798777037315	1.43185117355382	1.13789373256963	1.25833470434921	0.208270735293725	0.905056790956463
6277	7.86778530493947	1.27965923076298	0.898987158607638	1.42344550587901	0.154607048755755	0.905056790956463
6278	2.12114833144172	0.71877669236864	1.15194168088525	0.623969689000461	0.532647491458131	0.905056790956463
6279	2.24278911614528	0.331327354715687	1.12700839728869	0.293988363807032	0.768766795022088	0.925909216385873
6280	2.4151396239948	0.149687417104092	1.15491782781376	0.129608716307936	0.896876006804583	0.960722483193289
6281	1.76536198595267	0.635362595542568	1.16308603756542	0.546273083006409	0.584878235905837	0.905056790956463
6282	12.2180816652443	1.08614129585408	0.813850902385226	1.33457036500277	0.182017002692875	0.905056790956463
6283	4.73218458013026	0.933692481380074	1.0053383752818	0.928734547826602	0.353026671911705	0.905056790956463
6284	2.370115261806	0.725630095554882	1.15747454245228	0.626908038960001	0.530719517425415	0.905056790956463
6285	4.51625964176304	1.9596955957729	1.1423532960079	1.71548994748061	0.0862554368751255	0.905056790956463
6286	7.44300463760207	2.2543065841064	0.996445901381108	2.26234718912673	0.0236759610391976	0.905056790956463
6287	13.402752711355	2.2521496642061	0.849376806213273	2.65153186163244	0.00801275525790477	0.905056790956463
6288	4.31539318260291	0.90047944681838	1.07851646913089	0.834924150526899	0.403760416054146	0.905056790956463
6289	1.7647975422169	1.2545668910105	1.14964212541726	1.09126732856554	0.275155269446463	0.905056790956463
6290	6.1654700089747	2.70317055079254	1.07787551476533	2.50786896423849	0.0121461700184622	0.905056790956463
6291	5.10614014424682	0.64849941669026	1.05427681266269	0.615113041377059	0.538480070068763	0.905056790956463
6292	3.11750705122044	1.32911306861404	1.15821488878231	1.14755308491276	0.251153106698016	0.905056790956463
6293	3.04562544584581	0.885821396791295	1.1632257197491	0.761521501589874	0.446345641170693	0.905056790956463
6294	3.78534164014424	1.33005951906212	1.13678430289859	1.17001925138367	0.241993221651063	0.905056790956463
6295	1.84741827026381	-0.00094736530998017	1.16385862178331	-0.000813986589306334	0.999350532739412	1
6296	8.29152627296933	1.85337098809414	1.07657299704726	1.72154697654263	0.0851516154223641	0.905056790956463
6297	5.05467187302935	1.98925340624585	1.03434580781137	1.92319956364982	0.0544549920494571	0.905056790956463
6298	0.778245252633497	0.400712597283463	0.977149055034715	0.4100833902656	0.681744776549945	0.912097229333043
6299	1.34278032922783	0.463728924596675	0.967713254986018	0.47920075725673	0.631795815585596	0.905056790956463
6300	1.93028449747151	0.46473272520235	1.1632524180897	0.399511505822215	0.689516347557725	0.912097229333043
6301	10.9744619277677	0.737228204283026	0.815620901939828	0.903885864780615	0.366055925155328	0.905056790956463
6302	2.19137751859952	0.750723252698762	1.16153435545241	0.646320316893562	0.518071932871247	0.905056790956463
6303	4.47994744538057	0.881854707974768	1.0648093551894	0.828180841647387	0.407568092026704	0.905056790956463
6304	4.43920152509289	2.09682517042708	1.12487388101764	1.8640535670809	0.0623141822367594	0.905056790956463
6305	7.38881383399247	2.09281786492223	1.0241627564498	2.04344265766592	0.0410086383440299	0.905056790956463
6306	4.08269126358057	1.13000451424385	1.08844432832127	1.0381831066975	0.299184815953033	0.905056790956463
6307	9.65874993477228	0.631663914930533	0.817869168650834	0.772328801649942	0.439919711048797	0.905056790956463
6308	2.21276344716284	-0.245752522421392	1.15938049115718	-0.211968826710293	0.832131354383812	0.942024069586858
6309	1.34278032922783	0.463728924596675	0.967713254986018	0.47920075725673	0.631795815585596	0.905056790956463
6310	3.39393239121344	1.28085043073769	1.16097408031964	1.10325497567099	0.269916453216864	0.905056790956463
6311	4.8658308056417	2.28066122599248	1.12661391885101	2.02435030122691	0.0429341214711597	0.905056790956463
6312	2.67779903646634	0.863209419740745	1.15630511646068	0.746523912635559	0.45535099197233	0.905056790956463
6313	3.31208488335599	1.74457979073772	1.15980586343708	1.50419983700346	0.132529919724045	0.905056790956463
6314	12.4640658919377	1.39146934499148	1.06804702612726	1.30281655297234	0.192637398155042	0.905056790956463
6315	7.25903370942836	0.0282013693077137	0.886566460674971	0.0318096505548417	0.974623850502415	0.997561683679465
6316	0.972209336867074	0.433102061862752	1.08571131555545	0.398910885110537	0.689958868364968	0.912097229333043
6317	7.4665349937651	1.1890585612252	0.941464390167869	1.26298835478332	0.20659336480118	0.905056790956463
6318	6.24080226201383	1.03101875575366	0.998952858059854	1.03209951043745	0.302025503180905	0.905056790956463
6319	5.39936869844498	1.03697625445156	0.979547008815729	1.05862837119503	0.289769060782888	0.905056790956463
6320	8.692360060229	2.29456448521582	1.06475166319809	2.15502315189991	0.0311600225504856	0.905056790956463
6321	10.2508093468287	2.31692541238469	1.04078117043702	2.22614078559072	0.0260047527760787	0.905056790956463
6322	1.76789779248026	0.924394485170843	1.15755470102827	0.798575207158411	0.424536768434455	0.905056790956463
6323	1.66206247362321	0.83474301617332	1.10296903305743	0.756814553405377	0.44916097252091	0.905056790956463
6324	7.57050385703637	1.08479182948794	0.980114223145707	1.10680143586354	0.268379787311969	0.905056790956463
6325	2.31511241567529	0.77326236885252	1.16290846689694	0.664938291244764	0.506089963138078	0.905056790956463
6326	1.86878634748708	0.658792030579002	1.04008201012257	0.633403927928114	0.526469900617757	0.905056790956463
6327	1.08061191507786	0.781170939939774	1.03495658466959	0.754786192494403	0.450377279870087	0.905056790956463
6328	3.08253251876321	0.279122280707414	1.13235340378881	0.246497497842531	0.805297141130232	0.930465321389042
6329	1.90483417334172	0.660741736614465	1.12673116019844	0.586423594158961	0.557590892743499	0.905056790956463
6330	3.07941968704075	1.51336714343842	1.15397964712741	1.31143313246956	0.189711471142053	0.905056790956463
6331	3.94506768940295	0.0961961478720419	1.04466457478289	0.0920832870129958	0.926631867061348	0.974242818076055
6332	1.27404827828276	0.630227905050635	1.05216162634408	0.598983929152095	0.549183601447778	0.905056790956463
6333	1.30097896688279	0.333544980478376	0.960460177583993	0.347276220568975	0.728383813670813	0.915024114914031
6334	4.49430716983939	0.0544115599412404	1.0300907877022	0.0528221013048907	0.957873651786283	0.987420893184412
6335	4.20348328305592	-0.273713912746538	1.03964807600441	-0.263275543969146	0.792338208036523	0.9286690374246
6336	3.00272981911178	0.150531093926502	1.11586593420044	0.134900698473571	0.892690387297886	0.960722483193289
6337	4.92498934409314	0.0601166942863999	1.02244728007146	0.0587968645994129	0.953113905829286	0.984848424109686
6338	0.816774310968573	0.318824155783137	0.912435261769228	0.349421125138162	0.726773176044975	0.915024114914031
6339	11.973499154619	1.88449122604457	0.838727228181176	2.24684636759818	0.0246498472910198	0.905056790956463
6340	20.5113820770181	1.5320190729842	1.02325337141812	1.49720403154987	0.13434017668292	0.905056790956463
6341	2.37648781607933	0.644707194944469	1.15386103427412	0.558739029912773	0.57633983829304	0.905056790956463
6342	4.55198852304269	1.40212803196577	1.1407435973844	1.22913513183917	0.219021145038955	0.905056790956463
6343	7.32764721004213	1.75170301021972	1.04127301923605	1.68227062245874	0.0925163750464734	0.905056790956463
6344	5.71206951211335	1.4904402174861	0.992824584785424	1.50121203717798	0.133300727557956	0.905056790956463
6345	1.73676210739332	0.200971623165157	1.16275863575693	0.172840361692372	0.862776910414227	0.950163303758696
6346	5.35188407476734	1.14302995855394	1.12862890850471	1.01275977421871	0.311174918870268	0.905056790956463
6347	9.71424673251262	0.877369015135953	0.875753359763228	1.00184487487797	0.316418520003389	0.905056790956463
6348	3.49763687499118	1.71434974182392	1.14100787044768	1.50248721873521	0.132971326369653	0.905056790956463
6349	4.22708709359884	-0.357795767768427	1.08509075624486	-0.329738103204049	0.741597860241457	0.916019906911484
6350	8.18080404315583	1.75308254586421	0.922169092942615	1.90104240022855	0.0572964591529707	0.905056790956463
6351	1.88251555230143	0.622622647143058	1.04139550436244	0.597873377151015	0.549924425134159	0.905056790956463
6352	4.49195078656389	0.422160391275783	1.08235875606017	0.390037396484383	0.696508894098566	0.912097229333043
6353	2.46510757977743	1.26977017231535	1.1499865298641	1.10416090914161	0.26952334343536	0.905056790956463
6354	2.36737067882472	0.62890954180825	1.15723193808479	0.543460235680228	0.586812962131418	0.905056790956463
6355	2.63427181049028	1.4527739234873	1.161212546069	1.25108355779078	0.21090399367099	0.905056790956463
6356	6.23288326736157	2.32346449237771	1.13853570206234	2.04074803115	0.0412758785223438	0.905056790956463
6357	1.29318062218638	0.5306664018317	1.06213880182627	0.499620577761829	0.617342265617572	0.905056790956463
6358	6.13817107163349	1.65966813446021	1.00931856582398	1.64434519551843	0.100104918663726	0.905056790956463
6359	3.03594176523088	0.492601398664674	1.13888498145152	0.432529541338627	0.665356586331392	0.906376445006732
6360	3.06234473280224	0.257908803897621	1.16370390770552	0.22162751382879	0.824603862150636	0.941390374637657
6361	0.637067152578028	0.444263131254611	0.908410893724112	0.489055265985764	0.624802570656186	0.905056790956463
6362	0.595265790232995	0.247911173957115	0.907439045934768	0.273198706918918	0.784700473915494	0.9286690374246
6363	4.23203595707363	2.19984715669131	1.12718186638715	1.9516346228513	0.0509815995747753	0.905056790956463
6364	1.21811273967509	0.0714267202601868	1.03263630771508	0.06916929002645	0.94485486755116	0.979798405231884
6365	0.23576544657861	-0.0289255383231846	0.898382173923274	-0.032197364510101	0.974314657907307	0.997404901201187
6366	2.97685667219365	1.39631197061001	1.15642670971294	1.2074366312039	0.227264035484439	0.905056790956463
6367	1.77324635752238	0.761736584468144	1.14848124765038	0.663255569933372	0.507166886811361	0.905056790956463
6368	0.736443890288464	0.18740623718236	0.973411477258147	0.192525197781966	0.847330832113812	0.945478283042784
6369	15.5736916749518	0.316147541113801	0.847276636661547	0.373133788227056	0.709048872323699	0.914085388337448
6370	1.47087969507801	0.452054431482282	1.1542488983058	0.391643805894728	0.695321415924504	0.912097229333043
6371	2.00853865711946	0.959485115595003	1.16181108802213	0.825852951040801	0.408887512547802	0.905056790956463
6372	2.28422013012459	0.582367660532238	1.15438080509078	0.504484878788714	0.613920685488289	0.905056790956463
6373	2.00853865711946	0.959485115595003	1.16181108802213	0.825852951040801	0.408887512547802	0.905056790956463
6374	14.0805814853313	0.692702680680357	0.86257826460602	0.803060671829874	0.421939667607362	0.905056790956463
6375	2.90347583098174	0.0630180195549583	1.12031460723093	0.0562502882210199	0.95514242034087	0.98598829214261
6376	49.9267077544742	1.25865249824509	1.05374581248655	1.19445551605564	0.232299831635883	0.905056790956463
6377	0.567807380604286	0.397298219065378	0.90752079603052	0.437784148642272	0.661542762758739	0.905730264136523
6378	5.77229817370578	1.64905066794544	1.04360102267722	1.58015432345498	0.114071529231208	0.905056790956463
6379	1.96686004435482	0.0798934966776608	1.16310492708663	0.0686898445850282	0.945236501958242	0.979894937478355
6380	5.53305164666352	1.78715253183446	1.07935303110128	1.65576273965804	0.0977698761728118	0.905056790956463
6381	4.36724437467951	1.44793457777799	1.03666943111282	1.39671773308073	0.16249846945185	0.905056790956463
6382	3.53637470977995	1.33256260612416	1.14056055307088	1.16834007851343	0.242669614982467	0.905056790956463
6383	8.58303316278556	1.19822060358436	0.972294038203708	1.23236444583991	0.217812975929889	0.905056790956463
6384	2.68686159967379	0.699241055991652	1.16354512831177	0.600957400772416	0.547868359841551	0.905056790956463
6385	1.15518879926758	0.611874368323641	1.11225838065655	0.550118910286347	0.582237817139834	0.905056790956463
6386	31.789801268358	0.499842504589839	1.02914869821638	0.485685407226495	0.627190231586264	0.905056790956463
6387	2.49203826837746	1.08835986924439	1.14349960455765	0.95177983875684	0.341208648926775	0.905056790956463
6388	10.0364392310504	1.17395721262247	0.897460252768036	1.3080882512642	0.190843377920017	0.905056790956463
6389	2.41763870781529	1.23430050713876	1.16218559883908	1.06205111160533	0.288212482437103	0.905056790956463
6390	4.31236637775374	2.24208680852769	1.13272601185289	1.97937258001177	0.0477740733402984	0.905056790956463
6391	3.09642119586506	1.65073814663364	1.14906180675268	1.43659647978269	0.150832684443418	0.905056790956463
6392	4.15992670387827	0.789551564142093	1.06856128293703	0.738892169077981	0.45997247786358	0.905056790956463
6393	1.48129987317531	0.552232882568972	0.989415839521455	0.558140329384728	0.576748563358775	0.905056790956463
6394	2.75879777909558	1.44826361287818	1.15835748323345	1.25027345516471	0.211199671734156	0.905056790956463
6395	3.46139285414195	0.856822699598904	1.16143047363224	0.737730513406702	0.460678225962037	0.905056790956463
6396	4.35212820177372	2.29042010740651	1.09144482300492	2.09852120705527	0.0358591285378279	0.905056790956463
6397	7.82428329980897	0.842150587250527	0.905022854396052	0.930529635975347	0.352096927126821	0.905056790956463
6398	4.53171471020842	1.18445109783134	1.14991477085163	1.03003381455317	0.302994132371018	0.905056790956463
6399	0.639725708686014	0.275342155121266	0.956586182569937	0.287838315186134	0.773470506658076	0.926042177835687
6400	2.94628333121793	1.89067952064268	1.13991822866939	1.65860977839581	0.097194450088668	0.905056790956463
6401	7.98678328525055	0.744742593779868	0.855156598653562	0.870884461340133	0.383817241915403	0.905056790956463
6402	3.15232001176563	0.394783087415876	1.11441257459251	0.35425218309317	0.723149899419261	0.915024114914031
6403	5.62554386078746	1.24063177254452	1.00298239932555	1.2369427154243	0.216108350359238	0.905056790956463
6404	3.64048416500598	2.13127966954842	1.11759188316429	1.90702858678074	0.0565168857586755	0.905056790956463
6405	6.34298965861424	0.0877732619952186	0.90173289679587	0.0973384272738674	0.922457640323452	0.971704019539929
6406	4.36668520082469	1.38224828578107	1.04844287355157	1.31838206987734	0.187375779926369	0.905056790956463
6407	4.09110335617895	1.28007376156346	1.10586392211452	1.15753279943868	0.247054746760443	0.905056790956463
6408	4.71386217912321	1.99102179859356	1.03176730782583	1.92971979582208	0.0536415657995954	0.905056790956463
6409	7.42117491525882	0.238595753519794	0.847107325699964	0.281659414670559	0.778204677378501	0.926627398487756
